Timestamp(ms),Current(uA),D0-D7
5000,839.347,00000000
5001,844.627,00000000
5002,841.404,00000000
5003,1316.636,00000000
5004,1281.116,00000000
5005,1364.965,00000000
5006,1717.516,00000000
5007,2993.066,00000000
5008,1889.448,00000000
5009,1227.324,00000000
5010,987.066,00000000
5011,894.492,00000000
5012,861.869,00000000
5013,850.508,00000000
5014,842.131,00000000
5015,844.648,00000000
5016,843.002,00000000
5017,841.704,00000000
5018,846.353,00000000
5019,860.899,00000000
5020,846.505,00000000
5021,843.927,00000000
5022,844.166,00000000
5023,1329.096,00000000
5024,1271.740,00000000
5025,999.066,00000000
5026,899.649,00000000
5027,863.477,00000000
5028,850.058,00000000
5029,843.174,00000000
5030,845.044,00000000
5031,864.467,00000000
5032,850.441,00000000
5033,845.243,00000000
5034,845.780,00000000
5035,842.013,00000000
5036,840.345,00000000
5037,840.309,00000000
5038,838.983,00000000
5039,843.080,00000000
5040,842.056,00000000
5041,840.750,00000000
5042,842.623,00000000
5043,1565.596,00000000
5044,1601.792,00000000
5045,2575.832,00000000
5046,2685.411,00000000
5047,1527.389,00000000
5048,1096.043,00000000
5049,934.937,00000000
5050,875.554,00000000
5051,852.715,00000000
5052,844.346,00000000
5053,844.674,00000000
5054,839.472,00000000
5055,866.922,00000000
5056,852.013,00000000
5057,846.913,00000000
5058,841.714,00000000
5059,843.174,00000000
5060,840.049,00000000
5061,841.197,00000000
5062,841.270,00000000
5063,1313.039,00000000
5064,1276.605,00000000
5065,1001.802,00000000
5066,896.382,00000000
5067,866.487,00000000
5068,860.525,00000000
5069,847.549,00000000
5070,844.749,00000000
5071,840.460,00000000
5072,839.026,00000000
5073,842.589,00000000
5074,841.912,00000000
5075,845.988,00000000
5076,842.293,00000000
5077,838.172,00000000
5078,839.337,00000000
5079,840.772,00000000
5080,1241.035,00000000
5081,1218.938,00000000
5082,2757.307,00000000
5083,3601.896,00000000
5084,2108.174,00000000
5085,1308.305,00000000
5086,1013.726,00000000
5087,908.528,00000000
5088,865.605,00000000
5089,852.371,00000000
5090,845.756,00000000
5091,845.570,00000000
5092,864.009,00000000
5093,848.247,00000000
5094,842.321,00000000
5095,843.304,00000000
5096,841.086,00000000
5097,841.626,00000000
5098,842.392,00000000
5099,840.462,00000000
5100,841.166,00000000
5101,841.607,00000000
5102,838.649,00000000
5103,1302.227,00000000
5104,1316.055,00000000
5105,1017.295,00000000
5106,907.085,00000000
5107,865.226,00000000
5108,846.576,00000000
5109,843.795,00000000
5110,843.079,00000000
5111,843.636,00000000
5112,841.293,00000000
5113,841.411,00000000
5114,838.863,00000000
5115,1183.413,00000000
5116,1905.687,00000000
5117,3127.441,00000000
5118,3542.863,00000000
5119,2016.671,00000000
5120,1280.781,00000000
5121,1002.831,00000000
5122,901.141,00000000
5123,1346.920,00000000
5124,1291.832,00000000
5125,1008.497,00000000
5126,906.505,00000000
5127,863.516,00000000
5128,872.236,00000000
5129,858.877,00000000
5130,847.396,00000000
5131,846.196,00000000
5132,842.832,00000000
5133,842.353,00000000
5134,842.672,00000000
5135,847.267,00000000
5136,843.133,00000000
5137,840.540,00000000
5138,840.192,00000000
5139,842.590,00000000
5140,840.216,00000000
5141,855.549,00000000
5142,847.600,00000000
5143,1345.913,00000000
5144,1282.927,00000000
5145,1004.556,00000000
5146,905.124,00000000
5147,865.446,00000000
5148,848.124,00000000
5149,845.567,00000000
5150,844.528,00000000
5151,843.098,00000000
5152,839.936,00000000
5153,1257.105,00000000
5154,1133.595,00000000
5155,2674.457,00000000
5156,3380.585,00000000
5157,1973.869,00000000
5158,1260.115,00000000
5159,993.522,00000000
5160,901.344,00000000
5161,862.306,00000000
5162,849.797,00000000
5163,1308.692,00000000
5164,1290.752,00000000
5165,1029.061,00000000
5166,908.254,00000000
5167,869.360,00000000
5168,846.208,00000000
5169,844.667,00000000
5170,842.876,00000000
5171,843.597,00000000
5172,842.254,00000000
5173,842.612,00000000
5174,842.639,00000000
5175,838.386,00000000
5176,844.069,00000000
5177,868.423,00000000
5178,850.824,00000000
5179,845.975,00000000
5180,843.782,00000000
5181,840.027,00000000
5182,841.023,00000000
5183,1325.700,00000000
5184,1662.638,00000000
5185,1436.120,00000000
5186,2860.424,00000000
5187,2050.046,00000000
5188,1285.085,00000000
5189,1031.478,00000000
5190,912.545,00000000
5191,866.478,00000000
5192,851.146,00000000
5193,844.766,00000000
5194,844.989,00000000
5195,839.660,00000000
5196,840.083,00000000
5197,840.016,00000000
5198,840.334,00000000
5199,844.258,00000000
5200,841.305,00000000
5201,842.649,00000000
5202,852.746,00000000
5203,1352.651,00000000
5204,1285.615,00000000
5205,1005.950,00000000
5206,904.808,00000000
5207,866.060,00000000
5208,853.081,00000000
5209,844.734,00000000
5210,843.527,00000000
5211,842.913,00000000
5212,842.449,00000000
5213,843.818,00000000
5214,859.003,00000000
5215,847.908,00000000
5216,841.614,00000000
5217,839.512,00000000
5218,844.616,00000000
5219,840.583,00000000
5220,1169.263,00000000
5221,1987.960,00000000
5222,3039.955,00000000
5223,2940.639,00000000
5224,1890.144,00000000
5225,1230.270,00000000
5226,1006.490,00000000
5227,903.731,00000000
5228,865.835,00000000
5229,848.635,00000000
5230,844.481,00000000
5231,843.713,00000000
5232,842.185,00000000
5233,845.612,00000000
5234,843.885,00000000
5235,838.763,00000000
5236,843.183,00000000
5237,840.323,00000000
5238,862.521,00000000
5239,851.829,00000000
5240,843.738,00000000
5241,841.529,00000000
5242,842.987,00000000
5243,1333.420,00000000
5244,1281.403,00000000
5245,1005.678,00000000
5246,903.456,00000000
5247,864.544,00000000
5248,851.496,00000000
5249,845.649,00000000
5250,868.580,00000000
5251,853.337,00000000
5252,846.301,00000000
5253,843.543,00000000
5254,842.911,00000000
5255,838.935,00000000
5256,839.820,00000000
5257,838.992,00000000
5258,843.341,00000000
5259,1223.214,00000000
5260,1190.882,00000000
5261,2865.095,00000000
5262,3388.478,00000000
5263,2876.857,00000000
5264,1879.710,00000000
5265,1225.589,00000000
5266,984.791,00000000
5267,891.112,00000000
5268,860.906,00000000
5269,850.836,00000000
5270,845.845,00000000
5271,841.134,00000000
5272,843.537,00000000
5273,841.770,00000000
5274,840.094,00000000
5275,859.475,00000000
5276,845.369,00000000
5277,843.579,00000000
5278,841.971,00000000
5279,842.884,00000000
5280,842.194,00000000
5281,839.399,00000000
5282,838.256,00000000
5283,1315.561,00000000
5284,1284.590,00000000
5285,1004.236,00000000
5286,899.406,00000000
5287,879.811,00000000
5288,855.528,00000000
5289,846.374,00000000
5290,841.978,00000000
5291,841.713,00000000
5292,838.993,00000000
5293,841.435,00000000
5294,842.472,00000000
5295,840.791,00000000
5296,1185.362,00000000
5297,1123.870,00000000
5298,2544.378,00000000
5299,3388.294,00000000
5300,1986.854,00000000
5301,1262.668,00000000
5302,999.495,00000000
5303,1395.468,00000000
5304,1302.351,00000000
5305,1013.941,00000000
5306,904.097,00000000
5307,865.261,00000000
5308,849.994,00000000
5309,845.441,00000000
5310,843.795,00000000
5311,867.324,00000000
5312,850.222,00000000
5313,842.802,00000000
5314,844.001,00000000
5315,842.790,00000000
5316,840.272,00000000
5317,843.689,00000000
5318,842.491,00000000
5319,843.243,00000000
5320,842.798,00000000
5321,841.167,00000000
5322,840.874,00000000
5323,1328.342,00000000
5324,1303.168,00000000
5325,1009.896,00000000
5326,904.062,00000000
5327,861.207,00000000
5328,852.436,00000000
5329,845.497,00000000
5330,842.293,00000000
5331,842.719,00000000
5332,842.156,00000000
5333,971.009,00000000
5334,1146.557,00000000
5335,2262.864,00000000
5336,3356.965,00000000
5337,3264.354,00000000
5338,1743.697,00000000
5339,1174.973,00000000
5340,966.666,00000000
5341,890.737,00000000
5342,857.455,00000000
5343,1330.591,00000000
5344,1276.337,00000000
5345,1001.869,00000000
5346,902.816,00000000
5347,864.833,00000000
5348,868.315,00000000
5349,851.368,00000000
5350,845.495,00000000
5351,840.733,00000000
5352,843.769,00000000
5353,840.280,00000000
5354,839.379,00000000
5355,842.717,00000000
5356,839.028,00000000
5357,837.393,00000000
5358,845.415,00000000
5359,842.604,00000000
5360,860.672,00000000
5361,848.812,00000000
5362,841.620,00000000
5363,1343.218,00000000
5364,1729.257,00000000
5365,1310.756,00000000
5366,2738.390,00000000
5367,3328.521,00000000
5368,1791.717,00000000
5369,1193.633,00000000
5370,970.642,00000000
5371,891.381,00000000
5372,885.446,00000000
5373,859.241,00000000
5374,847.639,00000000
5375,843.029,00000000
5376,843.405,00000000
5377,842.129,00000000
5378,841.334,00000000
5379,842.197,00000000
5380,843.113,00000000
5381,840.757,00000000
5382,841.978,00000000
5383,1247.895,00000000
5384,1323.198,00000000
5385,1021.600,00000000
5386,905.709,00000000
5387,866.234,00000000
5388,850.931,00000000
5389,843.428,00000000
5390,843.947,00000000
5391,843.649,00000000
5392,839.577,00000000
5393,842.898,00000000
5394,867.760,00000000
5395,1147.281,00000000
5396,2146.778,00000000
5397,2869.032,00000000
5398,1604.892,00000000
5399,1123.079,00000000
5400,945.861,00000000
5401,881.463,00000000
5402,854.028,00000000
5403,1338.559,00000000
5404,1285.136,00000000
5405,1006.236,00000000
5406,906.000,00000000
5407,863.150,00000000
5408,850.548,00000000
5409,859.383,00000000
5410,847.595,00000000
5411,841.462,00000000
5412,841.622,00000000
5413,840.959,00000000
5414,839.769,00000000
5415,843.633,00000000
5416,842.169,00000000
5417,843.755,00000000
5418,839.943,00000000
5419,843.040,00000000
5420,842.682,00000000
5421,865.299,00000000
5422,844.969,00000000
5423,1352.503,00000000
5424,1279.098,00000000
5425,1008.010,00000000
5426,1215.540,00000000
5427,2122.810,00000000
5428,3204.828,00000000
5429,3403.359,00000000
5430,1804.826,00000000
5431,1198.119,00000000
5432,974.559,00000000
5433,910.361,00000000
5434,865.863,00000000
5435,852.628,00000000
5436,844.532,00000000
5437,843.479,00000000
5438,843.919,00000000
5439,840.264,00000000
5440,836.541,00000000
5441,838.773,00000000
5442,837.886,00000000
5443,1315.221,00000000
5444,1287.414,00000000
5445,1031.289,00000000
5446,914.747,00000000
5447,867.716,00000000
5448,850.521,00000000
5449,845.602,00000000
5450,841.199,00000000
5451,842.620,00000000
5452,842.450,00000000
5453,843.584,00000000
5454,840.638,00000000
5455,837.054,00000000
5456,840.341,00000000
5457,863.465,00000000
5458,851.028,00000000
5459,844.557,00000000
5460,842.222,00000000
5461,1164.782,00000000
5462,1994.844,00000000
5463,3720.976,00000000
5464,2725.343,00000000
5465,1541.585,00000000
5466,1097.327,00000000
5467,935.216,00000000
5468,877.580,00000000
5469,855.078,00000000
5470,859.831,00000000
5471,847.194,00000000
5472,844.014,00000000
5473,843.335,00000000
5474,841.186,00000000
5475,843.126,00000000
5476,841.500,00000000
5477,842.276,00000000
5478,841.737,00000000
5479,840.114,00000000
5480,841.735,00000000
5481,843.163,00000000
5482,861.201,00000000
5483,1360.740,00000000
5484,1281.776,00000000
5485,1003.329,00000000
5486,901.789,00000000
5487,862.971,00000000
5488,847.557,00000000
5489,843.015,00000000
5490,844.201,00000000
5491,841.892,00000000
5492,840.794,00000000
5493,840.120,00000000
5494,861.162,00000000
5495,850.812,00000000
5496,842.804,00000000
5497,843.157,00000000
5498,844.250,00000000
5499,840.520,00000000
5500,1065.811,00000000
5501,1134.583,00000000
5502,2416.469,00000000
5503,3969.067,00000000
5504,2418.578,00000000
5505,1427.201,00000000
5506,1081.870,00000000
5507,929.627,00000000
5508,874.686,00000000
5509,854.042,00000000
5510,844.219,00000000
5511,844.693,00000000
5512,841.794,00000000
5513,839.948,00000000
5514,836.929,00000000
5515,839.801,00000000
5516,842.119,00000000
5517,841.358,00000000
5518,868.832,00000000
5519,856.846,00000000
5520,847.615,00000000
5521,842.394,00000000
5522,841.554,00000000
5523,1343.921,00000000
5524,1281.507,00000000
5525,1005.941,00000000
5526,901.239,00000000
5527,862.969,00000000
5528,847.128,00000000
5529,840.053,00000000
5530,847.150,00000000
5531,855.065,00000000
5532,844.013,00000000
5533,843.082,00000000
5534,843.481,00000000
5535,839.706,00000000
5536,841.545,00000000
5537,840.084,00000000
5538,840.649,00000000
5539,841.491,00000000
5540,1234.131,00000000
5541,1120.755,00000000
5542,2644.016,00000000
5543,4077.693,00000000
5544,2987.134,00000000
5545,1637.188,00000000
5546,1136.023,00000000
5547,952.186,00000000
5548,883.550,00000000
5549,860.171,00000000
5550,848.637,00000000
5551,843.018,00000000
5552,843.969,00000000
5553,842.475,00000000
5554,840.349,00000000
5555,862.122,00000000
5556,848.571,00000000
5557,844.347,00000000
5558,842.146,00000000
5559,840.776,00000000
5560,841.687,00000000
5561,841.000,00000000
5562,841.983,00000000
5563,1324.554,00000000
5564,1286.895,00000000
5565,1007.321,00000000
5566,904.132,00000000
5567,887.744,00000000
5568,858.532,00000000
5569,845.865,00000000
5570,840.512,00000000
5571,842.555,00000000
5572,842.300,00000000
5573,841.991,00000000
5574,843.617,00000000
5575,843.532,00000000
5576,839.717,00000000
5577,845.064,00000000
5578,840.113,00000000
5579,867.541,00000000
5580,1169.714,00000000
5581,2048.024,00000000
5582,3075.521,00000000
5583,2888.693,00000000
5584,1865.167,00000000
5585,1220.683,00000000
5586,982.121,00000000
5587,890.967,00000000
5588,861.352,00000000
5589,845.627,00000000
5590,841.739,00000000
5591,860.671,00000000
5592,852.556,00000000
5593,845.273,00000000
5594,842.179,00000000
5595,842.919,00000000
5596,841.745,00000000
5597,841.300,00000000
5598,841.318,00000000
5599,842.551,00000000
5600,838.444,00000000
5601,843.419,00000000
5602,839.807,00000000
5603,1304.763,00000000
5604,1317.116,00000000
5605,1018.186,00000000
5606,906.877,00000000
5607,868.621,00000000
5608,852.204,00000000
5609,842.192,00000000
5610,843.416,00000000
5611,841.312,00000000
5612,842.699,00000000
5613,840.413,00000000
5614,843.758,00000000
5615,842.961,00000000
5616,858.720,00000000
5617,1205.517,00000000
5618,1587.604,00000000
5619,3100.212,00000000
5620,3379.379,00000000
5621,2178.374,00000000
5622,1336.648,00000000
5623,1512.458,00000000
5624,1362.435,00000000
5625,1037.352,00000000
5626,915.127,00000000
5627,868.814,00000000
5628,872.735,00000000
5629,853.381,00000000
5630,848.896,00000000
5631,840.586,00000000
5632,840.598,00000000
5633,842.500,00000000
5634,840.289,00000000
5635,840.236,00000000
5636,840.192,00000000
5637,840.832,00000000
5638,841.002,00000000
5639,840.775,00000000
5640,864.752,00000000
5641,853.545,00000000
5642,844.344,00000000
5643,1348.446,00000000
5644,1288.978,00000000
5645,1008.512,00000000
5646,902.059,00000000
5647,861.646,00000000
5648,848.998,00000000
5649,842.229,00000000
5650,844.977,00000000
5651,841.920,00000000
5652,862.071,00000000
5653,853.560,00000000
5654,846.132,00000000
5655,1148.822,00000000
5656,1128.035,00000000
5657,2366.156,00000000
5658,3331.904,00000000
5659,2218.262,00000000
5660,1351.115,00000000
5661,1029.384,00000000
5662,913.413,00000000
5663,1336.207,00000000
5664,1311.233,00000000
5665,1027.535,00000000
5666,908.794,00000000
5667,866.461,00000000
5668,852.776,00000000
5669,844.416,00000000
5670,844.829,00000000
5671,843.809,00000000
5672,839.899,00000000
5673,843.263,00000000
5674,839.886,00000000
5675,839.817,00000000
5676,838.079,00000000
5677,854.089,00000000
5678,846.354,00000000
5679,841.374,00000000
5680,840.619,00000000
5681,840.435,00000000
5682,840.583,00000000
5683,1332.288,00000000
5684,1292.576,00000000
5685,1009.470,00000000
5686,1226.288,00000000
5687,2056.296,00000000
5688,2967.033,00000000
5689,1679.516,00000000
5690,1148.894,00000000
5691,954.784,00000000
5692,883.641,00000000
5693,857.858,00000000
5694,849.090,00000000
5695,842.829,00000000
5696,842.959,00000000
5697,839.886,00000000
5698,845.248,00000000
5699,843.068,00000000
5700,842.147,00000000
5701,863.592,00000000
5702,850.364,00000000
5703,1361.428,00000000
5704,1290.987,00000000
5705,1004.873,00000000
5706,903.477,00000000
5707,864.388,00000000
5708,850.360,00000000
5709,842.897,00000000
5710,844.727,00000000
5711,839.322,00000000
5712,840.307,00000000
5713,866.067,00000000
5714,851.871,00000000
5715,845.732,00000000
5716,842.539,00000000
5717,839.465,00000000
5718,1193.394,00000000
5719,1723.591,00000000
5720,2947.295,00000000
5721,1856.209,00000000
5722,1217.565,00000000
5723,1463.003,00000000
5724,1349.298,00000000
5725,1048.316,00000000
5726,923.407,00000000
5727,874.618,00000000
5728,853.953,00000000
5729,844.746,00000000
5730,841.996,00000000
5731,843.341,00000000
5732,842.082,00000000
5733,840.150,00000000
5734,840.377,00000000
5735,837.528,00000000
5736,842.684,00000000
5737,843.084,00000000
5738,858.268,00000000
5739,846.102,00000000
5740,845.996,00000000
5741,843.969,00000000
5742,842.175,00000000
5743,1337.338,00000000
5744,1282.746,00000000
5745,1005.137,00000000
5746,897.998,00000000
5747,862.204,00000000
5748,847.234,00000000
5749,842.894,00000000
5750,859.022,00000000
5751,847.186,00000000
5752,841.751,00000000
5753,843.844,00000000
5754,841.990,00000000
5755,1192.199,00000000
5756,1821.465,00000000
5757,2940.780,00000000
5758,2735.966,00000000
5759,1540.429,00000000
5760,1100.793,00000000
5761,939.855,00000000
5762,900.940,00000000
5763,1327.945,00000000
5764,1297.510,00000000
5765,1011.313,00000000
5766,905.933,00000000
5767,863.890,00000000
5768,852.023,00000000
5769,843.033,00000000
5770,842.243,00000000
5771,842.812,00000000
5772,840.210,00000000
5773,841.070,00000000
5774,867.657,00000000
5775,851.417,00000000
5776,845.802,00000000
5777,844.472,00000000
5778,838.178,00000000
5779,839.877,00000000
5780,838.987,00000000
5781,841.488,00000000
5782,841.655,00000000
5783,1327.417,00000000
5784,1285.343,00000000
5785,1006.325,00000000
5786,1307.441,00000000
5787,1221.462,00000000
5788,2873.898,00000000
5789,3145.589,00000000
5790,1707.986,00000000
5791,1163.002,00000000
5792,954.946,00000000
5793,882.235,00000000
5794,856.192,00000000
5795,850.445,00000000
5796,845.111,00000000
5797,841.661,00000000
5798,841.522,00000000
5799,856.146,00000000
5800,847.462,00000000
5801,846.085,00000000
5802,845.131,00000000
5803,1347.787,00000000
5804,1282.082,00000000
5805,1007.253,00000000
5806,898.439,00000000
5807,860.758,00000000
5808,852.516,00000000
5809,844.560,00000000
5810,843.277,00000000
5811,862.781,00000000
5812,847.741,00000000
5813,845.654,00000000
5814,843.289,00000000
5815,841.933,00000000
5816,845.172,00000000
5817,1170.234,00000000
5818,1930.348,00000000
5819,3113.255,00000000
5820,2490.074,00000000
5821,1449.119,00000000
5822,1068.476,00000000
5823,1413.537,00000000
5824,1329.587,00000000
5825,1021.687,00000000
5826,911.613,00000000
5827,867.047,00000000
5828,851.008,00000000
5829,843.967,00000000
5830,840.190,00000000
5831,842.117,00000000
5832,843.454,00000000
5833,843.022,00000000
5834,839.870,00000000
5835,865.908,00000000
5836,852.935,00000000
5837,844.271,00000000
5838,839.673,00000000
5839,837.698,00000000
5840,840.001,00000000
5841,842.121,00000000
5842,840.040,00000000
5843,1330.360,00000000
5844,1253.218,00000000
5845,994.511,00000000
5846,896.140,00000000
5847,888.591,00000000
5848,862.234,00000000
5849,1196.727,00000000
5850,1774.597,00000000
5851,2943.241,00000000
5852,1836.553,00000000
5853,1211.176,00000000
5854,1160.850,00000000
5855,1468.428,00000000
5856,1075.240,00000000
5857,926.676,00000000
5858,872.744,00000000
5859,859.490,00000000
5860,856.054,00000000
5861,848.578,00000000
5862,845.430,00000000
5863,1300.500,00000000
5864,1309.148,00000000
5865,1013.411,00000000
5866,902.864,00000000
5867,865.884,00000000
5868,849.946,00000000
5869,843.699,00000000
5870,846.006,00000000
5871,842.740,00000000
5872,856.655,00000000
5873,849.166,00000000
5874,842.473,00000000
5875,843.807,00000000
5876,841.080,00000000
5877,841.363,00000000
5878,842.486,00000000
5879,842.490,00000000
5880,841.144,00000000
5881,843.321,00000000
5882,841.585,00000000
5883,1262.276,00000000
5884,1319.523,00000000
5885,1394.562,00000000
5886,1378.641,00000000
5887,2798.039,00000000
5888,3059.578,00000000
5889,1666.987,00000000
5890,1144.940,00000000
5891,956.982,00000000
5892,885.814,00000000
5893,857.482,00000000
5894,848.389,00000000
5895,839.868,00000000
5896,865.411,00000000
5897,853.212,00000000
5898,844.505,00000000
5899,843.371,00000000
5900,840.976,00000000
5901,843.269,00000000
5902,845.136,00000000
5903,1334.087,00000000
5904,1284.456,00000000
5905,1005.584,00000000
5906,901.908,00000000
5907,861.957,00000000
5908,874.961,00000000
5909,851.055,00000000
5910,847.215,00000000
5911,839.826,00000000
5912,841.967,00000000
5913,841.032,00000000
5914,839.775,00000000
5915,842.620,00000000
5916,841.559,00000000
5917,841.385,00000000
5918,844.140,00000000
5919,842.345,00000000
5920,857.721,00000000
5921,852.871,00000000
5922,843.922,00000000
5923,1752.420,00000000
5924,1605.727,00000000
5925,2884.720,00000000
5926,2128.625,00000000
5927,1319.107,00000000
5928,1017.193,00000000
5929,910.575,00000000
5930,866.839,00000000
5931,850.469,00000000
5932,846.161,00000000
5933,858.100,00000000
5934,846.679,00000000
5935,843.769,00000000
5936,840.346,00000000
5937,1029.934,00000000
5938,909.320,00000000
5939,868.152,00000000
5940,851.040,00000000
5941,841.350,00000000
5942,842.010,00000000
5943,1269.191,00000000
5944,1313.456,00000000
5945,1034.574,00000000
5946,914.668,00000000
5947,866.675,00000000
5948,850.550,00000000
5949,845.531,00000000
5950,843.758,00000000
5951,839.431,00000000
5952,836.937,00000000
5953,841.224,00000000
5954,842.066,00000000
5955,840.756,00000000
5956,841.893,00000000
5957,861.381,00000000
5958,849.165,00000000
5959,845.692,00000000
5960,1174.231,00000000
5961,1930.789,00000000
5962,3126.072,00000000
5963,4025.043,00000000
5964,2295.585,00000000
5965,1378.321,00000000
5966,1038.762,00000000
5967,912.973,00000000
5968,870.615,00000000
5969,874.768,00000000
5970,852.827,00000000
5971,845.419,00000000
5972,841.219,00000000
5973,843.417,00000000
5974,839.914,00000000
5975,842.241,00000000
5976,841.816,00000000
5977,843.732,00000000
5978,841.612,00000000
5979,840.200,00000000
5980,843.164,00000000
5981,866.205,00000000
5982,852.913,00000000
5983,1366.015,00000000
5984,1288.891,00000000
5985,1008.093,00000000
5986,904.225,00000000
5987,865.705,00000000
5988,850.564,00000000
5989,842.393,00000000
5990,841.844,00000000
5991,1175.240,00000000
5992,1899.656,00000000
5993,3122.050,00000000
5994,2548.288,00000000
5995,1478.068,00000000
5996,1074.729,00000000
5997,929.227,00000000
5998,872.771,00000000
5999,848.549,00000000
6000,842.210,00000000
6001,843.637,00000000
6002,841.173,00000000
6003,1325.772,00000000
6004,1295.889,00000000
6005,1010.134,00000000
6006,920.168,00000000
6007,871.314,00000000
6008,850.954,00000000
6009,845.002,00000000
6010,842.707,00000000
6011,842.307,00000000
6012,841.999,00000000
6013,840.917,00000000
6014,840.789,00000000
6015,840.227,00000000
6016,841.541,00000000
6017,841.855,00000000
6018,862.511,00000000
6019,847.780,00000000
6020,843.208,00000000
6021,843.910,00000000
6022,842.032,00000000
6023,1344.896,00000000
6024,1666.378,00000000
6025,1459.941,00000000
6026,3002.370,00000000
6027,3613.410,00000000
6028,2292.235,00000000
6029,1377.036,00000000
6030,1062.819,00000000
6031,921.319,00000000
6032,872.404,00000000
6033,853.448,00000000
6034,842.845,00000000
6035,844.512,00000000
6036,839.107,00000000
6037,841.359,00000000
6038,840.631,00000000
6039,837.694,00000000
6040,838.713,00000000
6041,843.105,00000000
6042,868.995,00000000
6043,1324.652,00000000
6044,1304.343,00000000
6045,1012.602,00000000
6046,907.991,00000000
6047,865.226,00000000
6048,853.012,00000000
6049,841.441,00000000
6050,845.845,00000000
6051,842.168,00000000
6052,838.446,00000000
6053,840.247,00000000
6054,856.483,00000000
6055,852.213,00000000
6056,846.804,00000000
6057,844.232,00000000
6058,843.963,00000000
6059,839.667,00000000
6060,839.282,00000000
6061,842.732,00000000
6062,839.820,00000000
6063,1673.651,00000000
6064,2363.102,00000000
6065,3139.569,00000000
6066,1799.279,00000000
6067,1209.750,00000000
6068,977.952,00000000
6069,892.084,00000000
6070,858.773,00000000
6071,849.978,00000000
6072,843.129,00000000
6073,844.577,00000000
6074,842.775,00000000
6075,843.780,00000000
6076,843.368,00000000
6077,841.452,00000000
6078,841.894,00000000
6079,860.874,00000000
6080,851.444,00000000
6081,845.298,00000000
6082,839.874,00000000
6083,1353.429,00000000
6084,1280.666,00000000
6085,1002.381,00000000
6086,901.561,00000000
6087,865.900,00000000
6088,849.160,00000000
6089,845.212,00000000
6090,842.112,00000000
6091,866.078,00000000
6092,850.095,00000000
6093,840.960,00000000
6094,845.281,00000000
6095,840.106,00000000
6096,842.614,00000000
6097,840.200,00000000
6098,841.253,00000000
6099,840.917,00000000
6100,840.166,00000000
6101,844.181,00000000
6102,1238.277,00000000
6103,1629.718,00000000
6104,2945.969,00000000
6105,2391.081,00000000
6106,1412.299,00000000
6107,1055.823,00000000
6108,920.813,00000000
6109,869.931,00000000
6110,848.610,00000000
6111,842.633,00000000
6112,842.255,00000000
6113,842.163,00000000
6114,839.996,00000000
6115,867.890,00000000
6116,850.394,00000000
6117,844.268,00000000
6118,843.159,00000000
6119,842.454,00000000
6120,842.293,00000000
6121,839.262,00000000
6122,841.289,00000000
6123,1338.586,00000000
6124,1255.169,00000000
6125,993.093,00000000
6126,895.101,00000000
6127,864.382,00000000
6128,863.660,00000000
6129,847.911,00000000
6130,846.824,00000000
6131,841.065,00000000
6132,840.170,00000000
6133,842.673,00000000
6134,1233.951,00000000
6135,1121.035,00000000
6136,2623.964,00000000
6137,5862.647,00000000
6138,7719.986,00000000
6139,7750.733,00000000
6140,7784.429,00000000
6141,7789.229,00000000
6142,7770.658,00000000
6143,8311.706,00000000
6144,8185.801,00000000
6145,4816.756,00000000
6146,2319.378,00000000
6147,1392.951,00000000
6148,1050.978,00000000
6149,924.437,00000000
6150,875.330,00000000
6151,860.621,00000000
6152,870.955,00000000
6153,854.755,00000000
6154,852.166,00000000
6155,848.564,00000000
6156,850.265,00000000
6157,3046.306,00000000
6158,6038.440,00000000
6159,7125.994,00000000
6160,7533.573,00000000
6161,7685.791,00000000
6162,7734.777,00000000
6163,8313.810,00000000
6164,8189.969,00000000
6165,4790.153,00000000
6166,2304.453,00000000
6167,1757.452,00000000
6168,1328.481,00000000
6169,2690.941,00000000
6170,2751.298,00000000
6171,1555.009,00000000
6172,1112.234,00000000
6173,946.112,00000000
6174,885.040,00000000
6175,864.836,00000000
6176,879.452,00000000
6177,3161.717,00000000
6178,6070.294,00000000
6179,7146.641,00000000
6180,7546.878,00000000
6181,7684.631,00000000
6182,7732.674,00000000
6183,8338.504,00000000
6184,8157.976,00000000
6185,4747.134,00000000
6186,2287.894,00000000
6187,1381.595,00000000
6188,1071.487,00000000
6189,929.251,00000000
6190,881.840,00000000
6191,860.078,00000000
6192,853.295,00000000
6193,852.253,00000000
6194,847.612,00000000
6195,851.724,00000000
6196,847.497,00000000
6197,3123.632,00000000
6198,6050.146,00000000
6199,7146.910,00000000
6200,7538.251,00000000
6201,7708.496,00000000
6202,7767.721,00000000
6203,8371.133,00000000
6204,8483.312,00000000
6205,5688.833,00000000
6206,4475.215,00000000
6207,2550.888,00000000
6208,1480.100,00000000
6209,1082.427,00000000
6210,935.007,00000000
6211,882.513,00000000
6212,859.740,00000000
6213,867.337,00000000
6214,857.635,00000000
6215,850.636,00000000
6216,851.926,00000000
6217,3190.994,00000000
6218,6079.505,00000000
6219,7141.613,00000000
6220,7528.406,00000000
6221,7685.599,00000000
6222,7747.130,00000000
6223,8337.265,00000000
6224,8164.005,00000000
6225,4700.986,00000000
6226,2275.872,00000000
6227,1376.180,00000000
6228,1043.357,00000000
6229,920.863,00000000
6230,874.495,00000000
6231,861.586,00000000
6232,851.285,00000000
6233,848.974,00000000
6234,849.608,00000000
6235,849.333,00000000
6236,849.314,00000000
6237,3589.517,00000000
6238,6717.884,00000000
6239,9209.197,00000000
6240,9406.632,00000000
6241,8367.917,00000000
6242,8004.970,00000000
6243,8448.195,00000000
6244,8206.352,00000000
6245,4673.821,00000000
6246,2263.581,00000000
6247,1375.337,00000000
6248,1043.394,00000000
6249,946.272,00000000
6250,886.654,00000000
6251,862.159,00000000
6252,855.280,00000000
6253,847.058,00000000
6254,846.112,00000000
6255,845.941,00000000
6256,848.806,00000000
6257,3288.841,00000000
6258,6129.966,00000000
6259,7151.614,00000000
6260,7556.616,00000000
6261,7718.694,00000000
6262,7761.689,00000000
6263,8332.467,00000000
6264,8167.110,00000000
6265,4624.156,00000000
6266,2246.725,00000000
6267,1364.608,00000000
6268,1037.519,00000000
6269,916.189,00000000
6270,875.161,00000000
6271,1227.310,00000000
6272,1371.484,00000000
6273,2995.350,00000000
6274,2994.026,00000000
6275,1646.700,00000000
6276,1145.468,00000000
6277,3371.321,00000000
6278,6147.275,00000000
6279,7157.277,00000000
6280,7545.829,00000000
6281,7690.209,00000000
6282,7754.101,00000000
6283,8326.346,00000000
6284,8162.007,00000000
6285,4586.622,00000000
6286,2245.086,00000000
6287,1366.488,00000000
6288,1039.562,00000000
6289,919.032,00000000
6290,876.666,00000000
6291,860.400,00000000
6292,851.641,00000000
6293,851.440,00000000
6294,848.870,00000000
6295,848.998,00000000
6296,847.831,00000000
6297,3357.794,00000000
6298,6157.881,00000000
6299,7192.286,00000000
6300,7558.341,00000000
6301,7699.829,00000000
6302,7733.503,00000000
6303,8342.248,00000000
6304,8536.967,00000000
6305,4825.518,00000000
6306,3917.958,00000000
6307,3871.890,00000000
6308,2156.503,00000000
6309,1332.125,00000000
6310,1046.833,00000000
6311,924.387,00000000
6312,877.766,00000000
6313,858.184,00000000
6314,853.634,00000000
6315,849.838,00000000
6316,849.036,00000000
6317,3390.300,00000000
6318,6155.617,00000000
6319,7179.271,00000000
6320,7544.739,00000000
6321,7696.354,00000000
6322,7778.104,00000000
6323,8332.672,00000000
6324,8149.293,00000000
6325,4570.359,00000000
6326,2224.689,00000000
6327,1358.230,00000000
6328,1038.135,00000000
6329,920.814,00000000
6330,876.846,00000000
6331,855.331,00000000
6332,854.037,00000000
6333,851.628,00000000
6334,876.555,00000000
6335,1207.410,00000000
6336,1811.385,00000000
6337,5646.658,00000000
6338,7111.864,00000000
6339,7532.913,00000000
6340,7687.700,00000000
6341,7742.352,00000000
6342,7767.798,00000000
6343,8290.386,00000000
6344,8117.719,00000000
6345,4558.147,00000000
6346,2235.372,00000000
6347,1367.579,00000000
6348,1042.453,00000000
6349,919.124,00000000
6350,870.908,00000000
6351,859.135,00000000
6352,846.762,00000000
6353,849.856,00000000
6354,849.698,00000000
6355,846.236,00000000
6356,848.417,00000000
6357,893.978,00000000
6358,861.546,00000000
6359,862.551,00000000
6360,850.990,00000000
6361,841.896,00000000
6362,844.292,00000000
6363,1367.907,00000000
6364,1278.594,00000000
6365,1003.379,00000000
6366,1292.469,00000000
6367,1144.536,00000000
6368,2787.821,00000000
6369,3365.608,00000000
6370,2531.677,00000000
6371,1484.449,00000000
6372,1076.563,00000000
6373,929.543,00000000
6374,872.828,00000000
6375,855.460,00000000
6376,846.681,00000000
6377,841.886,00000000
6378,839.736,00000000
6379,838.408,00000000
6380,842.778,00000000
6381,841.396,00000000
6382,839.467,00000000
6383,1289.955,00000000
6384,1240.855,00000000
6385,985.204,00000000
6386,896.172,00000000
6387,862.950,00000000
6388,850.574,00000000
6389,847.195,00000000
6390,843.482,00000000
6391,842.395,00000000
6392,841.261,00000000
6393,843.686,00000000
6394,842.017,00000000
6395,868.978,00000000
6396,851.144,00000000
6397,843.656,00000000
6398,841.952,00000000
6399,842.433,00000000
6400,838.732,00000000
6401,1175.958,00000000
6402,1879.726,00000000
6403,3364.676,00000000
6404,2230.109,00000000
6405,1355.385,00000000
6406,1027.084,00000000
6407,932.151,00000000
6408,877.552,00000000
6409,855.190,00000000
6410,846.011,00000000
6411,843.843,00000000
6412,841.910,00000000
6413,843.478,00000000
6414,841.879,00000000
6415,843.508,00000000
6416,842.312,00000000
6417,841.604,00000000
6418,842.413,00000000
6419,840.887,00000000
6420,855.973,00000000
6421,844.640,00000000
6422,844.014,00000000
6423,1367.124,00000000
6424,1215.651,00000000
6425,979.570,00000000
6426,892.468,00000000
6427,861.289,00000000
6428,850.155,00000000
6429,844.278,00000000
6430,843.624,00000000
6431,841.911,00000000
6432,859.446,00000000
6433,845.643,00000000
6434,842.814,00000000
6435,842.820,00000000
6436,840.065,00000000
6437,840.722,00000000
6438,841.569,00000000
6439,841.620,00000000
6440,1173.533,00000000
6441,1959.005,00000000
6442,2974.766,00000000
6443,2184.887,00000000
6444,1558.268,00000000
6445,1105.527,00000000
6446,942.026,00000000
6447,878.621,00000000
6448,852.663,00000000
6449,842.238,00000000
6450,843.298,00000000
6451,840.156,00000000
6452,839.317,00000000
6453,840.953,00000000
6454,841.789,00000000
6455,840.911,00000000
6456,866.575,00000000
6457,848.821,00000000
6458,843.512,00000000
6459,842.977,00000000
6460,841.380,00000000
6461,839.066,00000000
6462,843.582,00000000
6463,1349.283,00000000
6464,1213.300,00000000
6465,978.905,00000000
6466,892.469,00000000
6467,859.588,00000000
6468,872.774,00000000
6469,857.968,00000000
6470,846.741,00000000
6471,843.515,00000000
6472,840.756,00000000
6473,839.125,00000000
6474,841.788,00000000
6475,895.512,00000000
6476,1145.458,00000000
6477,2238.079,00000000
6478,3258.863,00000000
6479,2178.011,00000000
6480,1340.076,00000000
6481,1038.243,00000000
6482,914.364,00000000
6483,1406.640,00000000
6484,1220.102,00000000
6485,980.859,00000000
6486,894.403,00000000
6487,861.682,00000000
6488,846.574,00000000
6489,843.423,00000000
6490,840.661,00000000
6491,842.801,00000000
6492,836.978,00000000
6493,856.209,00000000
6494,846.862,00000000
6495,845.746,00000000
6496,839.133,00000000
6497,838.187,00000000
6498,840.297,00000000
6499,842.430,00000000
6500,842.046,00000000
6501,843.046,00000000
6502,841.340,00000000
6503,1344.096,00000000
6504,1220.123,00000000
6505,997.482,00000000
6506,899.515,00000000
6507,1187.523,00000000
6508,1985.330,00000000
6509,3127.423,00000000
6510,3566.855,00000000
6511,1900.098,00000000
6512,1234.350,00000000
6513,986.013,00000000
6514,893.847,00000000
6515,860.274,00000000
6516,849.887,00000000
6517,868.265,00000000
6518,850.228,00000000
6519,845.208,00000000
6520,839.616,00000000
6521,838.876,00000000
6522,841.361,00000000
6523,1359.896,00000000
6524,1213.739,00000000
6525,981.730,00000000
6526,891.271,00000000
6527,860.964,00000000
6528,848.140,00000000
6529,868.033,00000000
6530,853.814,00000000
6531,846.185,00000000
6532,842.828,00000000
6533,843.149,00000000
6534,840.912,00000000
6535,842.513,00000000
6536,840.005,00000000
6537,841.597,00000000
6538,840.835,00000000
6539,837.749,00000000
6540,1166.378,00000000
6541,2046.791,00000000
6542,2966.762,00000000
6543,2137.595,00000000
6544,1520.555,00000000
6545,1095.466,00000000
6546,935.578,00000000
6547,876.039,00000000
6548,849.768,00000000
6549,847.193,00000000
6550,844.208,00000000
6551,841.879,00000000
6552,841.770,00000000
6553,843.188,00000000
6554,853.896,00000000
6555,844.026,00000000
6556,845.154,00000000
6557,840.978,00000000
6558,839.348,00000000
6559,841.919,00000000
6560,838.324,00000000
6561,841.587,00000000
6562,840.802,00000000
6563,1342.341,00000000
6564,1216.348,00000000
6565,979.199,00000000
6566,909.704,00000000
6567,867.542,00000000
6568,851.630,00000000
6569,843.399,00000000
6570,1194.364,00000000
6571,1767.727,00000000
6572,2949.353,00000000
6573,1845.481,00000000
6574,1213.450,00000000
6575,977.047,00000000
6576,892.695,00000000
6577,861.523,00000000
6578,868.245,00000000
6579,850.721,00000000
6580,845.739,00000000
6581,842.852,00000000
6582,839.653,00000000
6583,1361.828,00000000
6584,1264.141,00000000
6585,999.215,00000000
6586,898.898,00000000
6587,862.375,00000000
6588,848.404,00000000
6589,845.480,00000000
6590,866.605,00000000
6591,851.423,00000000
6592,845.670,00000000
6593,842.120,00000000
6594,841.662,00000000
6595,841.436,00000000
6596,841.851,00000000
6597,838.941,00000000
6598,845.204,00000000
6599,841.608,00000000
6600,841.158,00000000
6601,840.965,00000000
6602,862.786,00000000
6603,1333.858,00000000
6604,1277.167,00000000
6605,1004.487,00000000
6606,900.295,00000000
6607,933.322,00000000
6608,1150.767,00000000
6609,2184.708,00000000
6610,3081.472,00000000
6611,2271.214,00000000
6612,1368.985,00000000
6613,1037.089,00000000
6614,912.980,00000000
6615,882.601,00000000
6616,858.350,00000000
6617,850.122,00000000
6618,841.245,00000000
6619,840.711,00000000
6620,837.561,00000000
6621,839.208,00000000
6622,838.448,00000000
6623,1348.489,00000000
6624,1267.187,00000000
6625,997.977,00000000
6626,901.069,00000000
6627,882.064,00000000
6628,853.630,00000000
6629,847.165,00000000
6630,842.576,00000000
6631,842.917,00000000
6632,842.548,00000000
6633,843.331,00000000
6634,839.992,00000000
6635,842.230,00000000
6636,840.311,00000000
6637,844.943,00000000
6638,844.545,00000000
6639,860.444,00000000
6640,846.684,00000000
6641,841.802,00000000
6642,1163.131,00000000
6643,2506.095,00000000
6644,3288.466,00000000
6645,1783.971,00000000
6646,1191.013,00000000
6647,968.854,00000000
6648,886.351,00000000
6649,859.831,00000000
6650,847.078,00000000
6651,864.669,00000000
6652,849.483,00000000
6653,843.304,00000000
6654,840.064,00000000
6655,839.083,00000000
6656,843.669,00000000
6657,842.349,00000000
6658,839.496,00000000
6659,840.073,00000000
6660,842.553,00000000
6661,841.427,00000000
6662,837.497,00000000
6663,1357.431,00000000
6664,1284.682,00000000
6665,1005.542,00000000
6666,904.680,00000000
6667,864.407,00000000
6668,849.234,00000000
6669,846.534,00000000
6670,845.004,00000000
6671,843.269,00000000
6672,843.907,00000000
6673,843.426,00000000
6674,838.742,00000000
6675,849.599,00000000
6676,857.527,00000000
6677,845.526,00000000
6678,843.237,00000000
6679,839.820,00000000
6680,839.008,00000000
6681,1187.000,00000000
6682,1125.280,00000000
6683,3096.424,00000000
6684,3544.554,00000000
6685,2099.684,00000000
6686,1307.436,00000000
6687,1014.312,00000000
6688,922.500,00000000
6689,868.856,00000000
6690,854.174,00000000
6691,846.058,00000000
6692,844.093,00000000
6693,840.568,00000000
6694,842.673,00000000
6695,839.328,00000000
6696,841.449,00000000
6697,841.668,00000000
6698,840.401,00000000
6699,841.892,00000000
6700,860.466,00000000
6701,847.417,00000000
6702,841.316,00000000
6703,1373.089,00000000
6704,1263.892,00000000
6705,997.327,00000000
6706,900.732,00000000
6707,863.533,00000000
6708,848.567,00000000
6709,839.380,00000000
6710,844.188,00000000
6711,840.573,00000000
6712,863.189,00000000
6713,1247.453,00000000
6714,1122.964,00000000
6715,2710.027,00000000
6716,3289.675,00000000
6717,1802.472,00000000
6718,1199.917,00000000
6719,971.293,00000000
6720,891.865,00000000
6721,861.227,00000000
6722,847.786,00000000
6723,1337.352,00000000
6724,1296.047,00000000
6725,1010.931,00000000
6726,906.372,00000000
6727,867.270,00000000
6728,850.067,00000000
6729,846.536,00000000
6730,841.107,00000000
6731,840.203,00000000
6732,843.352,00000000
6733,841.109,00000000
6734,841.251,00000000
6735,842.016,00000000
6736,855.393,00000000
6737,852.421,00000000
6738,841.042,00000000
6739,841.245,00000000
6740,842.293,00000000
6741,842.365,00000000
6742,842.401,00000000
6743,1355.660,00000000
6744,1255.326,00000000
6745,993.870,00000000
6746,896.014,00000000
6747,862.343,00000000
6748,851.419,00000000
6749,858.293,00000000
6750,849.569,00000000
6751,843.596,00000000
6752,1221.741,00000000
6753,1121.606,00000000
6754,2544.374,00000000
6755,3360.229,00000000
6756,2793.706,00000000
6757,1564.568,00000000
6758,1111.215,00000000
6759,942.468,00000000
6760,878.367,00000000
6761,873.441,00000000
6762,854.495,00000000
6763,1328.477,00000000
6764,1264.376,00000000
6765,997.636,00000000
6766,898.943,00000000
6767,860.183,00000000
6768,847.650,00000000
6769,841.682,00000000
6770,840.275,00000000
6771,841.294,00000000
6772,843.975,00000000
6773,864.582,00000000
6774,850.825,00000000
6775,843.759,00000000
6776,843.788,00000000
6777,843.598,00000000
6778,841.890,00000000
6779,841.721,00000000
6780,842.999,00000000
6781,840.371,00000000
6782,838.355,00000000
6783,1343.121,00000000
6784,1257.332,00000000
6785,1337.872,00000000
6786,1197.517,00000000
6787,2552.449,00000000
6788,2510.300,00000000
6789,1465.254,00000000
6790,1071.924,00000000
6791,924.652,00000000
6792,875.054,00000000
6793,853.312,00000000
6794,844.879,00000000
6795,845.094,00000000
6796,843.808,00000000
6797,861.683,00000000
6798,852.976,00000000
6799,846.292,00000000
6800,845.186,00000000
6801,843.359,00000000
6802,841.860,00000000
6803,1364.793,00000000
6804,1253.368,00000000
6805,993.416,00000000
6806,899.373,00000000
6807,862.506,00000000
6808,847.780,00000000
6809,845.549,00000000
6810,857.677,00000000
6811,847.240,00000000
6812,845.171,00000000
6813,842.067,00000000
6814,837.148,00000000
6815,841.837,00000000
6816,839.006,00000000
6817,839.313,00000000
6818,837.654,00000000
6819,950.210,00000000
6820,1142.523,00000000
6821,2306.797,00000000
6822,2722.892,00000000
6823,2031.665,00000000
6824,1521.154,00000000
6825,1093.584,00000000
6826,933.322,00000000
6827,878.015,00000000
6828,853.039,00000000
6829,843.612,00000000
6830,844.833,00000000
6831,841.446,00000000
6832,841.229,00000000
6833,841.957,00000000
6834,863.804,00000000
6835,852.403,00000000
6836,844.444,00000000
6837,842.242,00000000
6838,842.037,00000000
6839,839.945,00000000
6840,841.089,00000000
6841,838.060,00000000
6842,838.771,00000000
6843,1350.057,00000000
6844,1258.794,00000000
6845,995.158,00000000
6846,922.454,00000000
6847,873.216,00000000
6848,854.121,00000000
6849,846.373,00000000
6850,841.317,00000000
6851,841.140,00000000
6852,840.307,00000000
6853,838.773,00000000
6854,844.872,00000000
6855,840.280,00000000
6856,835.733,00000000
6857,1230.110,00000000
6858,1173.224,00000000
6859,2683.063,00000000
6860,2135.577,00000000
6861,1320.001,00000000
6862,1017.871,00000000
6863,1431.732,00000000
6864,1276.178,00000000
6865,1001.112,00000000
6866,896.892,00000000
6867,865.622,00000000
6868,850.157,00000000
6869,842.177,00000000
6870,843.664,00000000
6871,852.532,00000000
6872,846.746,00000000
6873,841.358,00000000
6874,837.968,00000000
6875,843.780,00000000
6876,840.834,00000000
6877,838.417,00000000
6878,844.116,00000000
6879,839.948,00000000
6880,839.739,00000000
6881,842.145,00000000
6882,841.632,00000000
6883,1350.186,00000000
6884,1266.710,00000000
6885,997.162,00000000
6886,901.337,00000000
6887,864.802,00000000
6888,848.188,00000000
6889,845.945,00000000
6890,843.050,00000000
6891,1218.737,00000000
6892,1123.913,00000000
6893,2542.905,00000000
6894,2389.986,00000000
6895,1435.394,00000000
6896,1063.144,00000000
6897,919.168,00000000
6898,870.646,00000000
6899,852.068,00000000
6900,841.741,00000000
6901,844.782,00000000
6902,840.035,00000000
6903,1355.552,00000000
6904,1255.094,00000000
6905,994.938,00000000
6906,897.399,00000000
6907,883.659,00000000
6908,857.741,00000000
6909,847.603,00000000
6910,844.645,00000000
6911,840.930,00000000
6912,839.129,00000000
6913,841.496,00000000
6914,838.230,00000000
6915,839.224,00000000
6916,838.993,00000000
6917,842.497,00000000
6918,841.501,00000000
6919,862.525,00000000
6920,853.290,00000000
6921,843.971,00000000
6922,845.234,00000000
6923,1374.943,00000000
6924,2722.741,00000000
6925,3051.689,00000000
6926,3297.850,00000000
6927,3465.226,00000000
6928,4625.738,00000000
6929,5248.124,00000000
6930,4313.659,00000000
6931,3647.954,00000000
6932,3515.612,00000000
6933,3485.789,00000000
6934,3287.949,00000000
6935,1761.646,00000000
6936,1181.533,00000000
6937,969.664,00000000
6938,888.527,00000000
6939,856.957,00000000
6940,846.503,00000000
6941,841.478,00000000
6942,840.073,00000000
6943,1338.489,00000000
6944,1294.644,00000000
6945,1009.837,00000000
6946,902.076,00000000
6947,863.728,00000000
6948,848.742,00000000
6949,843.349,00000000
6950,844.605,00000000
6951,841.150,00000000
6952,842.482,00000000
6953,841.728,00000000
6954,837.527,00000000
6955,842.621,00000000
6956,857.583,00000000
6957,1192.675,00000000
6958,1859.171,00000000
6959,3126.659,00000000
6960,3509.637,00000000
6961,2049.145,00000000
6962,1287.793,00000000
6963,1523.408,00000000
6964,1326.765,00000000
6965,1021.252,00000000
6966,906.740,00000000
6967,868.332,00000000
6968,873.044,00000000
6969,853.161,00000000
6970,845.363,00000000
6971,840.245,00000000
6972,837.360,00000000
6973,839.315,00000000
6974,840.849,00000000
6975,838.843,00000000
6976,844.096,00000000
6977,838.291,00000000
6978,838.630,00000000
6979,838.159,00000000
6980,865.962,00000000
6981,852.921,00000000
6982,843.562,00000000
6983,1382.600,00000000
6984,1260.780,00000000
6985,994.972,00000000
6986,899.314,00000000
6987,860.891,00000000
6988,852.219,00000000
6989,844.513,00000000
6990,844.290,00000000
6991,1212.210,00000000
6992,1149.325,00000000
6993,2548.846,00000000
6994,3357.932,00000000
6995,1928.805,00000000
6996,1244.470,00000000
6997,988.617,00000000
6998,895.885,00000000
6999,861.755,00000000
7000,849.549,00000000
7001,842.795,00000000
7002,840.933,00000000
7003,1343.633,00000000
7004,1278.342,00000000
7005,1011.030,00000000
7006,902.178,00000000
7007,864.714,00000000
7008,850.390,00000000
7009,841.732,00000000
7010,844.092,00000000
7011,843.222,00000000
7012,841.174,00000000
7013,841.984,00000000
7014,839.552,00000000
7015,842.895,00000000
7016,840.859,00000000
7017,856.183,00000000
7018,843.054,00000000
7019,842.764,00000000
7020,842.023,00000000
7021,841.709,00000000
7022,841.464,00000000
7023,1363.939,00000000
7024,1262.251,00000000
7025,1311.130,00000000
7026,2108.311,00000000
7027,2949.643,00000000
7028,1642.974,00000000
7029,1156.386,00000000
7030,959.238,00000000
7031,882.933,00000000
7032,854.450,00000000
7033,845.213,00000000
7034,841.917,00000000
7035,842.182,00000000
7036,839.014,00000000
7037,842.190,00000000
7038,841.342,00000000
7039,841.332,00000000
7040,839.553,00000000
7041,863.981,00000000
7042,849.134,00000000
7043,1329.803,00000000
7044,1272.346,00000000
7045,997.973,00000000
7046,900.234,00000000
7047,863.071,00000000
7048,846.594,00000000
7049,843.708,00000000
7050,845.354,00000000
7051,841.431,00000000
7052,841.264,00000000
7053,868.728,00000000
7054,851.496,00000000
7055,847.869,00000000
7056,846.246,00000000
7057,842.313,00000000
7058,841.797,00000000
7059,839.977,00000000
7060,842.137,00000000
7061,1197.491,00000000
7062,1518.954,00000000
7063,3721.684,00000000
7064,3192.237,00000000
7065,1737.601,00000000
7066,1172.693,00000000
7067,966.303,00000000
7068,884.835,00000000
7069,858.818,00000000
7070,849.080,00000000
7071,845.211,00000000
7072,843.431,00000000
7073,839.754,00000000
7074,840.554,00000000
7075,841.786,00000000
7076,840.998,00000000
7077,841.961,00000000
7078,852.331,00000000
7079,843.419,00000000
7080,841.161,00000000
7081,843.114,00000000
7082,840.547,00000000
7083,1367.832,00000000
7084,1274.374,00000000
7085,1002.345,00000000
7086,900.311,00000000
7087,863.095,00000000
7088,845.132,00000000
7089,845.231,00000000
7090,861.058,00000000
7091,849.527,00000000
7092,841.798,00000000
7093,836.673,00000000
7094,839.329,00000000
7095,838.889,00000000
7096,1182.205,00000000
7097,1896.258,00000000
7098,2966.024,00000000
7099,1750.908,00000000
7100,1177.631,00000000
7101,966.679,00000000
7102,908.198,00000000
7103,1356.300,00000000
7104,1293.577,00000000
7105,1009.114,00000000
7106,901.851,00000000
7107,861.436,00000000
7108,850.668,00000000
7109,846.734,00000000
7110,841.515,00000000
7111,845.065,00000000
7112,840.635,00000000
7113,841.116,00000000
7114,866.597,00000000
7115,847.394,00000000
7116,846.447,00000000
7117,842.339,00000000
7118,839.032,00000000
7119,841.754,00000000
7120,839.547,00000000
7121,837.528,00000000
7122,838.207,00000000
7123,1353.271,00000000
7124,1279.963,00000000
7125,1003.190,00000000
7126,926.816,00000000
7127,875.364,00000000
7128,851.284,00000000
7129,846.008,00000000
7130,840.115,00000000
7131,840.826,00000000
7132,841.712,00000000
7133,840.579,00000000
7134,839.685,00000000
7135,1183.614,00000000
7136,1126.760,00000000
7137,2542.249,00000000
7138,2466.607,00000000
7139,1455.441,00000000
7140,1067.865,00000000
7141,925.737,00000000
7142,866.931,00000000
7143,1383.557,00000000
7144,1276.715,00000000
7145,1003.676,00000000
7146,905.044,00000000
7147,863.763,00000000
7148,849.903,00000000
7149,845.329,00000000
7150,838.533,00000000
7151,857.177,00000000
7152,845.867,00000000
7153,845.746,00000000
7154,841.420,00000000
7155,844.131,00000000
7156,843.270,00000000
7157,843.154,00000000
7158,846.428,00000000
7159,843.744,00000000
7160,840.306,00000000
7161,844.410,00000000
7162,838.836,00000000
7163,1359.041,00000000
7164,1291.625,00000000
7165,1007.167,00000000
7166,899.351,00000000
7167,865.353,00000000
7168,849.468,00000000
7169,847.373,00000000
7170,843.971,00000000
7171,841.902,00000000
7172,1234.123,00000000
7173,1118.312,00000000
7174,2640.554,00000000
7175,3424.795,00000000
7176,2596.418,00000000
7177,1488.321,00000000
7178,1085.293,00000000
7179,933.100,00000000
7180,871.805,00000000
7181,851.405,00000000
7182,848.594,00000000
7183,1360.240,00000000
7184,1276.731,00000000
7185,1004.255,00000000
7186,900.752,00000000
7187,891.864,00000000
7188,858.349,00000000
7189,849.079,00000000
7190,842.580,00000000
7191,842.713,00000000
7192,843.027,00000000
7193,843.637,00000000
7194,844.018,00000000
7195,840.248,00000000
7196,842.891,00000000
7197,842.055,00000000
7198,840.211,00000000
7199,857.765,00000000
7200,852.766,00000000
7201,846.698,00000000
7202,843.555,00000000
7203,1384.174,00000000
7204,1273.194,00000000
7205,1003.760,00000000
7206,902.428,00000000
7207,859.995,00000000
7208,1181.490,00000000
7209,1965.388,00000000
7210,2979.495,00000000
7211,1691.536,00000000
7212,1172.192,00000000
7213,963.766,00000000
7214,889.589,00000000
7215,859.791,00000000
7216,851.114,00000000
7217,845.200,00000000
7218,844.899,00000000
7219,843.974,00000000
7220,845.089,00000000
7221,843.209,00000000
7222,842.358,00000000
7223,1345.418,00000000
7224,1299.047,00000000
7225,1011.201,00000000
7226,903.086,00000000
7227,864.136,00000000
7228,848.238,00000000
7229,844.401,00000000
7230,842.960,00000000
7231,844.211,00000000
7232,842.059,00000000
7233,842.820,00000000
7234,840.846,00000000
7235,842.081,00000000
7236,861.581,00000000
7237,849.956,00000000
7238,846.759,00000000
7239,845.790,00000000
7240,845.077,00000000
7241,840.144,00000000
7242,842.155,00000000
7243,1368.805,00000000
7244,1635.754,00000000
7245,1918.460,00000000
7246,3205.667,00000000
7247,2739.707,00000000
7248,1571.824,00000000
7249,1109.384,00000000
7250,944.848,00000000
7251,880.629,00000000
7252,860.374,00000000
7253,848.099,00000000
7254,844.949,00000000
7255,839.058,00000000
7256,841.457,00000000
7257,842.262,00000000
7258,845.403,00000000
7259,839.848,00000000
7260,865.655,00000000
7261,851.515,00000000
7262,846.556,00000000
7263,1329.699,00000000
7264,1288.228,00000000
7265,1009.530,00000000
7266,902.127,00000000
7267,863.912,00000000
7268,851.107,00000000
7269,847.293,00000000
7270,842.176,00000000
7271,842.527,00000000
7272,842.457,00000000
7273,853.045,00000000
7274,1240.515,00000000
7275,1123.409,00000000
7276,2589.973,00000000
7277,2285.529,00000000
7278,1373.634,00000000
7279,1041.927,00000000
7280,915.095,00000000
7281,870.105,00000000
7282,850.625,00000000
7283,1355.044,00000000
7284,1281.238,00000000
7285,1019.300,00000000
7286,907.068,00000000
7287,863.405,00000000
7288,848.786,00000000
7289,842.084,00000000
7290,841.434,00000000
7291,840.061,00000000
7292,841.071,00000000
7293,841.443,00000000
7294,841.315,00000000
7295,843.785,00000000
7296,841.965,00000000
7297,861.365,00000000
7298,849.295,00000000
7299,845.376,00000000
7300,843.886,00000000
7301,843.245,00000000
7302,841.324,00000000
7303,1369.873,00000000
7304,1276.011,00000000
7305,1385.974,00000000
7306,1250.823,00000000
7307,2886.186,00000000
7308,3139.798,00000000
7309,1727.951,00000000
7310,1170.387,00000000
7311,963.020,00000000
7312,889.077,00000000
7313,857.959,00000000
7314,846.109,00000000
7315,841.761,00000000
7316,845.135,00000000
7317,840.932,00000000
7318,841.638,00000000
7319,842.282,00000000
7320,840.910,00000000
7321,868.726,00000000
7322,854.363,00000000
7323,1340.656,00000000
7324,1254.933,00000000
7325,994.894,00000000
7326,897.966,00000000
7327,863.241,00000000
7328,850.425,00000000
7329,842.854,00000000
7330,842.428,00000000
7331,843.174,00000000
7332,840.418,00000000
7333,852.163,00000000
7334,854.183,00000000
7335,846.173,00000000
7336,843.698,00000000
7337,1088.325,00000000
7338,949.011,00000000
7339,878.732,00000000
7340,858.030,00000000
7341,847.092,00000000
7342,844.277,00000000
7343,1303.438,00000000
7344,1468.976,00000000
7345,1309.735,00000000
7346,2410.003,00000000
7347,2713.270,00000000
7348,1539.268,00000000
7349,1102.092,00000000
7350,939.189,00000000
7351,875.989,00000000
7352,855.086,00000000
7353,848.127,00000000
7354,842.446,00000000
7355,843.159,00000000
7356,843.015,00000000
7357,844.752,00000000
7358,860.966,00000000
7359,849.796,00000000
7360,843.106,00000000
7361,842.183,00000000
7362,840.291,00000000
7363,1379.972,00000000
7364,1351.082,00000000
7365,1027.690,00000000
7366,910.546,00000000
7367,867.158,00000000
7368,852.044,00000000
7369,846.025,00000000
7370,861.629,00000000
7371,851.382,00000000
7372,847.499,00000000
7373,841.951,00000000
7374,840.774,00000000
7375,839.700,00000000
7376,842.250,00000000
7377,844.787,00000000
7378,842.635,00000000
7379,839.968,00000000
7380,1193.526,00000000
7381,1130.306,00000000
7382,2574.022,00000000
7383,3753.001,00000000
7384,3230.660,00000000
7385,1726.355,00000000
7386,1171.214,00000000
7387,964.325,00000000
7388,888.246,00000000
7389,856.252,00000000
7390,845.741,00000000
7391,842.675,00000000
7392,843.994,00000000
7393,844.372,00000000
7394,865.647,00000000
7395,854.291,00000000
7396,847.000,00000000
7397,841.728,00000000
7398,840.110,00000000
7399,839.666,00000000
7400,839.726,00000000
7401,840.260,00000000
7402,839.629,00000000
7403,1360.334,00000000
7404,1276.161,00000000
7405,1002.698,00000000
7406,899.120,00000000
7407,876.920,00000000
7408,854.824,00000000
7409,846.984,00000000
7410,841.150,00000000
7411,841.415,00000000
7412,841.493,00000000
7413,841.324,00000000
7414,842.046,00000000
7415,1190.274,00000000
7416,1126.453,00000000
7417,2424.447,00000000
7418,3309.458,00000000
7419,2900.411,00000000
7420,1604.100,00000000
7421,1124.165,00000000
7422,947.605,00000000
7423,1418.924,00000000
7424,1287.817,00000000
7425,1008.627,00000000
7426,903.187,00000000
7427,868.606,00000000
7428,849.682,00000000
7429,847.183,00000000
7430,842.576,00000000
7431,859.093,00000000
7432,851.320,00000000
7433,840.982,00000000
7434,838.154,00000000
7435,841.624,00000000
7436,842.175,00000000
7437,840.894,00000000
7438,840.879,00000000
7439,838.724,00000000
7440,840.299,00000000
7441,843.255,00000000
7442,839.163,00000000
7443,1369.693,00000000
7444,1293.308,00000000
7445,1007.856,00000000
7446,901.146,00000000
7447,863.760,00000000
7448,845.385,00000000
7449,842.872,00000000
7450,840.956,00000000
7451,853.311,00000000
7452,1158.664,00000000
7453,2099.009,00000000
7454,3228.300,00000000
7455,2321.475,00000000
7456,1392.792,00000000
7457,1047.431,00000000
7458,919.983,00000000
7459,870.873,00000000
7460,850.642,00000000
7461,846.207,00000000
7462,844.298,00000000
7463,1361.278,00000000
7464,1273.597,00000000
7465,1002.253,00000000
7466,905.435,00000000
7467,876.176,00000000
7468,862.067,00000000
7469,850.792,00000000
7470,844.700,00000000
7471,844.731,00000000
7472,843.335,00000000
7473,844.856,00000000
7474,845.056,00000000
7475,839.087,00000000
7476,841.203,00000000
7477,841.437,00000000
7478,838.213,00000000
7479,838.468,00000000
7480,857.352,00000000
7481,848.118,00000000
7482,845.086,00000000
7483,1384.219,00000000
7484,1271.606,00000000
7485,999.254,00000000
7486,896.827,00000000
7487,864.622,00000000
7488,918.877,00000000
7489,1151.311,00000000
7490,2244.734,00000000
7491,2762.185,00000000
7492,1570.874,00000000
7493,1111.828,00000000
7494,940.786,00000000
7495,875.942,00000000
7496,854.011,00000000
7497,845.527,00000000
7498,841.986,00000000
7499,842.546,00000000
7500,842.895,00000000
7501,840.690,00000000
7502,842.333,00000000
7503,1351.393,00000000
7504,1298.411,00000000
7505,1011.318,00000000
7506,905.276,00000000
7507,862.468,00000000
7508,847.369,00000000
7509,843.315,00000000
7510,841.730,00000000
7511,844.423,00000000
7512,839.614,00000000
7513,842.027,00000000
7514,842.178,00000000
7515,838.834,00000000
7516,866.012,00000000
7517,851.375,00000000
7518,846.956,00000000
7519,844.691,00000000
7520,840.712,00000000
7521,838.188,00000000
7522,841.194,00000000
7523,1371.510,00000000
7524,1244.373,00000000
7525,992.425,00000000
7526,895.749,00000000
7527,863.754,00000000
7528,1226.821,00000000
7529,1706.892,00000000
7530,3141.033,00000000
7531,2761.465,00000000
7532,1555.670,00000000
7533,1106.747,00000000
7534,940.335,00000000
7535,879.604,00000000
7536,852.829,00000000
7537,1032.092,00000000
7538,5320.545,00000000
7539,6877.824,00000000
7540,7445.390,00000000
7541,7671.071,00000000
7542,7750.501,00000000
7543,8284.635,00000000
7544,8180.356,00000000
7545,6634.718,00000000
7546,2985.191,00000000
7547,1642.487,00000000
7548,1140.412,00000000
7549,955.763,00000000
7550,889.519,00000000
7551,861.855,00000000
7552,858.030,00000000
7553,867.877,00000000
7554,856.368,00000000
7555,854.153,00000000
7556,848.197,00000000
7557,906.181,00000000
7558,5230.667,00000000
7559,6836.625,00000000
7560,7431.325,00000000
7561,7643.376,00000000
7562,7742.017,00000000
7563,8343.647,00000000
7564,8166.526,00000000
7565,6598.051,00000000
7566,2973.724,00000000
7567,1983.324,00000000
7568,2061.629,00000000
7569,3055.404,00000000
7570,1885.144,00000000
7571,1231.289,00000000
7572,989.644,00000000
7573,902.445,00000000
7574,867.693,00000000
7575,858.983,00000000
7576,853.597,00000000
7577,948.818,00000000
7578,5292.645,00000000
7579,6864.254,00000000
7580,7440.312,00000000
7581,7646.733,00000000
7582,7726.556,00000000
7583,8362.805,00000000
7584,8174.424,00000000
7585,6581.215,00000000
7586,2969.861,00000000
7587,1633.314,00000000
7588,1138.226,00000000
7589,983.956,00000000
7590,896.897,00000000
7591,868.373,00000000
7592,857.952,00000000
7593,850.363,00000000
7594,848.987,00000000
7595,847.619,00000000
7596,849.335,00000000
7597,946.685,00000000
7598,5249.861,00000000
7599,6826.558,00000000
7600,7435.988,00000000
7601,7675.252,00000000
7602,7745.954,00000000
7603,8330.258,00000000
7604,8161.059,00000000
7605,6821.994,00000000
7606,3225.655,00000000
7607,3313.518,00000000
7608,3679.569,00000000
7609,2126.611,00000000
7610,1322.662,00000000
7611,1024.239,00000000
7612,910.640,00000000
7613,875.282,00000000
7614,867.474,00000000
7615,858.222,00000000
7616,853.249,00000000
7617,948.589,00000000
7618,5287.667,00000000
7619,6856.265,00000000
7620,7451.181,00000000
7621,7654.182,00000000
7622,7729.175,00000000
7623,8341.519,00000000
7624,8153.888,00000000
7625,6518.198,00000000
7626,2962.169,00000000
7627,1630.006,00000000
7628,1139.200,00000000
7629,955.142,00000000
7630,890.395,00000000
7631,860.620,00000000
7632,854.166,00000000
7633,850.539,00000000
7634,852.275,00000000
7635,848.911,00000000
7636,851.324,00000000
7637,950.744,00000000
7638,5299.077,00000000
7639,6855.534,00000000
7640,7789.457,00000000
7641,8265.285,00000000
7642,9695.019,00000000
7643,9379.010,00000000
7644,8550.431,00000000
7645,6680.301,00000000
7646,3003.520,00000000
7647,1649.978,00000000
7648,1144.945,00000000
7649,957.958,00000000
7650,912.545,00000000
7651,871.220,00000000
7652,859.753,00000000
7653,852.384,00000000
7654,852.149,00000000
7655,851.410,00000000
7656,848.527,00000000
7657,949.349,00000000
7658,5293.295,00000000
7659,6863.713,00000000
7660,7436.412,00000000
7661,7641.786,00000000
7662,7762.056,00000000
7663,8338.289,00000000
7664,8190.943,00000000
7665,6540.384,00000000
7666,2953.299,00000000
7667,1627.089,00000000
7668,1140.403,00000000
7669,956.622,00000000
7670,889.468,00000000
7671,863.860,00000000
7672,1067.090,00000000
7673,1143.477,00000000
7674,2443.670,00000000
7675,2656.435,00000000
7676,1519.238,00000000
7677,1200.228,00000000
7678,5382.999,00000000
7679,6884.468,00000000
7680,7456.548,00000000
7681,7670.047,00000000
7682,7736.755,00000000
7683,8370.237,00000000
7684,8166.716,00000000
7685,6536.186,00000000
7686,2961.370,00000000
7687,1638.156,00000000
7688,1144.290,00000000
7689,955.998,00000000
7690,890.064,00000000
7691,863.833,00000000
7692,856.418,00000000
7693,851.951,00000000
7694,850.879,00000000
7695,848.760,00000000
7696,851.248,00000000
7697,949.566,00000000
7698,5268.436,00000000
7699,6858.054,00000000
7700,7445.401,00000000
7701,7653.575,00000000
7702,7732.268,00000000
7703,8744.563,00000000
7704,8444.786,00000000
7705,8172.331,00000000
7706,4311.157,00000000
7707,2131.271,00000000
7708,1323.861,00000000
7709,1022.806,00000000
7710,915.060,00000000
7711,891.098,00000000
7712,864.111,00000000
7713,856.149,00000000
7714,847.300,00000000
7715,846.643,00000000
7716,849.953,00000000
7717,939.047,00000000
7718,5266.412,00000000
7719,6855.732,00000000
7720,7412.028,00000000
7721,7648.191,00000000
7722,7735.006,00000000
7723,8359.613,00000000
7724,8142.314,00000000
7725,6506.762,00000000
7726,2942.066,00000000
7727,1622.948,00000000
7728,1135.715,00000000
7729,955.398,00000000
7730,887.808,00000000
7731,862.810,00000000
7732,854.641,00000000
7733,850.343,00000000
7734,847.150,00000000
7735,874.571,00000000
7736,860.675,00000000
7737,965.720,00000000
7738,5372.009,00000000
7739,6884.355,00000000
7740,7446.403,00000000
7741,7658.405,00000000
7742,7742.346,00000000
7743,8683.571,00000000
7744,8549.187,00000000
7745,8194.020,00000000
7746,4135.841,00000000
7747,2087.597,00000000
7748,1307.295,00000000
7749,1020.196,00000000
7750,912.571,00000000
7751,873.858,00000000
7752,857.031,00000000
7753,849.504,00000000
7754,851.601,00000000
7755,847.539,00000000
7756,850.460,00000000
7757,882.559,00000000
7758,872.191,00000000
7759,856.756,00000000
7760,854.710,00000000
7761,848.698,00000000
7762,847.035,00000000
7763,1338.162,00000000
7764,1286.148,00000000
7765,1007.035,00000000
7766,901.338,00000000
7767,865.282,00000000
7768,850.309,00000000
7769,843.495,00000000
7770,840.707,00000000
7771,842.294,00000000
7772,859.623,00000000
7773,847.391,00000000
7774,844.174,00000000
7775,842.340,00000000
7776,843.149,00000000
7777,841.651,00000000
7778,843.044,00000000
7779,1235.274,00000000
7780,1137.334,00000000
7781,2801.438,00000000
7782,3484.792,00000000
7783,4122.493,00000000
7784,2284.640,00000000
7785,1377.006,00000000
7786,1039.463,00000000
7787,912.962,00000000
7788,869.946,00000000
7789,849.453,00000000
7790,844.205,00000000
7791,844.952,00000000
7792,843.990,00000000
7793,841.303,00000000
7794,840.665,00000000
7795,842.709,00000000
7796,863.488,00000000
7797,850.946,00000000
7798,844.804,00000000
7799,842.883,00000000
7800,841.202,00000000
7801,839.035,00000000
7802,841.858,00000000
7803,1379.230,00000000
7804,1271.198,00000000
7805,999.481,00000000
7806,904.196,00000000
7807,863.742,00000000
7808,878.365,00000000
7809,855.280,00000000
7810,845.947,00000000
7811,841.509,00000000
7812,840.339,00000000
7813,840.890,00000000
7814,1237.267,00000000
7815,1157.048,00000000
7816,2719.995,00000000
7817,3230.573,00000000
7818,1740.933,00000000
7819,1174.505,00000000
7820,987.889,00000000
7821,897.093,00000000
7822,863.119,00000000
7823,1347.426,00000000
7824,1282.967,00000000
7825,1008.943,00000000
7826,903.548,00000000
7827,863.901,00000000
7828,849.921,00000000
7829,845.600,00000000
7830,840.117,00000000
7831,839.918,00000000
7832,842.336,00000000
7833,857.448,00000000
7834,847.019,00000000
7835,842.586,00000000
7836,843.867,00000000
7837,841.004,00000000
7838,841.758,00000000
7839,843.594,00000000
7840,842.789,00000000
7841,838.938,00000000
7842,840.171,00000000
7843,1362.577,00000000
7844,1667.945,00000000
7845,1298.974,00000000
7846,2718.224,00000000
7847,3432.306,00000000
7848,2586.602,00000000
7849,1489.838,00000000
7850,1081.208,00000000
7851,930.864,00000000
7852,874.454,00000000
7853,853.807,00000000
7854,846.719,00000000
7855,842.949,00000000
7856,842.829,00000000
7857,859.789,00000000
7858,846.443,00000000
7859,844.525,00000000
7860,841.292,00000000
7861,842.772,00000000
7862,843.201,00000000
7863,1378.899,00000000
7864,1273.298,00000000
7865,1000.423,00000000
7866,899.103,00000000
7867,864.083,00000000
7868,849.270,00000000
7869,869.051,00000000
7870,850.272,00000000
7871,844.904,00000000
7872,841.639,00000000
7873,840.358,00000000
7874,841.021,00000000
7875,1224.967,00000000
7876,1241.786,00000000
7877,2903.297,00000000
7878,3080.681,00000000
7879,1677.449,00000000
7880,1152.794,00000000
7881,985.079,00000000
7882,896.242,00000000
7883,1363.633,00000000
7884,1292.198,00000000
7885,1006.239,00000000
7886,899.800,00000000
7887,863.914,00000000
7888,848.901,00000000
7889,845.402,00000000
7890,842.724,00000000
7891,843.491,00000000
7892,840.908,00000000
7893,853.739,00000000
7894,857.103,00000000
7895,848.169,00000000
7896,842.701,00000000
7897,843.905,00000000
7898,839.283,00000000
7899,841.387,00000000
7900,844.955,00000000
7901,840.013,00000000
7902,842.861,00000000
7903,1370.078,00000000
7904,1274.252,00000000
7905,1004.005,00000000
7906,1299.398,00000000
7907,1206.396,00000000
7908,2758.573,00000000
7909,3415.803,00000000
7910,1885.739,00000000
7911,1231.943,00000000
7912,985.370,00000000
7913,897.726,00000000
7914,858.004,00000000
7915,849.082,00000000
7916,843.148,00000000
7917,841.165,00000000
7918,862.824,00000000
7919,849.137,00000000
7920,849.064,00000000
7921,843.449,00000000
7922,845.487,00000000
7923,1388.004,00000000
7924,1237.427,00000000
7925,986.352,00000000
7926,896.302,00000000
7927,860.556,00000000
7928,850.736,00000000
7929,846.659,00000000
7930,864.268,00000000
7931,851.398,00000000
7932,846.430,00000000
7933,844.808,00000000
7934,1093.868,00000000
7935,1395.673,00000000
7936,1051.377,00000000
7937,919.957,00000000
7938,870.536,00000000
7939,850.661,00000000
7940,844.153,00000000
7941,841.122,00000000
7942,871.835,00000000
7943,1312.230,00000000
7944,1321.588,00000000
7945,1014.906,00000000
7946,1287.238,00000000
7947,1239.039,00000000
7948,2770.782,00000000
7949,2336.859,00000000
7950,1397.546,00000000
7951,1044.629,00000000
7952,920.650,00000000
7953,870.474,00000000
7954,878.464,00000000
7955,857.732,00000000
7956,849.532,00000000
7957,846.474,00000000
7958,843.114,00000000
7959,843.747,00000000
7960,841.321,00000000
7961,843.678,00000000
7962,841.242,00000000
7963,1368.857,00000000
7964,1289.813,00000000
7965,1007.498,00000000
7966,904.408,00000000
7967,879.483,00000000
7968,852.926,00000000
7969,845.446,00000000
7970,841.505,00000000
7971,845.860,00000000
7972,840.828,00000000
7973,836.114,00000000
7974,840.743,00000000
7975,841.074,00000000
7976,839.729,00000000
7977,839.800,00000000
7978,1196.953,00000000
7979,1677.992,00000000
7980,2964.789,00000000
7981,2858.221,00000000
7982,1589.987,00000000
7983,1674.762,00000000
7984,1383.350,00000000
7985,1042.411,00000000
7986,916.191,00000000
7987,871.140,00000000
7988,849.942,00000000
7989,841.017,00000000
7990,840.116,00000000
7991,859.866,00000000
7992,848.074,00000000
7993,843.729,00000000
7994,843.856,00000000
7995,841.037,00000000
7996,839.360,00000000
7997,843.275,00000000
7998,842.046,00000000
7999,842.246,00000000
8000,842.784,00000000
8001,841.842,00000000
8002,844.653,00000000
8003,1381.248,00000000
8004,1296.348,00000000
8005,1008.321,00000000
8006,903.155,00000000
8007,864.986,00000000
8008,851.203,00000000
8009,846.538,00000000
8010,844.320,00000000
8011,840.386,00000000
8012,844.468,00000000
8013,844.140,00000000
8014,1184.515,00000000
8015,1883.041,00000000
8016,3076.928,00000000
8017,3043.434,00000000
8018,1659.546,00000000
8019,1144.561,00000000
8020,950.845,00000000
8021,883.268,00000000
8022,856.297,00000000
8023,1384.496,00000000
8024,1284.948,00000000
8025,1009.093,00000000
8026,902.803,00000000
8027,879.440,00000000
8028,861.060,00000000
8029,851.263,00000000
8030,845.002,00000000
8031,838.545,00000000
8032,840.321,00000000
8033,845.059,00000000
8034,841.320,00000000
8035,835.668,00000000
8036,841.330,00000000
8037,841.295,00000000
8038,843.539,00000000
8039,840.995,00000000
8040,856.619,00000000
8041,847.632,00000000
8042,845.265,00000000
8043,1343.558,00000000
8044,1295.677,00000000
8045,1010.003,00000000
8046,901.212,00000000
8047,861.268,00000000
8048,851.514,00000000
8049,844.692,00000000
8050,1210.610,00000000
8051,1125.047,00000000
8052,2568.984,00000000
8053,3343.701,00000000
8054,1935.009,00000000
8055,1245.691,00000000
8056,990.824,00000000
8057,899.094,00000000
8058,862.281,00000000
8059,849.745,00000000
8060,843.268,00000000
8061,839.433,00000000
8062,841.625,00000000
8063,1362.080,00000000
8064,1308.524,00000000
8065,1013.460,00000000
8066,903.801,00000000
8067,863.869,00000000
8068,849.054,00000000
8069,841.760,00000000
8070,843.420,00000000
8071,839.593,00000000
8072,841.453,00000000
8073,840.450,00000000
8074,842.193,00000000
8075,841.485,00000000
8076,865.069,00000000
8077,850.638,00000000
8078,843.375,00000000
8079,841.298,00000000
8080,843.121,00000000
8081,843.625,00000000
8082,842.865,00000000
8083,1748.040,00000000
8084,2166.572,00000000
8085,3116.532,00000000
8086,2146.931,00000000
8087,1321.415,00000000
8088,1047.133,00000000
8089,915.087,00000000
8090,870.775,00000000
8091,851.911,00000000
8092,843.424,00000000
8093,843.402,00000000
8094,844.332,00000000
8095,843.872,00000000
8096,845.947,00000000
8097,843.414,00000000
8098,842.109,00000000
8099,842.271,00000000
8100,842.079,00000000
8101,854.932,00000000
8102,846.131,00000000
8103,1351.360,00000000
8104,1278.063,00000000
8105,1002.989,00000000
8106,901.162,00000000
8107,861.800,00000000
8108,852.002,00000000
8109,844.455,00000000
8110,843.339,00000000
8111,841.521,00000000
8112,843.532,00000000
8113,857.490,00000000
8114,846.209,00000000
8115,843.677,00000000
8116,840.782,00000000
8117,841.882,00000000
8118,840.924,00000000
8119,939.290,00000000
8120,1142.803,00000000
8121,2224.215,00000000
8122,3065.783,00000000
8123,2768.730,00000000
8124,1790.326,00000000
8125,1215.601,00000000
8126,979.465,00000000
8127,894.975,00000000
8128,862.106,00000000
8129,848.209,00000000
8130,847.333,00000000
8131,845.085,00000000
8132,841.071,00000000
8133,839.656,00000000
8134,841.151,00000000
8135,842.446,00000000
8136,842.591,00000000
8137,869.054,00000000
8138,851.907,00000000
8139,845.783,00000000
8140,842.143,00000000
8141,841.456,00000000
8142,841.671,00000000
8143,1388.312,00000000
8144,1271.958,00000000
8145,1001.274,00000000
8146,902.534,00000000
8147,861.030,00000000
8148,845.931,00000000
8149,870.315,00000000
8150,850.751,00000000
8151,848.425,00000000
8152,844.191,00000000
8153,842.589,00000000
8154,1220.098,00000000
8155,1257.089,00000000
8156,2917.699,00000000
8157,3352.651,00000000
8158,2362.611,00000000
8159,1405.941,00000000
8160,1052.476,00000000
8161,935.382,00000000
8162,880.615,00000000
8163,1374.798,00000000
8164,1286.152,00000000
8165,1005.115,00000000
8166,902.682,00000000
8167,865.292,00000000
8168,851.635,00000000
8169,845.610,00000000
8170,844.695,00000000
8171,845.957,00000000
8172,841.390,00000000
8173,843.777,00000000
8174,859.287,00000000
8175,850.111,00000000
8176,844.218,00000000
8177,840.173,00000000
8178,842.138,00000000
8179,842.847,00000000
8180,842.997,00000000
8181,845.150,00000000
8182,843.253,00000000
8183,1381.829,00000000
8184,1274.878,00000000
8185,1004.588,00000000
8186,920.566,00000000
8187,1256.486,00000000
8188,1184.555,00000000
8189,2715.052,00000000
8190,2100.454,00000000
8191,1308.320,00000000
8192,1015.639,00000000
8193,907.071,00000000
8194,864.458,00000000
8195,851.942,00000000
8196,844.337,00000000
8197,843.418,00000000
8198,862.666,00000000
8199,851.045,00000000
8200,843.863,00000000
8201,841.731,00000000
8202,838.188,00000000
8203,1397.278,00000000
8204,1266.172,00000000
8205,999.932,00000000
8206,897.178,00000000
8207,862.346,00000000
8208,849.128,00000000
8209,845.423,00000000
8210,868.770,00000000
8211,852.580,00000000
8212,848.695,00000000
8213,844.725,00000000
8214,843.400,00000000
8215,841.588,00000000
8216,843.166,00000000
8217,842.840,00000000
8218,847.372,00000000
8219,1174.869,00000000
8220,1918.561,00000000
8221,2993.071,00000000
8222,2591.124,00000000
8223,2011.736,00000000
8224,1520.621,00000000
8225,1095.804,00000000
8226,935.276,00000000
8227,875.989,00000000
8228,857.097,00000000
8229,844.032,00000000
8230,846.149,00000000
8231,843.871,00000000
8232,844.521,00000000
8233,841.003,00000000
8234,843.089,00000000
8235,856.068,00000000
8236,844.303,00000000
8237,840.694,00000000
8238,839.940,00000000
8239,838.470,00000000
8240,841.841,00000000
8241,843.127,00000000
8242,841.142,00000000
8243,1384.792,00000000
8244,1274.529,00000000
8245,1001.383,00000000
8246,898.922,00000000
8247,883.239,00000000
8248,858.939,00000000
8249,848.443,00000000
8250,841.907,00000000
8251,841.911,00000000
8252,842.811,00000000
8253,840.571,00000000
8254,844.003,00000000
8255,840.333,00000000
8256,864.227,00000000
8257,1154.865,00000000
8258,2122.006,00000000
8259,3113.171,00000000
8260,2321.933,00000000
8261,1389.486,00000000
8262,1045.430,00000000
8263,1420.244,00000000
8264,1307.995,00000000
8265,1013.937,00000000
8266,906.043,00000000
8267,866.145,00000000
8268,848.166,00000000
8269,845.216,00000000
8270,842.511,00000000
8271,867.142,00000000
8272,851.506,00000000
8273,844.433,00000000
8274,844.054,00000000
8275,840.914,00000000
8276,842.408,00000000
8277,841.482,00000000
8278,841.428,00000000
8279,840.934,00000000
8280,840.950,00000000
8281,840.639,00000000
8282,842.068,00000000
8283,1395.615,00000000
8284,1291.157,00000000
8285,1007.930,00000000
8286,904.671,00000000
8287,863.916,00000000
8288,850.774,00000000
8289,845.179,00000000
8290,843.395,00000000
8291,843.479,00000000
8292,844.564,00000000
8293,1138.973,00000000
8294,1128.951,00000000
8295,2516.428,00000000
8296,2536.908,00000000
8297,1470.573,00000000
8298,1077.245,00000000
8299,926.675,00000000
8300,874.119,00000000
8301,854.265,00000000
8302,845.507,00000000
8303,1389.422,00000000
8304,1270.120,00000000
8305,1002.041,00000000
8306,900.384,00000000
8307,865.039,00000000
8308,864.427,00000000
8309,849.682,00000000
8310,844.376,00000000
8311,840.479,00000000
8312,842.076,00000000
8313,842.063,00000000
8314,845.511,00000000
8315,841.500,00000000
8316,842.192,00000000
8317,841.799,00000000
8318,842.800,00000000
8319,842.405,00000000
8320,865.126,00000000
8321,848.559,00000000
8322,844.563,00000000
8323,1352.588,00000000
8324,1280.984,00000000
8325,1003.504,00000000
8326,902.544,00000000
8327,862.829,00000000
8328,849.824,00000000
8329,843.225,00000000
8330,844.458,00000000
8331,1203.782,00000000
8332,1148.815,00000000
8333,2551.819,00000000
8334,2763.121,00000000
8335,1554.757,00000000
8336,1104.922,00000000
8337,938.570,00000000
8338,878.118,00000000
8339,854.712,00000000
8340,847.425,00000000
8341,842.951,00000000
8342,840.758,00000000
8343,1378.293,00000000
8344,1236.669,00000000
8345,992.728,00000000
8346,896.678,00000000
8347,862.582,00000000
8348,848.262,00000000
8349,841.136,00000000
8350,841.680,00000000
8351,841.780,00000000
8352,841.815,00000000
8353,839.068,00000000
8354,837.896,00000000
8355,842.111,00000000
8356,857.946,00000000
8357,854.403,00000000
8358,844.707,00000000
8359,840.743,00000000
8360,843.779,00000000
8361,842.566,00000000
8362,842.410,00000000
8363,1400.417,00000000
8364,1620.849,00000000
8365,2213.914,00000000
8366,3004.881,00000000
8367,1664.938,00000000
8368,1145.608,00000000
8369,968.187,00000000
8370,887.229,00000000
8371,859.040,00000000
8372,845.769,00000000
8373,838.670,00000000
8374,843.104,00000000
8375,838.510,00000000
8376,837.926,00000000
8377,843.709,00000000
8378,843.466,00000000
8379,841.435,00000000
8380,839.437,00000000
8381,856.107,00000000
8382,848.750,00000000
8383,1302.453,00000000
8384,1224.283,00000000
8385,980.392,00000000
8386,889.630,00000000
8387,860.214,00000000
8388,846.481,00000000
8389,843.481,00000000
8390,841.093,00000000
8391,841.671,00000000
8392,842.829,00000000
8393,863.388,00000000
8394,847.466,00000000
8395,1214.513,00000000
8396,1126.823,00000000
8397,2542.092,00000000
8398,3353.974,00000000
8399,1936.459,00000000
8400,1247.291,00000000
8401,992.109,00000000
8402,896.949,00000000
8403,1405.639,00000000
8404,1220.538,00000000
8405,1006.965,00000000
8406,904.690,00000000
8407,865.143,00000000
8408,850.943,00000000
8409,844.987,00000000
8410,844.268,00000000
8411,840.570,00000000
8412,838.556,00000000
8413,841.033,00000000
8414,837.942,00000000
8415,840.907,00000000
8416,842.297,00000000
8417,868.148,00000000
8418,851.910,00000000
8419,846.378,00000000
8420,841.453,00000000
8421,839.046,00000000
8422,843.248,00000000
8423,1403.836,00000000
8424,1200.535,00000000
8425,977.742,00000000
8426,893.482,00000000
8427,860.783,00000000
8428,846.338,00000000
8429,1078.791,00000000
8430,1148.313,00000000
8431,2443.814,00000000
8432,2599.952,00000000
8433,1493.568,00000000
8434,1083.963,00000000
8435,929.629,00000000
8436,871.337,00000000
8437,855.498,00000000
8438,847.342,00000000
8439,841.337,00000000
8440,842.064,00000000
8441,838.361,00000000
8442,851.322,00000000
8443,1376.311,00000000
8444,1214.889,00000000
8445,978.248,00000000
8446,893.351,00000000
8447,858.889,00000000
8448,849.044,00000000
8449,844.775,00000000
8450,845.287,00000000
8451,839.659,00000000
8452,844.513,00000000
8453,840.648,00000000
8454,862.692,00000000
8455,848.310,00000000
8456,840.653,00000000
8457,840.373,00000000
8458,842.360,00000000
8459,841.820,00000000
8460,844.495,00000000
8461,841.452,00000000
8462,843.258,00000000
8463,1386.572,00000000
8464,1553.957,00000000
8465,1264.552,00000000
8466,2495.004,00000000
8467,3332.205,00000000
8468,1966.363,00000000
8469,1257.718,00000000
8470,996.836,00000000
8471,900.643,00000000
8472,862.381,00000000
8473,849.615,00000000
8474,840.674,00000000
8475,845.421,00000000
8476,842.095,00000000
8477,841.403,00000000
8478,866.597,00000000
8479,848.228,00000000
8480,842.469,00000000
8481,839.410,00000000
8482,840.879,00000000
8483,1407.685,00000000
8484,1201.535,00000000
8485,975.617,00000000
8486,888.666,00000000
8487,861.704,00000000
8488,848.492,00000000
8489,842.826,00000000
8490,861.151,00000000
8491,852.075,00000000
8492,847.684,00000000
8493,844.918,00000000
8494,842.468,00000000
8495,840.707,00000000
8496,838.582,00000000
8497,842.188,00000000
8498,839.421,00000000
8499,1159.807,00000000
8500,1990.914,00000000
8501,3038.976,00000000
8502,2161.055,00000000
8503,1873.059,00000000
8504,1402.197,00000000
8505,1048.325,00000000
8506,918.741,00000000
8507,867.029,00000000
8508,848.215,00000000
8509,845.945,00000000
8510,843.982,00000000
8511,842.563,00000000
8512,841.682,00000000
8513,841.949,00000000
8514,838.889,00000000
8515,857.862,00000000
8516,847.256,00000000
8517,843.823,00000000
8518,841.921,00000000
8519,841.854,00000000
8520,845.607,00000000
8521,842.260,00000000
8522,840.609,00000000
8523,1392.027,00000000
8524,1207.849,00000000
8525,976.245,00000000
8526,894.494,00000000
8527,881.116,00000000
8528,855.300,00000000
8529,848.706,00000000
8530,843.307,00000000
8531,841.686,00000000
8532,911.132,00000000
8533,1146.205,00000000
8534,2208.218,00000000
8535,3233.854,00000000
8536,2207.435,00000000
8537,1346.819,00000000
8538,1026.422,00000000
8539,938.709,00000000
8540,875.138,00000000
8541,853.842,00000000
8542,843.309,00000000
8543,1359.347,00000000
8544,1214.962,00000000
8545,982.587,00000000
8546,891.566,00000000
8547,860.468,00000000
8548,851.889,00000000
8549,845.697,00000000
8550,843.582,00000000
8551,870.581,00000000
8552,850.677,00000000
8553,845.565,00000000
8554,840.530,00000000
8555,840.540,00000000
8556,839.815,00000000
8557,837.478,00000000
8558,837.700,00000000
8559,839.020,00000000
8560,843.610,00000000
8561,841.512,00000000
8562,842.140,00000000
8563,1380.147,00000000
8564,1226.369,00000000
8565,983.942,00000000
8566,893.750,00000000
8567,1255.091,00000000
8568,1125.090,00000000
8569,2613.363,00000000
8570,2227.073,00000000
8571,1351.088,00000000
8572,1031.349,00000000
8573,910.123,00000000
8574,869.493,00000000
8575,849.115,00000000
8576,859.758,00000000
8577,848.359,00000000
8578,844.771,00000000
8579,839.259,00000000
8580,841.004,00000000
8581,841.674,00000000
8582,840.122,00000000
8583,1394.046,00000000
8584,1257.616,00000000
8585,997.456,00000000
8586,897.250,00000000
8587,861.620,00000000
8588,866.311,00000000
8589,852.360,00000000
8590,843.703,00000000
8591,842.251,00000000
8592,844.312,00000000
8593,840.377,00000000
8594,837.832,00000000
8595,842.638,00000000
8596,842.566,00000000
8597,839.769,00000000
8598,842.102,00000000
8599,842.101,00000000
8600,863.878,00000000
8601,1211.498,00000000
8602,1542.851,00000000
8603,3685.108,00000000
8604,3167.805,00000000
8605,1705.316,00000000
8606,1160.448,00000000
8607,961.589,00000000
8608,885.758,00000000
8609,852.593,00000000
8610,845.614,00000000
8611,843.549,00000000
8612,867.789,00000000
8613,851.532,00000000
8614,845.997,00000000
8615,840.578,00000000
8616,844.207,00000000
8617,840.678,00000000
8618,840.574,00000000
8619,840.620,00000000
8620,838.648,00000000
8621,840.264,00000000
8622,842.330,00000000
8623,1374.095,00000000
8624,1276.019,00000000
8625,1007.167,00000000
8626,903.395,00000000
8627,864.534,00000000
8628,848.945,00000000
8629,844.236,00000000
8630,840.599,00000000
8631,842.096,00000000
8632,842.742,00000000
8633,840.337,00000000
8634,839.864,00000000
8635,1214.889,00000000
8636,1120.391,00000000
8637,2555.904,00000000
8638,3315.795,00000000
8639,1947.531,00000000
8640,1252.686,00000000
8641,994.086,00000000
8642,896.718,00000000
8643,1422.738,00000000
8644,1264.431,00000000
8645,998.280,00000000
8646,898.474,00000000
8647,862.434,00000000
8648,850.470,00000000
8649,861.992,00000000
8650,849.626,00000000
8651,843.427,00000000
8652,844.531,00000000
8653,843.421,00000000
8654,841.832,00000000
8655,842.652,00000000
8656,839.196,00000000
8657,842.611,00000000
8658,841.793,00000000
8659,837.227,00000000
8660,840.277,00000000
8661,864.371,00000000
8662,849.986,00000000
8663,1363.544,00000000
8664,1267.569,00000000
8665,993.914,00000000
8666,901.521,00000000
8667,861.269,00000000
8668,851.991,00000000
8669,844.103,00000000
8670,1167.597,00000000
8671,2019.387,00000000
8672,3131.408,00000000
8673,3566.069,00000000
8674,1884.998,00000000
8675,1226.500,00000000
8676,984.504,00000000
8677,893.188,00000000
8678,860.615,00000000
8679,848.850,00000000
8680,843.844,00000000
8681,841.307,00000000
8682,843.021,00000000
8683,1384.943,00000000
8684,1259.494,00000000
8685,1022.818,00000000
8686,911.450,00000000
8687,866.342,00000000
8688,849.714,00000000
8689,843.849,00000000
8690,840.499,00000000
8691,841.673,00000000
8692,838.597,00000000
8693,840.703,00000000
8694,841.268,00000000
8695,841.275,00000000
8696,839.962,00000000
8697,840.192,00000000
8698,855.878,00000000
8699,848.836,00000000
8700,846.199,00000000
8701,842.040,00000000
8702,843.875,00000000
8703,1407.509,00000000
8704,1254.023,00000000
8705,1104.628,00000000
8706,1197.281,00000000
8707,2270.510,00000000
8708,3283.189,00000000
8709,3260.485,00000000
8710,1758.473,00000000
8711,1183.824,00000000
8712,967.733,00000000
8713,888.258,00000000
8714,858.096,00000000
8715,847.869,00000000
8716,843.292,00000000
8717,843.298,00000000
8718,841.396,00000000
8719,842.300,00000000
8720,838.970,00000000
8721,840.131,00000000
8722,863.744,00000000
8723,1375.834,00000000
8724,1235.434,00000000
8725,989.761,00000000
8726,899.892,00000000
8727,861.823,00000000
8728,849.648,00000000
8729,845.473,00000000
8730,845.031,00000000
8731,842.157,00000000
8732,841.851,00000000
8733,839.980,00000000
8734,864.040,00000000
8735,850.327,00000000
8736,844.294,00000000
8737,841.215,00000000
8738,990.791,00000000
8739,895.256,00000000
8740,862.492,00000000
8741,1181.898,00000000
8742,1892.421,00000000
8743,3388.225,00000000
8744,2886.143,00000000
8745,1599.075,00000000
8746,1146.570,00000000
8747,951.951,00000000
8748,881.701,00000000
8749,857.032,00000000
8750,845.722,00000000
8751,841.396,00000000
8752,843.768,00000000
8753,841.002,00000000
8754,840.380,00000000
8755,843.649,00000000
8756,844.477,00000000
8757,840.886,00000000
8758,848.719,00000000
8759,851.749,00000000
8760,845.956,00000000
8761,841.435,00000000
8762,841.031,00000000
8763,1355.790,00000000
8764,1258.864,00000000
8765,993.112,00000000
8766,899.517,00000000
8767,860.708,00000000
8768,850.164,00000000
8769,845.217,00000000
8770,843.504,00000000
8771,854.583,00000000
8772,844.991,00000000
8773,845.744,00000000
8774,841.592,00000000
8775,838.928,00000000
8776,841.503,00000000
8777,841.071,00000000
8778,838.477,00000000
8779,1185.967,00000000
8780,1775.690,00000000
8781,2940.782,00000000
8782,1833.537,00000000
8783,1759.764,00000000
8784,1391.725,00000000
8785,1043.498,00000000
8786,913.789,00000000
8787,866.247,00000000
8788,854.082,00000000
8789,844.625,00000000
8790,843.253,00000000
8791,841.420,00000000
8792,842.058,00000000
8793,839.240,00000000
8794,838.690,00000000
8795,863.758,00000000
8796,847.877,00000000
8797,841.603,00000000
8798,841.420,00000000
8799,844.170,00000000
8800,840.248,00000000
8801,843.699,00000000
8802,841.755,00000000
8803,1398.973,00000000
8804,1248.626,00000000
8805,989.750,00000000
8806,894.089,00000000
8807,887.580,00000000
8808,857.032,00000000
8809,842.412,00000000
8810,844.461,00000000
8811,1208.099,00000000
8812,1393.022,00000000
8813,2882.933,00000000
8814,3032.913,00000000
8815,1659.212,00000000
8816,1143.345,00000000
8817,952.594,00000000
8818,882.260,00000000
8819,879.920,00000000
8820,858.745,00000000
8821,845.566,00000000
8822,844.614,00000000
8823,1362.173,00000000
8824,1251.000,00000000
8825,992.980,00000000
8826,899.453,00000000
8827,863.247,00000000
8828,848.841,00000000
8829,844.982,00000000
8830,840.372,00000000
8831,839.401,00000000
8832,855.441,00000000
8833,849.293,00000000
8834,844.459,00000000
8835,841.666,00000000
8836,841.308,00000000
8837,844.999,00000000
8838,838.830,00000000
8839,836.848,00000000
8840,837.239,00000000
8841,839.284,00000000
8842,842.134,00000000
8843,1382.346,00000000
8844,1267.240,00000000
8845,998.291,00000000
8846,899.945,00000000
8847,863.754,00000000
8848,1181.090,00000000
8849,1926.250,00000000
8850,3052.223,00000000
8851,2957.525,00000000
8852,1627.108,00000000
8853,1129.429,00000000
8854,949.401,00000000
8855,880.243,00000000
8856,874.952,00000000
8857,854.775,00000000
8858,849.106,00000000
8859,842.513,00000000
8860,841.212,00000000
8861,841.726,00000000
8862,839.839,00000000
8863,1402.199,00000000
8864,1243.567,00000000
8865,989.136,00000000
8866,898.089,00000000
8867,863.029,00000000
8868,872.917,00000000
8869,851.110,00000000
8870,848.109,00000000
8871,843.118,00000000
8872,840.351,00000000
8873,840.697,00000000
8874,841.192,00000000
8875,839.007,00000000
8876,842.614,00000000
8877,839.719,00000000
8878,842.545,00000000
8879,840.202,00000000
8880,869.272,00000000
8881,1230.818,00000000
8882,1130.861,00000000
8883,3157.741,00000000
8884,3643.289,00000000
8885,3794.544,00000000
8886,2114.382,00000000
8887,1314.712,00000000
8888,1016.271,00000000
8889,907.741,00000000
8890,866.054,00000000
8891,851.539,00000000
8892,855.477,00000000
8893,855.999,00000000
8894,847.080,00000000
8895,846.286,00000000
8896,843.723,00000000
8897,842.099,00000000
8898,842.465,00000000
8899,838.666,00000000
8900,837.661,00000000
8901,840.703,00000000
8902,840.289,00000000
8903,1387.852,00000000
8904,1247.316,00000000
8905,1007.711,00000000
8906,903.478,00000000
8907,865.448,00000000
8908,849.446,00000000
8909,842.507,00000000
8910,844.221,00000000
8911,844.448,00000000
8912,842.261,00000000
8913,840.914,00000000
8914,841.387,00000000
8915,838.742,00000000
8916,841.206,00000000
8917,862.180,00000000
8918,858.737,00000000
8919,1156.506,00000000
8920,2097.513,00000000
8921,3083.202,00000000
8922,2324.063,00000000
8923,1957.776,00000000
8924,1421.956,00000000
8925,1057.369,00000000
8926,921.547,00000000
8927,872.678,00000000
8928,854.340,00000000
8929,865.881,00000000
8930,850.311,00000000
8931,842.789,00000000
8932,843.581,00000000
8933,840.275,00000000
8934,841.864,00000000
8935,843.013,00000000
8936,841.744,00000000
8937,842.437,00000000
8938,4195.900,00000000
8939,6455.528,00000000
8940,7285.401,00000000
8941,7611.471,00000000
8942,7722.028,00000000
8943,8295.708,00000000
8944,8144.683,00000000
8945,7912.981,00000000
8946,3901.858,00000000
8947,1976.925,00000000
8948,1269.368,00000000
8949,1004.994,00000000
8950,906.070,00000000
8951,872.008,00000000
8952,857.821,00000000
8953,1241.669,00000000
8954,1508.333,00000000
8955,2791.143,00000000
8956,3399.062,00000000
8957,2243.634,00000000
8958,4585.101,00000000
8959,6588.363,00000000
8960,7327.815,00000000
8961,7608.358,00000000
8962,7710.835,00000000
8963,8384.669,00000000
8964,8141.871,00000000
8965,7940.886,00000000
8966,3907.860,00000000
8967,1981.986,00000000
8968,1269.958,00000000
8969,1001.356,00000000
8970,907.223,00000000
8971,871.111,00000000
8972,859.232,00000000
8973,851.886,00000000
8974,850.193,00000000
8975,849.680,00000000
8976,847.248,00000000
8977,849.503,00000000
8978,4099.055,00000000
8979,6414.971,00000000
8980,7288.410,00000000
8981,7605.777,00000000
8982,7707.049,00000000
8983,8397.425,00000000
8984,8125.703,00000000
8985,7917.045,00000000
8986,3893.924,00000000
8987,1973.773,00000000
8988,1262.546,00000000
8989,1002.345,00000000
8990,920.511,00000000
8991,1220.098,00000000
8992,1891.280,00000000
8993,2962.370,00000000
8994,2670.474,00000000
8995,1525.965,00000000
8996,1100.119,00000000
8997,940.721,00000000
8998,4126.960,00000000
8999,6421.821,00000000
9000,7270.032,00000000
9001,7576.502,00000000
9002,7712.238,00000000
9003,8361.577,00000000
9004,9544.930,00000000
9005,9829.618,00000000
9006,6016.976,00000000
9007,4258.590,00000000
9008,3609.054,00000000
9009,3380.744,00000000
9010,3279.581,00000000
9011,3242.674,00000000
9012,3368.618,00000000
9013,3431.706,00000000
9014,3347.049,00000000
9015,1795.858,00000000
9016,1201.472,00000000
9017,977.850,00000000
9018,4133.836,00000000
9019,6436.392,00000000
9020,7286.014,00000000
9021,7585.392,00000000
9022,7697.876,00000000
9023,8331.068,00000000
9024,8159.958,00000000
9025,7938.299,00000000
9026,3943.337,00000000
9027,1996.554,00000000
9028,1662.455,00000000
9029,1312.268,00000000
9030,2737.541,00000000
9031,2440.360,00000000
9032,1437.574,00000000
9033,1068.672,00000000
9034,926.912,00000000
9035,879.124,00000000
9036,859.062,00000000
9037,856.442,00000000
9038,4122.807,00000000
9039,6430.981,00000000
9040,7275.973,00000000
9041,7581.792,00000000
9042,7707.167,00000000
9043,8361.945,00000000
9044,8153.438,00000000
9045,7916.944,00000000
9046,3912.902,00000000
9047,1984.170,00000000
9048,1267.922,00000000
9049,1008.338,00000000
9050,911.824,00000000
9051,881.255,00000000
9052,864.223,00000000
9053,853.624,00000000
9054,849.021,00000000
9055,848.897,00000000
9056,850.590,00000000
9057,849.411,00000000
9058,4029.418,00000000
9059,6405.119,00000000
9060,7274.076,00000000
9061,7581.187,00000000
9062,7706.104,00000000
9063,8680.589,00000000
9064,9352.934,00000000
9065,10024.661,00000000
9066,5270.708,00000000
9067,2484.365,00000000
9068,1454.484,00000000
9069,1073.555,00000000
9070,931.985,00000000
9071,880.550,00000000
9072,864.472,00000000
9073,854.051,00000000
9074,852.489,00000000
9075,868.375,00000000
9076,858.496,00000000
9077,848.637,00000000
9078,4074.610,00000000
9079,6405.563,00000000
9080,7280.805,00000000
9081,7604.303,00000000
9082,7714.317,00000000
9083,8400.091,00000000
9084,8159.649,00000000
9085,7938.804,00000000
9086,3918.211,00000000
9087,2005.407,00000000
9088,1276.581,00000000
9089,1007.321,00000000
9090,903.925,00000000
9091,868.024,00000000
9092,856.538,00000000
9093,854.528,00000000
9094,851.353,00000000
9095,851.441,00000000
9096,850.211,00000000
9097,850.496,00000000
9098,4093.940,00000000
9099,6429.389,00000000
9100,7617.543,00000000
9101,8617.638,00000000
9102,9635.554,00000000
9103,9190.241,00000000
9104,8461.240,00000000
9105,8034.765,00000000
9106,3953.309,00000000
9107,1994.525,00000000
9108,1274.566,00000000
9109,1004.193,00000000
9110,904.832,00000000
9111,897.854,00000000
9112,867.367,00000000
9113,855.134,00000000
9114,851.326,00000000
9115,850.315,00000000
9116,847.963,00000000
9117,846.407,00000000
9118,4084.767,00000000
9119,6409.397,00000000
9120,7270.690,00000000
9121,7588.930,00000000
9122,7706.265,00000000
9123,8366.385,00000000
9124,8135.519,00000000
9125,7917.431,00000000
9126,3891.442,00000000
9127,1971.942,00000000
9128,1265.148,00000000
9129,1004.155,00000000
9130,908.506,00000000
9131,868.540,00000000
9132,928.139,00000000
9133,1157.531,00000000
9134,2185.881,00000000
9135,3082.525,00000000
9136,2291.714,00000000
9137,1382.418,00000000
9138,4504.484,00000000
9139,6573.735,00000000
9140,7332.217,00000000
9141,7616.383,00000000
9142,7727.879,00000000
9143,8340.963,00000000
9144,8156.368,00000000
9145,7925.210,00000000
9146,3866.041,00000000
9147,1965.852,00000000
9148,1283.543,00000000
9149,1009.517,00000000
9150,907.878,00000000
9151,869.760,00000000
9152,858.628,00000000
9153,854.098,00000000
9154,851.362,00000000
9155,849.969,00000000
9156,848.008,00000000
9157,847.027,00000000
9158,890.833,00000000
9159,857.093,00000000
9160,868.921,00000000
9161,853.567,00000000
9162,844.812,00000000
9163,1370.061,00000000
9164,1275.791,00000000
9165,1383.556,00000000
9166,1248.936,00000000
9167,2750.874,00000000
9168,2090.007,00000000
9169,1301.518,00000000
9170,1011.090,00000000
9171,906.442,00000000
9172,890.977,00000000
9173,862.094,00000000
9174,846.273,00000000
9175,847.321,00000000
9176,842.061,00000000
9177,842.991,00000000
9178,839.718,00000000
9179,838.562,00000000
9180,840.714,00000000
9181,838.374,00000000
9182,838.217,00000000
9183,1388.433,00000000
9184,1291.907,00000000
9185,1010.436,00000000
9186,903.515,00000000
9187,863.602,00000000
9188,848.924,00000000
9189,842.935,00000000
9190,841.097,00000000
9191,841.838,00000000
9192,839.948,00000000
9193,837.539,00000000
9194,836.738,00000000
9195,839.708,00000000
9196,838.225,00000000
9197,854.907,00000000
9198,843.673,00000000
9199,838.369,00000000
9200,1089.946,00000000
9201,1133.508,00000000
9202,2349.271,00000000
9203,3866.353,00000000
9204,3222.617,00000000
9205,1723.093,00000000
9206,1167.728,00000000
9207,957.451,00000000
9208,884.173,00000000
9209,871.721,00000000
9210,851.111,00000000
9211,843.554,00000000
9212,839.761,00000000
9213,837.701,00000000
9214,839.545,00000000
9215,841.546,00000000
9216,839.041,00000000
9217,842.443,00000000
9218,842.699,00000000
9219,841.382,00000000
9220,839.206,00000000
9221,863.968,00000000
9222,848.653,00000000
9223,1374.714,00000000
9224,1271.484,00000000
9225,1002.671,00000000
9226,899.281,00000000
9227,863.957,00000000
9228,850.276,00000000
9229,842.023,00000000
9230,844.560,00000000
9231,841.015,00000000
9232,842.610,00000000
9233,1184.000,00000000
9234,2079.136,00000000
9235,2921.493,00000000
9236,1628.447,00000000
9237,1134.986,00000000
9238,947.006,00000000
9239,884.386,00000000
9240,855.110,00000000
9241,846.214,00000000
9242,844.192,00000000
9243,1398.462,00000000
9244,1270.337,00000000
9245,1026.978,00000000
9246,911.949,00000000
9247,867.463,00000000
9248,853.965,00000000
9249,844.037,00000000
9250,845.548,00000000
9251,841.198,00000000
9252,841.834,00000000
9253,841.158,00000000
9254,837.929,00000000
9255,842.112,00000000
9256,841.866,00000000
9257,848.631,00000000
9258,854.640,00000000
9259,844.233,00000000
9260,845.198,00000000
9261,843.759,00000000
9262,844.313,00000000
9263,1359.369,00000000
9264,1276.370,00000000
9265,999.884,00000000
9266,902.535,00000000
9267,967.925,00000000
9268,1149.316,00000000
9269,2228.853,00000000
9270,2787.388,00000000
9271,1568.306,00000000
9272,1109.482,00000000
9273,942.611,00000000
9274,876.091,00000000
9275,853.705,00000000
9276,846.227,00000000
9277,842.211,00000000
9278,842.672,00000000
9279,841.975,00000000
9280,842.212,00000000
9281,839.078,00000000
9282,858.084,00000000
9283,1388.568,00000000
9284,1271.850,00000000
9285,999.899,00000000
9286,902.001,00000000
9287,862.882,00000000
9288,851.583,00000000
9289,844.409,00000000
9290,841.348,00000000
9291,845.930,00000000
9292,845.544,00000000
9293,842.426,00000000
9294,864.392,00000000
9295,851.885,00000000
9296,844.219,00000000
9297,844.544,00000000
9298,840.882,00000000
9299,840.152,00000000
9300,1197.483,00000000
9301,1633.591,00000000
9302,2825.213,00000000
9303,3389.027,00000000
9304,2004.845,00000000
9305,1270.302,00000000
9306,1028.060,00000000
9307,910.882,00000000
9308,865.229,00000000
9309,853.166,00000000
9310,845.284,00000000
9311,841.491,00000000
9312,841.674,00000000
9313,838.662,00000000
9314,842.001,00000000
9315,843.118,00000000
9316,841.864,00000000
9317,841.782,00000000
9318,863.290,00000000
9319,852.693,00000000
9320,846.092,00000000
9321,843.119,00000000
9322,839.380,00000000
9323,1365.899,00000000
9324,1276.053,00000000
9325,1001.369,00000000
9326,903.013,00000000
9327,862.265,00000000
9328,846.728,00000000
9329,845.864,00000000
9330,842.592,00000000
9331,856.457,00000000
9332,847.336,00000000
9333,844.747,00000000
9334,843.417,00000000
9335,842.039,00000000
9336,841.100,00000000
9337,840.137,00000000
9338,1007.600,00000000
9339,1138.424,00000000
9340,2322.246,00000000
9341,2681.409,00000000
9342,1520.866,00000000
9343,1657.550,00000000
9344,1366.789,00000000
9345,1039.026,00000000
9346,911.994,00000000
9347,865.461,00000000
9348,854.100,00000000
9349,846.046,00000000
9350,841.391,00000000
9351,842.707,00000000
9352,841.119,00000000
9353,842.839,00000000
9354,842.904,00000000
9355,862.529,00000000
9356,850.828,00000000
9357,843.193,00000000
9358,840.400,00000000
9359,841.822,00000000
9360,841.631,00000000
9361,842.158,00000000
9362,845.976,00000000
9363,1409.057,00000000
9364,1364.757,00000000
9365,1034.915,00000000
9366,912.075,00000000
9367,894.457,00000000
9368,862.186,00000000
9369,849.334,00000000
9370,845.929,00000000
9371,842.959,00000000
9372,1176.150,00000000
9373,1893.585,00000000
9374,2966.980,00000000
9375,2633.476,00000000
9376,1509.957,00000000
9377,1089.587,00000000
9378,932.421,00000000
9379,901.689,00000000
9380,865.943,00000000
9381,850.897,00000000
9382,844.802,00000000
9383,1320.274,00000000
9384,1283.884,00000000
9385,1008.668,00000000
9386,903.396,00000000
9387,863.783,00000000
9388,846.779,00000000
9389,841.926,00000000
9390,840.495,00000000
9391,844.150,00000000
9392,852.172,00000000
9393,848.045,00000000
9394,843.331,00000000
9395,842.496,00000000
9396,843.421,00000000
9397,840.766,00000000
9398,839.473,00000000
9399,840.301,00000000
9400,841.474,00000000
9401,843.312,00000000
9402,839.810,00000000
9403,1386.386,00000000
9404,1284.412,00000000
9405,1005.786,00000000
9406,898.020,00000000
9407,1254.612,00000000
9408,1125.654,00000000
9409,2759.234,00000000
9410,3467.404,00000000
9411,2523.180,00000000
9412,1468.215,00000000
9413,1075.610,00000000
9414,925.626,00000000
9415,873.931,00000000
9416,876.375,00000000
9417,853.438,00000000
9418,846.091,00000000
9419,843.024,00000000
9420,844.441,00000000
9421,842.914,00000000
9422,839.257,00000000
9423,1415.306,00000000
9424,1265.584,00000000
9425,1002.721,00000000
9426,901.861,00000000
9427,864.274,00000000
9428,874.201,00000000
9429,851.730,00000000
9430,844.289,00000000
9431,845.190,00000000
9432,841.694,00000000
9433,837.060,00000000
9434,840.674,00000000
9435,840.217,00000000
9436,841.910,00000000
9437,840.969,00000000
9438,1194.669,00000000
9439,1635.648,00000000
9440,3148.492,00000000
9441,3653.948,00000000
9442,2137.693,00000000
9443,1859.752,00000000
9444,1449.742,00000000
9445,1068.166,00000000
9446,924.882,00000000
9447,873.717,00000000
9448,849.216,00000000
9449,847.800,00000000
9450,841.695,00000000
9451,843.462,00000000
9452,865.692,00000000
9453,851.679,00000000
9454,843.592,00000000
9455,842.296,00000000
9456,842.777,00000000
9457,840.647,00000000
9458,841.903,00000000
9459,844.759,00000000
9460,841.922,00000000
9461,838.886,00000000
9462,840.218,00000000
9463,1399.640,00000000
9464,1269.959,00000000
9465,1016.891,00000000
9466,904.973,00000000
9467,864.456,00000000
9468,851.139,00000000
9469,842.193,00000000
9470,845.363,00000000
9471,1059.073,00000000
9472,1135.876,00000000
9473,2469.072,00000000
9474,3411.477,00000000
9475,2053.000,00000000
9476,1289.507,00000000
9477,1025.831,00000000
9478,907.194,00000000
9479,866.156,00000000
9480,850.436,00000000
9481,846.210,00000000
9482,844.777,00000000
9483,1420.679,00000000
9484,1263.768,00000000
9485,996.352,00000000
9486,898.344,00000000
9487,863.324,00000000
9488,846.920,00000000
9489,867.277,00000000
9490,847.813,00000000
9491,844.601,00000000
9492,843.235,00000000
9493,843.752,00000000
9494,840.581,00000000
9495,840.817,00000000
9496,842.768,00000000
9497,841.444,00000000
9498,840.334,00000000
9499,840.649,00000000
9500,843.532,00000000
9501,866.625,00000000
9502,1182.995,00000000
9503,2428.289,00000000
9504,3298.479,00000000
9505,1824.034,00000000
9506,1205.386,00000000
9507,976.233,00000000
9508,893.672,00000000
9509,859.969,00000000
9510,847.581,00000000
9511,844.256,00000000
9512,844.315,00000000
9513,869.922,00000000
9514,853.695,00000000
9515,845.812,00000000
9516,844.009,00000000
9517,842.159,00000000
9518,841.045,00000000
9519,843.889,00000000
9520,841.263,00000000
9521,839.792,00000000
9522,838.601,00000000
9523,1401.879,00000000
9524,1265.272,00000000
9525,1002.736,00000000
9526,911.196,00000000
9527,869.184,00000000
9528,849.440,00000000
9529,845.918,00000000
9530,843.868,00000000
9531,843.305,00000000
9532,840.549,00000000
9533,1233.154,00000000
9534,1122.673,00000000
9535,2619.672,00000000
9536,3319.176,00000000
9537,2682.288,00000000
9538,1540.445,00000000
9539,1100.376,00000000
9540,938.989,00000000
9541,877.532,00000000
9542,854.385,00000000
9543,1371.318,00000000
9544,1276.565,00000000
9545,1001.571,00000000
9546,901.940,00000000
9547,864.764,00000000
9548,848.754,00000000
9549,846.242,00000000
9550,858.377,00000000
9551,846.710,00000000
9552,844.120,00000000
9553,841.270,00000000
9554,842.696,00000000
9555,841.409,00000000
9556,839.424,00000000
9557,842.357,00000000
9558,843.440,00000000
9559,841.695,00000000
9560,841.131,00000000
9561,842.130,00000000
9562,864.190,00000000
9563,1401.496,00000000
9564,1273.251,00000000
9565,1000.447,00000000
9566,897.913,00000000
9567,863.647,00000000
9568,850.244,00000000
9569,841.070,00000000
9570,887.049,00000000
9571,1144.897,00000000
9572,2183.000,00000000
9573,3215.886,00000000
9574,2250.779,00000000
9575,1365.383,00000000
9576,1035.816,00000000
9577,911.314,00000000
9578,866.769,00000000
9579,851.808,00000000
9580,842.073,00000000
9581,841.160,00000000
9582,841.283,00000000
9583,1402.903,00000000
9584,1278.579,00000000
9585,1000.516,00000000
9586,920.538,00000000
9587,874.667,00000000
9588,853.187,00000000
9589,844.619,00000000
9590,843.421,00000000
9591,840.265,00000000
9592,841.995,00000000
9593,840.754,00000000
9594,840.724,00000000
9595,834.034,00000000
9596,837.539,00000000
9597,840.721,00000000
9598,838.268,00000000
9599,858.208,00000000
9600,846.889,00000000
9601,840.013,00000000
9602,842.215,00000000
9603,1697.678,00000000
9604,2503.994,00000000
9605,3307.502,00000000
9606,2392.106,00000000
9607,1412.982,00000000
9608,1054.460,00000000
9609,919.481,00000000
9610,868.527,00000000
9611,867.375,00000000
9612,850.316,00000000
9613,840.650,00000000
9614,844.723,00000000
9615,843.176,00000000
9616,840.264,00000000
9617,840.301,00000000
9618,840.037,00000000
9619,837.142,00000000
9620,842.849,00000000
9621,840.220,00000000
9622,839.926,00000000
9623,1413.349,00000000
9624,1284.389,00000000
9625,1002.367,00000000
9626,899.888,00000000
9627,864.658,00000000
9628,848.400,00000000
9629,840.975,00000000
9630,839.037,00000000
9631,842.303,00000000
9632,840.456,00000000
9633,840.095,00000000
9634,840.119,00000000
9635,867.257,00000000
9636,1205.051,00000000
9637,1649.780,00000000
9638,3122.601,00000000
9639,3400.299,00000000
9640,2150.033,00000000
9641,1326.048,00000000
9642,1019.838,00000000
9643,1476.275,00000000
9644,1300.144,00000000
9645,1011.787,00000000
9646,902.701,00000000
9647,894.686,00000000
9648,860.757,00000000
9649,851.297,00000000
9650,845.084,00000000
9651,843.765,00000000
9652,844.296,00000000
9653,840.873,00000000
9654,839.934,00000000
9655,843.991,00000000
9656,840.079,00000000
9657,841.068,00000000
9658,843.242,00000000
9659,848.458,00000000
9660,854.701,00000000
9661,848.742,00000000
9662,845.259,00000000
9663,1380.026,00000000
9664,1284.713,00000000
9665,1005.316,00000000
9666,906.149,00000000
9667,864.325,00000000
9668,847.585,00000000
9669,846.327,00000000
9670,841.466,00000000
9671,1193.501,00000000
9672,1741.273,00000000
9673,3149.177,00000000
9674,3610.723,00000000
9675,2097.516,00000000
9676,1306.812,00000000
9677,1013.918,00000000
9678,905.983,00000000
9679,867.518,00000000
9680,851.332,00000000
9681,847.229,00000000
9682,843.478,00000000
9683,1401.079,00000000
9684,1297.740,00000000
9685,1007.091,00000000
9686,904.547,00000000
9687,861.659,00000000
9688,852.257,00000000
9689,846.464,00000000
9690,843.515,00000000
9691,842.502,00000000
9692,841.088,00000000
9693,842.110,00000000
9694,840.718,00000000
9695,840.941,00000000
9696,862.945,00000000
9697,846.839,00000000
9698,841.032,00000000
9699,843.392,00000000
9700,840.073,00000000
9701,840.371,00000000
9702,841.168,00000000
9703,1529.111,00000000
9704,1537.849,00000000
9705,2368.585,00000000
9706,2826.791,00000000
9707,1583.959,00000000
9708,1143.437,00000000
9709,952.079,00000000
9710,883.465,00000000
9711,856.899,00000000
9712,846.349,00000000
9713,844.231,00000000
9714,841.437,00000000
9715,842.815,00000000
9716,840.438,00000000
9717,838.984,00000000
9718,841.124,00000000
9719,843.808,00000000
9720,861.515,00000000
9721,853.436,00000000
9722,847.512,00000000
9723,1382.408,00000000
9724,1279.512,00000000
9725,1005.219,00000000
9726,902.578,00000000
9727,859.777,00000000
9728,851.559,00000000
9729,841.711,00000000
9730,839.831,00000000
9731,845.141,00000000
9732,841.894,00000000
9733,962.080,00000000
9734,1148.833,00000000
9735,2222.670,00000000
9736,2768.531,00000000
9737,1560.621,00000000
9738,1106.349,00000000
9739,940.899,00000000
9740,879.797,00000000
9741,856.352,00000000
9742,846.481,00000000
9743,1408.208,00000000
9744,1263.286,00000000
9745,1016.253,00000000
9746,905.011,00000000
9747,867.583,00000000
9748,850.676,00000000
9749,847.653,00000000
9750,841.083,00000000
9751,842.752,00000000
9752,840.835,00000000
9753,842.574,00000000
9754,841.696,00000000
9755,841.780,00000000
9756,838.420,00000000
9757,859.743,00000000
9758,846.587,00000000
9759,846.559,00000000
9760,839.876,00000000
9761,843.022,00000000
9762,840.964,00000000
9763,1368.214,00000000
9764,1272.947,00000000
9765,997.508,00000000
9766,898.871,00000000
9767,862.378,00000000
9768,1039.283,00000000
9769,1165.440,00000000
9770,2362.453,00000000
9771,3093.390,00000000
9772,2151.047,00000000
9773,1323.461,00000000
9774,1024.586,00000000
9775,909.213,00000000
9776,869.451,00000000
9777,851.589,00000000
9778,843.748,00000000
9779,844.063,00000000
9780,842.453,00000000
9781,870.765,00000000
9782,852.533,00000000
9783,1389.745,00000000
9784,1272.888,00000000
9785,999.824,00000000
9786,900.046,00000000
9787,864.344,00000000
9788,848.936,00000000
9789,845.426,00000000
9790,844.276,00000000
9791,840.988,00000000
9792,841.373,00000000
9793,847.485,00000000
9794,854.999,00000000
9795,842.661,00000000
9796,844.081,00000000
9797,841.297,00000000
9798,844.650,00000000
9799,842.166,00000000
9800,845.650,00000000
9801,1154.397,00000000
9802,2081.563,00000000
9803,3924.264,00000000
9804,2614.920,00000000
9805,1494.552,00000000
9806,1099.867,00000000
9807,935.896,00000000
9808,873.525,00000000
9809,853.905,00000000
9810,845.791,00000000
9811,843.167,00000000
9812,842.169,00000000
9813,842.455,00000000
9814,837.961,00000000
9815,838.209,00000000
9816,842.430,00000000
9817,838.018,00000000
9818,864.430,00000000
9819,849.645,00000000
9820,845.878,00000000
9821,844.576,00000000
9822,840.274,00000000
9823,1375.813,00000000
9824,1272.702,00000000
9825,1003.583,00000000
9826,902.749,00000000
9827,861.872,00000000
9828,850.797,00000000
9829,845.055,00000000
9830,861.965,00000000
9831,852.622,00000000
9832,846.561,00000000
9833,841.522,00000000
9834,1171.141,00000000
9835,1128.321,00000000
9836,2502.053,00000000
9837,2821.544,00000000
9838,1578.227,00000000
9839,1116.898,00000000
9840,944.131,00000000
9841,878.963,00000000
9842,884.529,00000000
9843,1412.184,00000000
9844,1272.571,00000000
9845,1002.725,00000000
9846,898.589,00000000
9847,864.952,00000000
9848,851.291,00000000
9849,846.105,00000000
9850,841.069,00000000
9851,838.727,00000000
9852,841.049,00000000
9853,841.338,00000000
9854,860.474,00000000
9855,852.430,00000000
9856,845.084,00000000
9857,844.868,00000000
9858,840.594,00000000
9859,841.288,00000000
9860,839.234,00000000
9861,838.005,00000000
9862,840.301,00000000
9863,1412.914,00000000
9864,1259.914,00000000
9865,995.171,00000000
9866,896.259,00000000
9867,877.884,00000000
9868,853.294,00000000
9869,846.184,00000000
9870,1218.906,00000000
9871,1283.341,00000000
9872,2774.095,00000000
9873,3076.064,00000000
9874,1673.625,00000000
9875,1145.904,00000000
9876,955.626,00000000
9877,884.066,00000000
9878,855.907,00000000
9879,863.953,00000000
9880,848.888,00000000
9881,844.945,00000000
9882,843.877,00000000
9883,1381.507,00000000
9884,1272.409,00000000
9885,999.436,00000000
9886,899.135,00000000
9887,863.074,00000000
9888,851.450,00000000
9889,845.727,00000000
9890,840.417,00000000
9891,859.140,00000000
9892,849.175,00000000
9893,842.439,00000000
9894,842.266,00000000
9895,842.832,00000000
9896,842.254,00000000
9897,837.406,00000000
9898,842.402,00000000
9899,842.166,00000000
9900,841.589,00000000
9901,840.769,00000000
9902,841.177,00000000
9903,1424.974,00000000
9904,1276.545,00000000
9905,1002.074,00000000
9906,899.706,00000000
9907,862.155,00000000
9908,849.764,00000000
9909,1236.352,00000000
9910,1123.914,00000000
9911,2571.811,00000000
9912,3367.078,00000000
9913,1891.300,00000000
9914,1230.660,00000000
9915,1012.594,00000000
9916,907.089,00000000
9917,866.892,00000000
9918,852.856,00000000
9919,845.435,00000000
9920,837.777,00000000
9921,837.028,00000000
9922,838.326,00000000
9923,1424.435,00000000
9924,1255.321,00000000
9925,996.325,00000000
9926,900.070,00000000
9927,864.904,00000000
9928,862.761,00000000
9929,847.694,00000000
9930,842.648,00000000
9931,841.674,00000000
9932,839.289,00000000
9933,838.124,00000000
9934,837.143,00000000
9935,841.348,00000000
9936,838.151,00000000
9937,836.255,00000000
9938,841.552,00000000
9939,839.234,00000000
9940,854.089,00000000
9941,845.626,00000000
9942,842.763,00000000
9943,1415.537,00000000
9944,1604.491,00000000
9945,2292.789,00000000
9946,3312.675,00000000
9947,2290.441,00000000
9948,1377.641,00000000
9949,1038.124,00000000
9950,913.655,00000000
9951,867.457,00000000
9952,868.765,00000000
9953,851.377,00000000
9954,843.345,00000000
9955,839.598,00000000
9956,839.070,00000000
9957,841.913,00000000
9958,843.032,00000000
9959,841.236,00000000
9960,838.813,00000000
9961,841.209,00000000
9962,841.285,00000000
9963,1399.529,00000000
9964,1299.636,00000000
9965,1010.598,00000000
9966,900.867,00000000
9967,861.946,00000000
9968,849.209,00000000
9969,841.901,00000000
9970,842.141,00000000
9971,842.783,00000000
9972,839.607,00000000
9973,841.247,00000000
9974,843.450,00000000
9975,840.279,00000000
9976,1261.652,00000000
9977,1132.498,00000000
9978,2768.245,00000000
9979,3280.399,00000000
9980,1781.723,00000000
9981,1188.217,00000000
9982,971.702,00000000
9983,1473.122,00000000
9984,1291.507,00000000
9985,1006.143,00000000
9986,901.995,00000000
9987,860.512,00000000
9988,870.876,00000000
9989,854.591,00000000
9990,848.349,00000000
9991,843.148,00000000
9992,845.328,00000000
9993,843.618,00000000
9994,840.787,00000000
9995,836.200,00000000
9996,841.384,00000000
9997,838.682,00000000
9998,842.703,00000000
9999,839.060,00000000
10000,840.815,00000000
10001,855.480,00000000
10002,846.362,00000000
10003,1386.787,00000000
10004,1249.652,00000000
10005,991.401,00000000
10006,898.116,00000000
10007,859.649,00000000
10008,851.331,00000000
10009,943.903,00000000
10010,1140.705,00000000
10011,2227.971,00000000
10012,2769.611,00000000
10013,1575.927,00000000
10014,1303.234,00000000
10015,1517.663,00000000
10016,1091.746,00000000
10017,933.232,00000000
10018,872.949,00000000
10019,852.511,00000000
10020,849.342,00000000
10021,841.602,00000000
10022,837.616,00000000
10023,1355.320,00000000
10024,1300.811,00000000
10025,1034.319,00000000
10026,912.720,00000000
10027,865.517,00000000
10028,852.149,00000000
10029,843.357,00000000
10030,843.291,00000000
10031,838.406,00000000
10032,839.431,00000000
10033,839.056,00000000
10034,841.164,00000000
10035,838.206,00000000
10036,840.830,00000000
10037,866.240,00000000
10038,849.676,00000000
10039,843.863,00000000
10040,844.323,00000000
10041,841.641,00000000
10042,839.923,00000000
10043,1372.145,00000000
10044,1286.208,00000000
10045,1003.374,00000000
10046,902.435,00000000
10047,865.589,00000000
10048,1037.383,00000000
10049,1162.163,00000000
10050,2371.604,00000000
10051,2668.168,00000000
10052,1520.255,00000000
10053,1090.490,00000000
10054,932.988,00000000
10055,874.330,00000000
10056,852.889,00000000
10057,846.006,00000000
10058,842.352,00000000
10059,842.364,00000000
10060,841.485,00000000
10061,842.105,00000000
10062,855.558,00000000
10063,1399.306,00000000
10064,1283.926,00000000
10065,1002.947,00000000
10066,903.156,00000000
10067,862.138,00000000
10068,849.631,00000000
10069,842.877,00000000
10070,839.824,00000000
10071,842.511,00000000
10072,840.686,00000000
10073,840.743,00000000
10074,856.175,00000000
10075,846.121,00000000
10076,843.114,00000000
10077,842.041,00000000
10078,841.992,00000000
10079,837.586,00000000
10080,841.015,00000000
10081,838.068,00000000
10082,1217.235,00000000
10083,1936.884,00000000
10084,3248.190,00000000
10085,3699.061,00000000
10086,3472.444,00000000
10087,1821.726,00000000
10088,1204.802,00000000
10089,973.131,00000000
10090,892.018,00000000
10091,859.277,00000000
10092,846.942,00000000
10093,842.654,00000000
10094,840.957,00000000
10095,841.498,00000000
10096,840.333,00000000
10097,836.958,00000000
10098,863.193,00000000
10099,845.249,00000000
10100,846.103,00000000
10101,842.912,00000000
10102,840.443,00000000
10103,1381.565,00000000
10104,1267.830,00000000
10105,999.773,00000000
10106,896.517,00000000
10107,865.168,00000000
10108,848.727,00000000
10109,846.127,00000000
10110,866.505,00000000
10111,850.341,00000000
10112,840.530,00000000
10113,838.839,00000000
10114,839.222,00000000
10115,1241.107,00000000
10116,1119.680,00000000
10117,2608.715,00000000
10118,3338.830,00000000
10119,1826.185,00000000
10120,1208.367,00000000
10121,975.834,00000000
10122,906.707,00000000
10123,1432.266,00000000
10124,1247.770,00000000
10125,991.761,00000000
10126,894.716,00000000
10127,860.641,00000000
10128,846.494,00000000
10129,845.446,00000000
10130,840.536,00000000
10131,840.828,00000000
10132,840.055,00000000
10133,837.711,00000000
10134,838.745,00000000
10135,856.575,00000000
10136,844.884,00000000
10137,840.377,00000000
10138,1061.079,00000000
10139,922.745,00000000
10140,873.591,00000000
10141,852.514,00000000
10142,840.070,00000000
10143,1362.977,00000000
10144,1276.495,00000000
10145,1003.200,00000000
10146,901.935,00000000
10147,884.220,00000000
10148,854.842,00000000
10149,847.807,00000000
10150,841.577,00000000
10151,843.709,00000000
10152,1066.423,00000000
10153,1132.623,00000000
10154,2421.881,00000000
10155,2614.145,00000000
10156,1500.264,00000000
10157,1080.107,00000000
10158,929.675,00000000
10159,896.407,00000000
10160,858.773,00000000
10161,847.504,00000000
10162,839.479,00000000
10163,1389.211,00000000
10164,1270.363,00000000
10165,1000.386,00000000
10166,900.125,00000000
10167,863.911,00000000
10168,849.481,00000000
10169,844.080,00000000
10170,841.000,00000000
10171,865.997,00000000
10172,848.282,00000000
10173,842.498,00000000
10174,842.164,00000000
10175,841.677,00000000
10176,839.422,00000000
10177,840.802,00000000
10178,843.132,00000000
10179,838.510,00000000
10180,841.641,00000000
10181,841.175,00000000
10182,838.990,00000000
10183,1434.215,00000000
10184,1280.427,00000000
10185,1356.260,00000000
10186,1188.056,00000000
10187,2563.347,00000000
10188,3367.117,00000000
10189,2891.314,00000000
10190,1602.573,00000000
10191,1121.078,00000000
10192,945.220,00000000
10193,880.052,00000000
10194,856.252,00000000
10195,847.777,00000000
10196,857.659,00000000
10197,848.396,00000000
10198,844.311,00000000
10199,843.288,00000000
10200,842.872,00000000
10201,841.858,00000000
10202,842.828,00000000
10203,1429.907,00000000
10204,1262.412,00000000
10205,995.098,00000000
10206,899.215,00000000
10207,859.274,00000000
10208,865.988,00000000
10209,849.597,00000000
10210,841.951,00000000
10211,840.130,00000000
10212,837.580,00000000
10213,840.677,00000000
10214,837.629,00000000
10215,843.467,00000000
10216,838.393,00000000
10217,836.280,00000000
10218,838.470,00000000
10219,838.737,00000000
10220,860.855,00000000
10221,846.922,00000000
10222,843.747,00000000
10223,1392.562,00000000
10224,1267.248,00000000
10225,1387.758,00000000
10226,1223.671,00000000
10227,2747.551,00000000
10228,3214.042,00000000
10229,1733.145,00000000
10230,1171.394,00000000
10231,960.342,00000000
10232,905.850,00000000
10233,866.056,00000000
10234,848.681,00000000
10235,843.355,00000000
10236,843.431,00000000
10237,838.896,00000000
10238,840.452,00000000
10239,840.688,00000000
10240,839.326,00000000
10241,843.720,00000000
10242,838.484,00000000
10243,1413.985,00000000
10244,1290.393,00000000
10245,1010.779,00000000
10246,899.349,00000000
10247,860.279,00000000
10248,849.968,00000000
10249,843.340,00000000
10250,836.592,00000000
10251,841.214,00000000
10252,840.712,00000000
10253,836.794,00000000
10254,838.432,00000000
10255,839.727,00000000
10256,848.489,00000000
10257,850.437,00000000
10258,1189.017,00000000
10259,1795.140,00000000
10260,3144.539,00000000
10261,3580.865,00000000
10262,2981.984,00000000
10263,2166.211,00000000
10264,1565.655,00000000
10265,1108.993,00000000
10266,942.174,00000000
10267,879.734,00000000
10268,852.652,00000000
10269,860.938,00000000
10270,846.302,00000000
10271,841.873,00000000
10272,841.093,00000000
10273,839.022,00000000
10274,835.534,00000000
10275,839.279,00000000
10276,839.854,00000000
10277,841.573,00000000
10278,838.868,00000000
10279,841.390,00000000
10280,837.532,00000000
10281,858.197,00000000
10282,847.090,00000000
10283,1397.588,00000000
10284,1271.611,00000000
10285,999.426,00000000
10286,902.735,00000000
10287,860.985,00000000
10288,850.426,00000000
10289,841.160,00000000
10290,838.976,00000000
10291,840.009,00000000
10292,840.802,00000000
10293,863.020,00000000
10294,848.114,00000000
10295,974.282,00000000
10296,1141.533,00000000
10297,2340.858,00000000
10298,2667.857,00000000
10299,1522.996,00000000
10300,1091.888,00000000
10301,934.516,00000000
10302,874.323,00000000
10303,1432.935,00000000
10304,1266.674,00000000
10305,1025.381,00000000
10306,909.329,00000000
10307,866.295,00000000
10308,850.887,00000000
10309,843.556,00000000
10310,843.180,00000000
10311,839.862,00000000
10312,842.868,00000000
10313,840.543,00000000
10314,841.475,00000000
10315,841.862,00000000
10316,840.119,00000000
10317,862.056,00000000
10318,850.433,00000000
10319,844.550,00000000
10320,840.674,00000000
10321,841.178,00000000
10322,843.651,00000000
10323,1383.817,00000000
10324,1238.933,00000000
10325,989.919,00000000
10326,1238.783,00000000
10327,1829.718,00000000
10328,3027.094,00000000
10329,2057.701,00000000
10330,1309.021,00000000
10331,1013.976,00000000
10332,904.935,00000000
10333,862.438,00000000
10334,847.670,00000000
10335,844.691,00000000
10336,842.414,00000000
10337,839.636,00000000
10338,2530.689,00000000
10339,5829.339,00000000
10340,7058.323,00000000
10341,7503.223,00000000
10342,7697.462,00000000
10343,8334.063,00000000
10344,8106.365,00000000
10345,7903.102,00000000
10346,5302.115,00000000
10347,2493.309,00000000
10348,1457.524,00000000
10349,1074.297,00000000
10350,931.083,00000000
10351,878.675,00000000
10352,860.438,00000000
10353,852.598,00000000
10354,871.518,00000000
10355,858.012,00000000
10356,851.116,00000000
10357,847.351,00000000
10358,2286.575,00000000
10359,5729.122,00000000
10360,7003.586,00000000
10361,7472.468,00000000
10362,7662.213,00000000
10363,8371.343,00000000
10364,8163.413,00000000
10365,8254.781,00000000
10366,5868.383,00000000
10367,4540.871,00000000
10368,2594.097,00000000
10369,1495.349,00000000
10370,1084.451,00000000
10371,937.605,00000000
10372,879.846,00000000
10373,861.543,00000000
10374,852.596,00000000
10375,848.239,00000000
10376,852.550,00000000
10377,843.697,00000000
10378,2298.427,00000000
10379,5747.021,00000000
10380,7029.899,00000000
10381,7496.927,00000000
10382,7666.453,00000000
10383,8311.265,00000000
10384,8070.400,00000000
10385,7876.078,00000000
10386,5286.742,00000000
10387,2491.127,00000000
10388,1453.599,00000000
10389,1070.579,00000000
10390,956.404,00000000
10391,888.591,00000000
10392,863.051,00000000
10393,853.999,00000000
10394,850.736,00000000
10395,849.671,00000000
10396,848.947,00000000
10397,850.142,00000000
10398,2355.620,00000000
10399,5760.493,00000000
10400,7036.055,00000000
10401,7492.772,00000000
10402,7977.600,00000000
10403,9430.067,00000000
10404,10045.154,00000000
10405,9469.892,00000000
10406,5862.323,00000000
10407,2701.591,00000000
10408,1535.024,00000000
10409,1103.201,00000000
10410,942.536,00000000
10411,883.615,00000000
10412,864.556,00000000
10413,855.267,00000000
10414,849.358,00000000
10415,867.243,00000000
10416,852.643,00000000
10417,850.739,00000000
10418,2436.860,00000000
10419,5791.760,00000000
10420,7043.585,00000000
10421,7495.673,00000000
10422,7670.474,00000000
10423,8407.068,00000000
10424,8078.072,00000000
10425,7898.069,00000000
10426,5210.345,00000000
10427,2480.760,00000000
10428,1456.382,00000000
10429,1072.595,00000000
10430,932.827,00000000
10431,881.937,00000000
10432,859.454,00000000
10433,855.519,00000000
10434,1019.727,00000000
10435,1144.992,00000000
10436,2307.644,00000000
10437,3040.677,00000000
10438,3227.395,00000000
10439,6110.836,00000000
10440,7164.064,00000000
10441,7556.031,00000000
10442,7689.346,00000000
10443,8364.175,00000000
10444,8078.766,00000000
10445,7880.972,00000000
10446,5175.422,00000000
10447,2451.265,00000000
10448,1439.346,00000000
10449,1070.602,00000000
10450,931.980,00000000
10451,903.420,00000000
10452,869.473,00000000
10453,856.565,00000000
10454,851.701,00000000
10455,848.885,00000000
10456,847.504,00000000
10457,847.656,00000000
10458,2468.871,00000000
10459,5814.470,00000000
10460,7060.341,00000000
10461,7507.791,00000000
10462,7673.724,00000000
10463,8401.011,00000000
10464,8089.920,00000000
10465,7878.302,00000000
10466,5190.328,00000000
10467,2450.009,00000000
10468,1441.676,00000000
10469,1417.906,00000000
10470,1823.217,00000000
10471,2910.152,00000000
10472,2768.391,00000000
10473,1561.620,00000000
10474,1113.610,00000000
10475,949.614,00000000
10476,896.917,00000000
10477,866.473,00000000
10478,2515.503,00000000
10479,5830.559,00000000
10480,7071.227,00000000
10481,7522.797,00000000
10482,7685.321,00000000
10483,8403.368,00000000
10484,8078.897,00000000
10485,7886.180,00000000
10486,5153.150,00000000
10487,2437.187,00000000
10488,1451.729,00000000
10489,1067.289,00000000
10490,929.614,00000000
10491,877.547,00000000
10492,861.111,00000000
10493,853.078,00000000
10494,849.831,00000000
10495,851.496,00000000
10496,848.668,00000000
10497,848.271,00000000
10498,2522.224,00000000
10499,5829.653,00000000
10500,7390.394,00000000
10501,8647.942,00000000
10502,9790.124,00000000
10503,9736.465,00000000
10504,8602.755,00000000
10505,8092.414,00000000
10506,5234.371,00000000
10507,2473.432,00000000
10508,1449.435,00000000
10509,1069.426,00000000
10510,933.332,00000000
10511,880.686,00000000
10512,879.935,00000000
10513,864.539,00000000
10514,850.306,00000000
10515,853.590,00000000
10516,849.018,00000000
10517,851.021,00000000
10518,2520.999,00000000
10519,5839.401,00000000
10520,7061.877,00000000
10521,7507.549,00000000
10522,7675.065,00000000
10523,8390.832,00000000
10524,8085.049,00000000
10525,7883.026,00000000
10526,5143.951,00000000
10527,2436.694,00000000
10528,1436.258,00000000
10529,1066.133,00000000
10530,928.363,00000000
10531,877.493,00000000
10532,860.809,00000000
10533,851.079,00000000
10534,846.877,00000000
10535,1170.602,00000000
10536,2040.898,00000000
10537,3148.876,00000000
10538,4371.376,00000000
10539,6514.140,00000000
10540,7313.157,00000000
10541,7606.749,00000000
10542,7712.473,00000000
10543,8327.210,00000000
10544,8112.620,00000000
10545,7909.731,00000000
10546,5118.178,00000000
10547,2428.261,00000000
10548,1435.380,00000000
10549,1076.920,00000000
10550,933.866,00000000
10551,878.915,00000000
10552,863.124,00000000
10553,854.979,00000000
10554,848.599,00000000
10555,852.298,00000000
10556,846.867,00000000
10557,848.955,00000000
10558,905.029,00000000
10559,866.078,00000000
10560,849.980,00000000
10561,863.812,00000000
10562,846.444,00000000
10563,1413.936,00000000
10564,1208.210,00000000
10565,975.943,00000000
10566,893.787,00000000
10567,1252.303,00000000
10568,1126.041,00000000
10569,2757.931,00000000
10570,2523.670,00000000
10571,1464.489,00000000
10572,1069.150,00000000
10573,946.681,00000000
10574,881.602,00000000
10575,853.365,00000000
10576,844.485,00000000
10577,843.165,00000000
10578,846.117,00000000
10579,843.502,00000000
10580,841.409,00000000
10581,843.536,00000000
10582,844.296,00000000
10583,1427.854,00000000
10584,1249.398,00000000
10585,1018.069,00000000
10586,906.519,00000000
10587,869.563,00000000
10588,850.895,00000000
10589,845.536,00000000
10590,844.442,00000000
10591,842.176,00000000
10592,843.969,00000000
10593,838.768,00000000
10594,844.040,00000000
10595,841.880,00000000
10596,838.643,00000000
10597,867.494,00000000
10598,850.597,00000000
10599,846.714,00000000
10600,846.149,00000000
10601,844.256,00000000
10602,1171.915,00000000
10603,1685.253,00000000
10604,2820.016,00000000
10605,3467.205,00000000
10606,2964.180,00000000
10607,1626.381,00000000
10608,1130.535,00000000
10609,964.686,00000000
10610,892.419,00000000
10611,862.503,00000000
10612,848.906,00000000
10613,845.819,00000000
10614,845.558,00000000
10615,841.302,00000000
10616,842.379,00000000
10617,836.885,00000000
10618,843.317,00000000
10619,837.709,00000000
10620,844.402,00000000
10621,840.735,00000000
10622,855.774,00000000
10623,1416.287,00000000
10624,1254.013,00000000
10625,995.948,00000000
10626,896.218,00000000
10627,866.290,00000000
10628,849.396,00000000
10629,848.419,00000000
10630,840.990,00000000
10631,841.156,00000000
10632,844.137,00000000
10633,840.270,00000000
10634,858.298,00000000
10635,847.794,00000000
10636,840.903,00000000
10637,840.856,00000000
10638,842.494,00000000
10639,1224.705,00000000
10640,1123.989,00000000
10641,2538.963,00000000
10642,3368.111,00000000
10643,4446.878,00000000
10644,2370.737,00000000
10645,1407.343,00000000
10646,1070.407,00000000
10647,928.981,00000000
10648,873.196,00000000
10649,854.086,00000000
10650,844.146,00000000
10651,840.429,00000000
10652,842.277,00000000
10653,842.904,00000000
10654,838.542,00000000
10655,843.284,00000000
10656,841.492,00000000
10657,841.658,00000000
10658,867.412,00000000
10659,851.845,00000000
10660,848.030,00000000
10661,843.105,00000000
10662,836.885,00000000
10663,1395.353,00000000
10664,1258.161,00000000
10665,996.639,00000000
10666,894.387,00000000
10667,856.789,00000000
10668,850.331,00000000
10669,845.192,00000000
10670,865.903,00000000
10671,850.491,00000000
10672,846.735,00000000
10673,842.501,00000000
10674,841.631,00000000
10675,1214.186,00000000
10676,1318.557,00000000
10677,2954.271,00000000
10678,3002.105,00000000
10679,1646.820,00000000
10680,1142.461,00000000
10681,956.586,00000000
10682,882.619,00000000
10683,1445.479,00000000
10684,1262.895,00000000
10685,998.107,00000000
10686,904.226,00000000
10687,864.973,00000000
10688,850.759,00000000
10689,844.552,00000000
10690,843.709,00000000
10691,842.624,00000000
10692,841.351,00000000
10693,842.493,00000000
10694,840.332,00000000
10695,857.621,00000000
10696,847.972,00000000
10697,840.574,00000000
10698,842.651,00000000
10699,842.513,00000000
10700,842.877,00000000
10701,841.230,00000000
10702,843.669,00000000
10703,1437.855,00000000
10704,1250.745,00000000
10705,992.885,00000000
10706,893.546,00000000
10707,882.778,00000000
10708,853.548,00000000
10709,847.181,00000000
10710,841.026,00000000
10711,841.162,00000000
10712,839.253,00000000
10713,1182.510,00000000
10714,1874.104,00000000
10715,3111.546,00000000
10716,3534.641,00000000
10717,2015.992,00000000
10718,1276.008,00000000
10719,1028.188,00000000
10720,912.779,00000000
10721,862.462,00000000
10722,848.112,00000000
10723,1407.454,00000000
10724,1253.547,00000000
10725,996.139,00000000
10726,898.610,00000000
10727,858.221,00000000
10728,851.446,00000000
10729,844.588,00000000
10730,843.689,00000000
10731,868.124,00000000
10732,851.202,00000000
10733,846.137,00000000
10734,841.601,00000000
10735,843.509,00000000
10736,841.354,00000000
10737,840.855,00000000
10738,842.605,00000000
10739,841.095,00000000
10740,838.688,00000000
10741,842.935,00000000
10742,841.675,00000000
10743,1842.331,00000000
10744,1553.586,00000000
10745,2632.479,00000000
10746,3358.217,00000000
10747,1942.134,00000000
10748,1248.840,00000000
10749,992.867,00000000
10750,894.737,00000000
10751,862.141,00000000
10752,848.979,00000000
10753,839.663,00000000
10754,845.239,00000000
10755,841.688,00000000
10756,856.772,00000000
10757,843.969,00000000
10758,842.919,00000000
10759,841.329,00000000
10760,841.319,00000000
10761,840.900,00000000
10762,842.559,00000000
10763,1393.503,00000000
10764,1244.958,00000000
10765,990.223,00000000
10766,895.465,00000000
10767,858.507,00000000
10768,865.517,00000000
10769,850.992,00000000
10770,843.555,00000000
10771,840.186,00000000
10772,842.622,00000000
10773,839.433,00000000
10774,841.815,00000000
10775,841.246,00000000
10776,840.500,00000000
10777,842.517,00000000
10778,839.354,00000000
10779,840.376,00000000
10780,861.477,00000000
10781,1238.471,00000000
10782,1122.842,00000000
10783,3074.951,00000000
10784,3651.514,00000000
10785,1986.694,00000000
10786,1261.012,00000000
10787,997.723,00000000
10788,900.740,00000000
10789,860.704,00000000
10790,850.278,00000000
10791,842.502,00000000
10792,868.115,00000000
10793,849.582,00000000
10794,843.302,00000000
10795,841.407,00000000
10796,841.316,00000000
10797,842.463,00000000
10798,839.525,00000000
10799,844.830,00000000
10800,841.055,00000000
10801,841.237,00000000
10802,839.078,00000000
10803,1431.614,00000000
10804,1261.753,00000000
10805,999.538,00000000
10806,900.793,00000000
10807,864.422,00000000
10808,846.276,00000000
10809,841.745,00000000
10810,841.143,00000000
10811,841.417,00000000
10812,1231.384,00000000
10813,1137.132,00000000
10814,2657.124,00000000
10815,2147.639,00000000
10816,1324.141,00000000
10817,1032.385,00000000
10818,913.305,00000000
10819,865.639,00000000
10820,852.631,00000000
10821,844.206,00000000
10822,840.810,00000000
10823,1393.464,00000000
10824,1243.974,00000000
10825,990.746,00000000
10826,896.973,00000000
10827,863.742,00000000
10828,849.773,00000000
10829,862.494,00000000
10830,849.070,00000000
10831,845.617,00000000
10832,841.438,00000000
10833,842.469,00000000
10834,839.720,00000000
10835,841.909,00000000
10836,840.685,00000000
10837,842.628,00000000
10838,842.222,00000000
10839,840.281,00000000
10840,838.825,00000000
10841,859.968,00000000
10842,847.624,00000000
10843,1416.895,00000000
10844,1241.954,00000000
10845,992.123,00000000
10846,894.258,00000000
10847,857.547,00000000
10848,849.773,00000000
10849,1173.301,00000000
10850,1978.674,00000000
10851,2977.628,00000000
10852,1682.071,00000000
10853,1176.602,00000000
10854,966.519,00000000
10855,883.000,00000000
10856,859.499,00000000
10857,848.678,00000000
10858,840.931,00000000
10859,842.729,00000000
10860,840.405,00000000
10861,838.915,00000000
10862,842.541,00000000
10863,1436.500,00000000
10864,1235.252,00000000
10865,1015.670,00000000
10866,903.379,00000000
10867,864.184,00000000
10868,849.942,00000000
10869,845.908,00000000
10870,840.033,00000000
10871,842.360,00000000
10872,841.982,00000000
10873,842.748,00000000
10874,839.863,00000000
10875,839.170,00000000
10876,840.682,00000000
10877,845.959,00000000
10878,852.635,00000000
10879,843.856,00000000
10880,843.711,00000000
10881,838.789,00000000
10882,839.909,00000000
10883,1398.459,00000000
10884,1245.974,00000000
10885,993.383,00000000
10886,897.094,00000000
10887,862.173,00000000
10888,1173.533,00000000
10889,1977.393,00000000
10890,3139.654,00000000
10891,2421.824,00000000
10892,1428.078,00000000
10893,1056.662,00000000
10894,922.136,00000000
10895,871.711,00000000
10896,851.371,00000000
10897,848.377,00000000
10898,843.720,00000000
10899,843.259,00000000
10900,842.410,00000000
10901,837.135,00000000
10902,860.434,00000000
10903,1430.398,00000000
10904,1242.813,00000000
10905,990.212,00000000
10906,896.682,00000000
10907,862.986,00000000
10908,845.565,00000000
10909,845.237,00000000
10910,838.983,00000000
10911,843.399,00000000
10912,842.366,00000000
10913,841.420,00000000
10914,866.895,00000000
10915,847.936,00000000
10916,845.944,00000000
10917,843.744,00000000
10918,842.374,00000000
10919,843.505,00000000
10920,841.683,00000000
10921,837.464,00000000
10922,840.465,00000000
10923,1440.457,00000000
10924,1240.242,00000000
10925,1169.227,00000000
10926,1216.297,00000000
10927,2381.330,00000000
10928,2682.533,00000000
10929,1529.268,00000000
10930,1094.870,00000000
10931,934.950,00000000
10932,878.212,00000000
10933,852.830,00000000
10934,844.976,00000000
10935,841.062,00000000
10936,837.239,00000000
10937,838.612,00000000
10938,854.859,00000000
10939,849.067,00000000
10940,844.009,00000000
10941,845.367,00000000
10942,839.888,00000000
10943,1402.638,00000000
10944,1251.901,00000000
10945,994.685,00000000
10946,897.268,00000000
10947,863.296,00000000
10948,848.048,00000000
10949,846.531,00000000
10950,841.890,00000000
10951,854.050,00000000
10952,844.096,00000000
10953,841.809,00000000
10954,841.895,00000000
10955,850.015,00000000
10956,1154.040,00000000
10957,2097.787,00000000
10958,3088.718,00000000
10959,1773.644,00000000
10960,1184.690,00000000
10961,971.815,00000000
10962,885.397,00000000
10963,1461.695,00000000
10964,1260.163,00000000
10965,995.710,00000000
10966,897.814,00000000
10967,861.930,00000000
10968,851.587,00000000
10969,845.400,00000000
10970,842.753,00000000
10971,838.231,00000000
10972,842.505,00000000
10973,841.496,00000000
10974,842.415,00000000
10975,860.233,00000000
10976,850.180,00000000
10977,843.083,00000000
10978,843.852,00000000
10979,840.924,00000000
10980,838.985,00000000
10981,840.538,00000000
10982,840.417,00000000
10983,1450.039,00000000
10984,1245.797,00000000
10985,992.574,00000000
10986,896.233,00000000
10987,886.371,00000000
10988,858.960,00000000
10989,845.925,00000000
10990,845.168,00000000
10991,841.583,00000000
10992,838.427,00000000
10993,856.165,00000000
10994,1149.098,00000000
10995,2142.142,00000000
10996,3188.880,00000000
10997,2250.472,00000000
10998,1363.402,00000000
10999,1059.449,00000000
11000,923.185,00000000
11001,872.979,00000000
11002,852.186,00000000
11003,1414.465,00000000
11004,1253.877,00000000
11005,995.413,00000000
11006,898.856,00000000
11007,863.963,00000000
11008,846.000,00000000
11009,842.642,00000000
11010,842.086,00000000
11011,845.108,00000000
11012,853.742,00000000
11013,843.751,00000000
11014,844.331,00000000
11015,840.831,00000000
11016,842.671,00000000
11017,843.055,00000000
11018,842.311,00000000
11019,842.616,00000000
11020,841.439,00000000
11021,843.916,00000000
11022,844.592,00000000
11023,1428.827,00000000
11024,1265.957,00000000
11025,996.021,00000000
11026,901.071,00000000
11027,863.593,00000000
11028,848.812,00000000
11029,844.696,00000000
11030,1220.062,00000000
11031,1300.077,00000000
11032,2945.547,00000000
11033,3019.489,00000000
11034,1653.672,00000000
11035,1139.339,00000000
11036,972.497,00000000
11037,890.507,00000000
11038,860.097,00000000
11039,847.206,00000000
11040,844.414,00000000
11041,842.504,00000000
11042,842.276,00000000
11043,1392.704,00000000
11044,1259.645,00000000
11045,995.999,00000000
11046,900.062,00000000
11047,860.355,00000000
11048,872.551,00000000
11049,852.498,00000000
11050,844.123,00000000
11051,844.552,00000000
11052,842.856,00000000
11053,841.175,00000000
11054,841.204,00000000
11055,840.348,00000000
11056,842.208,00000000
11057,840.331,00000000
11058,844.043,00000000
11059,840.695,00000000
11060,868.995,00000000
11061,853.151,00000000
11062,845.421,00000000
11063,1415.955,00000000
11064,1253.927,00000000
11065,994.592,00000000
11066,1274.274,00000000
11067,1292.506,00000000
11068,2809.427,00000000
11069,2027.260,00000000
11070,1277.618,00000000
11071,1002.901,00000000
11072,915.294,00000000
11073,875.195,00000000
11074,854.906,00000000
11075,849.576,00000000
11076,846.145,00000000
11077,842.050,00000000
11078,841.867,00000000
11079,842.824,00000000
11080,843.468,00000000
11081,840.075,00000000
11082,840.839,00000000
11083,1432.892,00000000
11084,2748.026,00000000
11085,3078.803,00000000
11086,3171.762,00000000
11087,3198.445,00000000
11088,3215.412,00000000
11089,3234.388,00000000
11090,3222.520,00000000
11091,3220.838,00000000
11092,3353.604,00000000
11093,3420.666,00000000
11094,3280.746,00000000
11095,1761.421,00000000
11096,1181.456,00000000
11097,984.187,00000000
11098,894.610,00000000
11099,859.706,00000000
11100,849.297,00000000
11101,1214.984,00000000
11102,1344.788,00000000
11103,3698.445,00000000
11104,3321.100,00000000
11105,1760.177,00000000
11106,1184.202,00000000
11107,967.143,00000000
11108,886.521,00000000
11109,872.998,00000000
11110,854.031,00000000
11111,843.245,00000000
11112,841.796,00000000
11113,839.462,00000000
11114,842.522,00000000
11115,842.070,00000000
11116,842.684,00000000
11117,842.444,00000000
11118,840.670,00000000
11119,844.659,00000000
11120,841.979,00000000
11121,863.284,00000000
11122,848.456,00000000
11123,1365.128,00000000
11124,1278.421,00000000
11125,1003.220,00000000
11126,900.746,00000000
11127,862.983,00000000
11128,848.638,00000000
11129,843.308,00000000
11130,840.700,00000000
11131,839.152,00000000
11132,843.229,00000000
11133,1255.486,00000000
11134,1141.030,00000000
11135,2648.754,00000000
11136,2166.765,00000000
11137,1334.088,00000000
11138,1023.881,00000000
11139,908.180,00000000
11140,864.979,00000000
11141,850.539,00000000
11142,841.181,00000000
11143,1439.653,00000000
11144,1257.162,00000000
11145,1010.846,00000000
11146,911.766,00000000
11147,865.131,00000000
11148,851.100,00000000
11149,841.380,00000000
11150,842.274,00000000
11151,841.931,00000000
11152,839.753,00000000
11153,842.086,00000000
11154,837.953,00000000
11155,839.261,00000000
11156,840.997,00000000
11157,840.903,00000000
11158,853.053,00000000
11159,846.603,00000000
11160,841.705,00000000
11161,842.099,00000000
11162,843.440,00000000
11163,1401.470,00000000
11164,1269.577,00000000
11165,999.323,00000000
11166,898.146,00000000
11167,1256.266,00000000
11168,1128.121,00000000
11169,2628.913,00000000
11170,2222.795,00000000
11171,1353.333,00000000
11172,1031.240,00000000
11173,911.336,00000000
11174,867.611,00000000
11175,850.369,00000000
11176,846.250,00000000
11177,844.358,00000000
11178,841.658,00000000
11179,844.946,00000000
11180,841.682,00000000
11181,839.601,00000000
11182,860.775,00000000
11183,1431.392,00000000
11184,1265.193,00000000
11185,996.910,00000000
11186,900.340,00000000
11187,862.832,00000000
11188,846.866,00000000
11189,845.800,00000000
11190,842.549,00000000
11191,843.709,00000000
11192,841.640,00000000
11193,841.773,00000000
11194,866.690,00000000
11195,853.639,00000000
11196,845.037,00000000
11197,841.615,00000000
11198,838.036,00000000
11199,1231.617,00000000
11200,1121.913,00000000
11201,2575.752,00000000
11202,2309.736,00000000
11203,1986.973,00000000
11204,1459.439,00000000
11205,1071.208,00000000
11206,950.442,00000000
11207,885.951,00000000
11208,856.853,00000000
11209,844.815,00000000
11210,842.550,00000000
11211,842.067,00000000
11212,844.690,00000000
11213,838.951,00000000
11214,841.915,00000000
11215,839.979,00000000
11216,841.242,00000000
11217,843.089,00000000
11218,843.442,00000000
11219,854.179,00000000
11220,848.056,00000000
11221,841.462,00000000
11222,839.215,00000000
11223,1411.298,00000000
11224,1264.281,00000000
11225,999.598,00000000
11226,896.980,00000000
11227,860.261,00000000
11228,848.102,00000000
11229,841.428,00000000
11230,1217.803,00000000
11231,1370.200,00000000
11232,2981.075,00000000
11233,3332.836,00000000
11234,2299.570,00000000
11235,1380.593,00000000
11236,1043.177,00000000
11237,914.668,00000000
11238,869.165,00000000
11239,851.378,00000000
11240,845.367,00000000
11241,843.288,00000000
11242,839.065,00000000
11243,1451.866,00000000
11244,1268.367,00000000
11245,1000.479,00000000
11246,899.621,00000000
11247,861.341,00000000
11248,850.971,00000000
11249,847.368,00000000
11250,843.777,00000000
11251,841.803,00000000
11252,840.761,00000000
11253,843.466,00000000
11254,839.929,00000000
11255,865.300,00000000
11256,851.261,00000000
11257,843.883,00000000
11258,841.348,00000000
11259,845.365,00000000
11260,842.518,00000000
11261,843.013,00000000
11262,841.453,00000000
11263,1393.983,00000000
11264,1271.007,00000000
11265,999.539,00000000
11266,1283.396,00000000
11267,1172.163,00000000
11268,2562.433,00000000
11269,3333.896,00000000
11270,1937.050,00000000
11271,1247.898,00000000
11272,993.179,00000000
11273,901.828,00000000
11274,864.042,00000000
11275,849.853,00000000
11276,845.735,00000000
11277,842.955,00000000
11278,843.020,00000000
11279,852.799,00000000
11280,855.099,00000000
11281,844.764,00000000
11282,838.200,00000000
11283,1413.288,00000000
11284,1266.228,00000000
11285,996.528,00000000
11286,899.641,00000000
11287,860.377,00000000
11288,851.971,00000000
11289,845.231,00000000
11290,842.547,00000000
11291,842.008,00000000
11292,859.450,00000000
11293,846.070,00000000
11294,843.106,00000000
11295,844.775,00000000
11296,838.962,00000000
11297,838.892,00000000
11298,837.909,00000000
11299,841.665,00000000
11300,840.008,00000000
11301,841.964,00000000
11302,840.035,00000000
11303,1435.357,00000000
11304,1278.047,00000000
11305,1383.593,00000000
11306,1309.508,00000000
11307,2790.451,00000000
11308,3394.201,00000000
11309,2380.317,00000000
11310,1411.472,00000000
11311,1051.383,00000000
11312,920.290,00000000
11313,866.236,00000000
11314,850.416,00000000
11315,848.097,00000000
11316,864.730,00000000
11317,849.342,00000000
11318,844.060,00000000
11319,840.396,00000000
11320,840.410,00000000
11321,840.455,00000000
11322,837.280,00000000
11323,1396.257,00000000
11324,1267.412,00000000
11325,997.007,00000000
11326,896.407,00000000
11327,859.235,00000000
11328,874.400,00000000
11329,854.985,00000000
11330,844.919,00000000
11331,844.237,00000000
11332,841.285,00000000
11333,841.897,00000000
11334,845.317,00000000
11335,841.821,00000000
11336,843.533,00000000
11337,840.831,00000000
11338,840.954,00000000
11339,839.586,00000000
11340,856.980,00000000
11341,1201.948,00000000
11342,1803.248,00000000
11343,3446.943,00000000
11344,3044.881,00000000
11345,1656.699,00000000
11346,1147.151,00000000
11347,951.705,00000000
11348,882.902,00000000
11349,859.566,00000000
11350,847.935,00000000
11351,842.714,00000000
11352,841.424,00000000
11353,856.415,00000000
11354,846.759,00000000
11355,841.668,00000000
11356,841.369,00000000
11357,839.850,00000000
11358,838.641,00000000
11359,842.209,00000000
11360,841.950,00000000
11361,840.764,00000000
11362,840.369,00000000
11363,1440.125,00000000
11364,1373.330,00000000
11365,1056.815,00000000
11366,922.861,00000000
11367,870.219,00000000
11368,854.074,00000000
11369,845.733,00000000
11370,842.179,00000000
11371,842.474,00000000
11372,843.943,00000000
11373,843.291,00000000
11374,840.078,00000000
11375,841.216,00000000
11376,843.525,00000000
11377,865.756,00000000
11378,849.980,00000000
11379,845.053,00000000
11380,1086.101,00000000
11381,1130.089,00000000
11382,2449.342,00000000
11383,3111.352,00000000
11384,1932.794,00000000
11385,1242.860,00000000
11386,991.697,00000000
11387,898.398,00000000
11388,863.113,00000000
11389,875.282,00000000
11390,853.386,00000000
11391,847.612,00000000
11392,846.372,00000000
11393,840.174,00000000
11394,842.600,00000000
11395,842.902,00000000
11396,840.098,00000000
11397,846.428,00000000
11398,843.044,00000000
11399,843.815,00000000
11400,842.543,00000000
11401,869.499,00000000
11402,850.194,00000000
11403,1430.961,00000000
11404,1265.789,00000000
11405,993.260,00000000
11406,900.391,00000000
11407,865.236,00000000
11408,850.026,00000000
11409,842.545,00000000
11410,844.046,00000000
11411,844.574,00000000
11412,1225.600,00000000
11413,1205.155,00000000
11414,2759.629,00000000
11415,3209.936,00000000
11416,1730.991,00000000
11417,1171.793,00000000
11418,963.642,00000000
11419,885.722,00000000
11420,857.947,00000000
11421,848.595,00000000
11422,842.822,00000000
11423,1449.555,00000000
11424,1260.133,00000000
11425,993.597,00000000
11426,915.023,00000000
11427,870.039,00000000
11428,849.693,00000000
11429,844.872,00000000
11430,841.280,00000000
11431,842.335,00000000
11432,840.550,00000000
11433,843.281,00000000
11434,843.031,00000000
11435,842.926,00000000
11436,844.315,00000000
11437,840.531,00000000
11438,859.487,00000000
11439,848.237,00000000
11440,843.301,00000000
11441,842.352,00000000
11442,1209.901,00000000
11443,1698.726,00000000
11444,2974.569,00000000
11445,2579.699,00000000
11446,1481.498,00000000
11447,1078.902,00000000
11448,929.506,00000000
11449,875.766,00000000
11450,875.813,00000000
11451,852.164,00000000
11452,845.901,00000000
11453,842.697,00000000
11454,840.991,00000000
11455,840.147,00000000
11456,844.390,00000000
11457,839.632,00000000
11458,838.833,00000000
11459,840.746,00000000
11460,841.996,00000000
11461,840.233,00000000
11462,866.886,00000000
11463,1442.190,00000000
11464,1266.602,00000000
11465,999.429,00000000
11466,897.397,00000000
11467,863.084,00000000
11468,845.517,00000000
11469,843.927,00000000
11470,842.319,00000000
11471,842.613,00000000
11472,842.660,00000000
11473,841.491,00000000
11474,850.562,00000000
11475,853.530,00000000
11476,844.854,00000000
11477,1147.873,00000000
11478,1127.001,00000000
11479,2521.568,00000000
11480,2509.055,00000000
11481,1460.337,00000000
11482,1069.198,00000000
11483,1535.772,00000000
11484,1288.056,00000000
11485,1005.061,00000000
11486,902.850,00000000
11487,874.168,00000000
11488,851.492,00000000
11489,844.660,00000000
11490,843.931,00000000
11491,842.481,00000000
11492,841.397,00000000
11493,840.526,00000000
11494,842.406,00000000
11495,840.243,00000000
11496,842.501,00000000
11497,840.600,00000000
11498,842.188,00000000
11499,859.850,00000000
11500,848.071,00000000
11501,842.935,00000000
11502,838.581,00000000
11503,1416.586,00000000
11504,1264.037,00000000
11505,997.370,00000000
11506,897.222,00000000
11507,860.825,00000000
11508,848.179,00000000
11509,845.420,00000000
11510,841.149,00000000
11511,862.968,00000000
11512,849.443,00000000
11513,842.681,00000000
11514,842.277,00000000
11515,842.120,00000000
11516,838.759,00000000
11517,1164.322,00000000
11518,2022.143,00000000
11519,2960.741,00000000
11520,1657.618,00000000
11521,1144.532,00000000
11522,949.872,00000000
11523,1510.464,00000000
11524,1257.196,00000000
11525,994.866,00000000
11526,899.066,00000000
11527,858.360,00000000
11528,848.087,00000000
11529,844.138,00000000
11530,840.410,00000000
11531,841.133,00000000
11532,841.717,00000000
11533,839.972,00000000
11534,837.211,00000000
11535,861.938,00000000
11536,850.179,00000000
11537,844.330,00000000
11538,967.479,00000000
11539,951.072,00000000
11540,882.968,00000000
11541,857.951,00000000
11542,846.850,00000000
11543,1345.391,00000000
11544,1282.267,00000000
11545,1004.738,00000000
11546,900.749,00000000
11547,863.283,00000000
11548,862.665,00000000
11549,849.020,00000000
11550,841.764,00000000
11551,841.404,00000000
11552,838.273,00000000
11553,1226.666,00000000
11554,1176.260,00000000
11555,2712.201,00000000
11556,3240.569,00000000
11557,1744.575,00000000
11558,1175.973,00000000
11559,965.429,00000000
11560,903.767,00000000
11561,864.029,00000000
11562,845.870,00000000
11563,1423.389,00000000
11564,1262.623,00000000
11565,996.449,00000000
11566,899.359,00000000
11567,862.016,00000000
11568,847.888,00000000
11569,841.606,00000000
11570,841.551,00000000
11571,841.508,00000000
11572,858.786,00000000
11573,845.219,00000000
11574,840.903,00000000
11575,844.003,00000000
11576,842.012,00000000
11577,838.582,00000000
11578,839.871,00000000
11579,839.260,00000000
11580,837.151,00000000
11581,838.324,00000000
11582,837.887,00000000
11583,1438.761,00000000
11584,1290.488,00000000
11585,1009.733,00000000
11586,904.286,00000000
11587,865.109,00000000
11588,848.619,00000000
11589,843.760,00000000
11590,1214.595,00000000
11591,1316.630,00000000
11592,2956.804,00000000
11593,3004.865,00000000
11594,1645.765,00000000
11595,1139.212,00000000
11596,979.505,00000000
11597,890.991,00000000
11598,862.547,00000000
11599,849.238,00000000
11600,842.259,00000000
11601,843.781,00000000
11602,841.902,00000000
11603,1402.242,00000000
11604,1275.685,00000000
11605,1002.583,00000000
11606,900.297,00000000
11607,865.201,00000000
11608,855.140,00000000
11609,856.987,00000000
11610,845.958,00000000
11611,843.351,00000000
11612,842.313,00000000
11613,841.910,00000000
11614,841.545,00000000
11615,841.503,00000000
11616,843.154,00000000
11617,842.636,00000000
11618,843.606,00000000
11619,841.259,00000000
11620,839.930,00000000
11621,855.405,00000000
11622,847.516,00000000
11623,1426.252,00000000
11624,1271.534,00000000
11625,1347.484,00000000
11626,1923.963,00000000
11627,2972.627,00000000
11628,2695.167,00000000
11629,1527.290,00000000
11630,1095.640,00000000
11631,939.407,00000000
11632,877.090,00000000
11633,872.401,00000000
11634,853.021,00000000
11635,844.623,00000000
11636,838.639,00000000
11637,838.357,00000000
11638,841.643,00000000
11639,841.368,00000000
11640,837.397,00000000
11641,840.991,00000000
11642,839.165,00000000
11643,1442.234,00000000
11644,1266.101,00000000
11645,1020.435,00000000
11646,908.925,00000000
11647,862.400,00000000
11648,850.125,00000000
11649,840.998,00000000
11650,844.131,00000000
11651,839.614,00000000
11652,843.434,00000000
11653,837.799,00000000
11654,842.743,00000000
11655,839.332,00000000
11656,840.771,00000000
11657,866.989,00000000
11658,994.254,00000000
11659,1145.774,00000000
11660,2287.928,00000000
11661,3360.146,00000000
11662,3235.518,00000000
11663,2299.047,00000000
11664,1605.034,00000000
11665,1124.625,00000000
11666,943.826,00000000
11667,877.358,00000000
11668,854.407,00000000
11669,872.623,00000000
11670,853.310,00000000
11671,845.224,00000000
11672,841.812,00000000
11673,842.211,00000000
11674,841.288,00000000
11675,839.207,00000000
11676,841.930,00000000
11677,843.448,00000000
11678,841.479,00000000
11679,841.868,00000000
11680,841.973,00000000
11681,839.808,00000000
11682,855.850,00000000
11683,1434.495,00000000
11684,1274.015,00000000
11685,1001.734,00000000
11686,900.833,00000000
11687,861.574,00000000
11688,848.056,00000000
11689,845.619,00000000
11690,839.330,00000000
11691,843.114,00000000
11692,841.153,00000000
11693,840.170,00000000
11694,1226.452,00000000
11695,1487.061,00000000
11696,2926.143,00000000
11697,2974.270,00000000
11698,1635.100,00000000
11699,1137.237,00000000
11700,948.194,00000000
11701,884.338,00000000
11702,857.938,00000000
11703,1457.388,00000000
11704,1266.088,00000000
11705,997.067,00000000
11706,918.920,00000000
11707,868.403,00000000
11708,852.500,00000000
11709,842.994,00000000
11710,844.121,00000000
11711,839.795,00000000
11712,841.858,00000000
11713,840.476,00000000
11714,840.394,00000000
11715,840.512,00000000
11716,841.668,00000000
11717,841.050,00000000
11718,864.218,00000000
11719,851.252,00000000
11720,843.634,00000000
11721,840.998,00000000
11722,838.645,00000000
11723,1416.523,00000000
11724,1244.517,00000000
11725,989.840,00000000
11726,897.142,00000000
11727,859.791,00000000
11728,848.041,00000000
11729,845.140,00000000
11730,867.684,00000000
11731,1197.064,00000000
11732,1128.598,00000000
11733,2539.484,00000000
11734,3362.466,00000000
11735,2901.010,00000000
11736,1605.016,00000000
11737,1123.286,00000000
11738,945.791,00000000
11739,4983.562,00000000
11740,6715.476,00000000
11741,7384.371,00000000
11742,7633.853,00000000
11743,8346.013,00000000
11744,8144.188,00000000
11745,7927.438,00000000
11746,7324.743,00000000
11747,3238.600,00000000
11748,1738.350,00000000
11749,1174.714,00000000
11750,968.972,00000000
11751,892.432,00000000
11752,863.217,00000000
11753,856.378,00000000
11754,852.570,00000000
11755,862.902,00000000
11756,855.601,00000000
11757,846.815,00000000
11758,847.939,00000000
11759,4889.951,00000000
11760,6699.003,00000000
11761,7366.319,00000000
11762,7622.800,00000000
11763,8337.523,00000000
11764,8126.892,00000000
11765,8244.340,00000000
11766,7935.564,00000000
11767,5239.075,00000000
11768,2817.377,00000000
11769,1577.583,00000000
11770,1118.321,00000000
11771,950.087,00000000
11772,883.329,00000000
11773,863.031,00000000
11774,854.126,00000000
11775,849.629,00000000
11776,849.314,00000000
11777,847.560,00000000
11778,850.033,00000000
11779,4929.024,00000000
11780,6733.730,00000000
11781,7385.070,00000000
11782,7629.859,00000000
11783,8377.385,00000000
11784,8141.398,00000000
11785,7903.486,00000000
11786,7216.610,00000000
11787,3202.254,00000000
11788,1719.458,00000000
11789,1174.065,00000000
11790,966.451,00000000
11791,920.664,00000000
11792,872.392,00000000
11793,858.190,00000000
11794,853.016,00000000
11795,849.486,00000000
11796,848.779,00000000
11797,847.219,00000000
11798,848.403,00000000
11799,4917.572,00000000
11800,6714.243,00000000
11801,7382.947,00000000
11802,7639.785,00000000
11803,8428.501,00000000
11804,8513.324,00000000
11805,8154.622,00000000
11806,8735.758,00000000
11807,5622.961,00000000
11808,3427.252,00000000
11809,1806.255,00000000
11810,1203.983,00000000
11811,980.302,00000000
11812,898.138,00000000
11813,861.907,00000000
11814,856.253,00000000
11815,860.159,00000000
11816,859.724,00000000
11817,851.242,00000000
11818,852.807,00000000
11819,4953.504,00000000
11820,6715.709,00000000
11821,7390.695,00000000
11822,7635.741,00000000
11823,8362.444,00000000
11824,8119.183,00000000
11825,7913.398,00000000
11826,7076.886,00000000
11827,3147.864,00000000
11828,1714.326,00000000
11829,1163.439,00000000
11830,964.676,00000000
11831,891.258,00000000
11832,862.185,00000000
11833,851.413,00000000
11834,852.276,00000000
11835,847.812,00000000
11836,847.583,00000000
11837,850.118,00000000
11838,847.535,00000000
11839,4984.388,00000000
11840,6763.249,00000000
11841,7773.809,00000000
11842,7908.385,00000000
11843,10060.928,00000000
11844,9681.154,00000000
11845,8505.958,00000000
11846,7245.432,00000000
11847,3213.627,00000000
11848,1725.738,00000000
11849,1172.286,00000000
11850,965.139,00000000
11851,892.243,00000000
11852,884.966,00000000
11853,863.502,00000000
11854,854.212,00000000
11855,853.276,00000000
11856,850.966,00000000
11857,848.907,00000000
11858,846.867,00000000
11859,5023.979,00000000
11860,6752.613,00000000
11861,7402.492,00000000
11862,7631.914,00000000
11863,8400.991,00000000
11864,8137.711,00000000
11865,7912.220,00000000
11866,6949.399,00000000
11867,3106.279,00000000
11868,1684.169,00000000
11869,1159.787,00000000
11870,961.797,00000000
11871,891.124,00000000
11872,863.807,00000000
11873,855.023,00000000
11874,851.041,00000000
11875,847.059,00000000
11876,873.142,00000000
11877,861.443,00000000
11878,852.969,00000000
11879,5310.344,00000000
11880,7932.676,00000000
11881,9328.905,00000000
11882,8344.366,00000000
11883,8611.645,00000000
11884,8215.571,00000000
11885,7924.078,00000000
11886,6892.775,00000000
11887,3080.385,00000000
11888,1683.646,00000000
11889,1164.743,00000000
11890,964.149,00000000
11891,891.089,00000000
11892,863.506,00000000
11893,856.029,00000000
11894,851.169,00000000
11895,851.397,00000000
11896,847.014,00000000
11897,847.549,00000000
11898,848.868,00000000
11899,5066.123,00000000
11900,6765.169,00000000
11901,7410.101,00000000
11902,7623.841,00000000
11903,8389.624,00000000
11904,8117.919,00000000
11905,7909.111,00000000
11906,6878.498,00000000
11907,3078.236,00000000
11908,1673.478,00000000
11909,1152.451,00000000
11910,958.381,00000000
11911,890.219,00000000
11912,862.862,00000000
11913,872.896,00000000
11914,858.132,00000000
11915,851.430,00000000
11916,1002.765,00000000
11917,1145.698,00000000
11918,2307.208,00000000
11919,6791.447,00000000
11920,7404.347,00000000
11921,7642.038,00000000
11922,7718.971,00000000
11923,8448.065,00000000
11924,8098.110,00000000
11925,7903.294,00000000
11926,6839.140,00000000
11927,3062.779,00000000
11928,1665.396,00000000
11929,1150.537,00000000
11930,960.945,00000000
11931,889.647,00000000
11932,865.560,00000000
11933,852.251,00000000
11934,849.975,00000000
11935,849.400,00000000
11936,848.421,00000000
11937,873.732,00000000
11938,855.447,00000000
11939,5259.553,00000000
11940,6837.419,00000000
11941,7414.972,00000000
11942,7641.086,00000000
11943,8316.337,00000000
11944,8162.126,00000000
11945,7917.715,00000000
11946,6791.805,00000000
11947,3042.677,00000000
11948,1658.037,00000000
11949,1176.337,00000000
11950,967.121,00000000
11951,898.140,00000000
11952,862.737,00000000
11953,854.997,00000000
11954,1233.751,00000000
11955,1189.718,00000000
11956,2864.428,00000000
11957,3152.514,00000000
11958,1715.190,00000000
11959,1194.155,00000000
11960,971.933,00000000
11961,892.670,00000000
11962,870.151,00000000
11963,1448.118,00000000
11964,1273.088,00000000
11965,1000.294,00000000
11966,901.422,00000000
11967,863.013,00000000
11968,847.282,00000000
11969,846.824,00000000
11970,841.151,00000000
11971,840.869,00000000
11972,843.234,00000000
11973,840.879,00000000
11974,858.449,00000000
11975,848.213,00000000
11976,843.525,00000000
11977,843.313,00000000
11978,840.795,00000000
11979,842.934,00000000
11980,842.532,00000000
11981,841.865,00000000
11982,841.410,00000000
11983,1459.007,00000000
11984,1264.765,00000000
11985,999.438,00000000
11986,1062.075,00000000
11987,1168.659,00000000
11988,2294.293,00000000
11989,2722.445,00000000
11990,1539.524,00000000
11991,1101.414,00000000
11992,932.799,00000000
11993,874.227,00000000
11994,856.242,00000000
11995,844.806,00000000
11996,840.453,00000000
11997,842.519,00000000
11998,861.094,00000000
11999,850.145,00000000
12000,844.995,00000000
12001,840.248,00000000
12002,844.480,00000000
12003,1422.014,00000000
12004,1271.001,00000000
12005,1000.651,00000000
12006,896.720,00000000
12007,862.164,00000000
12008,847.824,00000000
12009,842.857,00000000
12010,867.339,00000000
12011,853.236,00000000
12012,845.864,00000000
12013,843.324,00000000
12014,840.867,00000000
12015,842.156,00000000
12016,840.809,00000000
12017,841.480,00000000
12018,839.231,00000000
12019,840.468,00000000
12020,840.172,00000000
12021,839.814,00000000
12022,859.131,00000000
12023,1456.115,00000000
12024,1268.862,00000000
12025,997.810,00000000
12026,1205.337,00000000
12027,1154.475,00000000
12028,2366.326,00000000
12029,3341.999,00000000
12030,2005.403,00000000
12031,1271.710,00000000
12032,1002.788,00000000
12033,900.154,00000000
12034,862.695,00000000
12035,865.476,00000000
12036,848.825,00000000
12037,845.283,00000000
12038,840.548,00000000
12039,841.985,00000000
12040,842.598,00000000
12041,841.574,00000000
12042,839.841,00000000
12043,1409.887,00000000
12044,1273.005,00000000
12045,1004.922,00000000
12046,899.737,00000000
12047,882.834,00000000
12048,852.890,00000000
12049,844.492,00000000
12050,841.753,00000000
12051,838.992,00000000
12052,842.786,00000000
12053,838.139,00000000
12054,839.695,00000000
12055,842.128,00000000
12056,842.011,00000000
12057,839.026,00000000
12058,839.381,00000000
12059,860.434,00000000
12060,847.239,00000000
12061,846.747,00000000
12062,1198.906,00000000
12063,2307.895,00000000
12064,3315.447,00000000
12065,2011.490,00000000
12066,1276.241,00000000
12067,1001.402,00000000
12068,901.206,00000000
12069,865.162,00000000
12070,850.253,00000000
12071,868.557,00000000
12072,854.825,00000000
12073,848.086,00000000
12074,843.474,00000000
12075,844.838,00000000
12076,843.186,00000000
12077,841.165,00000000
12078,843.212,00000000
12079,840.492,00000000
12080,843.022,00000000
12081,842.908,00000000
12082,846.075,00000000
12083,1484.256,00000000
12084,1239.881,00000000
12085,989.023,00000000
12086,894.559,00000000
12087,864.441,00000000
12088,849.505,00000000
12089,845.301,00000000
12090,842.900,00000000
12091,839.547,00000000
12092,840.831,00000000
12093,839.496,00000000
12094,1097.408,00000000
12095,1391.266,00000000
12096,1061.651,00000000
12097,922.730,00000000
12098,1253.439,00000000
12099,1214.800,00000000
12100,2912.207,00000000
12101,2745.485,00000000
12102,1546.077,00000000
12103,1621.204,00000000
12104,1384.459,00000000
12105,1042.036,00000000
12106,916.296,00000000
12107,864.571,00000000
12108,864.704,00000000
12109,852.467,00000000
12110,844.127,00000000
12111,842.238,00000000
12112,838.862,00000000
12113,839.696,00000000
12114,841.635,00000000
12115,842.074,00000000
12116,841.197,00000000
12117,840.582,00000000
12118,840.439,00000000
12119,843.780,00000000
12120,860.351,00000000
12121,847.300,00000000
12122,844.219,00000000
12123,1435.213,00000000
12124,1256.020,00000000
12125,995.443,00000000
12126,898.028,00000000
12127,860.383,00000000
12128,846.811,00000000
12129,1170.896,00000000
12130,1947.729,00000000
12131,3122.472,00000000
12132,2469.234,00000000
12133,1442.866,00000000
12134,1067.815,00000000
12135,922.769,00000000
12136,872.946,00000000
12137,848.540,00000000
12138,844.086,00000000
12139,842.456,00000000
12140,840.269,00000000
12141,839.771,00000000
12142,840.213,00000000
12143,1457.775,00000000
12144,1281.874,00000000
12145,1004.786,00000000
12146,900.738,00000000
12147,864.348,00000000
12148,851.716,00000000
12149,844.306,00000000
12150,844.909,00000000
12151,840.847,00000000
12152,843.452,00000000
12153,840.524,00000000
12154,841.904,00000000
12155,840.027,00000000
12156,849.644,00000000
12157,853.436,00000000
12158,846.162,00000000
12159,839.359,00000000
12160,841.312,00000000
12161,840.219,00000000
12162,1189.669,00000000
12163,2509.004,00000000
12164,3286.746,00000000
12165,2150.049,00000000
12166,1325.283,00000000
12167,1020.082,00000000
12168,908.115,00000000
12169,882.463,00000000
12170,855.490,00000000
12171,847.909,00000000
12172,844.431,00000000
12173,841.360,00000000
12174,839.944,00000000
12175,842.587,00000000
12176,840.656,00000000
12177,841.375,00000000
12178,842.957,00000000
12179,838.062,00000000
12180,842.412,00000000
12181,857.625,00000000
12182,846.567,00000000
12183,1442.809,00000000
12184,1255.981,00000000
12185,997.630,00000000
12186,899.848,00000000
12187,859.420,00000000
12188,849.018,00000000
12189,843.800,00000000
12190,841.656,00000000
12191,844.470,00000000
12192,841.058,00000000
12193,865.868,00000000
12194,852.996,00000000
12195,846.395,00000000
12196,839.401,00000000
12197,842.654,00000000
12198,1192.941,00000000
12199,1767.036,00000000
12200,2942.062,00000000
12201,2786.641,00000000
12202,1560.378,00000000
12203,1729.485,00000000
12204,1351.566,00000000
12205,1054.952,00000000
12206,919.910,00000000
12207,869.782,00000000
12208,853.420,00000000
12209,844.563,00000000
12210,838.976,00000000
12211,839.657,00000000
12212,838.191,00000000
12213,839.522,00000000
12214,842.284,00000000
12215,839.636,00000000
12216,843.146,00000000
12217,863.167,00000000
12218,856.304,00000000
12219,845.763,00000000
12220,843.622,00000000
12221,841.661,00000000
12222,841.033,00000000
12223,1421.130,00000000
12224,1259.632,00000000
12225,995.293,00000000
12226,899.580,00000000
12227,862.223,00000000
12228,846.069,00000000
12229,842.294,00000000
12230,857.896,00000000
12231,846.879,00000000
12232,846.970,00000000
12233,1219.439,00000000
12234,1123.176,00000000
12235,2543.235,00000000
12236,2376.936,00000000
12237,1412.882,00000000
12238,1049.753,00000000
12239,918.866,00000000
12240,868.578,00000000
12241,850.793,00000000
12242,861.510,00000000
12243,1451.869,00000000
12244,1260.650,00000000
12245,997.121,00000000
12246,898.777,00000000
12247,862.753,00000000
12248,849.211,00000000
12249,840.382,00000000
12250,840.314,00000000
12251,841.067,00000000
12252,842.104,00000000
12253,840.141,00000000
12254,862.742,00000000
12255,849.706,00000000
12256,843.732,00000000
12257,843.781,00000000
12258,842.132,00000000
12259,840.716,00000000
12260,842.572,00000000
12261,844.032,00000000
12262,843.317,00000000
12263,1409.040,00000000
12264,1516.564,00000000
12265,1286.470,00000000
12266,2587.533,00000000
12267,2919.204,00000000
12268,1618.433,00000000
12269,1128.522,00000000
12270,949.136,00000000
12271,880.201,00000000
12272,854.648,00000000
12273,844.789,00000000
12274,844.133,00000000
12275,842.516,00000000
12276,842.346,00000000
12277,841.103,00000000
12278,868.726,00000000
12279,848.521,00000000
12280,842.639,00000000
12281,844.284,00000000
12282,844.000,00000000
12283,1429.048,00000000
12284,1258.141,00000000
12285,994.631,00000000
12286,900.048,00000000
12287,860.542,00000000
12288,846.844,00000000
12289,842.321,00000000
12290,846.052,00000000
12291,852.435,00000000
12292,845.119,00000000
12293,841.769,00000000
12294,841.712,00000000
12295,840.054,00000000
12296,838.950,00000000
12297,841.719,00000000
12298,837.118,00000000
12299,843.011,00000000
12300,838.557,00000000
12301,840.895,00000000
12302,841.976,00000000
12303,1465.953,00000000
12304,1652.162,00000000
12305,1273.862,00000000
12306,2651.768,00000000
12307,3401.641,00000000
12308,1872.554,00000000
12309,1221.461,00000000
12310,981.823,00000000
12311,894.785,00000000
12312,855.907,00000000
12313,841.906,00000000
12314,841.282,00000000
12315,860.184,00000000
12316,843.612,00000000
12317,845.148,00000000
12318,843.688,00000000
12319,840.216,00000000
12320,841.683,00000000
12321,837.897,00000000
12322,841.186,00000000
12323,1413.059,00000000
12324,1264.477,00000000
12325,998.208,00000000
12326,894.271,00000000
12327,882.487,00000000
12328,856.000,00000000
12329,842.557,00000000
12330,842.841,00000000
12331,838.952,00000000
12332,840.188,00000000
12333,841.520,00000000
12334,840.016,00000000
12335,842.197,00000000
12336,840.136,00000000
12337,841.616,00000000
12338,840.402,00000000
12339,867.121,00000000
12340,853.816,00000000
12341,1223.656,00000000
12342,1189.050,00000000
12343,3530.131,00000000
12344,2361.026,00000000
12345,1404.130,00000000
12346,1046.140,00000000
12347,917.266,00000000
12348,869.418,00000000
12349,848.566,00000000
12350,846.889,00000000
12351,858.449,00000000
12352,850.890,00000000
12353,848.598,00000000
12354,842.902,00000000
12355,842.588,00000000
12356,839.022,00000000
12357,839.184,00000000
12358,841.678,00000000
12359,840.775,00000000
12360,839.464,00000000
12361,840.871,00000000
12362,840.663,00000000
12363,1463.974,00000000
12364,1331.880,00000000
12365,1027.882,00000000
12366,906.865,00000000
12367,867.873,00000000
12368,850.930,00000000
12369,844.511,00000000
12370,843.577,00000000
12371,843.276,00000000
12372,841.057,00000000
12373,838.704,00000000
12374,841.908,00000000
12375,1239.996,00000000
12376,1138.611,00000000
12377,2593.434,00000000
12378,2287.625,00000000
12379,1374.357,00000000
12380,1042.092,00000000
12381,915.845,00000000
12382,865.199,00000000
12383,1380.683,00000000
12384,1212.885,00000000
12385,979.067,00000000
12386,892.397,00000000
12387,858.135,00000000
12388,871.886,00000000
12389,850.968,00000000
12390,848.314,00000000
12391,843.222,00000000
12392,841.739,00000000
12393,843.202,00000000
12394,840.941,00000000
12395,841.582,00000000
12396,840.385,00000000
12397,840.022,00000000
12398,842.129,00000000
12399,840.408,00000000
12400,865.231,00000000
12401,852.558,00000000
12402,844.049,00000000
12403,1446.067,00000000
12404,1195.053,00000000
12405,972.948,00000000
12406,888.365,00000000
12407,859.169,00000000
12408,848.394,00000000
12409,846.368,00000000
12410,842.561,00000000
12411,842.358,00000000
12412,865.392,00000000
12413,847.107,00000000
12414,1194.043,00000000
12415,1756.590,00000000
12416,2945.862,00000000
12417,1843.207,00000000
12418,1213.481,00000000
12419,977.154,00000000
12420,893.063,00000000
12421,859.131,00000000
12422,846.303,00000000
12423,1467.020,00000000
12424,1197.274,00000000
12425,984.366,00000000
12426,894.022,00000000
12427,860.141,00000000
12428,846.524,00000000
12429,841.916,00000000
12430,841.275,00000000
12431,840.943,00000000
12432,840.997,00000000
12433,839.527,00000000
12434,838.921,00000000
12435,841.214,00000000
12436,840.619,00000000
12437,856.691,00000000
12438,849.251,00000000
12439,840.586,00000000
12440,844.022,00000000
12441,840.888,00000000
12442,839.102,00000000
12443,1431.217,00000000
12444,1195.514,00000000
12445,1186.647,00000000
12446,1182.342,00000000
12447,2416.217,00000000
12448,3110.236,00000000
12449,2143.090,00000000
12450,1322.161,00000000
12451,1020.427,00000000
12452,910.214,00000000
12453,866.999,00000000
12454,853.189,00000000
12455,843.538,00000000
12456,842.625,00000000
12457,840.272,00000000
12458,839.798,00000000
12459,839.937,00000000
12460,840.497,00000000
12461,864.468,00000000
12462,852.325,00000000
12463,1453.879,00000000
12464,1198.537,00000000
12465,971.195,00000000
12466,890.529,00000000
12467,857.872,00000000
12468,847.788,00000000
12469,842.314,00000000
12470,838.879,00000000
12471,837.632,00000000
12472,838.477,00000000
12473,866.138,00000000
12474,851.562,00000000
12475,844.832,00000000
12476,842.854,00000000
12477,840.345,00000000
12478,841.698,00000000
12479,839.683,00000000
12480,1159.511,00000000
12481,2051.076,00000000
12482,2929.789,00000000
12483,2265.158,00000000
12484,1486.148,00000000
12485,1093.730,00000000
12486,939.656,00000000
12487,876.297,00000000
12488,852.055,00000000
12489,845.719,00000000
12490,843.124,00000000
12491,841.655,00000000
12492,842.705,00000000
12493,842.144,00000000
12494,841.617,00000000
12495,844.275,00000000
12496,840.469,00000000
12497,843.087,00000000
12498,858.095,00000000
12499,845.676,00000000
12500,842.155,00000000
12501,840.053,00000000
12502,840.868,00000000
12503,1439.510,00000000
12504,1199.947,00000000
12505,974.878,00000000
12506,891.421,00000000
12507,859.870,00000000
12508,850.086,00000000
12509,846.346,00000000
12510,860.966,00000000
12511,1092.779,00000000
12512,1134.105,00000000
12513,2453.971,00000000
12514,3132.460,00000000
12515,2090.894,00000000
12516,1303.407,00000000
12517,1013.287,00000000
12518,904.526,00000000
12519,865.739,00000000
12520,849.585,00000000
12521,843.939,00000000
12522,863.517,00000000
12523,1467.942,00000000
12524,1198.416,00000000
12525,977.922,00000000
12526,893.524,00000000
12527,859.344,00000000
12528,845.025,00000000
12529,843.623,00000000
12530,839.498,00000000
12531,840.185,00000000
12532,841.450,00000000
12533,840.290,00000000
12534,866.001,00000000
12535,851.032,00000000
12536,843.271,00000000
12537,841.241,00000000
12538,840.388,00000000
12539,841.017,00000000
12540,839.206,00000000
12541,842.287,00000000
12542,839.372,00000000
12543,1424.907,00000000
12544,1202.023,00000000
12545,972.023,00000000
12546,913.205,00000000
12547,1262.402,00000000
12548,1129.870,00000000
12549,2596.098,00000000
12550,3349.313,00000000
12551,1847.417,00000000
12552,1214.959,00000000
12553,977.157,00000000
12554,892.370,00000000
12555,859.127,00000000
12556,845.933,00000000
12557,845.383,00000000
12558,844.044,00000000
12559,854.151,00000000
12560,845.635,00000000
12561,843.309,00000000
12562,841.310,00000000
12563,1443.252,00000000
12564,1197.100,00000000
12565,973.120,00000000
12566,889.625,00000000
12567,858.479,00000000
12568,846.060,00000000
12569,843.328,00000000
12570,840.631,00000000
12571,860.599,00000000
12572,849.175,00000000
12573,840.732,00000000
12574,838.548,00000000
12575,841.732,00000000
12576,839.182,00000000
12577,838.549,00000000
12578,837.197,00000000
12579,962.294,00000000
12580,1141.816,00000000
12581,2264.959,00000000
12582,3344.010,00000000
12583,2808.370,00000000
12584,1745.225,00000000
12585,1173.311,00000000
12586,966.793,00000000
12587,885.727,00000000
12588,855.064,00000000
12589,845.630,00000000
12590,842.072,00000000
12591,842.066,00000000
12592,840.450,00000000
12593,838.683,00000000
12594,839.982,00000000
12595,860.278,00000000
12596,851.365,00000000
12597,845.850,00000000
12598,839.848,00000000
12599,842.319,00000000
12600,840.188,00000000
12601,837.753,00000000
12602,837.793,00000000
12603,1421.729,00000000
12604,1245.821,00000000
12605,990.824,00000000
12606,895.822,00000000
12607,885.950,00000000
12608,858.186,00000000
12609,847.925,00000000
12610,845.870,00000000
12611,842.377,00000000
12612,840.234,00000000
12613,841.225,00000000
12614,838.590,00000000
12615,839.610,00000000
12616,841.949,00000000
12617,839.525,00000000
12618,1166.803,00000000
12619,1138.588,00000000
12620,2552.541,00000000
12621,2844.117,00000000
12622,1587.110,00000000
12623,1723.112,00000000
12624,1345.176,00000000
12625,1026.919,00000000
12626,911.845,00000000
12627,866.031,00000000
12628,850.683,00000000
12629,847.963,00000000
12630,838.813,00000000
12631,840.364,00000000
12632,853.906,00000000
12633,847.216,00000000
12634,843.348,00000000
12635,840.735,00000000
12636,842.838,00000000
12637,839.682,00000000
12638,842.838,00000000
12639,840.191,00000000
12640,843.098,00000000
12641,842.004,00000000
12642,841.026,00000000
12643,1462.442,00000000
12644,1259.243,00000000
12645,996.187,00000000
12646,898.979,00000000
12647,856.770,00000000
12648,847.859,00000000
12649,840.603,00000000
12650,846.195,00000000
12651,840.192,00000000
12652,840.302,00000000
12653,840.798,00000000
12654,1221.392,00000000
12655,1211.173,00000000
12656,2772.572,00000000
12657,2335.035,00000000
12658,1395.474,00000000
12659,1045.939,00000000
12660,916.761,00000000
12661,866.626,00000000
12662,849.292,00000000
12663,1431.708,00000000
12664,1251.392,00000000
12665,989.590,00000000
12666,899.093,00000000
12667,861.580,00000000
12668,872.673,00000000
12669,855.576,00000000
12670,843.950,00000000
12671,843.674,00000000
12672,843.135,00000000
12673,843.274,00000000
12674,839.869,00000000
12675,840.074,00000000
12676,837.729,00000000
12677,839.283,00000000
12678,839.042,00000000
12679,841.118,00000000
12680,864.008,00000000
12681,851.287,00000000
12682,844.119,00000000
12683,1452.321,00000000
12684,1243.403,00000000
12685,991.569,00000000
12686,893.523,00000000
12687,861.504,00000000
12688,847.375,00000000
12689,842.496,00000000
12690,1222.835,00000000
12691,1196.795,00000000
12692,2868.340,00000000
12693,3385.338,00000000
12694,2406.983,00000000
12695,1419.124,00000000
12696,1054.621,00000000
12697,921.256,00000000
12698,871.391,00000000
12699,849.494,00000000
12700,845.667,00000000
12701,842.265,00000000
12702,842.643,00000000
12703,1472.443,00000000
12704,1236.561,00000000
12705,1005.338,00000000
12706,898.160,00000000
12707,862.860,00000000
12708,846.151,00000000
12709,842.627,00000000
12710,841.370,00000000
12711,840.266,00000000
12712,837.330,00000000
12713,840.428,00000000
12714,842.253,00000000
12715,839.599,00000000
12716,840.719,00000000
12717,859.750,00000000
12718,846.716,00000000
12719,843.600,00000000
12720,837.810,00000000
12721,838.097,00000000
12722,1193.889,00000000
12723,1723.877,00000000
12724,2952.801,00000000
12725,3313.802,00000000
12726,2260.755,00000000
12727,1366.850,00000000
12728,1034.664,00000000
12729,938.635,00000000
12730,876.518,00000000
12731,851.775,00000000
12732,846.199,00000000
12733,842.765,00000000
12734,839.113,00000000
12735,842.884,00000000
12736,837.647,00000000
12737,842.453,00000000
12738,842.832,00000000
12739,844.299,00000000
12740,840.247,00000000
12741,863.603,00000000
12742,854.085,00000000
12743,1456.869,00000000
12744,1235.042,00000000
12745,986.718,00000000
12746,897.242,00000000
12747,861.161,00000000
12748,847.034,00000000
12749,843.248,00000000
12750,842.207,00000000
12751,840.033,00000000
12752,839.358,00000000
12753,851.676,00000000
12754,854.719,00000000
12755,844.236,00000000
12756,841.148,00000000
12757,842.056,00000000
12758,842.670,00000000
12759,840.794,00000000
12760,840.523,00000000
12761,1166.927,00000000
12762,1975.449,00000000
12763,3694.185,00000000
12764,3815.764,00000000
12765,1993.813,00000000
12766,1283.951,00000000
12767,1003.272,00000000
12768,902.027,00000000
12769,863.777,00000000
12770,851.999,00000000
12771,846.543,00000000
12772,841.290,00000000
12773,841.061,00000000
12774,842.404,00000000
12775,842.155,00000000
12776,840.601,00000000
12777,836.537,00000000
12778,857.017,00000000
12779,847.429,00000000
12780,839.300,00000000
12781,843.291,00000000
12782,841.439,00000000
12783,1439.447,00000000
12784,1235.068,00000000
12785,986.399,00000000
12786,897.119,00000000
12787,861.060,00000000
12788,847.156,00000000
12789,847.162,00000000
12790,864.742,00000000
12791,846.177,00000000
12792,842.061,00000000
12793,841.437,00000000
12794,837.887,00000000
12795,841.510,00000000
12796,839.059,00000000
12797,838.315,00000000
12798,843.358,00000000
12799,841.523,00000000
12800,842.664,00000000
12801,1161.811,00000000
12802,2068.956,00000000
12803,3901.311,00000000
12804,3794.347,00000000
12805,1960.573,00000000
12806,1255.190,00000000
12807,997.115,00000000
12808,895.087,00000000
12809,861.546,00000000
12810,849.014,00000000
12811,841.835,00000000
12812,843.532,00000000
12813,843.008,00000000
12814,863.855,00000000
12815,853.662,00000000
12816,847.145,00000000
12817,844.995,00000000
12818,842.845,00000000
12819,842.054,00000000
12820,837.958,00000000
12821,842.928,00000000
12822,838.988,00000000
12823,1428.956,00000000
12824,1240.534,00000000
12825,991.308,00000000
12826,896.723,00000000
12827,874.026,00000000
12828,857.599,00000000
12829,848.516,00000000
12830,844.640,00000000
12831,841.030,00000000
12832,1204.977,00000000
12833,1508.740,00000000
12834,2785.228,00000000
12835,2914.732,00000000
12836,1610.677,00000000
12837,1125.191,00000000
12838,947.355,00000000
12839,897.766,00000000
12840,861.228,00000000
12841,850.691,00000000
12842,844.995,00000000
12843,1446.068,00000000
12844,1237.333,00000000
12845,988.445,00000000
12846,893.123,00000000
12847,862.221,00000000
12848,848.761,00000000
12849,841.178,00000000
12850,844.371,00000000
12851,862.230,00000000
12852,849.801,00000000
12853,844.092,00000000
12854,844.644,00000000
12855,842.154,00000000
12856,842.511,00000000
12857,843.055,00000000
12858,839.896,00000000
12859,839.946,00000000
12860,841.892,00000000
12861,840.147,00000000
12862,840.252,00000000
12863,1485.361,00000000
12864,1237.646,00000000
12865,989.974,00000000
12866,892.359,00000000
12867,858.075,00000000
12868,847.734,00000000
12869,1046.520,00000000
12870,1132.901,00000000
12871,2381.849,00000000
12872,2640.742,00000000
12873,1510.473,00000000
12874,1087.978,00000000
12875,956.994,00000000
12876,886.471,00000000
12877,857.069,00000000
12878,845.849,00000000
12879,843.452,00000000
12880,841.696,00000000
12881,839.973,00000000
12882,840.302,00000000
12883,1430.754,00000000
12884,1234.882,00000000
12885,985.112,00000000
12886,893.511,00000000
12887,867.158,00000000
12888,862.889,00000000
12889,849.358,00000000
12890,841.030,00000000
12891,841.555,00000000
12892,841.724,00000000
12893,841.799,00000000
12894,842.356,00000000
12895,838.309,00000000
12896,843.533,00000000
12897,840.546,00000000
12898,840.848,00000000
12899,840.733,00000000
12900,854.887,00000000
12901,1210.921,00000000
12902,1510.855,00000000
12903,3691.647,00000000
12904,3284.811,00000000
12905,1749.030,00000000
12906,1175.750,00000000
12907,964.040,00000000
12908,884.927,00000000
12909,859.535,00000000
12910,844.814,00000000
12911,845.224,00000000
12912,861.715,00000000
12913,850.130,00000000
12914,842.597,00000000
12915,842.850,00000000
12916,842.161,00000000
12917,839.110,00000000
12918,839.438,00000000
12919,843.771,00000000
12920,841.690,00000000
12921,839.203,00000000
12922,838.853,00000000
12923,1474.938,00000000
12924,1225.412,00000000
12925,985.631,00000000
12926,895.984,00000000
12927,860.028,00000000
12928,847.780,00000000
12929,843.582,00000000
12930,841.808,00000000
12931,842.719,00000000
12932,839.889,00000000
12933,838.661,00000000
12934,843.831,00000000
12935,1216.584,00000000
12936,1296.306,00000000
12937,2937.339,00000000
12938,3583.896,00000000
12939,2479.979,00000000
12940,1448.258,00000000
12941,1067.666,00000000
12942,924.786,00000000
12943,1407.072,00000000
12944,1275.333,00000000
12945,1002.129,00000000
12946,902.614,00000000
12947,862.152,00000000
12948,867.219,00000000
12949,856.695,00000000
12950,843.972,00000000
12951,841.406,00000000
12952,838.987,00000000
12953,839.533,00000000
12954,843.625,00000000
12955,841.391,00000000
12956,839.029,00000000
12957,842.724,00000000
12958,842.137,00000000
12959,841.717,00000000
12960,843.280,00000000
12961,858.614,00000000
12962,846.025,00000000
12963,1459.969,00000000
12964,1244.924,00000000
12965,987.889,00000000
12966,894.250,00000000
12967,860.554,00000000
12968,846.578,00000000
12969,846.629,00000000
12970,840.828,00000000
12971,842.793,00000000
12972,840.367,00000000
12973,859.421,00000000
12974,1239.208,00000000
12975,1124.344,00000000
12976,2568.940,00000000
12977,3362.668,00000000
12978,1900.528,00000000
12979,1231.176,00000000
12980,984.208,00000000
12981,896.067,00000000
12982,860.125,00000000
12983,1482.652,00000000
12984,1237.363,00000000
12985,1010.542,00000000
12986,904.997,00000000
12987,865.688,00000000
12988,853.777,00000000
12989,848.468,00000000
12990,842.360,00000000
12991,842.806,00000000
12992,842.616,00000000
12993,841.910,00000000
12994,838.222,00000000
12995,839.701,00000000
12996,838.895,00000000
12997,866.240,00000000
12998,851.230,00000000
12999,844.004,00000000
13000,841.055,00000000
13001,838.973,00000000
13002,841.169,00000000
13003,1443.278,00000000
13004,1248.199,00000000
13005,992.863,00000000
13006,893.181,00000000
13007,1216.295,00000000
13008,1134.329,00000000
13009,2527.802,00000000
13010,3315.368,00000000
13011,1907.990,00000000
13012,1234.986,00000000
13013,987.531,00000000
13014,895.604,00000000
13015,863.183,00000000
13016,845.107,00000000
13017,845.125,00000000
13018,842.277,00000000
13019,841.589,00000000
13020,839.930,00000000
13021,840.123,00000000
13022,854.474,00000000
13023,1468.956,00000000
13024,1240.792,00000000
13025,989.111,00000000
13026,894.066,00000000
13027,857.517,00000000
13028,847.964,00000000
13029,841.480,00000000
13030,838.810,00000000
13031,842.573,00000000
13032,840.547,00000000
13033,843.089,00000000
13034,856.108,00000000
13035,847.612,00000000
13036,846.549,00000000
13037,843.571,00000000
13038,842.276,00000000
13039,836.736,00000000
13040,841.909,00000000
13041,838.866,00000000
13042,842.257,00000000
13043,1427.761,00000000
13044,1249.184,00000000
13045,992.268,00000000
13046,1256.225,00000000
13047,1911.693,00000000
13048,3026.146,00000000
13049,2597.469,00000000
13050,1495.341,00000000
13051,1084.014,00000000
13052,928.732,00000000
13053,871.856,00000000
13054,856.190,00000000
13055,846.759,00000000
13056,840.901,00000000
13057,841.831,00000000
13058,863.974,00000000
13059,850.074,00000000
13060,842.462,00000000
13061,843.223,00000000
13062,839.834,00000000
13063,1449.104,00000000
13064,1244.874,00000000
13065,989.775,00000000
13066,897.349,00000000
13067,860.211,00000000
13068,847.956,00000000
13069,843.362,00000000
13070,864.920,00000000
13071,849.751,00000000
13072,846.463,00000000
13073,843.736,00000000
13074,839.140,00000000
13075,839.540,00000000
13076,841.640,00000000
13077,838.181,00000000
13078,844.248,00000000
13079,841.211,00000000
13080,1185.171,00000000
13081,1858.240,00000000
13082,2950.938,00000000
13083,2425.651,00000000
13084,1611.606,00000000
13085,1124.962,00000000
13086,946.425,00000000
13087,877.755,00000000
13088,856.192,00000000
13089,843.542,00000000
13090,843.447,00000000
13091,841.969,00000000
13092,839.779,00000000
13093,843.156,00000000
13094,840.698,00000000
13095,854.331,00000000
13096,845.015,00000000
13097,837.656,00000000
13098,838.216,00000000
13099,838.327,00000000
13100,840.189,00000000
13101,838.706,00000000
13102,840.309,00000000
13103,1430.149,00000000
13104,1258.530,00000000
13105,996.550,00000000
13106,896.255,00000000
13107,879.602,00000000
13108,854.960,00000000
13109,844.273,00000000
13110,840.826,00000000
13111,840.320,00000000
13112,1216.780,00000000
13113,1264.523,00000000
13114,2923.682,00000000
13115,3580.652,00000000
13116,2303.013,00000000
13117,1380.938,00000000
13118,1040.722,00000000
13119,938.974,00000000
13120,876.813,00000000
13121,852.182,00000000
13122,844.169,00000000
13123,1452.070,00000000
13124,1226.658,00000000
13125,985.693,00000000
13126,892.190,00000000
13127,858.669,00000000
13128,847.926,00000000
13129,840.236,00000000
13130,840.781,00000000
13131,866.025,00000000
13132,849.508,00000000
13133,843.278,00000000
13134,840.770,00000000
13135,843.548,00000000
13136,841.231,00000000
13137,839.821,00000000
13138,842.127,00000000
13139,3640.052,00000000
13140,6253.567,00000000
13141,7211.607,00000000
13142,7568.549,00000000
13143,8374.535,00000000
13144,8129.132,00000000
13145,8236.582,00000000
13146,8818.430,00000000
13147,6253.728,00000000
13148,4647.260,00000000
13149,2279.539,00000000
13150,1379.941,00000000
13151,1045.917,00000000
13152,921.179,00000000
13153,877.335,00000000
13154,860.017,00000000
13155,849.768,00000000
13156,863.763,00000000
13157,853.873,00000000
13158,847.624,00000000
13159,3471.779,00000000
13160,6171.287,00000000
13161,7173.879,00000000
13162,7557.257,00000000
13163,8352.333,00000000
13164,9578.458,00000000
13165,9837.679,00000000
13166,9925.901,00000000
13167,6494.235,00000000
13168,4455.053,00000000
13169,3697.667,00000000
13170,3396.202,00000000
13171,3292.777,00000000
13172,3385.819,00000000
13173,3435.960,00000000
13174,3304.323,00000000
13175,1773.001,00000000
13176,1191.394,00000000
13177,977.094,00000000
13178,897.207,00000000
13179,3571.455,00000000
13180,6611.554,00000000
13181,7545.408,00000000
13182,9450.604,00000000
13183,10745.367,00000000
13184,9517.499,00000000
13185,8406.384,00000000
13186,8016.507,00000000
13187,4394.138,00000000
13188,2158.512,00000000
13189,1335.747,00000000
13190,1028.246,00000000
13191,915.164,00000000
13192,896.000,00000000
13193,865.032,00000000
13194,855.748,00000000
13195,850.504,00000000
13196,847.168,00000000
13197,847.748,00000000
13198,848.277,00000000
13199,3553.449,00000000
13200,6223.028,00000000
13201,7195.870,00000000
13202,7551.015,00000000
13203,8338.021,00000000
13204,8140.658,00000000
13205,7910.978,00000000
13206,7814.532,00000000
13207,4315.993,00000000
13208,2130.111,00000000
13209,1321.092,00000000
13210,1022.711,00000000
13211,914.848,00000000
13212,870.918,00000000
13213,858.259,00000000
13214,1205.475,00000000
13215,1740.555,00000000
13216,2997.746,00000000
13217,2074.178,00000000
13218,1300.126,00000000
13219,3666.948,00000000
13220,6267.583,00000000
13221,7208.467,00000000
13222,7590.579,00000000
13223,8382.458,00000000
13224,8123.560,00000000
13225,7904.920,00000000
13226,7829.598,00000000
13227,4311.373,00000000
13228,2139.381,00000000
13229,1331.515,00000000
13230,1027.015,00000000
13231,913.859,00000000
13232,872.169,00000000
13233,855.317,00000000
13234,849.211,00000000
13235,848.482,00000000
13236,848.612,00000000
13237,847.113,00000000
13238,849.849,00000000
13239,3502.782,00000000
13240,6196.901,00000000
13241,7200.893,00000000
13242,7553.481,00000000
13243,8378.214,00000000
13244,8090.888,00000000
13245,7891.141,00000000
13246,7818.489,00000000
13247,4316.218,00000000
13248,2495.884,00000000
13249,1867.074,00000000
13250,3036.047,00000000
13251,3041.621,00000000
13252,1665.965,00000000
13253,1168.587,00000000
13254,966.630,00000000
13255,890.863,00000000
13256,863.362,00000000
13257,856.285,00000000
13258,848.592,00000000
13259,3494.303,00000000
13260,6185.333,00000000
13261,7181.919,00000000
13262,7555.157,00000000
13263,8356.067,00000000
13264,8119.373,00000000
13265,7922.843,00000000
13266,7824.776,00000000
13267,4321.856,00000000
13268,2132.257,00000000
13269,1321.299,00000000
13270,1022.714,00000000
13271,913.886,00000000
13272,871.428,00000000
13273,858.557,00000000
13274,848.758,00000000
13275,848.185,00000000
13276,848.309,00000000
13277,870.081,00000000
13278,855.711,00000000
13279,3480.841,00000000
13280,6181.452,00000000
13281,7188.764,00000000
13282,7564.135,00000000
13283,8373.583,00000000
13284,8119.232,00000000
13285,7899.576,00000000
13286,8166.259,00000000
13287,4936.676,00000000
13288,4335.892,00000000
13289,3383.016,00000000
13290,1791.725,00000000
13291,1197.744,00000000
13292,978.447,00000000
13293,894.612,00000000
13294,865.652,00000000
13295,855.562,00000000
13296,850.277,00000000
13297,847.657,00000000
13298,850.008,00000000
13299,3516.911,00000000
13300,6201.918,00000000
13301,7211.866,00000000
13302,7554.167,00000000
13303,8385.403,00000000
13304,8091.199,00000000
13305,7894.425,00000000
13306,7811.891,00000000
13307,4297.958,00000000
13308,2124.878,00000000
13309,1320.940,00000000
13310,1025.976,00000000
13311,913.544,00000000
13312,871.254,00000000
13313,855.928,00000000
13314,867.939,00000000
13315,856.522,00000000
13316,852.314,00000000
13317,1167.617,00000000
13318,2064.381,00000000
13319,5553.658,00000000
13320,6957.704,00000000
13321,7482.960,00000000
13322,7667.864,00000000
13323,8392.911,00000000
13324,8104.862,00000000
13325,7888.249,00000000
13326,7843.390,00000000
13327,4297.138,00000000
13328,2123.024,00000000
13329,1319.875,00000000
13330,1024.949,00000000
13331,912.331,00000000
13332,871.398,00000000
13333,853.739,00000000
13334,849.066,00000000
13335,846.517,00000000
13336,849.950,00000000
13337,849.669,00000000
13338,869.280,00000000
13339,3769.804,00000000
13340,6287.618,00000000
13341,7222.635,00000000
13342,7573.350,00000000
13343,8325.483,00000000
13344,8134.655,00000000
13345,7908.032,00000000
13346,7824.386,00000000
13347,4590.407,00000000
13348,3162.681,00000000
13349,3438.510,00000000
13350,2833.130,00000000
13351,1583.505,00000000
13352,1121.441,00000000
13353,953.067,00000000
13354,883.153,00000000
13355,860.947,00000000
13356,855.531,00000000
13357,850.441,00000000
13358,851.520,00000000
13359,893.747,00000000
13360,858.721,00000000
13361,849.285,00000000
13362,866.545,00000000
13363,1486.228,00000000
13364,1364.078,00000000
13365,1047.536,00000000
13366,914.724,00000000
13367,868.125,00000000
13368,850.678,00000000
13369,842.653,00000000
13370,847.348,00000000
13371,840.942,00000000
13372,840.078,00000000
13373,843.164,00000000
13374,848.008,00000000
13375,851.679,00000000
13376,848.024,00000000
13377,839.457,00000000
13378,835.818,00000000
13379,840.027,00000000
13380,840.065,00000000
13381,840.399,00000000
13382,840.850,00000000
13383,1378.933,00000000
13384,1270.118,00000000
13385,1000.016,00000000
13386,901.776,00000000
13387,1205.970,00000000
13388,1986.050,00000000
13389,3146.592,00000000
13390,2445.512,00000000
13391,1437.396,00000000
13392,1058.451,00000000
13393,923.209,00000000
13394,873.064,00000000
13395,853.266,00000000
13396,848.437,00000000
13397,840.794,00000000
13398,844.597,00000000
13399,859.428,00000000
13400,849.545,00000000
13401,845.747,00000000
13402,840.363,00000000
13403,1457.696,00000000
13404,1253.116,00000000
13405,993.742,00000000
13406,897.251,00000000
13407,858.422,00000000
13408,847.665,00000000
13409,843.242,00000000
13410,843.502,00000000
13411,863.798,00000000
13412,848.777,00000000
13413,844.403,00000000
13414,844.199,00000000
13415,839.306,00000000
13416,842.132,00000000
13417,840.696,00000000
13418,841.583,00000000
13419,1176.661,00000000
13420,1920.107,00000000
13421,2973.147,00000000
13422,1722.846,00000000
13423,1828.998,00000000
13424,1379.840,00000000
13425,1040.698,00000000
13426,912.988,00000000
13427,868.265,00000000
13428,849.639,00000000
13429,845.154,00000000
13430,841.569,00000000
13431,840.913,00000000
13432,842.328,00000000
13433,839.937,00000000
13434,843.001,00000000
13435,864.420,00000000
13436,850.274,00000000
13437,843.919,00000000
13438,840.164,00000000
13439,839.605,00000000
13440,840.331,00000000
13441,841.060,00000000
13442,841.816,00000000
13443,1444.472,00000000
13444,1257.084,00000000
13445,994.035,00000000
13446,898.751,00000000
13447,861.929,00000000
13448,863.333,00000000
13449,847.919,00000000
13450,844.886,00000000
13451,841.555,00000000
13452,840.375,00000000
13453,840.097,00000000
13454,841.943,00000000
13455,1131.468,00000000
13456,1130.842,00000000
13457,2506.507,00000000
13458,3391.057,00000000
13459,2992.850,00000000
13460,1658.278,00000000
13461,1145.016,00000000
13462,949.405,00000000
13463,1505.553,00000000
13464,1268.606,00000000
13465,1001.571,00000000
13466,899.774,00000000
13467,863.347,00000000
13468,848.590,00000000
13469,845.563,00000000
13470,842.127,00000000
13471,840.947,00000000
13472,860.945,00000000
13473,848.401,00000000
13474,840.504,00000000
13475,841.658,00000000
13476,842.827,00000000
13477,840.098,00000000
13478,839.279,00000000
13479,841.614,00000000
13480,839.912,00000000
13481,839.909,00000000
13482,837.671,00000000
13483,1483.432,00000000
13484,1270.626,00000000
13485,1000.976,00000000
13486,899.630,00000000
13487,864.298,00000000
13488,1240.607,00000000
13489,1123.662,00000000
13490,2561.462,00000000
13491,3351.887,00000000
13492,1876.264,00000000
13493,1226.111,00000000
13494,984.012,00000000
13495,896.353,00000000
13496,885.093,00000000
13497,858.256,00000000
13498,843.493,00000000
13499,839.124,00000000
13500,843.379,00000000
13501,841.113,00000000
13502,841.462,00000000
13503,1444.212,00000000
13504,1255.193,00000000
13505,991.369,00000000
13506,896.320,00000000
13507,860.555,00000000
13508,853.454,00000000
13509,854.770,00000000
13510,845.955,00000000
13511,844.369,00000000
13512,839.936,00000000
13513,838.433,00000000
13514,839.935,00000000
13515,841.021,00000000
13516,841.899,00000000
13517,839.418,00000000
13518,839.035,00000000
13519,840.980,00000000
13520,838.186,00000000
13521,854.748,00000000
13522,845.330,00000000
13523,1472.791,00000000
13524,1250.284,00000000
13525,992.428,00000000
13526,895.298,00000000
13527,1254.289,00000000
13528,1126.284,00000000
13529,2744.805,00000000
13530,2948.816,00000000
13531,1625.963,00000000
13532,1129.603,00000000
13533,970.967,00000000
13534,885.643,00000000
13535,856.242,00000000
13536,849.935,00000000
13537,843.496,00000000
13538,839.437,00000000
13539,839.570,00000000
13540,839.118,00000000
13541,840.132,00000000
13542,841.024,00000000
13543,1434.328,00000000
13544,1255.430,00000000
13545,1015.415,00000000
13546,908.676,00000000
13547,864.487,00000000
13548,846.611,00000000
13549,839.511,00000000
13550,840.428,00000000
13551,840.625,00000000
13552,836.825,00000000
13553,842.236,00000000
13554,838.767,00000000
13555,837.831,00000000
13556,840.904,00000000
13557,868.511,00000000
13558,851.093,00000000
13559,1212.627,00000000
13560,1381.028,00000000
13561,2990.288,00000000
13562,3296.470,00000000
13563,2385.783,00000000
13564,1601.790,00000000
13565,1122.080,00000000
13566,945.068,00000000
13567,878.979,00000000
13568,856.419,00000000
13569,869.542,00000000
13570,854.242,00000000
13571,846.974,00000000
13572,843.887,00000000
13573,837.240,00000000
13574,839.285,00000000
13575,840.730,00000000
13576,839.500,00000000
13577,843.908,00000000
13578,838.531,00000000
13579,838.424,00000000
13580,840.672,00000000
13581,836.699,00000000
13582,853.703,00000000
13583,1479.606,00000000
13584,1261.745,00000000
13585,994.021,00000000
13586,900.652,00000000
13587,865.059,00000000
13588,848.860,00000000
13589,844.086,00000000
13590,842.354,00000000
13591,840.169,00000000
13592,841.522,00000000
13593,842.093,00000000
13594,857.699,00000000
13595,849.902,00000000
13596,895.547,00000000
13597,1150.705,00000000
13598,2190.743,00000000
13599,3217.153,00000000
13600,3634.446,00000000
13601,2055.066,00000000
13602,1288.994,00000000
13603,1605.238,00000000
13604,1325.894,00000000
13605,1021.675,00000000
13606,929.341,00000000
13607,873.807,00000000
13608,854.492,00000000
13609,844.273,00000000
13610,842.479,00000000
13611,839.694,00000000
13612,840.026,00000000
13613,840.633,00000000
13614,841.113,00000000
13615,836.683,00000000
13616,842.408,00000000
13617,839.613,00000000
13618,862.284,00000000
13619,853.408,00000000
13620,842.036,00000000
13621,842.077,00000000
13622,839.905,00000000
13623,1456.251,00000000
13624,1262.080,00000000
13625,997.229,00000000
13626,899.390,00000000
13627,863.642,00000000
13628,850.084,00000000
13629,844.938,00000000
13630,865.433,00000000
13631,849.359,00000000
13632,843.094,00000000
13633,1179.519,00000000
13634,1879.533,00000000
13635,3016.995,00000000
13636,3571.830,00000000
13637,2010.811,00000000
13638,1276.819,00000000
13639,1002.180,00000000
13640,899.551,00000000
13641,865.468,00000000
13642,851.945,00000000
13643,1495.344,00000000
13644,1266.871,00000000
13645,994.786,00000000
13646,898.573,00000000
13647,862.821,00000000
13648,847.318,00000000
13649,844.123,00000000
13650,842.858,00000000
13651,842.730,00000000
13652,841.773,00000000
13653,840.443,00000000
13654,842.279,00000000
13655,854.964,00000000
13656,847.843,00000000
13657,842.099,00000000
13658,845.328,00000000
13659,844.153,00000000
13660,845.859,00000000
13661,842.249,00000000
13662,840.971,00000000
13663,1441.420,00000000
13664,1267.369,00000000
13665,1001.324,00000000
13666,898.554,00000000
13667,885.054,00000000
13668,856.640,00000000
13669,846.612,00000000
13670,846.380,00000000
13671,844.635,00000000
13672,1226.294,00000000
13673,1121.926,00000000
13674,2548.875,00000000
13675,2352.116,00000000
13676,1401.047,00000000
13677,1048.764,00000000
13678,916.820,00000000
13679,895.877,00000000
13680,860.304,00000000
13681,847.267,00000000
13682,843.537,00000000
13683,1460.245,00000000
13684,1264.635,00000000
13685,996.588,00000000
13686,899.998,00000000
13687,863.412,00000000
13688,849.072,00000000
13689,842.173,00000000
13690,841.475,00000000
13691,868.942,00000000
13692,850.759,00000000
13693,846.007,00000000
13694,841.104,00000000
13695,844.471,00000000
13696,837.716,00000000
13697,842.058,00000000
13698,842.508,00000000
13699,841.952,00000000
13700,842.593,00000000
13701,840.513,00000000
13702,840.320,00000000
13703,1492.370,00000000
13704,1270.132,00000000
13705,996.707,00000000
13706,898.245,00000000
13707,861.221,00000000
13708,848.683,00000000
13709,1178.228,00000000
13710,1126.682,00000000
13711,2540.813,00000000
13712,2475.386,00000000
13713,1446.286,00000000
13714,1066.989,00000000
13715,925.288,00000000
13716,888.558,00000000
13717,856.478,00000000
13718,846.857,00000000
13719,839.910,00000000
13720,840.666,00000000
13721,836.703,00000000
13722,840.329,00000000
13723,1444.537,00000000
13724,1264.352,00000000
13725,998.931,00000000
13726,897.479,00000000
13727,864.847,00000000
13728,866.204,00000000
13729,851.290,00000000
13730,844.563,00000000
13731,842.386,00000000
13732,842.125,00000000
13733,838.734,00000000
13734,841.657,00000000
13735,839.266,00000000
13736,842.100,00000000
13737,840.828,00000000
13738,838.503,00000000
13739,839.660,00000000
13740,860.906,00000000
13741,845.716,00000000
13742,1203.326,00000000
13743,2360.674,00000000
13744,3274.279,00000000
13745,2048.608,00000000
13746,1288.753,00000000
13747,1007.784,00000000
13748,898.665,00000000
13749,860.553,00000000
13750,848.539,00000000
13751,841.868,00000000
13752,867.820,00000000
13753,851.626,00000000
13754,843.815,00000000
13755,842.329,00000000
13756,842.374,00000000
13757,843.241,00000000
13758,840.094,00000000
13759,841.438,00000000
13760,841.754,00000000
13761,842.816,00000000
13762,841.352,00000000
13763,1435.774,00000000
13764,1279.366,00000000
13765,1005.122,00000000
13766,902.097,00000000
13767,863.985,00000000
13768,850.091,00000000
13769,846.521,00000000
13770,841.582,00000000
13771,838.591,00000000
13772,840.822,00000000
13773,840.233,00000000
13774,840.160,00000000
13775,840.962,00000000
13776,841.775,00000000
13777,852.408,00000000
13778,846.085,00000000
13779,841.678,00000000
13780,839.777,00000000
13781,1160.967,00000000
13782,2035.139,00000000
13783,3950.183,00000000
13784,3853.194,00000000
13785,1986.156,00000000
13786,1265.354,00000000
13787,997.829,00000000
13788,898.649,00000000
13789,881.895,00000000
13790,855.459,00000000
13791,847.661,00000000
13792,838.863,00000000
13793,840.098,00000000
13794,839.140,00000000
13795,842.209,00000000
13796,841.806,00000000
13797,839.429,00000000
13798,843.913,00000000
13799,839.233,00000000
13800,842.177,00000000
13801,861.295,00000000
13802,849.381,00000000
13803,1478.233,00000000
13804,1252.414,00000000
13805,992.119,00000000
13806,899.038,00000000
13807,858.992,00000000
13808,846.370,00000000
13809,844.681,00000000
13810,839.276,00000000
13811,842.583,00000000
13812,840.362,00000000
13813,866.182,00000000
13814,851.902,00000000
13815,844.593,00000000
13816,845.531,00000000
13817,840.536,00000000
13818,840.815,00000000
13819,842.164,00000000
13820,1234.051,00000000
13821,1117.708,00000000
13822,2605.277,00000000
13823,2832.708,00000000
13824,1771.392,00000000
13825,1213.083,00000000
13826,977.634,00000000
13827,893.132,00000000
13828,860.273,00000000
13829,846.674,00000000
13830,840.977,00000000
13831,840.335,00000000
13832,839.485,00000000
13833,841.071,00000000
13834,840.398,00000000
13835,842.266,00000000
13836,837.610,00000000
13837,842.057,00000000
13838,851.267,00000000
13839,843.816,00000000
13840,839.741,00000000
13841,840.329,00000000
13842,839.131,00000000
13843,1458.513,00000000
13844,1252.877,00000000
13845,991.793,00000000
13846,896.800,00000000
13847,861.175,00000000
13848,849.079,00000000
13849,844.984,00000000
13850,858.588,00000000
13851,847.700,00000000
13852,1178.624,00000000
13853,1892.111,00000000
13854,3083.577,00000000
13855,1951.552,00000000
13856,1250.908,00000000
13857,992.133,00000000
13858,895.596,00000000
13859,859.767,00000000
13860,846.174,00000000
13861,843.930,00000000
13862,861.724,00000000
13863,1485.593,00000000
13864,1249.828,00000000
13865,991.541,00000000
13866,894.388,00000000
13867,856.768,00000000
13868,846.921,00000000
13869,840.351,00000000
13870,841.331,00000000
13871,841.018,00000000
13872,839.483,00000000
13873,839.662,00000000
13874,866.762,00000000
13875,851.179,00000000
13876,844.191,00000000
13877,840.750,00000000
13878,841.513,00000000
13879,839.130,00000000
13880,840.430,00000000
13881,840.377,00000000
13882,838.124,00000000
13883,1439.110,00000000
13884,1253.921,00000000
13885,992.591,00000000
13886,1055.044,00000000
13887,1175.255,00000000
13888,2285.907,00000000
13889,3071.373,00000000
13890,2207.090,00000000
13891,1349.579,00000000
13892,1029.069,00000000
13893,909.200,00000000
13894,865.264,00000000
13895,851.939,00000000
13896,844.269,00000000
13897,841.848,00000000
13898,858.489,00000000
13899,852.039,00000000
13900,845.290,00000000
13901,844.271,00000000
13902,840.354,00000000
13903,1466.644,00000000
13904,1247.997,00000000
13905,991.600,00000000
13906,898.066,00000000
13907,859.561,00000000
13908,846.640,00000000
13909,843.385,00000000
13910,840.152,00000000
13911,852.265,00000000
13912,848.247,00000000
13913,842.840,00000000
13914,841.672,00000000
13915,840.310,00000000
13916,839.867,00000000
13917,843.862,00000000
13918,839.434,00000000
13919,843.291,00000000
13920,843.320,00000000
13921,837.712,00000000
13922,842.673,00000000
13923,1932.515,00000000
13924,1539.442,00000000
13925,2766.054,00000000
13926,2285.507,00000000
13927,1375.713,00000000
13928,1038.702,00000000
13929,914.914,00000000
13930,867.563,00000000
13931,849.045,00000000
13932,842.926,00000000
13933,842.966,00000000
13934,839.690,00000000
13935,859.910,00000000
13936,847.657,00000000
13937,842.311,00000000
13938,841.970,00000000
13939,842.873,00000000
13940,839.120,00000000
13941,839.889,00000000
13942,838.280,00000000
13943,1445.676,00000000
13944,1263.818,00000000
13945,995.427,00000000
13946,897.946,00000000
13947,886.007,00000000
13948,857.021,00000000
13949,845.562,00000000
13950,841.308,00000000
13951,841.592,00000000
13952,841.823,00000000
13953,838.559,00000000
13954,1180.547,00000000
13955,1122.378,00000000
13956,2414.166,00000000
13957,3313.670,00000000
13958,2889.168,00000000
13959,1623.005,00000000
13960,1132.680,00000000
13961,948.970,00000000
13962,880.511,00000000
13963,1486.623,00000000
13964,1264.326,00000000
13965,997.747,00000000
13966,899.251,00000000
13967,864.006,00000000
13968,848.660,00000000
13969,843.256,00000000
13970,838.991,00000000
13971,837.195,00000000
13972,853.109,00000000
13973,843.598,00000000
13974,845.680,00000000
13975,840.416,00000000
13976,838.832,00000000
13977,840.974,00000000
13978,839.265,00000000
13979,840.425,00000000
13980,840.969,00000000
13981,841.578,00000000
13982,841.854,00000000
13983,1488.273,00000000
13984,1270.517,00000000
13985,997.191,00000000
13986,899.999,00000000
13987,859.772,00000000
13988,847.969,00000000
13989,844.053,00000000
13990,841.121,00000000
13991,839.028,00000000
13992,901.768,00000000
13993,1141.842,00000000
13994,2233.465,00000000
13995,2760.255,00000000
13996,1576.876,00000000
13997,1113.770,00000000
13998,943.235,00000000
13999,878.204,00000000
14000,855.086,00000000
14001,844.048,00000000
14002,844.469,00000000
14003,1455.574,00000000
14004,1264.961,00000000
14005,997.696,00000000
14006,901.578,00000000
14007,862.369,00000000
14008,872.439,00000000
14009,853.419,00000000
14010,847.080,00000000
14011,841.112,00000000
14012,844.677,00000000
14013,841.406,00000000
14014,840.087,00000000
14015,841.719,00000000
14016,837.925,00000000
14017,841.131,00000000
14018,839.833,00000000
14019,842.482,00000000
14020,866.983,00000000
14021,855.040,00000000
14022,844.968,00000000
14023,1480.769,00000000
14024,1259.946,00000000
14025,996.326,00000000
14026,897.165,00000000
14027,865.648,00000000
14028,849.903,00000000
14029,845.586,00000000
14030,843.819,00000000
14031,841.189,00000000
14032,1202.376,00000000
14033,1696.501,00000000
14034,3135.372,00000000
14035,2757.741,00000000
14036,1551.674,00000000
14037,1107.039,00000000
14038,938.159,00000000
14039,880.269,00000000
14040,855.511,00000000
14041,848.155,00000000
14042,843.163,00000000
14043,1440.259,00000000
14044,1268.836,00000000
14045,1015.179,00000000
14046,905.475,00000000
14047,863.267,00000000
14048,850.555,00000000
14049,844.217,00000000
14050,844.962,00000000
14051,843.747,00000000
14052,840.277,00000000
14053,841.003,00000000
14054,839.355,00000000
14055,841.593,00000000
14056,842.720,00000000
14057,857.810,00000000
14058,847.384,00000000
14059,842.736,00000000
14060,840.983,00000000
14061,841.782,00000000
14062,841.180,00000000
14063,1455.522,00000000
14064,1608.919,00000000
14065,1956.381,00000000
14066,3196.172,00000000
14067,2701.244,00000000
14068,1530.187,00000000
14069,1117.680,00000000
14070,945.166,00000000
14071,877.271,00000000
14072,854.328,00000000
14073,846.081,00000000
14074,842.883,00000000
14075,842.914,00000000
14076,841.722,00000000
14077,841.528,00000000
14078,840.266,00000000
14079,843.964,00000000
14080,842.123,00000000
14081,867.757,00000000
14082,853.838,00000000
14083,1480.945,00000000
14084,1253.275,00000000
14085,993.061,00000000
14086,893.443,00000000
14087,861.483,00000000
14088,846.405,00000000
14089,842.022,00000000
14090,843.939,00000000
14091,841.800,00000000
14092,837.691,00000000
14093,861.911,00000000
14094,1141.501,00000000
14095,1132.722,00000000
14096,2537.484,00000000
14097,3227.489,00000000
14098,2012.487,00000000
14099,1275.197,00000000
14100,996.707,00000000
14101,897.842,00000000
14102,855.722,00000000
14103,1450.346,00000000
14104,1256.827,00000000
14105,998.872,00000000
14106,910.438,00000000
14107,865.827,00000000
14108,849.878,00000000
14109,842.435,00000000
14110,840.926,00000000
14111,842.742,00000000
14112,837.432,00000000
14113,842.690,00000000
14114,839.434,00000000
14115,839.605,00000000
14116,839.089,00000000
14117,836.225,00000000
14118,856.698,00000000
14119,850.755,00000000
14120,843.968,00000000
14121,842.881,00000000
14122,841.614,00000000
14123,1471.725,00000000
14124,1250.823,00000000
14125,994.685,00000000
14126,895.641,00000000
14127,1234.841,00000000
14128,1337.124,00000000
14129,2963.581,00000000
14130,3022.569,00000000
14131,1652.610,00000000
14132,1142.068,00000000
14133,948.425,00000000
14134,879.740,00000000
14135,856.654,00000000
14136,846.830,00000000
14137,842.277,00000000
14138,841.204,00000000
14139,841.865,00000000
14140,842.388,00000000
14141,842.412,00000000
14142,865.050,00000000
14143,1499.240,00000000
14144,1249.832,00000000
14145,992.469,00000000
14146,898.844,00000000
14147,860.086,00000000
14148,849.528,00000000
14149,842.258,00000000
14150,842.257,00000000
14151,843.240,00000000
14152,840.630,00000000
14153,840.310,00000000
14154,864.697,00000000
14155,852.103,00000000
14156,843.323,00000000
14157,835.959,00000000
14158,839.143,00000000
14159,1225.703,00000000
14160,1120.005,00000000
14161,2555.250,00000000
14162,2345.086,00000000
14163,2012.082,00000000
14164,1429.229,00000000
14165,1057.807,00000000
14166,928.820,00000000
14167,883.117,00000000
14168,854.114,00000000
14169,844.958,00000000
14170,842.208,00000000
14171,838.093,00000000
14172,839.279,00000000
14173,837.164,00000000
14174,1031.144,00000000
14175,1418.627,00000000
14176,1054.237,00000000
14177,918.047,00000000
14178,869.095,00000000
14179,866.866,00000000
14180,849.748,00000000
14181,845.245,00000000
14182,839.019,00000000
14183,1416.026,00000000
14184,1274.150,00000000
14185,1001.554,00000000
14186,899.333,00000000
14187,861.337,00000000
14188,847.206,00000000
14189,842.652,00000000
14190,840.515,00000000
14191,858.320,00000000
14192,848.699,00000000
14193,843.277,00000000
14194,1235.783,00000000
14195,1148.709,00000000
14196,2709.039,00000000
14197,2405.213,00000000
14198,1421.547,00000000
14199,1055.656,00000000
14200,919.048,00000000
14201,866.622,00000000
14202,849.517,00000000
14203,1465.596,00000000
14204,1265.318,00000000
14205,997.246,00000000
14206,898.459,00000000
14207,861.175,00000000
14208,848.944,00000000
14209,842.146,00000000
14210,840.353,00000000
14211,839.571,00000000
14212,837.730,00000000
14213,841.167,00000000
14214,840.753,00000000
14215,865.755,00000000
14216,850.735,00000000
14217,844.450,00000000
14218,840.527,00000000
14219,838.344,00000000
14220,840.742,00000000
14221,839.613,00000000
14222,839.594,00000000
14223,1454.398,00000000
14224,1249.145,00000000
14225,994.163,00000000
14226,893.082,00000000
14227,885.855,00000000
14228,859.143,00000000
14229,848.465,00000000
14230,839.813,00000000
14231,1098.117,00000000
14232,1130.135,00000000
14233,2469.323,00000000
14234,2570.416,00000000
14235,1482.011,00000000
14236,1078.208,00000000
14237,926.501,00000000
14238,873.792,00000000
14239,848.844,00000000
14240,857.910,00000000
14241,846.755,00000000
14242,841.011,00000000
14243,1480.051,00000000
14244,1248.809,00000000
14245,991.296,00000000
14246,893.048,00000000
14247,858.697,00000000
14248,845.036,00000000
14249,841.881,00000000
14250,838.476,00000000
14251,841.300,00000000
14252,855.281,00000000
14253,846.592,00000000
14254,840.915,00000000
14255,840.634,00000000
14256,839.731,00000000
14257,841.605,00000000
14258,840.153,00000000
14259,841.244,00000000
14260,839.364,00000000
14261,835.471,00000000
14262,839.762,00000000
14263,1440.943,00000000
14264,1277.601,00000000
14265,1001.280,00000000
14266,902.561,00000000
14267,981.789,00000000
14268,1150.455,00000000
14269,2254.231,00000000
14270,3067.858,00000000
14271,2220.201,00000000
14272,1349.589,00000000
14273,1030.857,00000000
14274,911.710,00000000
14275,862.231,00000000
14276,874.391,00000000
14277,852.876,00000000
14278,844.467,00000000
14279,843.980,00000000
14280,841.071,00000000
14281,839.457,00000000
14282,839.689,00000000
14283,1463.912,00000000
14284,1255.690,00000000
14285,992.783,00000000
14286,899.195,00000000
14287,859.993,00000000
14288,876.030,00000000
14289,855.189,00000000
14290,841.492,00000000
14291,841.181,00000000
14292,837.399,00000000
14293,837.643,00000000
14294,839.966,00000000
14295,840.102,00000000
14296,840.503,00000000
14297,840.539,00000000
14298,841.580,00000000
14299,842.639,00000000
14300,845.492,00000000
14301,850.755,00000000
14302,844.614,00000000
14303,1484.351,00000000
14304,1598.900,00000000
14305,1914.966,00000000
14306,3001.126,00000000
14307,2803.901,00000000
14308,1569.044,00000000
14309,1109.790,00000000
14310,942.522,00000000
14311,881.048,00000000
14312,856.833,00000000
14313,864.035,00000000
14314,847.333,00000000
14315,842.977,00000000
14316,842.699,00000000
14317,841.148,00000000
14318,838.919,00000000
14319,840.376,00000000
14320,836.871,00000000
14321,838.754,00000000
14322,840.810,00000000
14323,1446.126,00000000
14324,1226.929,00000000
14325,1003.215,00000000
14326,901.599,00000000
14327,861.080,00000000
14328,848.454,00000000
14329,842.783,00000000
14330,843.879,00000000
14331,842.938,00000000
14332,842.398,00000000
14333,836.209,00000000
14334,840.991,00000000
14335,839.229,00000000
14336,842.725,00000000
14337,864.943,00000000
14338,849.758,00000000
14339,1265.392,00000000
14340,1227.130,00000000
14341,2369.931,00000000
14342,3092.105,00000000
14343,2737.879,00000000
14344,1692.584,00000000
14345,1157.602,00000000
14346,955.985,00000000
14347,885.310,00000000
14348,855.919,00000000
14349,870.254,00000000
14350,850.210,00000000
14351,843.758,00000000
14352,843.857,00000000
14353,842.332,00000000
14354,840.430,00000000
14355,843.379,00000000
14356,842.251,00000000
14357,841.811,00000000
14358,841.560,00000000
14359,839.613,00000000
14360,837.737,00000000
14361,861.688,00000000
14362,852.235,00000000
14363,1497.664,00000000
14364,1237.319,00000000
14365,1024.257,00000000
14366,905.961,00000000
14367,863.740,00000000
14368,849.289,00000000
14369,841.878,00000000
14370,843.185,00000000
14371,843.199,00000000
14372,841.921,00000000
14373,841.490,00000000
14374,1190.116,00000000
14375,1917.038,00000000
14376,2975.309,00000000
14377,1731.941,00000000
14378,1165.071,00000000
14379,962.601,00000000
14380,884.013,00000000
14381,857.221,00000000
14382,846.238,00000000
14383,1403.583,00000000
14384,1205.420,00000000
14385,974.221,00000000
14386,906.662,00000000
14387,864.195,00000000
14388,850.776,00000000
14389,843.795,00000000
14390,842.028,00000000
14391,842.027,00000000
14392,838.109,00000000
14393,841.870,00000000
14394,837.657,00000000
14395,837.844,00000000
14396,842.828,00000000
14397,838.627,00000000
14398,858.510,00000000
14399,848.872,00000000
14400,840.341,00000000
14401,843.417,00000000
14402,841.125,00000000
14403,1478.883,00000000
14404,1568.297,00000000
14405,1374.887,00000000
14406,2826.178,00000000
14407,2060.367,00000000
14408,1290.796,00000000
14409,1008.039,00000000
14410,925.376,00000000
14411,873.189,00000000
14412,852.580,00000000
14413,844.745,00000000
14414,844.410,00000000
14415,842.016,00000000
14416,839.276,00000000
14417,844.568,00000000
14418,842.069,00000000
14419,841.447,00000000
14420,845.829,00000000
14421,839.244,00000000
14422,866.751,00000000
14423,1508.160,00000000
14424,1188.178,00000000
14425,968.231,00000000
14426,889.303,00000000
14427,857.292,00000000
14428,847.311,00000000
14429,845.555,00000000
14430,839.716,00000000
14431,837.231,00000000
14432,840.765,00000000
14433,843.679,00000000
14434,883.718,00000000
14435,1157.494,00000000
14436,2192.302,00000000
14437,3218.669,00000000
14438,2226.710,00000000
14439,1355.777,00000000
14440,1028.760,00000000
14441,913.132,00000000
14442,865.913,00000000
14443,1476.420,00000000
14444,1193.163,00000000
14445,973.876,00000000
14446,887.523,00000000
14447,874.195,00000000
14448,850.731,00000000
14449,843.381,00000000
14450,839.864,00000000
14451,838.963,00000000
14452,841.856,00000000
14453,840.144,00000000
14454,839.190,00000000
14455,839.295,00000000
14456,838.253,00000000
14457,842.658,00000000
14458,840.208,00000000
14459,860.155,00000000
14460,848.493,00000000
14461,844.017,00000000
14462,839.524,00000000
14463,1484.576,00000000
14464,1187.058,00000000
14465,969.565,00000000
14466,889.470,00000000
14467,858.998,00000000
14468,847.865,00000000
14469,1171.411,00000000
14470,1985.165,00000000
14471,3002.956,00000000
14472,1687.234,00000000
14473,1152.336,00000000
14474,955.742,00000000
14475,886.597,00000000
14476,856.872,00000000
14477,845.108,00000000
14478,847.231,00000000
14479,840.816,00000000
14480,843.578,00000000
14481,841.611,00000000
14482,840.556,00000000
14483,1533.512,00000000
14484,1198.133,00000000
14485,970.369,00000000
14486,889.749,00000000
14487,855.528,00000000
14488,845.944,00000000
14489,841.813,00000000
14490,840.039,00000000
14491,836.716,00000000
14492,839.850,00000000
14493,838.576,00000000
14494,841.480,00000000
14495,857.713,00000000
14496,852.145,00000000
14497,842.776,00000000
14498,842.188,00000000
14499,840.390,00000000
14500,841.318,00000000
14501,838.153,00000000
14502,838.440,00000000
14503,1469.067,00000000
14504,1357.900,00000000
14505,1268.277,00000000
14506,2372.301,00000000
14507,3093.561,00000000
14508,2189.858,00000000
14509,1342.820,00000000
14510,1026.432,00000000
14511,909.191,00000000
14512,868.765,00000000
14513,849.510,00000000
14514,843.095,00000000
14515,841.494,00000000
14516,842.122,00000000
14517,840.191,00000000
14518,842.030,00000000
14519,841.036,00000000
14520,858.327,00000000
14521,850.406,00000000
14522,839.250,00000000
14523,1494.385,00000000
14524,1159.981,00000000
14525,958.924,00000000
14526,883.376,00000000
14527,854.019,00000000
14528,843.972,00000000
14529,838.523,00000000
14530,843.223,00000000
14531,839.037,00000000
14532,860.397,00000000
14533,851.397,00000000
14534,843.938,00000000
14535,1161.411,00000000
14536,1129.709,00000000
14537,2386.832,00000000
14538,3318.993,00000000
14539,2936.906,00000000
14540,5966.862,00000000
14541,7106.593,00000000
14542,7520.154,00000000
14543,8311.294,00000000
14544,8095.967,00000000
14545,7880.511,00000000
14546,7814.608,00000000
14547,5906.679,00000000
14548,2718.182,00000000
14549,1540.291,00000000
14550,1104.837,00000000
14551,945.009,00000000
14552,881.816,00000000
14553,858.074,00000000
14554,852.270,00000000
14555,849.810,00000000
14556,874.163,00000000
14557,856.693,00000000
14558,853.210,00000000
14559,1534.928,00000000
14560,5471.235,00000000
14561,6917.878,00000000
14562,7443.219,00000000
14563,8358.352,00000000
14564,8030.188,00000000
14565,7864.870,00000000
14566,8131.319,00000000
14567,6772.464,00000000
14568,4811.160,00000000
14569,2692.492,00000000
14570,1528.989,00000000
14571,1098.606,00000000
14572,940.537,00000000
14573,881.132,00000000
14574,861.677,00000000
14575,855.135,00000000
14576,847.788,00000000
14577,848.815,00000000
14578,848.602,00000000
14579,1682.737,00000000
14580,5523.153,00000000
14581,6949.280,00000000
14582,7471.002,00000000
14583,8362.735,00000000
14584,8076.133,00000000
14585,7880.396,00000000
14586,7806.320,00000000
14587,5779.064,00000000
14588,2669.226,00000000
14589,1522.810,00000000
14590,1095.588,00000000
14591,939.473,00000000
14592,883.468,00000000
14593,878.525,00000000
14594,858.582,00000000
14595,853.608,00000000
14596,848.018,00000000
14597,849.695,00000000
14598,848.385,00000000
14599,1752.725,00000000
14600,5540.086,00000000
14601,6943.991,00000000
14602,7460.278,00000000
14603,8331.647,00000000
14604,8073.487,00000000
14605,7903.680,00000000
14606,8135.525,00000000
14607,6748.296,00000000
14608,4911.962,00000000
14609,4233.777,00000000
14610,2203.810,00000000
14611,1350.117,00000000
14612,1036.461,00000000
14613,915.237,00000000
14614,874.759,00000000
14615,855.132,00000000
14616,852.935,00000000
14617,870.665,00000000
14618,856.307,00000000
14619,1850.802,00000000
14620,5573.842,00000000
14621,6972.994,00000000
14622,7477.873,00000000
14623,8375.030,00000000
14624,8074.412,00000000
14625,7873.560,00000000
14626,7809.025,00000000
14627,5706.516,00000000
14628,2643.478,00000000
14629,1539.060,00000000
14630,1098.251,00000000
14631,940.572,00000000
14632,881.475,00000000
14633,859.516,00000000
14634,853.138,00000000
14635,849.491,00000000
14636,848.864,00000000
14637,845.388,00000000
14638,848.834,00000000
14639,1751.500,00000000
14640,5537.330,00000000
14641,6969.391,00000000
14642,7480.898,00000000
14643,8365.101,00000000
14644,8371.459,00000000
14645,8889.475,00000000
14646,9787.800,00000000
14647,6502.470,00000000
14648,2938.489,00000000
14649,1618.279,00000000
14650,1135.051,00000000
14651,950.949,00000000
14652,885.811,00000000
14653,863.290,00000000
14654,866.935,00000000
14655,855.855,00000000
14656,849.477,00000000
14657,850.626,00000000
14658,846.884,00000000
14659,1802.389,00000000
14660,5557.725,00000000
14661,6945.071,00000000
14662,7466.866,00000000
14663,8334.512,00000000
14664,8083.620,00000000
14665,7886.998,00000000
14666,7835.839,00000000
14667,5705.662,00000000
14668,2644.867,00000000
14669,1512.239,00000000
14670,1097.015,00000000
14671,936.712,00000000
14672,882.818,00000000
14673,856.351,00000000
14674,852.489,00000000
14675,846.429,00000000
14676,849.033,00000000
14677,846.170,00000000
14678,871.447,00000000
14679,1783.815,00000000
14680,5863.652,00000000
14681,8098.695,00000000
14682,9581.533,00000000
14683,10861.490,00000000
14684,9006.939,00000000
14685,8220.120,00000000
14686,7932.871,00000000
14687,5703.357,00000000
14688,2637.437,00000000
14689,1511.832,00000000
14690,1113.288,00000000
14691,948.095,00000000
14692,885.639,00000000
14693,863.345,00000000
14694,854.319,00000000
14695,852.343,00000000
14696,844.982,00000000
14697,848.329,00000000
14698,847.489,00000000
14699,1875.296,00000000
14700,5589.369,00000000
14701,6956.373,00000000
14702,7489.718,00000000
14703,8392.153,00000000
14704,8082.083,00000000
14705,7886.640,00000000
14706,7805.785,00000000
14707,5611.708,00000000
14708,2608.849,00000000
14709,1496.911,00000000
14710,1089.239,00000000
14711,934.515,00000000
14712,881.002,00000000
14713,859.258,00000000
14714,867.102,00000000
14715,862.656,00000000
14716,853.800,00000000
14717,848.750,00000000
14718,848.543,00000000
14719,2316.631,00000000
14720,5870.111,00000000
14721,8629.773,00000000
14722,8684.276,00000000
14723,8807.569,00000000
14724,8217.047,00000000
14725,7954.099,00000000
14726,7827.918,00000000
14727,5616.205,00000000
14728,2612.568,00000000
14729,1502.198,00000000
14730,1090.501,00000000
14731,935.371,00000000
14732,879.040,00000000
14733,860.182,00000000
14734,852.513,00000000
14735,851.214,00000000
14736,850.772,00000000
14737,846.303,00000000
14738,848.824,00000000
14739,2084.015,00000000
14740,5711.795,00000000
14741,7008.301,00000000
14742,7509.708,00000000
14743,8348.148,00000000
14744,8087.051,00000000
14745,7876.963,00000000
14746,7804.515,00000000
14747,5567.162,00000000
14748,2592.137,00000000
14749,1494.109,00000000
14750,1088.115,00000000
14751,1319.598,00000000
14752,1587.717,00000000
14753,3104.038,00000000
14754,3663.095,00000000
14755,2178.364,00000000
14756,1340.612,00000000
14757,1030.317,00000000
14758,914.216,00000000
14759,930.040,00000000
14760,874.556,00000000
14761,854.842,00000000
14762,840.821,00000000
14763,1481.988,00000000
14764,1242.435,00000000
14765,991.611,00000000
14766,896.128,00000000
14767,862.559,00000000
14768,847.618,00000000
14769,841.896,00000000
14770,842.823,00000000
14771,841.916,00000000
14772,840.867,00000000
14773,843.115,00000000
14774,839.255,00000000
14775,863.413,00000000
14776,852.399,00000000
14777,839.070,00000000
14778,839.484,00000000
14779,840.493,00000000
14780,839.333,00000000
14781,840.512,00000000
14782,839.955,00000000
14783,1473.199,00000000
14784,1225.109,00000000
14785,1363.823,00000000
14786,1278.578,00000000
14787,2928.467,00000000
14788,3373.202,00000000
14789,2379.273,00000000
14790,1409.689,00000000
14791,1053.949,00000000
14792,921.970,00000000
14793,869.961,00000000
14794,853.139,00000000
14795,843.703,00000000
14796,843.803,00000000
14797,841.929,00000000
14798,838.616,00000000
14799,838.976,00000000
14800,852.954,00000000
14801,846.863,00000000
14802,841.736,00000000
14803,1493.898,00000000
14804,1222.738,00000000
14805,982.755,00000000
14806,891.573,00000000
14807,860.760,00000000
14808,846.670,00000000
14809,840.392,00000000
14810,843.985,00000000
14811,838.850,00000000
14812,859.723,00000000
14813,844.276,00000000
14814,844.295,00000000
14815,840.172,00000000
14816,840.095,00000000
14817,838.647,00000000
14818,841.124,00000000
14819,836.768,00000000
14820,1187.672,00000000
14821,1121.658,00000000
14822,2431.289,00000000
14823,3879.790,00000000
14824,2265.338,00000000
14825,1365.648,00000000
14826,1034.933,00000000
14827,914.434,00000000
14828,866.357,00000000
14829,848.422,00000000
14830,844.332,00000000
14831,840.088,00000000
14832,841.235,00000000
14833,840.072,00000000
14834,840.002,00000000
14835,836.065,00000000
14836,866.231,00000000
14837,850.041,00000000
14838,839.799,00000000
14839,842.693,00000000
14840,839.744,00000000
14841,840.989,00000000
14842,840.718,00000000
14843,1480.312,00000000
14844,1227.106,00000000
14845,980.688,00000000
14846,891.471,00000000
14847,860.717,00000000
14848,873.976,00000000
14849,852.166,00000000
14850,844.669,00000000
14851,838.749,00000000
14852,1238.119,00000000
14853,1115.745,00000000
14854,2609.157,00000000
14855,3378.758,00000000
14856,1839.752,00000000
14857,1208.816,00000000
14858,975.524,00000000
14859,890.385,00000000
14860,856.737,00000000
14861,858.716,00000000
14862,848.212,00000000
14863,1501.221,00000000
14864,1223.265,00000000
14865,979.144,00000000
14866,889.650,00000000
14867,860.294,00000000
14868,845.913,00000000
14869,841.261,00000000
14870,840.666,00000000
14871,839.228,00000000
14872,838.594,00000000
14873,856.807,00000000
14874,846.455,00000000
14875,840.892,00000000
14876,839.925,00000000
14877,839.123,00000000
14878,840.609,00000000
14879,842.177,00000000
14880,838.354,00000000
14881,842.397,00000000
14882,839.880,00000000
14883,1465.772,00000000
14884,1230.255,00000000
14885,1004.850,00000000
14886,1130.642,00000000
14887,1154.997,00000000
14888,2437.201,00000000
14889,2611.276,00000000
14890,1500.149,00000000
14891,1084.476,00000000
14892,930.175,00000000
14893,876.489,00000000
14894,856.228,00000000
14895,843.048,00000000
14896,841.160,00000000
14897,866.254,00000000
14898,847.848,00000000
14899,843.972,00000000
14900,841.811,00000000
14901,837.865,00000000
14902,843.847,00000000
14903,1479.342,00000000
14904,1225.786,00000000
14905,982.657,00000000
14906,893.473,00000000
14907,858.740,00000000
14908,846.765,00000000
14909,868.563,00000000
14910,851.720,00000000
14911,844.334,00000000
14912,840.779,00000000
14913,845.060,00000000
14914,839.283,00000000
14915,841.737,00000000
14916,839.227,00000000
14917,841.161,00000000
14918,839.812,00000000
14919,838.997,00000000
14920,841.630,00000000
14921,849.311,00000000
14922,851.357,00000000
14923,1508.325,00000000
14924,1221.705,00000000
14925,978.816,00000000
14926,1234.904,00000000
14927,1884.865,00000000
14928,2953.994,00000000
14929,1784.966,00000000
14930,1190.065,00000000
14931,970.819,00000000
14932,888.519,00000000
14933,856.551,00000000
14934,860.393,00000000
14935,844.727,00000000
14936,845.257,00000000
14937,842.784,00000000
14938,840.001,00000000
14939,841.621,00000000
14940,838.739,00000000
14941,837.064,00000000
14942,837.445,00000000
14943,1466.159,00000000
14944,1238.290,00000000
14945,987.096,00000000
14946,914.053,00000000
14947,867.670,00000000
14948,851.602,00000000
14949,845.473,00000000
14950,843.057,00000000
14951,842.186,00000000
14952,841.337,00000000
14953,840.068,00000000
14954,838.095,00000000
14955,838.448,00000000
14956,838.560,00000000
14957,842.381,00000000
14958,860.092,00000000
14959,848.858,00000000
14960,843.851,00000000
14961,843.472,00000000
14962,843.192,00000000
14963,1489.339,00000000
14964,1634.733,00000000
14965,1262.656,00000000
14966,2678.047,00000000
14967,3361.876,00000000
14968,1826.782,00000000
14969,1206.842,00000000
14970,1001.572,00000000
14971,901.900,00000000
14972,861.932,00000000
14973,845.878,00000000
14974,841.760,00000000
14975,840.990,00000000
14976,840.007,00000000
14977,840.859,00000000
14978,838.231,00000000
14979,840.085,00000000
14980,840.649,00000000
14981,840.870,00000000
14982,862.559,00000000
14983,1516.427,00000000
14984,1236.534,00000000
14985,986.486,00000000
14986,893.583,00000000
14987,861.807,00000000
14988,846.691,00000000
14989,841.393,00000000
14990,840.975,00000000
14991,843.820,00000000
14992,840.271,00000000
14993,840.273,00000000
14994,841.175,00000000
14995,854.823,00000000
14996,843.382,00000000
14997,843.330,00000000
14998,840.348,00000000
14999,1108.483,00000000
15000,1134.846,00000000
