Timestamp(ms),Current(uA),D0-D7
0,1015.867,10000000
1,1018.066,10000000
2,1020.286,10000000
3,1014.604,10000000
4,1023.461,10000000
5,1017.994,10000000
6,1019.933,10000000
7,1021.260,10000000
8,1018.216,10000000
9,1022.362,10000000
10,1026.347,10000000
11,1022.068,10000000
12,1026.723,10000000
13,1018.909,10000000
14,1023.602,10000000
15,1021.267,10000000
16,1015.811,10000000
17,1024.958,10000000
18,1019.458,10000000
19,1015.006,10000000
20,1025.766,10000000
21,1017.083,10000000
22,1011.512,10000000
23,1036.941,10000000
24,1023.056,10000000
25,1015.366,10000000
26,1024.247,10000000
27,1015.987,10000000
28,1024.131,10000000
29,1017.812,10000000
30,1012.492,10000000
31,1025.705,10000000
32,1016.362,10000000
33,1019.195,10000000
34,1022.605,10000000
35,1039.550,10000000
36,1032.475,10000000
37,1025.861,10000000
38,1017.259,10000000
39,1026.092,10000000
40,1018.245,10000000
41,1013.518,10000000
42,1022.779,10000000
43,1017.191,10000000
44,1018.611,10000000
45,1019.797,10000000
46,1016.459,10000000
47,1045.910,10000000
48,1027.486,10000000
49,1022.787,10000000
50,1022.994,10000000
51,1016.300,10000000
52,1020.159,10000000
53,1023.034,10000000
54,1014.604,10000000
55,1022.843,10000000
56,1021.338,10000000
57,1016.760,10000000
58,1024.559,10000000
59,1031.090,10000000
60,1023.320,10000000
61,1025.883,10000000
62,1016.819,10000000
63,1011.309,10000000
64,1021.171,10000000
65,1017.826,10000000
66,1018.749,10000000
67,1019.170,10000000
68,1016.494,10000000
69,1022.869,10000000
70,1025.826,10000000
71,1015.068,10000000
72,1038.958,10000000
73,1024.822,10000000
74,1019.031,10000000
75,1021.386,10000000
76,1015.708,10000000
77,1023.045,10000000
78,1022.337,10000000
79,1017.207,10000000
80,1020.783,10000000
81,1019.311,10000000
82,1015.921,10000000
83,1018.372,10000000
84,1038.968,10000000
85,1022.685,10000000
86,1024.803,10000000
87,1019.948,10000000
88,1019.849,10000000
89,1022.234,10000000
90,1016.708,10000000
91,1023.809,10000000
92,1021.304,10000000
93,1016.293,10000000
94,1021.307,10000000
95,1020.453,10000000
96,1040.795,10000000
97,1031.727,10000000
98,1020.099,10000000
99,1016.495,10000000
100,1024.476,10000000
101,1017.414,10000000
102,1014.952,10000000
103,1022.296,10000000
104,1016.361,10000000
105,1011.890,10000000
106,1018.137,10000000
107,1018.759,10000000
108,1040.264,10000000
109,1030.308,10000000
110,1018.099,10000000
111,1023.878,10000000
112,1019.779,10000000
113,1014.190,10000000
114,1021.411,10000000
115,1016.576,10000000
116,1023.880,10000000
117,1018.816,10000000
118,1017.375,10000000
119,1021.391,10000000
120,1016.597,10000000
121,1042.771,10000000
122,1028.345,10000000
123,1016.529,10000000
124,1022.032,10000000
125,1019.900,10000000
126,1012.467,10000000
127,1023.171,10000000
128,1015.951,10000000
129,1022.700,10000000
130,1021.688,10000000
131,1016.736,10000000
132,1022.313,10000000
133,1035.706,10000000
134,1030.977,10000000
135,1024.560,10000000
136,1016.018,10000000
137,1021.687,10000000
138,1019.169,10000000
139,1023.770,10000000
140,1020.000,10000000
141,1015.850,10000000
142,1023.492,10000000
143,1018.515,10000000
144,1010.604,10000000
145,1043.670,10000000
146,1024.116,10000000
147,1024.025,10000000
148,1018.262,10000000
149,1020.964,10000000
150,1020.126,10000000
151,1016.205,10000000
152,1025.472,10000000
153,1017.986,10000000
154,1024.981,10000000
155,1022.476,10000000
156,1017.448,10000000
157,1046.322,10000000
158,1030.359,10000000
159,1018.669,10000000
160,1022.073,10000000
161,1017.123,10000000
162,1020.758,10000000
163,1024.507,10000000
164,1319.202,10000000
165,2507.333,10000000
166,2935.699,10000000
167,3046.829,10000000
168,3109.966,10000000
169,3151.153,10000000
170,2481.829,10000000
171,1563.971,10000000
172,1221.407,10000000
173,1087.206,10000000
174,1049.391,10000000
175,1027.962,10000000
176,1021.405,10000000
177,1020.953,10000000
178,1013.784,10000000
179,1024.327,10000000
180,1020.915,10000000
181,1019.136,10000000
182,1041.224,10000000
183,1023.996,10000000
184,1027.775,10000000
185,1021.553,10000000
186,1012.454,10000000
187,1023.929,10000000
188,1018.896,10000000
189,1021.155,10000000
190,1023.546,10000000
191,1016.641,10000000
192,1024.624,10000000
193,1016.962,10000000
194,1035.686,10000000
195,1031.568,10000000
196,1020.711,10000000
197,1019.262,10000000
198,1021.311,10000000
199,1017.206,10000000
200,1023.406,10000000
201,1021.127,10000000
202,1015.191,10000000
203,1025.900,10000000
204,1018.852,10000000
205,1013.769,10000000
206,1049.377,10000000
207,1028.763,10000000
208,1022.914,10000000
209,1018.878,10000000
210,1012.788,10000000
211,1021.964,10000000
212,1017.765,10000000
213,1015.516,10000000
214,1022.838,10000000
215,1018.775,10000000
216,1023.050,10000000
217,1023.465,10000000
218,1015.890,10000000
219,1037.115,10000000
220,1025.437,10000000
221,1019.924,10000000
222,1022.641,10000000
223,1013.163,10000000
224,1019.354,10000000
225,1021.782,10000000
226,1015.495,10000000
227,1015.025,10000000
228,1018.675,10000000
229,1010.619,10000000
230,1021.834,10000000
231,1034.016,10000000
232,1028.094,10000000
233,1022.635,10000000
234,1013.416,10000000
235,1026.445,10000000
236,1018.278,10000000
237,1021.712,10000000
238,1021.000,10000000
239,1016.689,10000000
240,1023.254,10000000
241,1015.818,10000000
242,1020.779,10000000
243,1043.241,10000000
244,1020.374,10000000
245,1026.833,10000000
246,1019.048,10000000
247,1012.316,10000000
248,1019.381,10000000
249,1011.921,10000000
250,1020.498,10000000
251,1018.996,10000000
252,1020.743,10000000
253,1019.499,10000000
254,1014.587,10000000
255,1050.333,10000000
256,1029.799,10000000
257,1016.698,10000000
258,1020.619,10000000
259,1018.912,10000000
260,1019.990,10000000
261,1018.745,10000000
262,1014.937,10000000
263,1021.021,10000000
264,1020.809,10000000
265,1012.831,10000000
266,1023.847,10000000
267,1021.256,10000000
268,1025.913,10000000
269,1025.888,10000000
270,1017.128,10000000
271,1021.374,10000000
272,1020.462,10000000
273,1015.805,10000000
274,1025.210,10000000
275,1019.314,10000000
276,1013.522,10000000
277,1020.611,10000000
278,1016.870,10000000
279,1012.995,10000000
280,1039.230,10000000
281,1022.418,10000000
282,1025.042,10000000
283,1019.470,10000000
284,1015.102,10000000
285,1024.745,10000000
286,1018.016,10000000
287,1011.411,10000000
288,1023.474,10000000
289,1017.987,10000000
290,1009.855,10000000
291,1020.323,10000000
292,1038.300,10000000
293,1028.005,10000000
294,1020.218,10000000
295,1020.877,10000000
296,1021.383,10000000
297,1015.885,10000000
298,1025.018,10000000
299,1018.649,10000000
300,1018.223,10000000
301,1021.644,10000000
302,1018.132,10000000
303,1024.158,10000000
304,1045.072,10000000
305,1021.836,10000000
306,1025.227,10000000
307,1017.184,10000000
308,1010.174,10000000
309,1021.083,10000000
310,1014.927,10000000
311,1013.546,10000000
312,1017.691,10000000
313,1010.806,10000000
314,1019.294,10000000
315,1017.272,10000000
316,1028.497,10000000
317,1032.450,10000000
318,1019.351,10000000
319,1025.288,10000000
320,1016.494,10000000
321,1017.804,10000000
322,1020.549,10000000
323,1012.213,10000000
324,1018.679,10000000
325,1014.690,10000000
326,1017.185,10000000
327,1017.379,10000000
328,1010.659,10000000
329,1033.898,10000000
330,1024.996,10000000
331,1012.019,10000000
332,1022.869,10000000
333,1013.185,10000000
334,1020.307,10000000
335,1018.463,10000000
336,1017.469,10000000
337,1019.265,10000000
338,1011.005,10000000
339,1020.666,10000000
340,1015.936,10000000
341,1040.126,10000000
342,1024.754,10000000
343,1019.128,10000000
344,1020.428,10000000
345,1016.797,10000000
346,1021.287,10000000
347,1018.552,10000000
348,1013.817,10000000
349,1020.820,10000000
350,1015.655,10000000
351,1015.549,10000000
352,1020.075,10000000
353,1037.730,10000000
354,1026.997,10000000
355,1022.208,10000000
356,1015.251,10000000
357,1021.334,10000000
358,1019.133,10000000
359,1016.555,10000000
360,1019.954,10000000
361,1014.417,10000000
362,1022.297,10000000
363,1019.583,10000000
364,1012.857,10000000
365,1038.039,10000000
366,1031.047,10000000
367,1021.348,10000000
368,1023.948,10000000
369,1016.435,10000000
370,1018.633,10000000
371,1019.011,10000000
372,1013.291,10000000
373,1020.580,10000000
374,1016.340,10000000
375,1012.041,10000000
376,1020.619,10000000
377,1016.169,10000000
378,1037.908,10000000
379,1025.215,10000000
380,1016.611,10000000
381,1023.528,10000000
382,1018.952,10000000
383,1013.754,10000000
384,1023.848,10000000
385,1017.195,10000000
386,1021.516,10000000
387,1018.493,10000000
388,1014.599,10000000
389,1022.467,10000000
390,1038.672,10000000
391,1021.488,10000000
392,1013.303,10000000
393,1015.784,10000000
394,1011.965,10000000
395,1018.846,10000000
396,1012.863,10000000
397,1017.354,10000000
398,1017.334,10000000
399,1013.620,10000000
400,1020.995,10000000
401,1018.314,10000000
402,1038.203,10000000
403,1030.580,10000000
404,1021.386,10000000
405,1020.293,10000000
406,1020.345,10000000
407,1013.524,10000000
408,1018.789,10000000
409,1018.870,10000000
410,1014.467,10000000
411,1023.117,10000000
412,1016.733,10000000
413,1011.648,10000000
414,1047.711,10000000
415,1026.719,10000000
416,1017.550,10000000
417,1018.834,10000000
418,1016.801,10000000
419,1021.060,10000000
420,1020.536,10000000
421,1016.083,10000000
422,1018.551,10000000
423,1021.227,10000000
424,1014.338,10000000
425,1018.171,10000000
426,1017.835,10000000
427,1027.102,10000000
428,1024.453,10000000
429,1016.161,10000000
430,1016.092,10000000
431,1019.539,10000000
432,1017.448,10000000
433,1023.053,10000000
434,1019.017,10000000
435,1014.502,10000000
436,1016.031,10000000
437,1018.580,10000000
438,1011.829,10000000
439,1040.827,10000000
440,1022.296,10000000
441,1021.830,10000000
442,1020.372,10000000
443,1012.584,10000000
444,1021.779,10000000
445,1015.929,10000000
446,1019.909,10000000
447,1017.785,10000000
448,1012.075,10000000
449,1024.901,10000000
450,1019.589,10000000
451,1044.511,10000000
452,1027.775,10000000
453,1016.925,10000000
454,1023.184,10000000
455,1018.766,10000000
456,1011.790,10000000
457,1020.174,10000000
458,1012.532,10000000
459,1016.905,10000000
460,1017.654,10000000
461,1010.356,10000000
462,1019.872,10000000
463,1041.109,10000000
464,1026.805,10000000
465,1024.546,10000000
466,1015.559,10000000
467,1023.022,10000000
468,1017.681,10000000
469,1020.147,10000000
470,1018.614,10000000
471,1015.494,10000000
472,1022.233,10000000
473,1015.087,10000000
474,1014.760,10000000
475,1017.703,10000000
476,1025.455,10000000
477,1019.373,10000000
478,1020.734,10000000
479,1012.793,10000000
480,1019.901,10000000
481,1017.349,10000000
482,1012.455,10000000
483,1019.509,10000000
484,1014.902,10000000
485,1021.052,10000000
486,1020.864,10000000
487,1011.565,10000000
488,1038.262,10000000
489,1023.995,10000000
490,1011.267,10000000
491,1019.414,10000000
492,1014.813,10000000
493,1020.891,10000000
494,1017.990,10000000
495,1011.256,10000000
496,1021.428,10000000
497,1014.001,10000000
498,1009.843,10000000
499,1016.704,10000000
500,1038.136,10000000
501,1026.189,10000000
502,1022.067,10000000
503,1014.491,10000000
504,1020.270,10000000
505,1015.136,10000000
506,1015.687,10000000
507,1017.243,10000000
508,1012.544,10000000
509,1022.306,10000000
510,1016.010,10000000
511,1016.632,10000000
512,1049.519,10000000
513,1023.254,10000000
514,1024.199,10000000
515,1019.970,10000000
516,1011.734,10000000
517,1020.168,10000000
518,1016.134,10000000
519,1012.763,10000000
520,1019.679,10000000
521,1016.158,10000000
522,1013.357,10000000
523,1019.389,10000000
524,1016.995,10000000
525,1034.398,10000000
526,1023.408,10000000
527,1012.714,10000000
528,1021.185,10000000
529,1014.559,10000000
530,1016.498,10000000
531,1017.996,10000000
532,1011.591,10000000
533,1021.333,10000000
534,1018.781,10000000
535,1018.225,10000000
536,1019.006,10000000
537,1030.822,10000000
538,1021.851,10000000
539,1018.412,10000000
540,1014.413,10000000
541,1015.878,10000000
542,1011.287,10000000
543,1018.984,10000000
544,1013.503,10000000
545,1019.890,10000000
546,1017.428,10000000
547,1012.563,10000000
548,1019.509,10000000
549,1036.974,10000000
550,1029.163,10000000
551,1019.829,10000000
552,1014.479,10000000
553,1020.250,10000000
554,1014.806,10000000
555,1019.005,10000000
556,1019.840,10000000
557,1015.230,10000000
558,1010.272,10000000
559,1018.352,10000000
560,1012.023,10000000
561,1043.051,10000000
562,1025.018,10000000
563,1018.899,10000000
564,1025.036,10000000
565,1014.749,10000000
566,1018.054,10000000
567,1016.900,10000000
568,1011.879,10000000
569,1025.171,10000000
570,1017.555,10000000
571,1010.403,10000000
572,1024.285,10000000
573,1024.280,10000000
574,1031.011,10000000
575,1024.055,10000000
576,1014.860,10000000
577,1009.719,10000000
578,1019.375,10000000
579,1012.762,10000000
580,1016.974,10000000
581,1017.336,10000000
582,1011.473,10000000
583,1019.446,10000000
584,1014.921,10000000
585,1018.544,10000000
586,1035.623,10000000
587,1016.883,10000000
588,1028.367,10000000
589,1019.123,10000000
590,1019.227,10000000
591,1020.653,10000000
592,1015.135,10000000
593,1020.150,10000000
594,1016.749,10000000
595,1011.829,10000000
596,1021.162,10000000
597,1018.562,10000000
598,1030.045,10000000
599,1026.141,10000000
600,1015.088,10000000
601,1019.148,10000000
602,1020.014,10000000
603,1018.942,10000000
604,1019.545,10000000
605,1013.967,10000000
606,1021.730,10000000
607,1017.960,10000000
608,1011.351,10000000
609,1022.506,10000000
610,1043.882,10000000
611,1020.627,10000000
612,1024.286,10000000
613,1015.737,10000000
614,1015.107,10000000
615,1017.684,10000000
616,1014.701,10000000
617,1013.834,10000000
618,1015.870,10000000
619,1013.849,10000000
620,1019.229,10000000
621,1017.595,10000000
622,1032.578,10000000
623,1027.320,10000000
624,1017.502,10000000
625,1026.455,10000000
626,1017.735,10000000
627,1018.506,10000000
628,1015.308,10000000
629,1014.022,10000000
630,1020.233,10000000
631,1014.519,10000000
632,1020.611,10000000
633,1019.190,10000000
634,1012.285,10000000
635,1037.728,10000000
636,1020.922,10000000
637,1010.750,10000000
638,1019.713,10000000
639,1010.546,10000000
640,1017.942,10000000
641,1010.214,10000000
642,1016.293,10000000
643,1017.507,10000000
644,1010.601,10000000
645,1020.903,10000000
646,1016.617,10000000
647,1036.159,10000000
648,1025.574,10000000
649,1017.446,10000000
650,1021.865,10000000
651,1017.508,10000000
652,1012.586,10000000
653,1020.484,10000000
654,1018.185,10000000
655,1010.717,10000000
656,1018.343,10000000
657,1011.818,10000000
658,1017.326,10000000
659,1042.950,10000000
660,1017.550,10000000
661,1020.552,10000000
662,1014.468,10000000
663,1020.059,10000000
664,1015.388,10000000
665,1014.957,10000000
666,1021.390,10000000
667,1019.551,10000000
668,1016.680,10000000
669,1019.891,10000000
670,1798.812,10000000
671,2668.090,10000000
672,2981.565,10000000
673,3104.823,10000000
674,3108.581,10000000
675,3128.642,10000000
676,2234.038,10000000
677,1462.100,10000000
678,1183.947,10000000
679,1076.171,10000000
680,1033.823,10000000
681,1027.364,10000000
682,1019.245,10000000
683,1021.301,10000000
684,1032.576,10000000
685,1020.176,10000000
686,1021.071,10000000
687,1020.584,10000000
688,1014.183,10000000
689,1018.854,10000000
690,1017.762,10000000
691,1014.018,10000000
692,1019.250,10000000
693,1017.177,10000000
694,1010.506,10000000
695,1021.409,10000000
696,1034.307,10000000
697,1015.200,10000000
698,1017.917,10000000
699,1018.440,10000000
700,1009.745,10000000
701,1018.015,10000000
702,1016.280,10000000
703,1019.292,10000000
704,1018.920,10000000
705,1013.041,10000000
706,1021.738,10000000
707,1017.556,10000000
708,1034.809,10000000
709,1029.161,10000000
710,1020.191,10000000
711,1021.415,10000000
712,1016.070,10000000
713,1013.894,10000000
714,1018.213,10000000
715,1012.152,10000000
716,1013.546,10000000
717,1016.357,10000000
718,1010.971,10000000
719,1020.399,10000000
720,1047.092,10000000
721,1029.483,10000000
722,1021.813,10000000
723,1017.324,10000000
724,1016.914,10000000
725,1017.457,10000000
726,1010.977,10000000
727,1017.020,10000000
728,1017.066,10000000
729,1010.517,10000000
730,1020.573,10000000
731,1018.305,10000000
732,1014.312,10000000
733,1031.380,10000000
734,1021.046,10000000
735,1013.426,10000000
736,1020.084,10000000
737,1017.926,10000000
738,1012.225,10000000
739,1017.247,10000000
740,1017.505,10000000
741,1009.997,10000000
742,1013.817,10000000
743,1010.629,10000000
744,1019.721,10000000
745,1032.486,10000000
746,1015.892,10000000
747,1021.678,10000000
748,1019.097,10000000
749,1010.829,10000000
750,1020.909,10000000
751,1017.070,10000000
752,1011.536,10000000
753,1017.690,10000000
754,1015.334,10000000
755,1015.648,10000000
756,1019.689,10000000
757,1035.803,10000000
758,1017.224,10000000
759,1020.013,10000000
760,1016.207,10000000
761,1011.491,10000000
762,1017.516,10000000
763,1015.415,10000000
764,1017.472,10000000
765,1017.815,10000000
766,1013.936,10000000
767,1019.333,10000000
768,1016.400,10000000
769,1038.995,10000000
770,1031.366,10000000
771,1021.210,10000000
772,1013.753,10000000
773,1019.485,10000000
774,1014.308,10000000
775,1014.520,10000000
776,1017.771,10000000
777,1011.681,10000000
778,1006.331,10000000
779,1017.088,10000000
780,1010.915,10000000
781,1020.602,10000000
782,1030.125,10000000
783,1015.049,10000000
784,1018.836,10000000
785,1016.707,10000000
786,1016.925,10000000
787,1020.013,10000000
788,1012.622,10000000
789,1016.650,10000000
790,1017.917,10000000
791,1013.668,10000000
792,1017.461,10000000
793,1016.162,10000000
794,1028.815,10000000
795,1024.247,10000000
796,1016.557,10000000
797,1019.726,10000000
798,1015.379,10000000
799,1011.517,10000000
800,1018.514,10000000
801,1018.055,10000000
802,1013.361,10000000
803,1019.333,10000000
804,1013.247,10000000
805,1017.931,10000000
806,1032.315,10000000
807,1026.418,10000000
808,1021.209,10000000
809,1011.639,10000000
810,1020.135,10000000
811,1015.719,10000000
812,1016.890,10000000
813,1015.825,10000000
814,1010.608,10000000
815,1019.228,10000000
816,1015.444,10000000
817,1011.593,10000000
818,1043.778,10000000
819,1022.506,10000000
820,1012.268,10000000
821,1018.697,10000000
822,1011.267,10000000
823,1011.077,10000000
824,1015.086,10000000
825,1011.912,10000000
826,1017.579,10000000
827,1015.076,10000000
828,1015.135,10000000
829,1015.745,10000000
830,1020.953,10000000
831,1030.328,10000000
832,1017.008,10000000
833,1021.309,10000000
834,1012.420,10000000
835,1016.426,10000000
836,1018.604,10000000
837,1009.636,10000000
838,1018.660,10000000
839,1014.903,10000000
840,1008.615,10000000
841,1016.608,10000000
842,1012.792,10000000
843,1027.404,10000000
844,1020.176,10000000
845,1015.620,10000000
846,1017.718,10000000
847,1014.444,10000000
848,1012.102,10000000
849,1020.326,10000000
850,1017.354,10000000
851,1014.097,10000000
852,1019.067,10000000
853,1013.690,10000000
854,1019.908,10000000
855,1037.572,10000000
856,1021.192,10000000
857,1020.311,10000000
858,1013.545,10000000
859,1007.371,10000000
860,1017.815,10000000
861,1011.691,10000000
862,1012.474,10000000
863,1017.860,10000000
864,1012.527,10000000
865,1017.420,10000000
866,1015.472,10000000
867,1033.234,10000000
868,1029.698,10000000
869,1019.909,10000000
870,1013.715,10000000
871,1020.097,10000000
872,1017.332,10000000
873,1018.098,10000000
874,1021.918,10000000
875,1014.664,10000000
876,1017.280,10000000
877,1017.322,10000000
878,1011.107,10000000
879,1038.328,10000000
880,1023.780,10000000
881,1012.822,10000000
882,1015.691,10000000
883,1016.594,10000000
884,1013.356,10000000
885,1017.177,10000000
886,1010.226,10000000
887,1014.792,10000000
888,1011.749,10000000
889,1014.400,10000000
890,1019.209,10000000
891,1010.347,10000000
892,1034.284,10000000
893,1019.266,10000000
894,1010.786,10000000
895,1020.891,10000000
896,1015.486,10000000
897,1018.432,10000000
898,1013.519,10000000
899,1007.750,10000000
900,1016.748,10000000
901,1014.696,10000000
902,1007.480,10000000
903,1014.977,10000000
904,1035.300,10000000
905,1015.347,10000000
906,1020.168,10000000
907,1014.395,10000000
908,1018.843,10000000
909,1016.892,10000000
910,1007.253,10000000
911,1018.426,10000000
912,1014.067,10000000
913,1014.585,10000000
914,1015.942,10000000
915,1006.876,10000000
916,1042.934,10000000
917,1023.000,10000000
918,1013.835,10000000
919,1017.091,10000000
920,1011.307,10000000
921,1005.467,10000000
922,1016.088,10000000
923,1009.885,10000000
924,1013.246,10000000
925,1014.164,10000000
926,1008.247,10000000
927,1012.769,10000000
928,1034.612,10000000
929,1025.371,10000000
930,1016.469,10000000
931,1010.308,10000000
932,1020.361,10000000
933,1012.515,10000000
934,1017.601,10000000
935,1013.024,10000000
936,1009.046,10000000
937,1019.795,10000000
938,1013.722,10000000
939,1015.392,10000000
940,1016.902,10000000
941,1026.731,10000000
942,1012.270,10000000
943,1021.311,10000000
944,1009.552,10000000
945,1012.443,10000000
946,1018.560,10000000
947,1011.560,10000000
948,1017.151,10000000
949,1015.798,10000000
950,1006.820,10000000
951,1016.588,10000000
952,1010.824,10000000
953,1034.224,10000000
954,1023.721,10000000
955,1010.859,10000000
956,1018.421,10000000
957,1013.176,10000000
958,1008.607,10000000
959,1017.028,10000000
960,1014.117,10000000
961,1006.733,10000000
962,1016.644,10000000
963,1014.500,10000000
964,1003.702,10000000
965,1037.804,10000000
966,1019.629,10000000
967,1016.016,10000000
968,1015.682,10000000
969,1013.020,10000000
970,1016.543,10000000
971,1016.369,10000000
972,1009.786,10000000
973,1018.959,10000000
974,1014.875,10000000
975,1009.219,10000000
976,1015.968,10000000
977,1039.734,10000000
978,1023.388,10000000
979,1018.253,10000000
980,1012.203,10000000
981,1015.437,10000000
982,1013.255,10000000
983,1011.400,10000000
984,1009.944,10000000
985,1013.832,10000000
986,1006.678,10000000
987,1015.433,10000000
988,1012.714,10000000
989,1015.183,10000000
990,1027.640,10000000
991,1013.581,10000000
992,1020.031,10000000
993,1014.412,10000000
994,1017.078,10000000
995,1014.905,10000000
996,1010.116,10000000
997,1017.338,10000000
998,1013.318,10000000
999,1010.434,10000000
1000,1013.631,10000000
1001,1006.036,10000000
1002,1034.377,10000000
1003,1016.784,10000000
1004,1009.145,10000000
1005,1016.588,10000000
1006,1007.988,10000000
1007,1015.186,10000000
1008,1009.217,10000000
1009,1008.682,10000000
1010,1014.594,10000000
1011,1008.069,10000000
1012,1014.502,10000000
1013,1013.847,10000000
1014,1030.581,10000000
1015,1025.657,10000000
1016,1015.154,10000000
1017,1017.575,10000000
1018,1014.677,10000000
1019,1011.286,10000000
1020,1017.323,10000000
1021,1007.146,10000000
1022,1017.297,10000000
1023,1016.110,10000000
1024,1009.365,10000000
1025,1012.089,10000000
1026,1037.260,10000000
1027,1017.025,10000000
1028,1016.943,10000000
1029,1011.687,10000000
1030,1013.410,10000000
1031,1014.106,10000000
1032,1011.143,10000000
1033,1014.134,10000000
1034,1013.307,10000000
1035,1011.862,10000000
1036,1018.464,10000000
1037,1013.488,10000000
1038,1009.379,10000000
1039,1027.371,10000000
1040,1016.333,10000000
1041,1016.622,10000000
1042,1015.985,10000000
1043,1007.022,10000000
1044,1006.141,10000000
1045,1013.460,10000000
1046,1004.980,10000000
1047,1013.050,10000000
1048,1008.302,10000000
1049,1013.667,10000000
1050,1011.896,10000000
1051,1021.963,10000000
1052,1020.311,10000000
1053,1013.855,10000000
1054,1018.496,10000000
1055,1013.427,10000000
1056,1010.365,10000000
1057,1015.673,10000000
1058,1012.458,10000000
1059,1013.721,10000000
1060,1014.078,10000000
1061,1009.095,10000000
1062,1016.632,10000000
1063,1034.312,10000000
1064,1013.881,10000000
1065,1011.928,10000000
1066,1012.802,10000000
1067,1004.247,10000000
1068,1014.952,10000000
1069,1012.332,10000000
1070,1013.882,10000000
1071,1014.542,10000000
1072,1009.283,10000000
1073,1016.490,10000000
1074,1014.543,10000000
1075,1033.322,10000000
1076,1022.827,10000000
1077,1017.804,10000000
1078,1008.488,10000000
1079,1017.183,10000000
1080,1009.640,10000000
1081,1014.841,10000000
1082,1016.726,10000000
1083,1010.730,10000000
1084,1003.681,10000000
1085,1015.082,10000000
1086,1009.584,10000000
1087,1022.424,10000000
1088,1022.940,10000000
1089,1018.773,10000000
1090,1016.077,10000000
1091,1006.551,10000000
1092,1014.883,10000000
1093,1010.944,10000000
1094,1010.786,10000000
1095,1015.126,10000000
1096,1007.600,10000000
1097,1015.557,10000000
1098,1013.703,10000000
1099,1005.484,10000000
1100,1033.987,10000000
1101,1022.838,10000000
1102,1016.747,10000000
1103,1013.836,10000000
1104,1009.860,10000000
1105,1005.670,10000000
1106,1015.029,10000000
1107,1010.288,10000000
1108,1010.948,10000000
1109,1013.952,10000000
1110,1012.118,10000000
1111,1016.500,10000000
1112,1032.660,10000000
1113,1024.322,10000000
1114,1017.741,10000000
1115,1009.277,10000000
1116,1017.136,10000000
1117,1010.265,10000000
1118,1016.888,10000000
1119,1013.018,10000000
1120,1015.367,10000000
1121,1013.845,10000000
1122,1004.917,10000000
1123,1014.429,10000000
1124,1037.740,10000000
1125,1016.460,10000000
1126,1021.565,10000000
1127,1013.124,10000000
1128,1007.823,10000000
1129,1010.994,10000000
1130,1011.778,10000000
1131,1010.249,10000000
1132,1013.326,10000000
1133,1010.873,10000000
1134,1013.772,10000000
1135,1015.408,10000000
1136,1027.928,10000000
1137,1026.615,10000000
1138,1017.986,10000000
1139,1011.216,10000000
1140,1015.713,10000000
1141,1010.574,10000000
1142,1008.611,10000000
1143,1015.597,10000000
1144,1012.087,10000000
1145,1007.160,10000000
1146,1016.265,10000000
1147,1008.241,10000000
1148,1010.175,10000000
1149,1027.271,10000000
1150,1011.389,10000000
1151,1015.847,10000000
1152,1013.221,10000000
1153,1009.942,10000000
1154,1013.005,10000000
1155,1009.394,10000000
1156,1011.965,10000000
1157,1016.815,10000000
1158,1010.224,10000000
1159,1014.919,10000000
1160,1016.226,10000000
1161,1030.690,10000000
1162,1021.829,10000000
1163,1015.145,10000000
1164,1008.490,10000000
1165,1015.997,10000000
1166,1016.555,10000000
1167,1007.905,10000000
1168,1008.871,10000000
1169,1011.822,10000000
1170,1005.090,10000000
1171,1010.827,10000000
1172,1009.729,10000000
1173,1038.134,10000000
1174,1021.489,10000000
1175,1010.688,10000000
1176,2058.977,10000000
1177,2716.522,10000000
1178,2990.734,10000000
1179,3103.258,10000000
1180,3117.853,10000000
1181,3125.518,10000000
1182,1948.180,10000000
1183,1356.806,10000000
1184,1134.233,10000000
1185,1090.567,10000000
1186,1039.324,10000000
1187,1016.692,10000000
1188,1017.251,10000000
1189,1011.041,10000000
1190,1002.228,10000000
1191,1012.650,10000000
1192,1008.914,10000000
1193,1010.025,10000000
1194,1010.536,10000000
1195,1004.648,10000000
1196,1013.924,10000000
1197,1010.725,10000000
1198,1017.251,10000000
1199,1018.011,10000000
1200,1009.274,10000000
1201,1013.246,10000000
1202,1011.679,10000000
1203,1004.156,10000000
1204,1012.990,10000000
1205,1009.270,10000000
1206,1004.250,10000000
1207,1014.778,10000000
1208,1007.708,10000000
1209,1003.000,10000000
1210,1030.069,10000000
1211,1012.702,10000000
1212,1012.380,10000000
1213,1013.022,10000000
1214,1010.366,10000000
1215,1012.981,10000000
1216,1010.197,10000000
1217,1008.280,10000000
1218,1013.347,10000000
1219,1007.782,10000000
1220,1009.147,10000000
1221,1014.924,10000000
1222,1034.605,10000000
1223,1018.846,10000000
1224,1016.857,10000000
1225,1007.876,10000000
1226,1011.910,10000000
1227,1012.136,10000000
1228,1006.184,10000000
1229,1008.216,10000000
1230,1009.574,10000000
1231,1003.868,10000000
1232,1013.644,10000000
1233,1007.519,10000000
1234,1035.522,10000000
1235,1022.100,10000000
1236,1009.242,10000000
1237,1012.131,10000000
1238,1011.459,10000000
1239,1008.607,10000000
1240,1012.807,10000000
1241,1012.274,10000000
1242,1006.480,10000000
1243,1013.387,10000000
1244,1010.790,10000000
1245,1004.092,10000000
1246,1013.589,10000000
1247,1020.541,10000000
1248,1005.586,10000000
1249,1016.554,10000000
1250,1005.679,10000000
1251,1004.328,10000000
1252,1013.829,10000000
1253,1010.096,10000000
1254,1012.032,10000000
1255,1011.805,10000000
1256,1009.155,10000000
1257,1013.540,10000000
1258,1010.294,10000000
1259,1023.338,10000000
1260,1019.398,10000000
1261,1011.507,10000000
1262,1005.475,10000000
1263,1012.811,10000000
1264,1007.263,10000000
1265,1014.364,10000000
1266,1010.810,10000000
1267,1007.493,10000000
1268,1014.008,10000000
1269,1009.106,10000000
1270,1001.142,10000000
1271,1031.969,10000000
1272,1012.674,10000000
1273,1010.968,10000000
1274,1010.933,10000000
1275,1006.260,10000000
1276,1014.848,10000000
1277,1011.874,10000000
1278,1015.644,10000000
1279,1011.850,10000000
1280,1008.113,10000000
1281,1015.738,10000000
1282,1010.118,10000000
1283,1033.164,10000000
1284,1023.508,10000000
1285,1011.301,10000000
1286,1016.774,10000000
1287,1013.227,10000000
1288,1005.101,10000000
1289,1015.209,10000000
1290,1010.323,10000000
1291,1001.060,10000000
1292,1009.886,10000000
1293,1005.764,10000000
1294,1011.682,10000000
1295,1015.599,10000000
1296,1020.280,10000000
1297,1016.297,10000000
1298,1006.139,10000000
1299,1013.119,10000000
1300,1007.633,10000000
1301,1004.230,10000000
1302,1013.314,10000000
1303,1006.724,10000000
1304,1010.058,10000000
1305,1012.031,10000000
1306,1008.453,10000000
1307,1011.546,10000000
1308,1024.947,10000000
1309,1010.980,10000000
1310,1015.501,10000000
1311,1010.581,10000000
1312,1004.882,10000000
1313,1009.238,10000000
1314,1006.534,10000000
1315,1009.033,10000000
1316,1012.396,10000000
1317,1008.014,10000000
1318,1011.242,10000000
1319,1009.665,10000000
1320,1026.704,10000000
1321,1023.172,10000000
1322,1014.216,10000000
1323,1005.998,10000000
1324,1016.446,10000000
1325,1008.900,10000000
1326,1010.278,10000000
1327,1010.658,10000000
1328,1006.510,10000000
1329,1014.105,10000000
1330,1009.537,10000000
1331,1003.260,10000000
1332,1038.637,10000000
1333,1019.252,10000000
1334,1010.143,10000000
1335,1011.556,10000000
1336,1004.002,10000000
1337,1011.143,10000000
1338,1007.871,10000000
1339,1005.888,10000000
1340,1013.210,10000000
1341,1007.621,10000000
1342,1010.124,10000000
1343,1009.921,10000000
1344,1021.950,10000000
1345,1026.668,10000000
1346,1015.901,10000000
1347,1012.288,10000000
1348,1012.630,10000000
1349,1007.644,10000000
1350,1016.611,10000000
1351,1009.329,10000000
1352,1004.430,10000000
1353,1014.589,10000000
1354,1005.692,10000000
1355,1004.920,10000000
1356,1008.214,10000000
1357,1020.992,10000000
1358,1018.302,10000000
1359,1011.203,10000000
1360,1002.895,10000000
1361,1013.307,10000000
1362,1009.437,10000000
1363,1009.815,10000000
1364,1011.996,10000000
1365,1007.630,10000000
1366,1013.651,10000000
1367,1012.302,10000000
1368,1006.615,10000000
1369,1034.308,10000000
1370,1021.343,10000000
1371,1007.636,10000000
1372,1015.753,10000000
1373,1008.950,10000000
1374,1005.719,10000000
1375,1012.051,10000000
1376,1008.333,10000000
1377,1007.638,10000000
1378,1009.964,10000000
1379,1006.910,10000000
1380,1011.980,10000000
1381,1036.690,10000000
1382,1013.861,10000000
1383,1017.953,10000000
1384,1011.576,10000000
1385,1012.774,10000000
1386,1013.826,10000000
1387,1007.298,10000000
1388,1011.515,10000000
1389,1009.508,10000000
1390,1004.292,10000000
1391,1010.454,10000000
1392,1003.906,10000000
1393,1023.852,10000000
1394,1021.506,10000000
1395,1009.244,10000000
1396,1011.492,10000000
1397,1008.634,10000000
1398,1004.137,10000000
1399,1009.122,10000000
1400,1009.844,10000000
1401,1012.222,10000000
1402,1010.651,10000000
1403,1008.712,10000000
1404,1014.307,10000000
1405,1013.389,10000000
1406,1019.868,10000000
1407,1018.152,10000000
1408,1009.807,10000000
1409,1012.501,10000000
1410,1010.737,10000000
1411,1005.030,10000000
1412,1013.710,10000000
1413,1008.620,10000000
1414,1003.571,10000000
1415,1012.598,10000000
1416,1006.836,10000000
1417,1006.489,10000000
1418,1029.403,10000000
1419,1011.326,10000000
1420,1012.838,10000000
1421,1008.753,10000000
1422,1007.900,10000000
1423,1011.664,10000000
1424,1008.249,10000000
1425,1012.952,10000000
1426,1009.092,10000000
1427,1004.583,10000000
1428,1012.879,10000000
1429,1006.206,10000000
1430,1033.321,10000000
1431,1021.061,10000000
1432,1009.188,10000000
1433,1016.037,10000000
1434,1013.814,10000000
1435,1008.198,10000000
1436,1009.772,10000000
1437,1009.474,10000000
1438,1004.123,10000000
1439,1012.482,10000000
1440,1009.514,10000000
1441,1011.500,10000000
1442,1037.982,10000000
1443,1016.833,10000000
1444,1020.430,10000000
1445,1011.475,10000000
1446,1005.794,10000000
1447,1014.312,10000000
1448,1007.532,10000000
1449,1012.045,10000000
1450,1012.228,10000000
1451,1010.008,10000000
1452,1014.047,10000000
1453,1008.990,10000000
1454,1015.170,10000000
1455,1025.631,10000000
1456,1009.219,10000000
1457,1010.212,10000000
1458,1009.200,10000000
1459,1004.394,10000000
1460,1011.366,10000000
1461,1009.113,10000000
1462,1004.478,10000000
1463,1012.328,10000000
1464,1009.112,10000000
1465,1012.193,10000000
1466,1013.055,10000000
1467,1024.829,10000000
1468,1020.448,10000000
1469,1016.319,10000000
1470,1008.224,10000000
1471,1014.751,10000000
1472,1013.006,10000000
1473,1005.317,10000000
1474,1015.903,10000000
1475,1010.637,10000000
1476,1005.013,10000000
1477,1009.192,10000000
1478,1008.777,10000000
1479,1025.408,10000000
1480,1019.693,10000000
1481,1011.094,10000000
1482,1005.726,10000000
1483,1014.360,10000000
1484,1008.659,10000000
1485,1008.811,10000000
1486,1013.400,10000000
1487,1005.483,10000000
1488,1011.378,10000000
1489,1012.097,10000000
1490,1004.055,10000000
1491,1042.314,10000000
1492,1023.491,10000000
1493,1009.552,10000000
1494,1015.049,10000000
1495,1007.230,10000000
1496,1014.076,10000000
1497,1010.713,10000000
1498,1002.146,10000000
1499,1007.845,10000000
1500,1010.712,10000000
1501,1002.195,10000000
1502,1011.536,10000000
1503,1010.384,10000000
1504,1019.149,10000000
1505,1017.130,10000000
1506,1006.408,10000000
1507,1012.149,10000000
1508,1011.568,10000000
1509,1008.853,10000000
1510,1014.827,10000000
1511,1010.718,10000000
1512,1007.558,10000000
1513,1010.595,10000000
1514,1007.288,10000000
1515,1007.347,10000000
1516,1030.797,10000000
1517,1014.978,10000000
1518,1005.261,10000000
1519,1012.439,10000000
1520,1006.343,10000000
1521,1009.331,10000000
1522,1008.749,10000000
1523,1006.040,10000000
1524,1010.911,10000000
1525,1009.164,10000000
1526,1006.890,10000000
1527,1013.611,10000000
1528,1029.119,10000000
1529,1019.891,10000000
1530,1013.869,10000000
1531,1003.038,10000000
1532,1014.748,10000000
1533,1008.761,10000000
1534,1005.278,10000000
1535,1013.887,10000000
1536,1005.346,10000000
1537,1011.984,10000000
1538,1011.085,10000000
1539,1006.001,10000000
1540,1028.749,10000000
1541,1019.719,10000000
1542,1008.174,10000000
1543,1008.365,10000000
1544,1009.334,10000000
1545,1003.416,10000000
1546,1011.388,10000000
1547,1010.409,10000000
1548,1002.335,10000000
1549,1011.796,10000000
1550,1007.557,10000000
1551,1012.073,10000000
1552,1017.428,10000000
1553,1017.886,10000000
1554,1017.328,10000000
1555,1013.714,10000000
1556,1009.232,10000000
1557,1013.958,10000000
1558,1008.596,10000000
1559,1001.324,10000000
1560,1012.228,10000000
1561,1007.408,10000000
1562,1005.548,10000000
1563,1008.659,10000000
1564,1004.805,10000000
1565,1025.062,10000000
1566,1015.872,10000000
1567,1006.879,10000000
1568,1012.304,10000000
1569,1007.410,10000000
1570,1012.292,10000000
1571,1012.841,10000000
1572,1005.752,10000000
1573,1010.974,10000000
1574,1010.505,10000000
1575,1004.298,10000000
1576,1011.734,10000000
1577,1033.430,10000000
1578,1013.509,10000000
1579,1015.630,10000000
1580,1007.186,10000000
1581,998.567,10000000
1582,1010.159,10000000
1583,1005.089,10000000
1584,1002.831,10000000
1585,1010.221,10000000
1586,1006.390,10000000
1587,1010.399,10000000
1588,1009.360,10000000
1589,1028.053,10000000
1590,1017.682,10000000
1591,1007.677,10000000
1592,1013.443,10000000
1593,1007.455,10000000
1594,999.069,10000000
1595,1008.669,10000000
1596,1008.670,10000000
1597,1007.529,10000000
1598,1010.299,10000000
1599,1008.756,10000000
1600,1004.106,10000000
1601,1021.605,10000000
1602,1020.037,10000000
1603,1008.932,10000000
1604,1009.671,10000000
1605,1004.194,10000000
1606,1010.950,10000000
1607,1004.785,10000000
1608,1003.306,10000000
1609,1008.090,10000000
1610,1003.687,10000000
1611,1012.070,10000000
1612,1009.520,10000000
1613,1004.284,10000000
1614,1027.747,10000000
1615,1013.645,10000000
1616,1007.016,10000000
1617,1012.611,10000000
1618,1008.141,10000000
1619,1010.087,10000000
1620,1012.372,10000000
1621,1006.475,10000000
1622,999.987,10000000
1623,1011.680,10000000
1624,1001.447,10000000
1625,1009.385,10000000
1626,1027.781,10000000
1627,1017.209,10000000
1628,1010.942,10000000
1629,1005.150,10000000
1630,1011.126,10000000
1631,1007.087,10000000
1632,1010.778,10000000
1633,1011.617,10000000
1634,1004.997,10000000
1635,1013.674,10000000
1636,1010.699,10000000
1637,1011.161,10000000
1638,1037.759,10000000
1639,1016.891,10000000
1640,1021.739,10000000
1641,1011.005,10000000
1642,1005.281,10000000
1643,1001.562,10000000
1644,1007.995,10000000
1645,1002.651,10000000
1646,1010.300,10000000
1647,1008.855,10000000
1648,1003.496,10000000
1649,1010.383,10000000
1650,1027.163,10000000
1651,1022.165,10000000
1652,1016.283,10000000
1653,1010.362,10000000
1654,1017.957,10000000
1655,1010.610,10000000
1656,1004.848,10000000
1657,1012.115,10000000
1658,1009.032,10000000
1659,1012.815,10000000
1660,1008.637,10000000
1661,1004.245,10000000
1662,1017.209,10000000
1663,1026.062,10000000
1664,1006.907,10000000
1665,1014.056,10000000
1666,1007.196,10000000
1667,1008.875,10000000
1668,1012.013,10000000
1669,1008.334,10000000
1670,1013.573,10000000
1671,1013.240,10000000
1672,1003.301,10000000
1673,1016.379,10000000
1674,1010.221,10000000
1675,1028.106,10000000
1676,1019.069,10000000
1677,1012.409,10000000
1678,1013.878,10000000
1679,1010.555,10000000
1680,1005.924,10000000
1681,1013.957,10000000
1682,2305.966,10000000
1683,2815.169,10000000
1684,3008.519,10000000
1685,3095.754,10000000
1686,3148.043,10000000
1687,2967.007,10000000
1688,1738.220,10000000
1689,1282.918,10000000
1690,1107.871,10000000
1691,1050.739,10000000
1692,1023.056,10000000
1693,1008.599,10000000
1694,1016.132,10000000
1695,1010.931,10000000
1696,1010.363,10000000
1697,1010.660,10000000
1698,1007.751,10000000
1699,1041.938,10000000
1700,1024.235,10000000
1701,1009.309,10000000
1702,1017.338,10000000
1703,1009.645,10000000
1704,1002.748,10000000
1705,1007.971,10000000
1706,1008.094,10000000
1707,1004.013,10000000
1708,1011.430,10000000
1709,1007.024,10000000
1710,1005.741,10000000
1711,1010.894,10000000
1712,1018.884,10000000
1713,1018.763,10000000
1714,1013.878,10000000
1715,1006.153,10000000
1716,1010.784,10000000
1717,1012.274,10000000
1718,1001.901,10000000
1719,1013.197,10000000
1720,1008.635,10000000
1721,1008.334,10000000
1722,1012.833,10000000
1723,1007.439,10000000
1724,1018.121,10000000
1725,1017.325,10000000
1726,1005.049,10000000
1727,1009.125,10000000
1728,1007.649,10000000
1729,1004.753,10000000
1730,1009.443,10000000
1731,1008.059,10000000
1732,1009.777,10000000
1733,1007.236,10000000
1734,1003.054,10000000
1735,1011.248,10000000
1736,1033.624,10000000
1737,1010.830,10000000
1738,1016.833,10000000
1739,1010.899,10000000
1740,1009.071,10000000
1741,1011.580,10000000
1742,1006.310,10000000
1743,1013.998,10000000
1744,1007.883,10000000
1745,1004.606,10000000
1746,1014.712,10000000
1747,1006.559,10000000
1748,1027.050,10000000
1749,1020.146,10000000
1750,1008.969,10000000
1751,1013.517,10000000
1752,1009.200,10000000
1753,1007.464,10000000
1754,1012.173,10000000
1755,1005.444,10000000
1756,1010.135,10000000
1757,1013.261,10000000
1758,1007.331,10000000
1759,1012.645,10000000
1760,1011.045,10000000
1761,1018.355,10000000
1762,1017.447,10000000
1763,1009.358,10000000
1764,1013.022,10000000
1765,1011.305,10000000
1766,1006.092,10000000
1767,1005.599,10000000
1768,1008.108,10000000
1769,1004.352,10000000
1770,1012.201,10000000
1771,1004.092,10000000
1772,1011.757,10000000
1773,1025.961,10000000
1774,1010.950,10000000
1775,1016.716,10000000
1776,1009.778,10000000
1777,1004.767,10000000
1778,1012.487,10000000
1779,1007.701,10000000
1780,1010.208,10000000
1781,1011.313,10000000
1782,1007.163,10000000
1783,1012.999,10000000
1784,1006.081,10000000
1785,1033.300,10000000
1786,1021.223,10000000
1787,1008.661,10000000
1788,1006.549,10000000
1789,1013.229,10000000
1790,1005.430,10000000
1791,1010.978,10000000
1792,1008.320,10000000
1793,1007.240,10000000
1794,1010.318,10000000
1795,1009.082,10000000
1796,1010.175,10000000
1797,1037.378,10000000
1798,1013.215,10000000
1799,1018.630,10000000
1800,1008.771,10000000
1801,1008.108,10000000
1802,1012.459,10000000
1803,1006.515,10000000
1804,1014.934,10000000
1805,1011.499,10000000
1806,1004.129,10000000
1807,1013.965,10000000
1808,1008.736,10000000
1809,1005.493,10000000
1810,1021.918,10000000
1811,1009.256,10000000
1812,1009.826,10000000
1813,1009.118,10000000
1814,1009.109,10000000
1815,1009.975,10000000
1816,1006.958,10000000
1817,1017.464,10000000
1818,1010.121,10000000
1819,1004.616,10000000
1820,1012.066,10000000
1821,1010.716,10000000
1822,1024.071,10000000
1823,1020.272,10000000
1824,1009.112,10000000
1825,1012.749,10000000
1826,1005.605,10000000
1827,1000.624,10000000
1828,1011.371,10000000
1829,1003.632,10000000
1830,1007.572,10000000
1831,1008.889,10000000
1832,1003.513,10000000
1833,1009.632,10000000
1834,1027.866,10000000
1835,1018.416,10000000
1836,1012.772,10000000
1837,1004.554,10000000
1838,1014.357,10000000
1839,1009.908,10000000
1840,1005.538,10000000
1841,1011.800,10000000
1842,1006.970,10000000
1843,1011.226,10000000
1844,1008.937,10000000
1845,1000.253,10000000
1846,1036.864,10000000
1847,1017.549,10000000
1848,1006.776,10000000
1849,1012.740,10000000
1850,1003.640,10000000
1851,1010.220,10000000
1852,1009.844,10000000
1853,1003.370,10000000
1854,1015.083,10000000
1855,1009.240,10000000
1856,1004.132,10000000
1857,1010.622,10000000
1858,1018.762,10000000
1859,1024.096,10000000
1860,1016.450,10000000
1861,1007.475,10000000
1862,1013.083,10000000
1863,1014.082,10000000
1864,1007.551,10000000
1865,1014.618,10000000
1866,1010.681,10000000
1867,1007.609,10000000
1868,1006.066,10000000
1869,1009.484,10000000
1870,1004.197,10000000
1871,1023.867,10000000
1872,1015.204,10000000
1873,1004.442,10000000
1874,1014.110,10000000
1875,1010.932,10000000
1876,1004.041,10000000
1877,1015.500,10000000
1878,1007.973,10000000
1879,1009.999,10000000
1880,1010.559,10000000
1881,1008.926,10000000
1882,1011.790,10000000
1883,1031.343,10000000
1884,1012.781,10000000
1885,1017.007,10000000
1886,1010.550,10000000
1887,1004.249,10000000
1888,1013.453,10000000
1889,1009.192,10000000
1890,1004.691,10000000
1891,1010.631,10000000
1892,1006.321,10000000
1893,1007.370,10000000
1894,1008.793,10000000
1895,1032.173,10000000
1896,1021.890,10000000
1897,1014.211,10000000
1898,1005.822,10000000
1899,1015.280,10000000
1900,1006.672,10000000
1901,1014.534,10000000
1902,1013.112,10000000
1903,1008.146,10000000
1904,1016.675,10000000
1905,1008.024,10000000
1906,1013.633,10000000
1907,1030.867,10000000
1908,1013.634,10000000
1909,1017.256,10000000
1910,1005.688,10000000
1911,1004.133,10000000
1912,1008.780,10000000
1913,1004.076,10000000
1914,1012.197,10000000
1915,1009.806,10000000
1916,1005.397,10000000
1917,1014.036,10000000
1918,1010.445,10000000
1919,1003.421,10000000
1920,1029.190,10000000
1921,1016.133,10000000
1922,1010.756,10000000
1923,1014.657,10000000
1924,1008.937,10000000
1925,1008.538,10000000
1926,1011.872,10000000
1927,1003.520,10000000
1928,1013.089,10000000
1929,1006.821,10000000
1930,1004.646,10000000
1931,1010.352,10000000
1932,1026.582,10000000
1933,1014.208,10000000
1934,1012.486,10000000
1935,1008.371,10000000
1936,1016.845,10000000
1937,1009.187,10000000
1938,1007.746,10000000
1939,1011.750,10000000
1940,1006.885,10000000
1941,1013.772,10000000
1942,1010.251,10000000
1943,1009.520,10000000
1944,1036.108,10000000
1945,1017.976,10000000
1946,1017.322,10000000
1947,1008.986,10000000
1948,1004.748,10000000
1949,1014.859,10000000
1950,1010.008,10000000
1951,1004.921,10000000
1952,1011.915,10000000
1953,1006.141,10000000
1954,1012.331,10000000
1955,1012.539,10000000
1956,1030.698,10000000
1957,1024.048,10000000
1958,1012.695,10000000
1959,1007.721,10000000
1960,1016.255,10000000
1961,1007.434,10000000
1962,1012.504,10000000
1963,1013.446,10000000
1964,1006.207,10000000
1965,1014.579,10000000
1966,1006.860,10000000
1967,1004.553,10000000
1968,1013.512,10000000
1969,1021.598,10000000
1970,1015.190,10000000
1971,1010.967,10000000
1972,1003.913,10000000
1973,1010.811,10000000
1974,1008.436,10000000
1975,1012.962,10000000
1976,1006.402,10000000
1977,1000.974,10000000
1978,1015.769,10000000
1979,1006.298,10000000
1980,1007.834,10000000
1981,1027.944,10000000
1982,1013.451,10000000
1983,1016.126,10000000
1984,1011.860,10000000
1985,1006.122,10000000
1986,1016.710,10000000
1987,1009.676,10000000
1988,1002.634,10000000
1989,1009.562,10000000
1990,1007.244,10000000
1991,1002.787,10000000
1992,1007.130,10000000
1993,1029.794,10000000
1994,1017.957,10000000
1995,1013.260,10000000
1996,1005.190,10000000
1997,1009.918,10000000
1998,1009.112,10000000
1999,1003.101,10000000
2000,1011.422,10000000
2001,1009.070,10000000
2002,1004.924,10000000
2003,1016.197,10000000
2004,1009.490,10000000
2005,1026.767,10000000
2006,1027.057,10000000
2007,1013.378,10000000
2008,1001.300,10000000
2009,1008.925,10000000
2010,1005.375,10000000
2011,1009.045,10000000
2012,1007.736,10000000
2013,1003.035,10000000
2014,1013.748,10000000
2015,1007.876,10000000
2016,1002.477,10000000
2017,1012.817,10000000
2018,1020.201,10000000
2019,1013.762,10000000
2020,1013.735,10000000
2021,1009.106,10000000
2022,1010.518,10000000
2023,1010.663,10000000
2024,1005.052,10000000
2025,1011.388,10000000
2026,1008.703,10000000
2027,999.506,10000000
2028,1004.475,10000000
2029,1008.563,10000000
2030,1018.671,10000000
2031,1017.186,10000000
2032,1008.397,10000000
2033,1011.516,10000000
2034,1008.773,10000000
2035,1004.560,10000000
2036,1013.880,10000000
2037,1010.603,10000000
2038,1000.851,10000000
2039,1012.605,10000000
2040,1005.870,10000000
2041,1009.003,10000000
2042,1030.770,10000000
2043,1010.904,10000000
2044,1016.415,10000000
2045,1010.179,10000000
2046,999.659,10000000
2047,1011.634,10000000
2048,1006.363,10000000
2049,1005.921,10000000
2050,1008.841,10000000
2051,1006.827,10000000
2052,1014.013,10000000
2053,1008.104,10000000
2054,1034.430,10000000
2055,1021.630,10000000
2056,1008.988,10000000
2057,1015.941,10000000
2058,1008.788,10000000
2059,1001.956,10000000
2060,1010.301,10000000
2061,1008.276,10000000
2062,1004.388,10000000
2063,1015.058,10000000
2064,1008.860,10000000
2065,1002.370,10000000
2066,1015.844,10000000
2067,1015.565,10000000
2068,1010.664,10000000
2069,1012.999,10000000
2070,1002.865,10000000
2071,1010.584,10000000
2072,1005.885,10000000
2073,1006.563,10000000
2074,1010.800,10000000
2075,1008.588,10000000
2076,1009.896,10000000
2077,1012.227,10000000
2078,1003.178,10000000
2079,1027.988,10000000
2080,1010.940,10000000
2081,1012.102,10000000
2082,1011.695,10000000
2083,1003.406,10000000
2084,1013.616,10000000
2085,1007.735,10000000
2086,1000.300,10000000
2087,1008.361,10000000
2088,1009.793,10000000
2089,1003.483,10000000
2090,1011.262,10000000
2091,1028.764,10000000
2092,1017.582,10000000
2093,1013.624,10000000
2094,1007.255,10000000
2095,1012.335,10000000
2096,1007.803,10000000
2097,1000.036,10000000
2098,1012.851,10000000
2099,1010.303,10000000
2100,1004.397,10000000
2101,1013.776,10000000
2102,1006.851,10000000
2103,1036.372,10000000
2104,1020.786,10000000
2105,1008.345,10000000
2106,1009.262,10000000
2107,1009.779,10000000
2108,1003.019,10000000
2109,1009.603,10000000
2110,1008.881,10000000
2111,1008.435,10000000
2112,1009.914,10000000
2113,1005.701,10000000
2114,1009.991,10000000
2115,1025.402,10000000
2116,1014.753,10000000
2117,1019.110,10000000
2118,1013.291,10000000
2119,1004.774,10000000
2120,1013.846,10000000
2121,1007.333,10000000
2122,1012.517,10000000
2123,1008.527,10000000
2124,1004.471,10000000
2125,1000.610,10000000
2126,1008.134,10000000
2127,1002.429,10000000
2128,1026.246,10000000
2129,1014.869,10000000
2130,1006.854,10000000
2131,1010.243,10000000
2132,1008.851,10000000
2133,1011.691,10000000
2134,1009.376,10000000
2135,1001.694,10000000
2136,1011.606,10000000
2137,1008.064,10000000
2138,1004.680,10000000
2139,1012.198,10000000
2140,1029.242,10000000
2141,1016.026,10000000
2142,1014.062,10000000
2143,1006.837,10000000
2144,1006.142,10000000
2145,1012.417,10000000
2146,1003.472,10000000
2147,1009.143,10000000
2148,1007.878,10000000
2149,1003.718,10000000
2150,1012.821,10000000
2151,1010.099,10000000
2152,1033.001,10000000
2153,1023.688,10000000
2154,1009.586,10000000
2155,1017.416,10000000
2156,1010.791,10000000
2157,1004.699,10000000
2158,1012.842,10000000
2159,1009.442,10000000
2160,1008.839,10000000
2161,1008.665,10000000
2162,1006.879,10000000
2163,1001.285,10000000
2164,1035.272,10000000
2165,1013.841,10000000
2166,1015.528,10000000
2167,1010.247,10000000
2168,1010.557,10000000
2169,1008.376,10000000
2170,1008.274,10000000
2171,1011.206,10000000
2172,1012.294,10000000
2173,1004.359,10000000
2174,1013.141,10000000
2175,1009.110,10000000
2176,1011.652,10000000
2177,1029.244,10000000
2178,1010.332,10000000
2179,1016.709,10000000
2180,1009.522,10000000
2181,1003.237,10000000
2182,1013.365,10000000
2183,1006.039,10000000
2184,1010.489,10000000
2185,1011.353,10000000
2186,1005.353,10000000
2187,1250.698,10000000
2188,2486.151,10000000
2189,2944.758,10000000
2190,3042.888,10000000
2191,3105.373,10000000
2192,3140.159,10000000
2193,2483.797,10000000
2194,1551.699,10000000
2195,1212.834,10000000
2196,1081.068,10000000
2197,1041.988,10000000
2198,1019.560,10000000
2199,1006.355,10000000
2200,1013.844,10000000
2201,1030.501,10000000
2202,1013.328,10000000
2203,1012.448,10000000
2204,1005.763,10000000
2205,1011.457,10000000
2206,1010.263,10000000
2207,1008.062,10000000
2208,1008.184,10000000
2209,1002.297,10000000
2210,1012.250,10000000
2211,1009.211,10000000
2212,1001.589,10000000
2213,1036.193,10000000
2214,1021.819,10000000
2215,1008.180,10000000
2216,1013.501,10000000
2217,1007.043,10000000
2218,1011.855,10000000
2219,1009.566,10000000
2220,1002.747,10000000
2221,1004.520,10000000
2222,1009.063,10000000
2223,1004.728,10000000
2224,1011.582,10000000
2225,1007.744,10000000
2226,1022.810,10000000
2227,1016.388,10000000
2228,1005.973,10000000
2229,1011.954,10000000
2230,1008.538,10000000
2231,1002.779,10000000
2232,1012.695,10000000
2233,1003.852,10000000
2234,1011.235,10000000
2235,1009.649,10000000
2236,1004.780,10000000
2237,1014.391,10000000
2238,1026.625,10000000
2239,1006.854,10000000
2240,1013.708,10000000
2241,1006.514,10000000
2242,1010.043,10000000
2243,1008.693,10000000
2244,1002.517,10000000
2245,1014.557,10000000
2246,1004.324,10000000
2247,1011.617,10000000
2248,1009.406,10000000
2249,1003.691,10000000
2250,1034.366,10000000
2251,1013.925,10000000
2252,1015.259,10000000
2253,1009.144,10000000
2254,1003.975,10000000
2255,1013.752,10000000
2256,1009.949,10000000
2257,1009.846,10000000
2258,1011.872,10000000
2259,1005.892,10000000
2260,1002.496,10000000
2261,1010.177,10000000
2262,1031.594,10000000
2263,1021.411,10000000
2264,1012.620,10000000
2265,1003.620,10000000
2266,1010.437,10000000
2267,1010.079,10000000
2268,1011.881,10000000
2269,1008.960,10000000
2270,1005.004,10000000
2271,1015.300,10000000
2272,1010.512,10000000
2273,1009.830,10000000
2274,1019.082,10000000
2275,1018.003,10000000
2276,1017.583,10000000
2277,1010.641,10000000
2278,1002.549,10000000
2279,1005.633,10000000
2280,1006.972,10000000
2281,1001.564,10000000
2282,1010.524,10000000
2283,1004.202,10000000
2284,1008.147,10000000
2285,1009.735,10000000
2286,1005.816,10000000
2287,1029.187,10000000
2288,1013.027,10000000
2289,1016.060,10000000
2290,1009.045,10000000
2291,1005.786,10000000
2292,1011.464,10000000
2293,1005.717,10000000
2294,1010.416,10000000
2295,1008.272,10000000
2296,1003.120,10000000
2297,1011.938,10000000
2298,1007.868,10000000
2299,1022.621,10000000
2300,1016.454,10000000
2301,1008.758,10000000
2302,1011.420,10000000
2303,1009.130,10000000
2304,1005.726,10000000
2305,1012.481,10000000
2306,1007.106,10000000
2307,1008.724,10000000
2308,1006.796,10000000
2309,1003.727,10000000
2310,1012.085,10000000
2311,1035.629,10000000
2312,1016.769,10000000
2313,1013.786,10000000
2314,1007.286,10000000
2315,1013.453,10000000
2316,1007.670,10000000
2317,1001.889,10000000
2318,1011.808,10000000
2319,1006.673,10000000
2320,1009.455,10000000
2321,1009.381,10000000
2322,1006.748,10000000
2323,1028.928,10000000
2324,1016.353,10000000
2325,1016.096,10000000
2326,1009.701,10000000
2327,1010.258,10000000
2328,1011.681,10000000
2329,1003.541,10000000
2330,1014.052,10000000
2331,1010.044,10000000
2332,1005.394,10000000
2333,1009.787,10000000
2334,1008.271,10000000
2335,1011.965,10000000
2336,1022.954,10000000
2337,1009.264,10000000
2338,1012.836,10000000
2339,1009.030,10000000
2340,1005.646,10000000
2341,1008.578,10000000
2342,1004.691,10000000
2343,1010.448,10000000
2344,1008.380,10000000
2345,1001.333,10000000
2346,1011.033,10000000
2347,1007.960,10000000
2348,1031.929,10000000
2349,1018.712,10000000
2350,1009.667,10000000
2351,1013.393,10000000
2352,1007.213,10000000
2353,1010.057,10000000
2354,1011.477,10000000
2355,1003.699,10000000
2356,1004.338,10000000
2357,1009.688,10000000
2358,1005.003,10000000
2359,1013.106,10000000
2360,1035.006,10000000
2361,1013.525,10000000
2362,1014.220,10000000
2363,1008.171,10000000
2364,1010.998,10000000
2365,1008.807,10000000
2366,1002.694,10000000
2367,1012.118,10000000
2368,1006.769,10000000
2369,1011.168,10000000
2370,1010.462,10000000
2371,1004.411,10000000
2372,1036.905,10000000
2373,1017.692,10000000
2374,1006.679,10000000
2375,1008.967,10000000
2376,1005.410,10000000
2377,1009.382,10000000
2378,1007.381,10000000
2379,1004.025,10000000
2380,1009.748,10000000
2381,1006.250,10000000
2382,1011.751,10000000
2383,1008.768,10000000
2384,1009.604,10000000
2385,1025.813,10000000
2386,1010.537,10000000
2387,1014.805,10000000
2388,1009.279,10000000
2389,1003.012,10000000
2390,1010.702,10000000
2391,1008.158,10000000
2392,1001.562,10000000
2393,1010.570,10000000
2394,1003.063,10000000
2395,1007.461,10000000
2396,1007.804,10000000
2397,1023.550,10000000
2398,1014.901,10000000
2399,1009.360,10000000
2400,1011.880,10000000
2401,1009.359,10000000
2402,1004.994,10000000
2403,1012.172,10000000
2404,1003.336,10000000
2405,1012.118,10000000
2406,1006.066,10000000
2407,1006.190,10000000
2408,1009.058,10000000
2409,1028.015,10000000
2410,1017.254,10000000
2411,1008.736,10000000
2412,1006.817,10000000
2413,1008.853,10000000
2414,1003.808,10000000
2415,1011.657,10000000
2416,1009.800,10000000
2417,1009.122,10000000
2418,1009.792,10000000
2419,1005.638,10000000
2420,1014.355,10000000
2421,1036.809,10000000
2422,1014.690,10000000
2423,1017.131,10000000
2424,1008.084,10000000
2425,1011.077,10000000
2426,1010.827,10000000
2427,1003.770,10000000
2428,1011.103,10000000
2429,1008.045,10000000
2430,1005.258,10000000
2431,1009.882,10000000
2432,1009.590,10000000
2433,1002.848,10000000
2434,1024.310,10000000
2435,1012.691,10000000
2436,1012.053,10000000
2437,1010.217,10000000
2438,1007.464,10000000
2439,1010.464,10000000
2440,1013.585,10000000
2441,1007.651,10000000
2442,1013.869,10000000
2443,1010.056,10000000
2444,1004.670,10000000
2445,1012.748,10000000
2446,1026.113,10000000
2447,1010.562,10000000
2448,1015.803,10000000
2449,1007.675,10000000
2450,1006.048,10000000
2451,1012.019,10000000
2452,1009.474,10000000
2453,1010.158,10000000
2454,1007.581,10000000
2455,1002.245,10000000
2456,1014.317,10000000
2457,1005.060,10000000
2458,1037.545,10000000
2459,1018.856,10000000
2460,1011.337,10000000
2461,1013.036,10000000
2462,1006.382,10000000
2463,1016.010,10000000
2464,1005.788,10000000
2465,1003.598,10000000
2466,1014.567,10000000
2467,1011.238,10000000
2468,1002.533,10000000
2469,1010.518,10000000
2470,1033.775,10000000
2471,1022.437,10000000
2472,1013.404,10000000
2473,1005.598,10000000
2474,1013.596,10000000
2475,1007.360,10000000
2476,1006.507,10000000
2477,1012.934,10000000
2478,1006.497,10000000
2479,1013.164,10000000
2480,1009.173,10000000
2481,1004.339,10000000
2482,1012.257,10000000
2483,1020.843,10000000
2484,1015.115,10000000
2485,1011.825,10000000
2486,1002.723,10000000
2487,1009.201,10000000
2488,1005.827,10000000
2489,1003.966,10000000
2490,1006.609,10000000
2491,1005.058,10000000
2492,1012.383,10000000
2493,1008.230,10000000
2494,1007.820,10000000
2495,1027.218,10000000
2496,1011.390,10000000
2497,1013.233,10000000
2498,1009.743,10000000
2499,1004.336,10000000
2500,1013.838,10000000
2501,1006.727,10000000
2502,1011.987,10000000
2503,1008.138,10000000
2504,999.981,10000000
2505,1012.500,10000000
2506,1008.533,10000000
2507,1023.239,10000000
2508,1017.106,10000000
2509,1007.831,10000000
2510,1012.575,10000000
2511,1009.037,10000000
2512,1003.523,10000000
2513,1011.800,10000000
2514,1005.590,10000000
2515,1013.947,10000000
2516,1008.720,10000000
2517,1005.348,10000000
2518,1014.964,10000000
2519,1036.840,10000000
2520,1022.162,10000000
2521,1017.647,10000000
2522,1008.140,10000000
2523,999.912,10000000
2524,1009.670,10000000
2525,1005.079,10000000
2526,1007.278,10000000
2527,1008.546,10000000
2528,1007.666,10000000
2529,1012.041,10000000
2530,1007.276,10000000
2531,1020.556,10000000
2532,1020.661,10000000
2533,1014.998,10000000
2534,1016.519,10000000
2535,1009.510,10000000
2536,1015.512,10000000
2537,1009.280,10000000
2538,1010.420,10000000
2539,1013.508,10000000
2540,1004.875,10000000
2541,1013.432,10000000
2542,1011.128,10000000
2543,1002.698,10000000
2544,1026.570,10000000
2545,1013.788,10000000
2546,1005.386,10000000
2547,1012.213,10000000
2548,1006.868,10000000
2549,1011.280,10000000
2550,1010.204,10000000
2551,1005.543,10000000
2552,1015.005,10000000
2553,1007.931,10000000
2554,1010.060,10000000
2555,1014.230,10000000
2556,1029.548,10000000
2557,1023.235,10000000
2558,1014.552,10000000
2559,1005.497,10000000
2560,1012.294,10000000
2561,1010.325,10000000
2562,1001.742,10000000
2563,1010.325,10000000
2564,1006.961,10000000
2565,1002.804,10000000
2566,1011.880,10000000
2567,1005.008,10000000
2568,1039.348,10000000
2569,1020.834,10000000
2570,1014.298,10000000
2571,1016.632,10000000
2572,1008.281,10000000
2573,1010.194,10000000
2574,1011.329,10000000
2575,1005.193,10000000
2576,1013.408,10000000
2577,1008.020,10000000
2578,1007.053,10000000
2579,1011.910,10000000
2580,1023.037,10000000
2581,1013.425,10000000
2582,1015.975,10000000
2583,1011.724,10000000
2584,1007.492,10000000
2585,1011.825,10000000
2586,1003.858,10000000
2587,1011.826,10000000
2588,1009.181,10000000
2589,1004.739,10000000
2590,1011.705,10000000
2591,1004.208,10000000
2592,1013.279,10000000
2593,1022.445,10000000
2594,1013.919,10000000
2595,1015.034,10000000
2596,1001.623,10000000
2597,1012.023,10000000
2598,1007.324,10000000
2599,1002.848,10000000
2600,1013.635,10000000
2601,1006.638,10000000
2602,1006.825,10000000
2603,1011.936,10000000
2604,1004.260,10000000
2605,1030.929,10000000
2606,1016.219,10000000
2607,1011.986,10000000
2608,1010.367,10000000
2609,1005.038,10000000
2610,1014.785,10000000
2611,1007.310,10000000
2612,1011.322,10000000
2613,1009.907,10000000
2614,1002.873,10000000
2615,1012.723,10000000
2616,1009.524,10000000
2617,1037.782,10000000
2618,1018.160,10000000
2619,1005.419,10000000
2620,1013.957,10000000
2621,1008.864,10000000
2622,1010.007,10000000
2623,1009.005,10000000
2624,1003.405,10000000
2625,1009.868,10000000
2626,1004.058,10000000
2627,1011.273,10000000
2628,1005.108,10000000
2629,1030.363,10000000
2630,1021.502,10000000
2631,1011.818,10000000
2632,1012.545,10000000
2633,1005.475,10000000
2634,1013.721,10000000
2635,1008.344,10000000
2636,1010.454,10000000
2637,1013.032,10000000
2638,1004.121,10000000
2639,1006.275,10000000
2640,1010.187,10000000
2641,1002.859,10000000
2642,1026.115,10000000
2643,1015.183,10000000
2644,1011.561,10000000
2645,1007.077,10000000
2646,1003.900,10000000
2647,1011.487,10000000
2648,1006.745,10000000
2649,1013.972,10000000
2650,1008.195,10000000
2651,1011.031,10000000
2652,1011.573,10000000
2653,1001.313,10000000
2654,1031.801,10000000
2655,1016.240,10000000
2656,1014.706,10000000
2657,1006.084,10000000
2658,1013.344,10000000
2659,1008.428,10000000
2660,1004.346,10000000
2661,1009.381,10000000
2662,1010.111,10000000
2663,1009.621,10000000
2664,1009.948,10000000
2665,1005.183,10000000
2666,1038.661,10000000
2667,1017.448,10000000
2668,1006.775,10000000
2669,1014.717,10000000
2670,1008.558,10000000
2671,1011.518,10000000
2672,1012.841,10000000
2673,1002.209,10000000
2674,1013.011,10000000
2675,1007.275,10000000
2676,1013.396,10000000
2677,1005.807,10000000
2678,1027.342,10000000
2679,1018.218,10000000
2680,1013.091,10000000
2681,1007.430,10000000
2682,1010.793,10000000
2683,1006.896,10000000
2684,1010.439,10000000
2685,1006.879,10000000
2686,1002.756,10000000
2687,1012.731,10000000
2688,1008.312,10000000
2689,1009.267,10000000
2690,1012.587,10000000
2691,1021.264,10000000
2692,1020.524,10000000
2693,1756.910,10000000
2694,2627.904,10000000
2695,2962.335,10000000
2696,3089.174,10000000
2697,3092.188,10000000
2698,3125.533,10000000
2699,2148.755,10000000
2700,1437.615,10000000
2701,1163.968,10000000
2702,1071.734,10000000
2703,1051.841,10000000
2704,1019.625,10000000
2705,1022.868,10000000
2706,1012.812,10000000
2707,1004.083,10000000
2708,1011.500,10000000
2709,1008.478,10000000
2710,1010.457,10000000
2711,1011.769,10000000
2712,1005.716,10000000
2713,1014.159,10000000
2714,1010.847,10000000
2715,1026.303,10000000
2716,1018.946,10000000
2717,1012.556,10000000
2718,1005.908,10000000
2719,1013.172,10000000
2720,1010.977,10000000
2721,1010.620,10000000
2722,1009.118,10000000
2723,1005.375,10000000
2724,1012.019,10000000
2725,1004.190,10000000
2726,1009.227,10000000
2727,1035.261,10000000
2728,1020.926,10000000
2729,1016.247,10000000
2730,1006.405,10000000
2731,1014.440,10000000
2732,1010.533,10000000
2733,1006.259,10000000
2734,1014.423,10000000
2735,1008.527,10000000
2736,1003.923,10000000
2737,1012.297,10000000
2738,1004.115,10000000
2739,1011.303,10000000
2740,1023.596,10000000
2741,1009.743,10000000
2742,1014.790,10000000
2743,1007.265,10000000
2744,1012.721,10000000
2745,1009.558,10000000
2746,1009.473,10000000
2747,1012.450,10000000
2748,1006.871,10000000
2749,1012.696,10000000
2750,1009.407,10000000
2751,1002.978,10000000
2752,1030.070,10000000
2753,1015.459,10000000
2754,1009.042,10000000
2755,1009.408,10000000
2756,1011.426,10000000
2757,1003.546,10000000
2758,1012.262,10000000
2759,1007.051,10000000
2760,1009.850,10000000
2761,1011.908,10000000
2762,1006.018,10000000
2763,1013.490,10000000
2764,1031.876,10000000
2765,1015.313,10000000
2766,1016.824,10000000
2767,1010.360,10000000
2768,1014.185,10000000
2769,1010.700,10000000
2770,1005.715,10000000
2771,1012.316,10000000
2772,1007.401,10000000
2773,1002.444,10000000
2774,1012.001,10000000
2775,1005.070,10000000
2776,1035.574,10000000
2777,1019.046,10000000
2778,1009.379,10000000
2779,1012.742,10000000
2780,1009.666,10000000
2781,1013.225,10000000
2782,1009.820,10000000
2783,1006.275,10000000
2784,1012.245,10000000
2785,1009.270,10000000
2786,1006.251,10000000
2787,1011.324,10000000
2788,1011.752,10000000
2789,1024.663,10000000
2790,1014.012,10000000
2791,1003.339,10000000
2792,1011.190,10000000
2793,1006.997,10000000
2794,1003.877,10000000
2795,1007.740,10000000
2796,1003.716,10000000
2797,1008.257,10000000
2798,1002.133,10000000
2799,1009.461,10000000
2800,1008.795,10000000
2801,1024.457,10000000
2802,1016.180,10000000
2803,1005.723,10000000
2804,1013.879,10000000
2805,1009.190,10000000
2806,1014.223,10000000
2807,1008.815,10000000
2808,1002.644,10000000
2809,1012.026,10000000
2810,1005.845,10000000
2811,1011.257,10000000
2812,1003.973,10000000
2813,1020.523,10000000
2814,1018.056,10000000
2815,1008.889,10000000
2816,1014.169,10000000
2817,1007.345,10000000
2818,1010.787,10000000
2819,1011.382,10000000
2820,1005.036,10000000
2821,1012.692,10000000
2822,1008.494,10000000
2823,1006.888,10000000
2824,1010.825,10000000
2825,1033.221,10000000
2826,1024.047,10000000
2827,1012.927,10000000
2828,1005.244,10000000
2829,1011.176,10000000
2830,1007.876,10000000
2831,1002.511,10000000
2832,1011.747,10000000
2833,1005.130,10000000
2834,1009.601,10000000
2835,1011.529,10000000
2836,1004.389,10000000
2837,1024.301,10000000
2838,1018.611,10000000
2839,1018.027,10000000
2840,1010.964,10000000
2841,1010.388,10000000
2842,1012.201,10000000
2843,1006.302,10000000
2844,1011.814,10000000
2845,1011.973,10000000
2846,1003.823,10000000
2847,1012.865,10000000
2848,1007.392,10000000
2849,1005.014,10000000
2850,1031.082,10000000
2851,1012.920,10000000
2852,1004.250,10000000
2853,1013.206,10000000
2854,1008.724,10000000
2855,1010.105,10000000
2856,1012.441,10000000
2857,1006.782,10000000
2858,1012.457,10000000
2859,1008.500,10000000
2860,1002.253,10000000
2861,1012.376,10000000
2862,1026.881,10000000
2863,1019.483,10000000
2864,1013.900,10000000
2865,1005.795,10000000
2866,1012.026,10000000
2867,1008.895,10000000
2868,1003.321,10000000
2869,1010.037,10000000
2870,1002.514,10000000
2871,1012.079,10000000
2872,1005.652,10000000
2873,1005.775,10000000
2874,1033.407,10000000
2875,1012.788,10000000
2876,1017.196,10000000
2877,1006.760,10000000
2878,1012.945,10000000
2879,1008.302,10000000
2880,1005.188,10000000
2881,1015.139,10000000
2882,1007.085,10000000
2883,1007.778,10000000
2884,1009.330,10000000
2885,1008.732,10000000
2886,1031.959,10000000
2887,1020.979,10000000
2888,1008.669,10000000
2889,1013.946,10000000
2890,1008.236,10000000
2891,1001.565,10000000
2892,1010.694,10000000
2893,1005.774,10000000
2894,1006.945,10000000
2895,1008.193,10000000
2896,1005.124,10000000
2897,1009.454,10000000
2898,1007.046,10000000
2899,1025.877,10000000
2900,1018.959,10000000
2901,1009.040,10000000
2902,1010.641,10000000
2903,1010.903,10000000
2904,1003.260,10000000
2905,1013.353,10000000
2906,1006.200,10000000
2907,1008.393,10000000
2908,1012.320,10000000
2909,1006.197,10000000
2910,1015.201,10000000
2911,1027.453,10000000
2912,1011.149,10000000
2913,1013.870,10000000
2914,1006.868,10000000
2915,1004.357,10000000
2916,1007.247,10000000
2917,1007.550,10000000
2918,1013.306,10000000
2919,1008.754,10000000
2920,1005.264,10000000
2921,1014.732,10000000
2922,1010.752,10000000
2923,1032.564,10000000
2924,1018.625,10000000
2925,1009.329,10000000
2926,1012.889,10000000
2927,1013.368,10000000
2928,1005.779,10000000
2929,1010.226,10000000
2930,1010.628,10000000
2931,1004.634,10000000
2932,1000.967,10000000
2933,1010.835,10000000
2934,1006.153,10000000
2935,1034.177,10000000
2936,1018.821,10000000
2937,1010.597,10000000
2938,1016.781,10000000
2939,1012.188,10000000
2940,1002.524,10000000
2941,1015.803,10000000
2942,1006.315,10000000
2943,1010.798,10000000
2944,1010.426,10000000
2945,1008.060,10000000
2946,1011.299,10000000
2947,1010.628,10000000
2948,1020.148,10000000
2949,1016.330,10000000
2950,1008.912,10000000
2951,1005.595,10000000
2952,1010.495,10000000
2953,1009.085,10000000
2954,1000.239,10000000
2955,1012.672,10000000
2956,1009.203,10000000
2957,1006.610,10000000
2958,1008.779,10000000
2959,1006.347,10000000
2960,1027.803,10000000
2961,1016.070,10000000
2962,1005.115,10000000
2963,1013.021,10000000
2964,1009.308,10000000
2965,1005.113,10000000
2966,1013.432,10000000
2967,1008.840,10000000
2968,1011.513,10000000
2969,1013.308,10000000
2970,1007.262,10000000
2971,1012.200,10000000
2972,1032.209,10000000
2973,1011.504,10000000
2974,1013.470,10000000
2975,1006.634,10000000
2976,1008.906,10000000
2977,1007.152,10000000
2978,1008.087,10000000
2979,1008.574,10000000
2980,1004.475,10000000
2981,1009.910,10000000
2982,1003.063,10000000
2983,1010.874,10000000
2984,1036.957,10000000
2985,1014.974,10000000
2986,1017.527,10000000
2987,1011.886,10000000
2988,1011.816,10000000
2989,1010.023,10000000
2990,1004.492,10000000
2991,1014.439,10000000
2992,1007.587,10000000
2993,999.269,10000000
2994,1007.219,10000000
2995,1007.687,10000000
2996,999.481,10000000
2997,1022.395,10000000
2998,1011.039,10000000
2999,1014.217,10000000
3000,1010.348,10000000
3001,1005.096,10000000
3002,1012.185,10000000
3003,1009.953,10000000
3004,1003.296,10000000
3005,1013.896,10000000
3006,1009.574,10000000
3007,1008.801,10000000
3008,1010.170,10000000
3009,1019.796,10000000
3010,1018.506,10000000
3011,1004.760,10000000
3012,999.623,10000000
3013,1012.064,10000000
3014,1001.986,10000000
3015,1008.052,10000000
3016,1009.455,10000000
3017,1006.002,10000000
3018,1011.650,10000000
3019,1009.322,10000000
3020,1008.852,10000000
3021,1035.384,10000000
3022,1014.966,10000000
3023,1012.580,10000000
3024,1013.886,10000000
3025,1004.650,10000000
3026,1009.963,10000000
3027,1009.941,10000000
3028,1005.002,10000000
3029,1012.864,10000000
3030,1009.443,10000000
3031,1003.607,10000000
3032,1011.401,10000000
3033,1034.770,10000000
3034,1019.471,10000000
3035,1014.263,10000000
3036,1005.948,10000000
3037,1010.245,10000000
3038,1010.182,10000000
3039,1002.781,10000000
3040,1012.639,10000000
3041,1008.476,10000000
3042,1010.673,10000000
3043,1008.294,10000000
3044,1004.047,10000000
3045,1013.745,10000000
3046,1022.518,10000000
3047,1014.729,10000000
3048,1012.402,10000000
3049,1007.091,10000000
3050,1015.831,10000000
3051,1009.134,10000000
3052,1001.846,10000000
3053,1011.443,10000000
3054,1004.068,10000000
3055,1009.365,10000000
3056,1007.495,10000000
3057,1004.321,10000000
3058,1029.117,10000000
3059,1012.622,10000000
3060,1014.064,10000000
3061,1007.058,10000000
3062,1010.239,10000000
3063,1009.439,10000000
3064,1002.132,10000000
3065,1012.281,10000000
3066,1013.457,10000000
3067,1007.261,10000000
3068,1015.449,10000000
3069,1008.619,10000000
3070,1027.031,10000000
3071,1022.495,10000000
3072,1009.811,10000000
3073,1003.867,10000000
3074,1011.613,10000000
3075,1005.947,10000000
3076,1009.756,10000000
3077,1008.926,10000000
3078,1001.990,10000000
3079,1011.056,10000000
3080,1008.391,10000000
3081,1005.755,10000000
3082,1039.609,10000000
3083,1016.003,10000000
3084,1015.081,10000000
3085,1014.613,10000000
3086,1005.112,10000000
3087,1013.811,10000000
3088,1009.259,10000000
3089,999.636,10000000
3090,1012.439,10000000
3091,1005.735,10000000
3092,999.366,10000000
3093,1009.924,10000000
3094,1008.134,10000000
3095,1022.775,10000000
3096,1012.730,10000000
3097,1004.500,10000000
3098,1011.984,10000000
3099,1009.687,10000000
3100,1005.738,10000000
3101,1011.717,10000000
3102,1007.046,10000000
3103,1011.062,10000000
3104,1009.557,10000000
3105,1002.651,10000000
3106,1011.903,10000000
3107,1023.366,10000000
3108,1011.995,10000000
3109,1010.438,10000000
3110,1007.615,10000000
3111,1000.709,10000000
3112,1012.012,10000000
3113,1004.566,10000000
3114,1008.573,10000000
3115,1009.072,10000000
3116,1002.775,10000000
3117,1010.678,10000000
3118,1006.379,10000000
3119,1033.342,10000000
3120,1018.570,10000000
3121,1006.234,10000000
3122,1014.930,10000000
3123,1008.393,10000000
3124,1001.579,10000000
3125,1010.838,10000000
3126,1006.116,10000000
3127,1012.713,10000000
3128,1009.253,10000000
3129,1001.735,10000000
3130,1015.063,10000000
3131,1033.053,10000000
3132,1012.729,10000000
3133,1012.361,10000000
3134,1007.116,10000000
3135,1012.267,10000000
3136,1009.363,10000000
3137,1005.492,10000000
3138,1014.590,10000000
3139,1007.875,10000000
3140,1008.845,10000000
3141,1007.119,10000000
3142,1003.276,10000000
3143,1024.635,10000000
3144,1016.904,10000000
3145,1014.424,10000000
3146,1014.188,10000000
3147,1006.519,10000000
3148,1013.282,10000000
3149,1004.826,10000000
3150,1004.273,10000000
3151,1013.733,10000000
3152,1006.553,10000000
3153,1008.606,10000000
3154,1007.596,10000000
3155,1004.747,10000000
3156,1027.452,10000000
3157,1010.984,10000000
3158,1016.034,10000000
3159,1008.353,10000000
3160,1006.104,10000000
3161,1011.653,10000000
3162,1005.678,10000000
3163,1010.815,10000000
3164,1011.631,10000000
3165,1007.302,10000000
3166,1011.553,10000000
3167,1007.411,10000000
3168,1026.173,10000000
3169,1022.991,10000000
3170,1010.019,10000000
3171,1001.280,10000000
3172,1013.135,10000000
3173,1006.757,10000000
3174,1012.047,10000000
3175,1010.086,10000000
3176,1003.098,10000000
3177,1013.488,10000000
3178,1007.536,10000000
3179,1010.758,10000000
3180,1037.608,10000000
3181,1014.776,10000000
3182,1018.069,10000000
3183,1011.805,10000000
3184,1008.364,10000000
3185,1012.250,10000000
3186,1007.673,10000000
3187,1010.638,10000000
3188,1011.951,10000000
3189,1004.199,10000000
3190,999.855,10000000
3191,1012.418,10000000
3192,1023.957,10000000
3193,1020.139,10000000
3194,1013.768,10000000
3195,1006.105,10000000
3196,1009.460,10000000
3197,1008.367,10000000
3198,1001.669,10000000
3199,2120.577,10000000
3200,2743.787,10000000
3201,2998.227,10000000
3202,3099.466,10000000
3203,3144.174,10000000
3204,3122.182,10000000
3205,1900.356,10000000
3206,1333.219,10000000
3207,1134.481,10000000
3208,1052.791,10000000
3209,1016.952,10000000
3210,1011.595,10000000
3211,1008.407,10000000
3212,1007.004,10000000
3213,1009.000,10000000
3214,1003.538,10000000
3215,1010.980,10000000
3216,1009.037,10000000
3217,1029.243,10000000
3218,1016.379,10000000
3219,1006.511,10000000
3220,1013.852,10000000
3221,1006.478,10000000
3222,1010.677,10000000
3223,1012.162,10000000
3224,1002.400,10000000
3225,1010.095,10000000
3226,1006.147,10000000
3227,1001.882,10000000
3228,1012.436,10000000
3229,1026.947,10000000
3230,1016.015,10000000
3231,1011.283,10000000
3232,1003.495,10000000
3233,1012.281,10000000
3234,1006.998,10000000
3235,1014.172,10000000
3236,1006.110,10000000
3237,1002.618,10000000
3238,1010.605,10000000
3239,1006.776,10000000
3240,1009.440,10000000
3241,1036.128,10000000
3242,1016.339,10000000
3243,1014.180,10000000
3244,1010.105,10000000
3245,1005.757,10000000
3246,1010.966,10000000
3247,1008.040,10000000
3248,1001.367,10000000
3249,1011.409,10000000
3250,1006.023,10000000
3251,1008.773,10000000
3252,1012.550,10000000
3253,1005.258,10000000
3254,1025.564,10000000
3255,1010.396,10000000
3256,1013.542,10000000
3257,1005.386,10000000
3258,1007.994,10000000
3259,1010.129,10000000
3260,1006.442,10000000
3261,1009.418,10000000
3262,1012.313,10000000
3263,1006.861,10000000
3264,1011.995,10000000
3265,1010.780,10000000
3266,1022.298,10000000
3267,1020.206,10000000
3268,1011.332,10000000
3269,1002.224,10000000
3270,1012.426,10000000
3271,1006.827,10000000
3272,1004.946,10000000
3273,1007.713,10000000
3274,1004.251,10000000
3275,1009.392,10000000
3276,1008.379,10000000
3277,1001.969,10000000
3278,1037.182,10000000
3279,1015.453,10000000
3280,1006.628,10000000
3281,1009.257,10000000
3282,1002.155,10000000
3283,1009.649,10000000
3284,1014.945,10000000
3285,1007.152,10000000
3286,1012.120,10000000
3287,1011.922,10000000
3288,1006.643,10000000
3289,999.803,10000000
3290,1036.610,10000000
3291,1015.946,10000000
3292,1009.423,10000000
3293,1008.906,10000000
3294,1003.162,10000000
3295,1011.911,10000000
3296,1008.656,10000000
3297,1009.329,10000000
3298,1010.462,10000000
3299,1005.326,10000000
3300,1012.793,10000000
3301,1009.930,10000000
3302,1004.692,10000000
3303,1024.983,10000000
3304,1011.390,10000000
3305,1012.972,10000000
3306,1014.173,10000000
3307,1006.809,10000000
3308,1009.553,10000000
3309,1011.283,10000000
3310,1003.642,10000000
3311,1000.098,10000000
3312,1007.569,10000000
3313,1002.736,10000000
3314,1005.961,10000000
3315,1023.543,10000000
3316,1020.637,10000000
3317,1013.670,10000000
3318,1005.727,10000000
3319,1015.830,10000000
3320,1007.495,10000000
3321,1012.356,10000000
3322,1010.335,10000000
3323,1004.397,10000000
3324,1013.328,10000000
3325,1007.031,10000000
3326,1006.921,10000000
3327,1031.095,10000000
3328,1016.342,10000000
3329,1005.866,10000000
3330,1013.015,10000000
3331,1006.604,10000000
3332,998.609,10000000
3333,1008.710,10000000
3334,1009.849,10000000
3335,1003.637,10000000
3336,1012.596,10000000
3337,1007.196,10000000
3338,1012.877,10000000
3339,1035.625,10000000
3340,1014.331,10000000
3341,1016.843,10000000
3342,1008.115,10000000
3343,1012.884,10000000
3344,1012.098,10000000
3345,1005.466,10000000
3346,1017.816,10000000
3347,1008.735,10000000
3348,1012.477,10000000
3349,1015.745,10000000
3350,1004.612,10000000
3351,1014.771,10000000
3352,1021.187,10000000
3353,1008.254,10000000
3354,1011.476,10000000
3355,1007.450,10000000
3356,1012.015,10000000
3357,1007.951,10000000
3358,1013.486,10000000
3359,1014.174,10000000
3360,1005.734,10000000
3361,1006.762,10000000
3362,1010.534,10000000
3363,1006.356,10000000
3364,1026.943,10000000
3365,1018.408,10000000
3366,1007.206,10000000
3367,1016.596,10000000
3368,1012.461,10000000
3369,1009.998,10000000
3370,1014.343,10000000
3371,1012.841,10000000
3372,1005.785,10000000
3373,1010.986,10000000
3374,1008.938,10000000
3375,1003.327,10000000
3376,1032.971,10000000
3377,1017.559,10000000
3378,1014.872,10000000
3379,1012.653,10000000
3380,1008.769,10000000
3381,1012.525,10000000
3382,1007.493,10000000
3383,1014.253,10000000
3384,1013.102,10000000
3385,1012.874,10000000
3386,1011.340,10000000
3387,1007.137,10000000
3388,1037.180,10000000
3389,1018.463,10000000
3390,1007.074,10000000
3391,1006.928,10000000
3392,1008.605,10000000
3393,1001.621,10000000
3394,1008.927,10000000
3395,1006.961,10000000
3396,1007.795,10000000
3397,1010.048,10000000
3398,1004.453,10000000
3399,1012.170,10000000
3400,1018.601,10000000
3401,1024.734,10000000
3402,1015.073,10000000
3403,1005.460,10000000
3404,1012.671,10000000
3405,1005.903,10000000
3406,1012.881,10000000
3407,1011.889,10000000
3408,1005.191,10000000
3409,1011.547,10000000
3410,1007.809,10000000
3411,1000.621,10000000
3412,1007.211,10000000
3413,1022.832,10000000
3414,1007.015,10000000
3415,1013.686,10000000
3416,1007.848,10000000
3417,1013.047,10000000
3418,1008.744,10000000
3419,1013.541,10000000
3420,1012.735,10000000
3421,1008.158,10000000
3422,1008.711,10000000
3423,1006.423,10000000
3424,1012.737,10000000
3425,1032.927,10000000
3426,1017.954,10000000
3427,1013.315,10000000
3428,1003.948,10000000
3429,1013.423,10000000
3430,1003.596,10000000
3431,1000.409,10000000
3432,1010.232,10000000
3433,1001.067,10000000
3434,1011.443,10000000
3435,1009.828,10000000
3436,1013.397,10000000
3437,1036.597,10000000
3438,1017.517,10000000
3439,1017.848,10000000
3440,1013.253,10000000
3441,1003.703,10000000
3442,1012.466,10000000
3443,1009.671,10000000
3444,1015.251,10000000
3445,1012.317,10000000
3446,1007.563,10000000
3447,1014.414,10000000
3448,1007.410,10000000
3449,1030.599,10000000
3450,1021.847,10000000
3451,1006.858,10000000
3452,1015.809,10000000
3453,1006.856,10000000
3454,1009.522,10000000
3455,1012.418,10000000
3456,1002.085,10000000
3457,1009.631,10000000
3458,1009.464,10000000
3459,1004.832,10000000
3460,1012.915,10000000
3461,1007.219,10000000
3462,1025.271,10000000
3463,1017.622,10000000
3464,1006.986,10000000
3465,1016.403,10000000
3466,1008.557,10000000
3467,1009.370,10000000
3468,1012.674,10000000
3469,1009.482,10000000
3470,1004.042,10000000
3471,1014.645,10000000
3472,1009.410,10000000
3473,1003.270,10000000
3474,1029.838,10000000
3475,1013.129,10000000
3476,1013.767,10000000
3477,1010.335,10000000
3478,1006.114,10000000
3479,1012.936,10000000
3480,1006.216,10000000
3481,1007.300,10000000
3482,1013.104,10000000
3483,1008.243,10000000
3484,1013.625,10000000
3485,1008.981,10000000
3486,1031.071,10000000
3487,1023.330,10000000
3488,1012.742,10000000
3489,1015.626,10000000
3490,1012.983,10000000
3491,1007.113,10000000
3492,1002.067,10000000
3493,1010.404,10000000
3494,1001.806,10000000
3495,1010.192,10000000
3496,1009.718,10000000
3497,1008.745,10000000
3498,1032.598,10000000
3499,1018.078,10000000
3500,1019.023,10000000
3501,1010.993,10000000
3502,1006.148,10000000
3503,1015.062,10000000
3504,1010.460,10000000
3505,1005.031,10000000
3506,1012.304,10000000
3507,1009.024,10000000
3508,1011.586,10000000
3509,1008.614,10000000
3510,1004.856,10000000
3511,1030.195,10000000
3512,1013.006,10000000
3513,1002.216,10000000
3514,1010.244,10000000
3515,1004.252,10000000
3516,1008.467,10000000
3517,1010.126,10000000
3518,1005.821,10000000
3519,1012.240,10000000
3520,1007.081,10000000
3521,1010.483,10000000
3522,1013.441,10000000
3523,1024.883,10000000
3524,1019.838,10000000
3525,1013.106,10000000
3526,1005.359,10000000
3527,1013.107,10000000
3528,1007.067,10000000
3529,1010.986,10000000
3530,1010.248,10000000
3531,1004.076,10000000
3532,1005.250,10000000
3533,1009.903,10000000
3534,1001.183,10000000
3535,1033.477,10000000
3536,1018.481,10000000
3537,1012.420,10000000
3538,1013.145,10000000
3539,1005.847,10000000
3540,1013.860,10000000
3541,1008.603,10000000
3542,1003.382,10000000
3543,1014.104,10000000
3544,1009.025,10000000
3545,1006.883,10000000
3546,1010.433,10000000
3547,1030.412,10000000
3548,1023.686,10000000
3549,1011.386,10000000
3550,1004.270,10000000
3551,1015.582,10000000
3552,1008.195,10000000
3553,1001.597,10000000
3554,1009.691,10000000
3555,1006.815,10000000
3556,1008.340,10000000
3557,1008.634,10000000
3558,1002.888,10000000
3559,1009.936,10000000
3560,1022.586,10000000
3561,1014.219,10000000
3562,1012.187,10000000
3563,1004.591,10000000
3564,1012.135,10000000
3565,1008.170,10000000
3566,1002.601,10000000
3567,1012.373,10000000
3568,1006.623,10000000
3569,1011.609,10000000
3570,1009.731,10000000
3571,1003.408,10000000
3572,1034.205,10000000
3573,1013.383,10000000
3574,1002.688,10000000
3575,1011.030,10000000
3576,1002.126,10000000
3577,1010.330,10000000
3578,1008.725,10000000
3579,1008.307,10000000
3580,1008.686,10000000
3581,1004.056,10000000
3582,1010.758,10000000
3583,1006.856,10000000
3584,1033.478,10000000
3585,1020.459,10000000
3586,1008.133,10000000
3587,1011.415,10000000
3588,1008.779,10000000
3589,1005.383,10000000
3590,1011.916,10000000
3591,1009.571,10000000
3592,1003.858,10000000
3593,1006.553,10000000
3594,1010.135,10000000
3595,1001.963,10000000
3596,1037.671,10000000
3597,1015.286,10000000
3598,1007.224,10000000
3599,1009.874,10000000
3600,1007.570,10000000
3601,1013.377,10000000
3602,1009.526,10000000
3603,1004.254,10000000
3604,1012.707,10000000
3605,1004.451,10000000
3606,1011.504,10000000
3607,1008.932,10000000
3608,1007.444,10000000
3609,1024.109,10000000
3610,1012.663,10000000
3611,1013.117,10000000
3612,1007.087,10000000
3613,1003.317,10000000
3614,1008.511,10000000
3615,1007.232,10000000
3616,1003.016,10000000
3617,1010.890,10000000
3618,1007.185,10000000
3619,1010.396,10000000
3620,1008.616,10000000
3621,1022.171,10000000
3622,1018.573,10000000
3623,1013.130,10000000
3624,1006.653,10000000
3625,1014.226,10000000
3626,1008.231,10000000
3627,1006.811,10000000
3628,1011.133,10000000
3629,1006.190,10000000
3630,1014.375,10000000
3631,1010.594,10000000
3632,1002.771,10000000
3633,1030.568,10000000
3634,1017.836,10000000
3635,1006.442,10000000
3636,1010.249,10000000
3637,1008.844,10000000
3638,1012.442,10000000
3639,1010.408,10000000
3640,1001.332,10000000
3641,1014.434,10000000
3642,1008.490,10000000
3643,1007.246,10000000
3644,1011.157,10000000
3645,1034.601,10000000
3646,1020.848,10000000
3647,1013.812,10000000
3648,1004.238,10000000
3649,1015.149,10000000
3650,1011.090,10000000
3651,1004.428,10000000
3652,1014.831,10000000
3653,1006.562,10000000
3654,1003.186,10000000
3655,1012.060,10000000
3656,1008.150,10000000
3657,1012.116,10000000
3658,1025.831,10000000
3659,1012.081,10000000
3660,1015.097,10000000
3661,1010.564,10000000
3662,1007.473,10000000
3663,1013.911,10000000
3664,1007.407,10000000
3665,1010.898,10000000
3666,1012.358,10000000
3667,1008.864,10000000
3668,1013.803,10000000
3669,1012.041,10000000
3670,1023.506,10000000
3671,1019.759,10000000
3672,1011.943,10000000
3673,1002.885,10000000
3674,1011.603,10000000
3675,1008.429,10000000
3676,1009.511,10000000
3677,1012.721,10000000
3678,1004.824,10000000
3679,1013.277,10000000
3680,1010.633,10000000
3681,1007.977,10000000
3682,1039.789,10000000
3683,1020.007,10000000
3684,1012.093,10000000
3685,1014.654,10000000
3686,1010.246,10000000
3687,1014.254,10000000
3688,1008.993,10000000
3689,1004.800,10000000
3690,1012.925,10000000
3691,1006.259,10000000
3692,1001.340,10000000
3693,1008.300,10000000
3694,1029.645,10000000
3695,1022.759,10000000
3696,1013.021,10000000
3697,1012.698,10000000
3698,1009.435,10000000
3699,1010.457,10000000
3700,1012.732,10000000
3701,1013.968,10000000
3702,1004.418,10000000
3703,1013.197,10000000
3704,1012.732,10000000
3705,2355.390,10000000
3706,2854.785,10000000
3707,3025.818,10000000
3708,3096.667,10000000
3709,3137.667,10000000
3710,2828.944,10000000
3711,1694.649,10000000
3712,1258.416,10000000
3713,1094.112,10000000
3714,1044.659,10000000
3715,1018.090,10000000
3716,1013.329,10000000
3717,1012.249,10000000
3718,1008.067,10000000
3719,1025.857,10000000
3720,1011.678,10000000
3721,1016.265,10000000
3722,1012.526,10000000
3723,1003.153,10000000
3724,1012.807,10000000
3725,1007.841,10000000
3726,1011.840,10000000
3727,1011.844,10000000
3728,1005.318,10000000
3729,1013.552,10000000
3730,1004.962,10000000
3731,1020.470,10000000
3732,1017.658,10000000
3733,1011.502,10000000
3734,1003.489,10000000
3735,1008.786,10000000
3736,1003.332,10000000
3737,1012.133,10000000
3738,1009.714,10000000
3739,1003.031,10000000
3740,1011.029,10000000
3741,1007.807,10000000
3742,1003.151,10000000
3743,1035.006,10000000
3744,1013.945,10000000
3745,1013.438,10000000
3746,1012.620,10000000
3747,1005.553,10000000
3748,1011.017,10000000
3749,1009.680,10000000
3750,1001.886,10000000
3751,1011.604,10000000
3752,1009.130,10000000
3753,1005.590,10000000
3754,1010.609,10000000
3755,1026.324,10000000
3756,1020.686,10000000
3757,1012.602,10000000
3758,1010.742,10000000
3759,1013.724,10000000
3760,1006.596,10000000
3761,1014.217,10000000
3762,1010.481,10000000
3763,1007.880,10000000
3764,1014.882,10000000
3765,1012.303,10000000
3766,1011.585,10000000
3767,1012.744,10000000
3768,1022.687,10000000
3769,1015.625,10000000
3770,1010.749,10000000
3771,1004.558,10000000
3772,1013.633,10000000
3773,1006.498,10000000
3774,1006.932,10000000
3775,1004.310,10000000
3776,1003.204,10000000
3777,1012.704,10000000
3778,1007.265,10000000
3779,1010.102,10000000
3780,1032.313,10000000
3781,1012.043,10000000
3782,1015.442,10000000
3783,1012.491,10000000
3784,1004.282,10000000
3785,1014.120,10000000
3786,1011.156,10000000
3787,1012.876,10000000
3788,1013.658,10000000
3789,1004.573,10000000
3790,1010.992,10000000
3791,1005.317,10000000
3792,1025.220,10000000
3793,1018.992,10000000
3794,1005.899,10000000
3795,1008.254,10000000
3796,1005.299,10000000
3797,1005.463,10000000
3798,1010.575,10000000
3799,1008.801,10000000
3800,1013.207,10000000
3801,1010.717,10000000
3802,1005.052,10000000
3803,1015.236,10000000
3804,1030.649,10000000
3805,1024.958,10000000
3806,1016.664,10000000
3807,1006.946,10000000
3808,1014.872,10000000
3809,1008.167,10000000
3810,1001.265,10000000
3811,1009.107,10000000
3812,1006.146,10000000
3813,1009.235,10000000
3814,1009.782,10000000
3815,999.997,10000000
3816,1007.933,10000000
3817,1021.714,10000000
3818,1017.602,10000000
3819,1012.375,10000000
3820,1006.747,10000000
3821,1012.740,10000000
3822,1006.974,10000000
3823,1005.169,10000000
3824,1013.573,10000000
3825,1008.302,10000000
3826,1011.169,10000000
3827,1012.901,10000000
3828,1009.849,10000000
3829,1025.654,10000000
3830,1017.728,10000000
3831,1007.980,10000000
3832,1002.944,10000000
3833,1010.829,10000000
3834,1005.410,10000000
3835,1013.303,10000000
3836,1008.739,10000000
3837,1010.794,10000000
3838,1012.172,10000000
3839,1008.546,10000000
3840,1014.097,10000000
3841,1032.092,10000000
3842,1014.379,10000000
3843,1014.493,10000000
3844,1010.723,10000000
3845,1011.535,10000000
3846,1010.680,10000000
3847,1005.270,10000000
3848,1011.441,10000000
3849,1004.360,10000000
3850,1014.143,10000000
3851,1009.671,10000000
3852,1000.841,10000000
3853,1033.989,10000000
3854,1021.433,10000000
3855,1005.469,10000000
3856,1012.654,10000000
3857,1008.635,10000000
3858,1008.235,10000000
3859,1010.355,10000000
3860,1007.375,10000000
3861,1011.438,10000000
3862,1006.778,10000000
3863,1004.158,10000000
3864,1012.451,10000000
3865,1009.114,10000000
3866,1017.589,10000000
3867,1015.689,10000000
3868,1006.811,10000000
3869,1018.999,10000000
3870,1009.690,10000000
3871,1005.582,10000000
3872,1006.707,10000000
3873,1007.667,10000000
3874,1003.849,10000000
3875,1011.519,10000000
3876,1007.499,10000000
3877,1011.209,10000000
3878,1029.485,10000000
3879,1013.154,10000000
3880,1013.425,10000000
3881,1012.658,10000000
3882,1005.642,10000000
3883,1014.316,10000000
3884,1009.757,10000000
3885,1014.337,10000000
3886,1011.579,10000000
3887,1003.773,10000000
3888,1013.536,10000000
3889,1010.788,10000000
3890,1027.026,10000000
3891,1022.611,10000000
3892,1011.935,10000000
3893,1002.249,10000000
3894,1011.437,10000000
3895,1006.730,10000000
3896,1008.561,10000000
3897,1011.848,10000000
3898,1003.765,10000000
3899,1015.053,10000000
3900,1012.534,10000000
3901,1004.228,10000000
3902,1041.891,10000000
3903,1019.957,10000000
3904,1015.003,10000000
3905,1014.024,10000000
3906,1005.383,10000000
3907,1015.396,10000000
3908,1007.624,10000000
3909,1003.413,10000000
3910,1015.327,10000000
3911,1010.274,10000000
3912,1004.716,10000000
3913,1008.952,10000000
3914,1010.619,10000000
3915,1022.903,10000000
3916,1013.164,10000000
3917,1009.826,10000000
3918,1013.831,10000000
3919,1008.443,10000000
3920,1011.999,10000000
3921,1013.667,10000000
3922,1007.679,10000000
3923,1014.634,10000000
3924,1009.587,10000000
3925,1004.129,10000000
3926,1012.969,10000000
3927,1026.601,10000000
3928,1012.850,10000000
3929,1011.960,10000000
3930,1005.473,10000000
3931,1009.357,10000000
3932,1005.424,10000000
3933,1002.302,10000000
3934,1010.016,10000000
3935,1001.427,10000000
3936,1009.998,10000000
3937,1007.540,10000000
3938,1012.505,10000000
3939,1031.181,10000000
3940,1012.436,10000000
3941,1017.668,10000000
3942,1008.381,10000000
3943,1012.540,10000000
3944,1012.761,10000000
3945,1003.183,10000000
3946,1011.589,10000000
3947,1012.887,10000000
3948,1009.916,10000000
3949,1014.716,10000000
3950,1008.509,10000000
3951,1031.545,10000000
3952,1024.349,10000000
3953,1012.671,10000000
3954,1007.293,10000000
3955,1011.268,10000000
3956,1004.977,10000000
3957,1010.792,10000000
3958,1012.882,10000000
3959,1004.118,10000000
3960,1013.584,10000000
3961,1007.077,10000000
3962,1002.289,10000000
3963,1018.806,10000000
3964,1020.831,10000000
3965,1011.604,10000000
3966,1015.205,10000000
3967,1005.285,10000000
3968,1015.508,10000000
3969,1008.915,10000000
3970,1008.039,10000000
3971,1008.600,10000000
3972,1004.443,10000000
3973,1002.634,10000000
3974,1009.849,10000000
3975,1003.812,10000000
3976,1027.741,10000000
3977,1014.724,10000000
3978,1015.344,10000000
3979,1011.967,10000000
3980,1006.603,10000000
3981,1015.235,10000000
3982,1008.046,10000000
3983,1007.398,10000000
3984,1010.820,10000000
3985,1005.255,10000000
3986,1013.183,10000000
3987,1009.834,10000000
3988,1031.276,10000000
3989,1021.342,10000000
3990,1005.725,10000000
3991,1000.612,10000000
3992,1011.280,10000000
3993,1004.066,10000000
3994,1007.448,10000000
3995,1009.621,10000000
3996,1003.638,10000000
3997,1010.904,10000000
3998,1008.373,10000000
3999,1007.741,10000000
4000,1037.026,10000000
4001,1019.144,10000000
4002,1016.728,10000000
4003,1015.792,10000000
4004,1008.231,10000000
4005,1015.245,10000000
4006,1010.654,10000000
4007,1009.932,10000000
4008,1009.840,10000000
4009,1006.716,10000000
4010,1010.380,10000000
4011,1011.137,10000000
4012,1019.537,10000000
4013,1021.310,10000000
4014,1013.050,10000000
4015,1006.225,10000000
4016,1013.785,10000000
4017,1009.115,10000000
4018,1018.610,10000000
4019,1011.441,10000000
4020,1009.863,10000000
4021,1013.962,10000000
4022,1009.835,10000000
4023,1012.378,10000000
4024,1011.929,10000000
4025,1021.767,10000000
4026,1019.129,10000000
4027,1011.230,10000000
4028,1004.993,10000000
4029,1015.169,10000000
4030,1005.328,10000000
4031,1003.891,10000000
4032,1014.324,10000000
4033,1006.675,10000000
4034,1005.514,10000000
4035,1011.750,10000000
4036,1008.363,10000000
4037,1034.445,10000000
4038,1019.656,10000000
4039,1005.336,10000000
4040,1015.725,10000000
4041,1009.008,10000000
4042,1008.082,10000000
4043,1008.688,10000000
4044,1004.569,10000000
4045,1014.081,10000000
4046,1008.343,10000000
4047,1012.795,10000000
4048,1009.332,10000000
4049,1030.321,10000000
4050,1025.428,10000000
4051,1013.521,10000000
4052,1004.657,10000000
4053,1011.426,10000000
4054,1009.124,10000000
4055,1009.598,10000000
4056,1010.583,10000000
4057,1005.778,10000000
4058,1011.641,10000000
4059,1011.636,10000000
4060,1006.291,10000000
4061,1031.720,10000000
4062,1017.667,10000000
4063,1020.027,10000000
4064,1012.058,10000000
4065,1005.538,10000000
4066,1013.528,10000000
4067,1008.414,10000000
4068,1011.278,10000000
4069,1013.637,10000000
4070,1009.118,10000000
4071,1002.908,10000000
4072,1012.910,10000000
4073,1004.708,10000000
4074,1024.374,10000000
4075,1017.914,10000000
4076,1005.657,10000000
4077,1013.228,10000000
4078,1007.308,10000000
4079,1014.755,10000000
4080,1011.714,10000000
4081,1006.140,10000000
4082,1010.819,10000000
4083,1008.254,10000000
4084,1013.980,10000000
4085,1011.458,10000000
4086,1025.959,10000000
4087,1021.336,10000000
4088,1011.763,10000000
4089,1010.489,10000000
4090,1014.537,10000000
4091,1008.741,10000000
4092,1003.138,10000000
4093,1011.829,10000000
4094,1006.212,10000000
4095,1013.335,10000000
4096,1010.752,10000000
4097,1003.088,10000000
4098,1035.744,10000000
4099,1018.264,10000000
4100,1013.945,10000000
4101,1011.135,10000000
4102,1004.480,10000000
4103,1012.126,10000000
4104,1012.171,10000000
4105,1002.657,10000000
4106,1011.213,10000000
4107,1006.328,10000000
4108,1007.524,10000000
4109,1011.411,10000000
4110,1027.062,10000000
4111,1014.747,10000000
4112,1011.797,10000000
4113,1003.908,10000000
4114,1010.292,10000000
4115,1007.288,10000000
4116,1003.396,10000000
4117,1008.975,10000000
4118,1003.917,10000000
4119,1012.589,10000000
4120,1009.743,10000000
4121,1002.175,10000000
4122,1010.646,10000000
4123,1023.267,10000000
4124,1018.995,10000000
4125,1011.550,10000000
4126,1013.203,10000000
4127,1012.162,10000000
4128,1005.713,10000000
4129,1014.508,10000000
4130,1012.969,10000000
4131,1007.372,10000000
4132,1011.990,10000000
4133,1006.889,10000000
4134,1005.904,10000000
4135,1032.645,10000000
4136,1013.548,10000000
4137,1014.289,10000000
4138,1013.078,10000000
4139,1004.443,10000000
4140,1013.313,10000000
4141,1008.125,10000000
4142,1003.576,10000000
4143,1012.530,10000000
4144,1007.919,10000000
4145,1011.747,10000000
4146,1010.265,10000000
4147,1029.880,10000000
4148,1021.573,10000000
4149,1011.081,10000000
4150,1002.145,10000000
4151,1012.187,10000000
4152,1005.050,10000000
4153,1004.742,10000000
4154,1010.159,10000000
4155,1003.968,10000000
4156,1011.010,10000000
4157,1007.244,10000000
4158,1008.520,10000000
4159,1033.418,10000000
4160,1015.108,10000000
4161,1016.597,10000000
4162,1010.235,10000000
4163,1008.884,10000000
4164,1010.937,10000000
4165,1005.372,10000000
4166,1012.029,10000000
4167,1011.996,10000000
4168,1004.882,10000000
4169,1014.168,10000000
4170,1007.561,10000000
4171,1003.966,10000000
4172,1027.567,10000000
4173,1010.130,10000000
4174,1016.075,10000000
4175,1008.372,10000000
4176,1002.187,10000000
4177,1008.462,10000000
4178,1006.127,10000000
4179,1004.366,10000000
4180,1008.655,10000000
4181,1002.548,10000000
4182,1008.973,10000000
4183,1006.614,10000000
4184,1025.070,10000000
4185,1016.484,10000000
4186,1009.757,10000000
4187,1007.332,10000000
4188,1012.197,10000000
4189,1001.507,10000000
4190,1011.803,10000000
4191,1009.149,10000000
4192,1001.047,10000000
4193,1012.146,10000000
4194,1007.052,10000000
4195,1000.619,10000000
4196,1034.072,10000000
4197,1017.421,10000000
4198,1003.993,10000000
4199,1008.249,10000000
4200,1008.557,10000000
4201,1005.940,10000000
4202,1011.101,10000000
4203,1001.867,10000000
4204,1011.053,10000000
4205,1006.505,10000000
4206,1005.491,10000000
4207,1011.806,10000000
4208,1035.117,10000000
4209,1011.678,10000000
4210,1403.117,10000000
4211,2524.032,10000000
4212,2934.615,10000000
4213,3032.382,10000000
4214,3099.673,10000000
4215,3135.063,10000000
4216,2414.926,10000000
4217,1524.164,10000000
4218,1197.755,10000000
4219,1080.499,10000000
4220,1030.366,10000000
4221,1030.679,10000000
4222,1015.196,10000000
4223,1007.202,10000000
4224,1009.769,10000000
4225,1005.990,10000000
4226,1011.569,10000000
4227,1009.937,10000000
4228,1005.323,10000000
4229,1012.636,10000000
4230,1010.032,10000000
4231,1004.070,10000000
4232,1011.916,10000000
4233,1025.525,10000000
4234,1018.028,10000000
4235,1012.630,10000000
4236,1006.461,10000000
4237,1013.432,10000000
4238,1007.986,10000000
4239,1002.623,10000000
4240,1010.398,10000000
4241,1008.015,10000000
4242,1002.297,10000000
4243,1009.248,10000000
4244,1005.502,10000000
4245,1034.565,10000000
4246,1016.911,10000000
4247,1004.726,10000000
4248,1015.263,10000000
4249,1009.481,10000000
4250,1008.240,10000000
4251,1011.383,10000000
4252,1005.962,10000000
4253,1013.049,10000000
4254,1013.917,10000000
4255,1006.570,10000000
4256,1009.757,10000000
4257,1033.072,10000000
4258,1012.161,10000000
4259,1014.204,10000000
4260,1002.899,10000000
4261,1011.315,10000000
4262,1007.988,10000000
4263,1002.492,10000000
4264,1006.783,10000000
4265,1005.598,10000000
4266,1008.420,10000000
4267,1011.731,10000000
4268,1005.010,10000000
4269,1022.139,10000000
4270,1022.676,10000000
4271,1007.170,10000000
4272,1014.492,10000000
4273,1008.491,10000000
4274,1008.142,10000000
4275,1012.516,10000000
4276,1004.812,10000000
4277,1009.899,10000000
4278,1007.168,10000000
4279,1001.757,10000000
4280,1005.956,10000000
4281,1008.021,10000000
4282,1018.484,10000000
4283,1017.315,10000000
4284,1004.389,10000000
4285,1010.648,10000000
4286,1007.730,10000000
4287,1012.159,10000000
4288,1007.730,10000000
4289,1004.125,10000000
4290,1010.573,10000000
4291,1003.947,10000000
4292,1014.602,10000000
4293,1010.589,10000000
4294,1025.008,10000000
4295,1020.803,10000000
4296,1009.913,10000000
4297,1006.034,10000000
4298,1010.214,10000000
4299,1005.013,10000000
4300,1004.285,10000000
4301,1006.018,10000000
4302,1000.746,10000000
4303,1011.601,10000000
4304,1007.737,10000000
4305,1006.317,10000000
4306,1035.357,10000000
4307,1015.346,10000000
4308,1016.208,10000000
4309,1012.601,10000000
4310,1002.414,10000000
4311,1012.825,10000000
4312,1009.163,10000000
4313,1005.966,10000000
4314,1007.855,10000000
4315,1004.372,10000000
4316,1010.256,10000000
4317,1008.210,10000000
4318,1015.218,10000000
4319,1024.478,10000000
4320,1011.838,10000000
4321,1002.559,10000000
4322,1010.954,10000000
4323,1006.099,10000000
4324,1008.017,10000000
4325,1010.449,10000000
4326,1006.153,10000000
4327,1010.271,10000000
4328,1008.254,10000000
4329,1004.375,10000000
4330,1010.490,10000000
4331,1021.872,10000000
4332,1014.872,10000000
4333,1013.765,10000000
4334,1002.954,10000000
4335,1012.834,10000000
4336,1008.048,10000000
4337,1003.918,10000000
4338,1011.726,10000000
4339,1005.992,10000000
4340,1001.165,10000000
4341,1011.482,10000000
4342,1003.032,10000000
4343,1029.095,10000000
4344,1012.451,10000000
4345,1009.690,10000000
4346,1008.694,10000000
4347,1001.311,10000000
4348,1011.926,10000000
4349,1007.104,10000000
4350,1012.453,10000000
4351,1010.584,10000000
4352,1004.843,10000000
4353,1012.811,10000000
4354,1007.517,10000000
4355,1037.895,10000000
4356,1018.105,10000000
4357,1008.542,10000000
4358,1009.570,10000000
4359,1003.806,10000000
4360,1009.019,10000000
4361,1008.984,10000000
4362,1000.868,10000000
4363,1008.983,10000000
4364,1007.632,10000000
4365,1010.542,10000000
4366,1008.809,10000000
4367,1030.369,10000000
4368,1022.511,10000000
4369,1011.247,10000000
4370,1011.486,10000000
4371,1009.533,10000000
4372,1005.346,10000000
4373,1011.905,10000000
4374,1006.084,10000000
4375,1010.789,10000000
4376,1009.823,10000000
4377,1003.982,10000000
4378,1010.110,10000000
4379,1005.805,10000000
4380,1016.391,10000000
4381,1015.689,10000000
4382,1007.035,10000000
4383,1004.175,10000000
4384,1006.693,10000000
4385,1003.149,10000000
4386,1011.538,10000000
4387,1005.596,10000000
4388,1007.591,10000000
4389,1009.570,10000000
4390,1007.572,10000000
4391,1010.519,10000000
4392,1031.576,10000000
4393,1009.576,10000000
4394,1018.620,10000000
4395,1010.994,10000000
4396,1001.417,10000000
4397,1011.528,10000000
4398,1010.176,10000000
4399,1007.200,10000000
4400,1011.410,10000000
4401,1006.300,10000000
4402,1002.016,10000000
4403,1011.021,10000000
4404,1026.869,10000000
4405,1015.356,10000000
4406,1010.592,10000000
4407,1002.777,10000000
4408,1008.808,10000000
4409,1003.504,10000000
4410,1012.140,10000000
4411,1006.431,10000000
4412,1003.335,10000000
4413,1009.557,10000000
4414,1004.192,10000000
4415,1013.602,10000000
4416,1035.271,10000000
4417,1017.627,10000000
4418,1016.608,10000000
4419,1012.054,10000000
4420,1002.170,10000000
4421,1011.292,10000000
4422,1011.261,10000000
4423,1002.195,10000000
4424,1010.086,10000000
4425,1006.664,10000000
4426,1000.168,10000000
4427,1009.567,10000000
4428,1007.112,10000000
4429,1023.337,10000000
4430,1012.438,10000000
4431,1003.888,10000000
4432,1013.249,10000000
4433,1005.569,10000000
4434,1011.189,10000000
4435,1009.296,10000000
4436,1001.948,10000000
4437,1010.782,10000000
4438,1008.961,10000000
4439,1009.062,10000000
4440,1007.925,10000000
4441,1021.892,10000000
4442,1007.204,10000000
4443,1013.025,10000000
4444,1003.115,10000000
4445,1009.500,10000000
4446,1006.484,10000000
4447,1007.621,10000000
4448,1006.130,10000000
4449,1010.586,10000000
4450,1007.795,10000000
4451,1002.450,10000000
4452,1010.794,10000000
4453,1032.279,10000000
4454,1010.684,10000000
4455,1015.963,10000000
4456,1006.279,10000000
4457,1011.031,10000000
4458,1010.453,10000000
4459,1005.566,10000000
4460,1010.609,10000000
4461,1005.347,10000000
4462,1010.025,10000000
4463,1006.297,10000000
4464,1000.768,10000000
4465,1034.245,10000000
4466,1016.438,10000000
4467,1008.540,10000000
4468,1008.093,10000000
4469,1006.666,10000000
4470,1013.783,10000000
4471,1009.560,10000000
4472,1005.636,10000000
4473,1012.363,10000000
4474,1009.825,10000000
4475,1002.318,10000000
4476,1011.510,10000000
4477,1006.756,10000000
4478,1021.490,10000000
4479,1014.940,10000000
4480,1006.317,10000000
4481,1012.994,10000000
4482,1009.815,10000000
4483,1003.736,10000000
4484,1000.834,10000000
4485,1011.514,10000000
4486,1002.377,10000000
4487,1004.693,10000000
4488,1008.406,10000000
4489,1003.324,10000000
4490,1028.659,10000000
4491,1011.295,10000000
4492,1013.058,10000000
4493,1007.187,10000000
4494,1002.340,10000000
4495,1011.829,10000000
4496,1005.222,10000000
4497,1011.698,10000000
4498,1008.681,10000000
4499,1003.243,10000000
4500,1013.045,10000000
4501,1007.309,10000000
4502,1038.028,10000000
4503,1020.874,10000000
4504,1007.304,10000000
4505,1013.449,10000000
4506,1010.593,10000000
4507,1002.508,10000000
4508,1006.762,10000000
4509,1006.847,10000000
4510,1002.176,10000000
4511,1007.210,10000000
4512,1006.442,10000000
4513,1011.580,10000000
4514,1034.223,10000000
4515,1014.391,10000000
4516,1016.725,10000000
4517,1009.106,10000000
4518,1004.644,10000000
4519,1012.939,10000000
4520,1010.745,10000000
4521,1008.425,10000000
4522,1010.143,10000000
4523,1005.751,10000000
4524,1012.446,10000000
4525,1002.945,10000000
4526,998.382,10000000
4527,1025.386,10000000
4528,1007.461,10000000
4529,1008.090,10000000
4530,1008.230,10000000
4531,1004.779,10000000
4532,1009.212,10000000
4533,1003.974,10000000
4534,1011.709,10000000
4535,1008.947,10000000
4536,1011.317,10000000
4537,1010.952,10000000
4538,1002.810,10000000
4539,1028.645,10000000
4540,1016.622,10000000
4541,1003.588,10000000
4542,1010.650,10000000
4543,1005.335,10000000
4544,1008.011,10000000
4545,1009.539,10000000
4546,1005.136,10000000
4547,1012.113,10000000
4548,1007.819,10000000
4549,1002.170,10000000
4550,1007.511,10000000
4551,1031.355,10000000
4552,1010.220,10000000
4553,1010.157,10000000
4554,1005.190,10000000
4555,1010.228,10000000
4556,1012.198,10000000
4557,1002.227,10000000
4558,1010.890,10000000
4559,1005.636,10000000
4560,1004.161,10000000
4561,1011.050,10000000
4562,1003.587,10000000
4563,1032.016,10000000
4564,1021.515,10000000
4565,1008.390,10000000
4566,1011.955,10000000
4567,1010.474,10000000
4568,1003.394,10000000
4569,1001.243,10000000
4570,1008.279,10000000
4571,999.341,10000000
4572,1008.124,10000000
4573,1007.423,10000000
4574,1001.906,10000000
4575,1013.716,10000000
4576,1019.798,10000000
4577,1011.281,10000000
4578,1010.892,10000000
4579,1002.405,10000000
4580,1011.733,10000000
4581,1007.742,10000000
4582,1001.038,10000000
4583,1013.675,10000000
4584,1007.291,10000000
4585,1005.898,10000000
4586,1014.088,10000000
4587,1005.305,10000000
4588,1023.812,10000000
4589,1013.772,10000000
4590,1006.879,10000000
4591,1003.521,10000000
4592,1008.297,10000000
4593,1001.798,10000000
4594,1009.620,10000000
4595,1005.611,10000000
4596,1001.694,10000000
4597,1011.449,10000000
4598,1005.066,10000000
4599,1008.029,10000000
4600,1031.615,10000000
4601,1011.811,10000000
4602,1014.795,10000000
4603,1012.033,10000000
4604,1002.921,10000000
4605,1012.965,10000000
4606,1007.933,10000000
4607,1004.964,10000000
4608,1010.817,10000000
4609,1006.279,10000000
4610,1005.308,10000000
4611,1008.091,10000000
4612,1027.843,10000000
4613,1011.379,10000000
4614,1010.488,10000000
4615,1001.792,10000000
4616,1010.430,10000000
4617,1005.224,10000000
4618,1007.489,10000000
4619,1010.815,10000000
4620,1006.271,10000000
4621,1007.973,10000000
4622,1007.281,10000000
4623,1003.599,10000000
4624,1020.820,10000000
4625,1021.028,10000000
4626,1005.881,10000000
4627,1014.556,10000000
4628,1005.903,10000000
4629,1007.362,10000000
4630,1008.048,10000000
4631,1003.560,10000000
4632,999.464,10000000
4633,1012.082,10000000
4634,1001.657,10000000
4635,1008.799,10000000
4636,1006.204,10000000
4637,1024.006,10000000
4638,1016.010,10000000
4639,1008.338,10000000
4640,1013.156,10000000
4641,1008.012,10000000
4642,1006.497,10000000
4643,1012.893,10000000
4644,1003.444,10000000
4645,1013.664,10000000
4646,1010.269,10000000
4647,1004.364,10000000
4648,1014.503,10000000
4649,1030.110,10000000
4650,1010.289,10000000
4651,1016.595,10000000
4652,1009.042,10000000
4653,1000.964,10000000
4654,1011.684,10000000
4655,1002.707,10000000
4656,1007.763,10000000
4657,1005.510,10000000
4658,1007.449,10000000
4659,1010.238,10000000
4660,1001.589,10000000
4661,1038.115,10000000
4662,1014.221,10000000
4663,1012.814,10000000
4664,1009.304,10000000
4665,1002.373,10000000
4666,1014.025,10000000
4667,1012.766,10000000
4668,1003.126,10000000
4669,1013.399,10000000
4670,1007.324,10000000
4671,1013.220,10000000
4672,1010.891,10000000
4673,1022.065,10000000
4674,1018.534,10000000
4675,1010.987,10000000
4676,1003.448,10000000
4677,1009.789,10000000
4678,1006.406,10000000
4679,1009.321,10000000
4680,1006.378,10000000
4681,1005.049,10000000
4682,1010.655,10000000
4683,1008.451,10000000
4684,1004.175,10000000
4685,1012.596,10000000
4686,1021.951,10000000
4687,1014.850,10000000
4688,1011.441,10000000
4689,1003.596,10000000
4690,1013.319,10000000
4691,1005.780,10000000
4692,1000.777,10000000
4693,1010.223,10000000
4694,1006.522,10000000
4695,1003.873,10000000
4696,1005.885,10000000
4697,1005.693,10000000
4698,1019.256,10000000
4699,1016.893,10000000
4700,1007.763,10000000
4701,1011.538,10000000
4702,1009.008,10000000
4703,1003.358,10000000
4704,1011.254,10000000
4705,1007.350,10000000
4706,1000.668,10000000
4707,1007.758,10000000
4708,1003.560,10000000
4709,1014.310,10000000
4710,1032.942,10000000
4711,1011.470,10000000
4712,1015.140,10000000
4713,1005.467,10000000
4714,1008.709,10000000
4715,1007.961,10000000
4716,1849.948,10000000
4717,2653.877,10000000
4718,2965.194,10000000
4719,3103.049,10000000
4720,3096.581,10000000
4721,3121.393,10000000
4722,2214.828,10000000
4723,1452.988,10000000
4724,1174.183,10000000
4725,1069.723,10000000
4726,1026.718,10000000
4727,1019.539,10000000
4728,1010.925,10000000
4729,1001.847,10000000
4730,1012.243,10000000
4731,1008.270,10000000
4732,1003.955,10000000
4733,1010.810,10000000
4734,1005.767,10000000
4735,1013.314,10000000
4736,1017.542,10000000
4737,1004.624,10000000
4738,1008.075,10000000
4739,1009.220,10000000
4740,1003.833,10000000
4741,1009.077,10000000
4742,1003.943,10000000
4743,1011.818,10000000
4744,1008.161,10000000
4745,1000.924,10000000
4746,1010.387,10000000
4747,1022.863,10000000
4748,1013.704,10000000
4749,1013.336,10000000
4750,1003.575,10000000
4751,1013.655,10000000
4752,1007.218,10000000
4753,1007.008,10000000
4754,1011.300,10000000
4755,1002.331,10000000
4756,1000.585,10000000
4757,1009.534,10000000
4758,1002.111,10000000
4759,1033.404,10000000
4760,1013.566,10000000
4761,1007.137,10000000
4762,1008.150,10000000
4763,1003.277,10000000
4764,1010.770,10000000
4765,1008.667,10000000
4766,1003.657,10000000
4767,1012.430,10000000
4768,1007.546,10000000
4769,1007.716,10000000
4770,1015.272,10000000
4771,1036.142,10000000
4772,1021.604,10000000
4773,1015.222,10000000
4774,1006.606,10000000
4775,1012.642,10000000
4776,1006.779,10000000
4777,1000.226,10000000
4778,1006.596,10000000
4779,1002.798,10000000
4780,1004.449,10000000
4781,1008.441,10000000
4782,1001.849,10000000
4783,1011.004,10000000
4784,1020.095,10000000
4785,1012.831,10000000
4786,1010.748,10000000
4787,1006.507,10000000
4788,1013.628,10000000
4789,1013.296,10000000
4790,1003.732,10000000
4791,1015.198,10000000
4792,1006.327,10000000
4793,1011.468,10000000
4794,1009.334,10000000
4795,1003.567,10000000
4796,1028.484,10000000
4797,1015.866,10000000
4798,1004.161,10000000
4799,1006.271,10000000
4800,1007.994,10000000
4801,1001.650,10000000
4802,1010.493,10000000
4803,1006.412,10000000
4804,1010.573,10000000
4805,1007.631,10000000
4806,1004.283,10000000
4807,1011.148,10000000
4808,1027.479,10000000
4809,1021.731,10000000
4810,1012.491,10000000
4811,1005.485,10000000
4812,1011.064,10000000
4813,1005.203,10000000
4814,1008.719,10000000
4815,1007.829,10000000
4816,999.367,10000000
4817,1011.319,10000000
4818,1005.282,10000000
4819,1007.511,10000000
4820,1036.522,10000000
4821,1013.837,10000000
4822,1015.326,10000000
4823,1008.344,10000000
4824,1009.341,10000000
4825,1010.862,10000000
4826,1005.485,10000000
4827,1010.978,10000000
4828,1008.246,10000000
4829,1002.355,10000000
4830,1012.646,10000000
4831,1006.538,10000000
4832,1010.891,10000000
4833,1023.743,10000000
4834,1010.917,10000000
4835,1012.529,10000000
4836,1010.280,10000000
4837,1004.981,10000000
4838,1006.107,10000000
4839,1007.691,10000000
4840,1004.199,10000000
4841,1009.194,10000000
4842,1007.172,10000000
4843,1004.900,10000000
4844,1009.009,10000000
4845,1019.207,10000000
4846,1017.611,10000000
4847,1010.545,10000000
4848,1009.960,10000000
4849,1012.641,10000000
4850,1006.784,10000000
4851,1015.146,10000000
4852,1008.282,10000000
4853,1011.679,10000000
4854,1012.810,10000000
4855,1005.344,10000000
4856,1011.468,10000000
4857,1026.035,10000000
4858,1011.186,10000000
4859,1011.551,10000000
4860,1000.054,10000000
4861,1009.605,10000000
4862,1006.353,10000000
4863,1014.368,10000000
4864,1009.405,10000000
4865,1006.021,10000000
4866,1012.258,10000000
4867,1010.256,10000000
4868,1004.139,10000000
4869,1040.949,10000000
4870,1020.128,10000000
4871,1012.377,10000000
4872,1012.106,10000000
4873,1008.304,10000000
4874,1011.454,10000000
4875,1011.765,10000000
4876,1004.941,10000000
4877,1000.037,10000000
4878,1009.790,10000000
4879,1006.217,10000000
4880,1007.358,10000000
4881,1022.300,10000000
4882,1017.009,10000000
4883,1013.383,10000000
4884,1013.101,10000000
4885,1011.048,10000000
4886,1006.708,10000000
4887,1012.712,10000000
4888,1006.835,10000000
4889,1007.609,10000000
4890,1013.076,10000000
4891,1007.827,10000000
4892,1009.711,10000000
4893,1006.381,10000000
4894,1020.245,10000000
4895,1016.371,10000000
4896,1010.180,10000000
4897,1001.515,10000000
4898,1015.121,10000000
4899,1006.074,10000000
4900,1002.794,10000000
4901,1011.583,10000000
4902,1002.996,10000000
4903,1012.926,10000000
4904,1006.793,10000000
4905,1009.765,10000000
4906,1028.008,10000000
4907,1011.137,10000000
4908,1015.920,10000000
4909,1009.019,10000000
4910,1009.293,10000000
4911,1011.300,10000000
4912,1002.424,10000000
4913,1012.578,10000000
4914,1008.814,10000000
4915,1010.908,10000000
4916,1011.162,10000000
4917,1005.033,10000000
4918,1036.991,10000000
4919,1017.445,10000000
4920,1004.828,10000000
4921,1014.278,10000000
4922,1003.383,10000000
4923,1010.060,10000000
4924,1007.449,10000000
4925,1008.392,10000000
4926,1007.885,10000000
4927,1005.212,10000000
4928,1008.984,10000000
4929,1004.891,10000000
4930,1023.734,10000000
4931,1023.343,10000000
4932,1010.100,10000000
4933,1007.877,10000000
4934,1011.784,10000000
4935,1007.635,10000000
4936,1010.682,10000000
4937,1008.138,10000000
4938,1002.898,10000000
4939,1010.339,10000000
4940,1008.183,10000000
4941,1002.365,10000000
4942,1008.982,10000000
4943,1019.590,10000000
4944,1007.058,10000000
4945,1012.189,10000000
4946,1005.984,10000000
4947,1010.101,10000000
4948,1006.848,10000000
4949,1001.269,10000000
4950,1010.849,10000000
4951,1006.612,10000000
4952,1009.334,10000000
4953,1010.639,10000000
4954,1006.420,10000000
4955,1031.888,10000000
4956,1011.682,10000000
4957,1011.703,10000000
4958,1007.725,10000000
4959,1000.412,10000000
4960,1009.812,10000000
4961,1007.484,10000000
4962,1005.193,10000000
4963,1009.566,10000000
4964,1003.359,10000000
4965,1009.990,10000000
4966,1005.952,10000000
4967,1034.630,10000000
4968,1019.743,10000000
4969,1008.040,10000000
4970,1014.553,10000000
4971,1008.869,10000000
4972,1010.482,10000000
4973,1012.403,10000000
4974,1004.450,10000000
4975,1012.689,10000000
4976,1008.062,10000000
4977,1007.697,10000000
4978,1008.602,10000000
4979,1025.527,10000000
4980,1013.630,10000000
4981,1011.127,10000000
4982,1002.528,10000000
4983,1011.750,10000000
4984,1007.050,10000000
4985,1007.355,10000000
4986,1010.613,10000000
4987,1005.291,10000000
4988,1010.791,10000000
4989,1013.046,10000000
4990,1000.901,10000000
4991,1015.266,10000000
4992,1023.899,10000000
4993,1012.577,10000000
4994,1012.633,10000000
4995,1007.863,10000000
4996,1010.211,10000000
4997,1008.915,10000000
4998,1000.016,10000000
4999,1013.207,10000000
5000,1010.235,10000000
5001,1001.227,10000000
5002,1009.546,10000000
5003,1007.754,10000000
5004,1020.581,10000000
5005,1017.807,10000000
5006,1009.827,10000000
5007,1013.248,10000000
5008,1008.962,10000000
5009,1004.950,10000000
5010,1013.940,10000000
5011,1008.399,10000000
5012,1003.640,10000000
5013,1008.956,10000000
5014,1007.455,10000000
5015,1000.850,10000000
5016,1033.186,10000000
5017,1012.346,10000000
5018,1013.080,10000000
5019,1009.478,10000000
5020,1001.674,10000000
5021,1010.480,10000000
5022,1007.059,10000000
5023,997.871,10000000
5024,1008.422,10000000
5025,1005.195,10000000
5026,1003.371,10000000
5027,1008.757,10000000
5028,1031.196,10000000
5029,1012.181,10000000
5030,1014.171,10000000
5031,1007.947,10000000
5032,1001.626,10000000
5033,1012.700,10000000
5034,1006.789,10000000
5035,1005.687,10000000
5036,1011.212,10000000
5037,1008.108,10000000
5038,999.285,10000000
5039,1009.511,10000000
5040,1005.320,10000000
5041,1015.967,10000000
5042,1015.200,10000000
5043,1007.562,10000000
5044,1001.486,10000000
5045,1011.022,10000000
5046,1004.931,10000000
5047,1005.762,10000000
5048,1008.519,10000000
5049,1003.095,10000000
5050,1011.958,10000000
5051,1007.490,10000000
5052,1008.070,10000000
5053,1029.051,10000000
5054,1010.372,10000000
5055,1016.454,10000000
5056,1011.339,10000000
5057,1007.223,10000000
5058,1009.148,10000000
5059,1006.928,10000000
5060,1009.187,10000000
5061,1008.116,10000000
5062,1006.556,10000000
5063,999.722,10000000
5064,1010.775,10000000
5065,1024.992,10000000
5066,1015.468,10000000
5067,1008.532,10000000
5068,1008.252,10000000
5069,1010.012,10000000
5070,1005.162,10000000
5071,1010.882,10000000
5072,1008.433,10000000
5073,1006.125,10000000
5074,1011.735,10000000
5075,1009.554,10000000
5076,1003.290,10000000
5077,1038.066,10000000
5078,1019.888,10000000
5079,1004.594,10000000
5080,1012.063,10000000
5081,1006.497,10000000
5082,998.593,10000000
5083,1009.217,10000000
5084,1004.384,10000000
5085,1002.281,10000000
5086,1009.495,10000000
5087,1005.821,10000000
5088,1009.172,10000000
5089,1007.231,10000000
5090,1015.344,10000000
5091,1013.604,10000000
5092,1005.321,10000000
5093,1005.251,10000000
5094,1011.388,10000000
5095,1006.862,10000000
5096,1009.397,10000000
5097,1009.257,10000000
5098,1002.967,10000000
5099,1011.935,10000000
5100,1005.812,10000000
5101,1009.035,10000000
5102,1030.254,10000000
5103,1011.777,10000000
5104,1002.859,10000000
5105,1011.222,10000000
5106,1006.822,10000000
5107,1000.411,10000000
5108,1012.564,10000000
5109,1006.701,10000000
5110,1009.735,10000000
5111,1011.194,10000000
5112,1001.539,10000000
5113,1013.745,10000000
5114,1034.138,10000000
5115,1009.093,10000000
5116,1014.074,10000000
5117,1010.536,10000000
5118,1003.898,10000000
5119,1012.659,10000000
5120,1007.043,10000000
5121,1005.574,10000000
5122,1010.457,10000000
5123,1006.241,10000000
5124,1001.835,10000000
5125,1013.641,10000000
5126,1029.049,10000000
5127,1012.213,10000000
5128,1014.611,10000000
5129,1009.940,10000000
5130,1012.575,10000000
5131,1008.910,10000000
5132,1007.425,10000000
5133,1012.520,10000000
5134,1010.744,10000000
5135,1007.546,10000000
5136,1012.182,10000000
5137,1007.886,10000000
5138,1010.932,10000000
5139,1023.287,10000000
5140,1009.035,10000000
5141,1014.065,10000000
5142,1006.120,10000000
5143,1001.855,10000000
5144,1010.897,10000000
5145,1003.764,10000000
5146,1000.872,10000000
5147,1010.046,10000000
5148,1002.848,10000000
5149,1006.642,10000000
5150,1009.146,10000000
5151,1020.463,10000000
5152,1018.820,10000000
5153,1010.172,10000000
5154,1005.030,10000000
5155,1012.233,10000000
5156,1004.737,10000000
5157,1011.948,10000000
5158,1007.015,10000000
5159,999.875,10000000
5160,1011.909,10000000
5161,1005.835,10000000
5162,999.990,10000000
5163,1029.648,10000000
5164,1010.768,10000000
5165,1004.230,10000000
5166,1010.628,10000000
5167,1006.901,10000000
5168,1004.826,10000000
5169,1009.230,10000000
5170,1006.894,10000000
5171,1010.092,10000000
5172,1005.482,10000000
5173,1003.055,10000000
5174,1012.843,10000000
5175,1032.996,10000000
5176,1009.598,10000000
5177,1013.025,10000000
5178,1005.551,10000000
5179,1010.583,10000000
5180,1009.232,10000000
5181,1002.698,10000000
5182,1011.428,10000000
5183,1005.186,10000000
5184,998.714,10000000
5185,1010.724,10000000
5186,1005.972,10000000
5187,1017.355,10000000
5188,1020.031,10000000
5189,1007.480,10000000
5190,1008.789,10000000
5191,1008.137,10000000
5192,1005.958,10000000
5193,1010.468,10000000
5194,1000.579,10000000
5195,1008.434,10000000
5196,1005.815,10000000
5197,1003.419,10000000
5198,1007.838,10000000
5199,1003.964,10000000
5200,1026.391,10000000
5201,1015.453,10000000
5202,1004.640,10000000
5203,1013.790,10000000
5204,1006.446,10000000
5205,1002.263,10000000
5206,1008.786,10000000
5207,1004.418,10000000
5208,1003.248,10000000
5209,1009.307,10000000
5210,1003.622,10000000
5211,1009.031,10000000
5212,1028.468,10000000
5213,1009.355,10000000
5214,1015.690,10000000
5215,1009.510,10000000
5216,1011.007,10000000
5217,1010.486,10000000
5218,1004.452,10000000
5219,1014.403,10000000
5220,1007.512,10000000
5221,1006.842,10000000
5222,2091.209,10000000
5223,2731.810,10000000
5224,3015.269,10000000
5225,3108.678,10000000
5226,3104.766,10000000
5227,3130.019,10000000
5228,2179.817,10000000
5229,1444.805,10000000
5230,1166.526,10000000
5231,1068.103,10000000
5232,1032.824,10000000
5233,1014.435,10000000
5234,1016.223,10000000
5235,1010.915,10000000
5236,1028.386,10000000
5237,1025.345,10000000
5238,1010.188,10000000
5239,1012.703,10000000
5240,1008.453,10000000
5241,1002.951,10000000
5242,1014.501,10000000
5243,1005.925,10000000
5244,998.743,10000000
5245,1006.842,10000000
5246,1006.064,10000000
5247,998.954,10000000
5248,1008.779,10000000
5249,1021.825,10000000
5250,1016.442,10000000
5251,1009.711,10000000
5252,1009.006,10000000
5253,1008.724,10000000
5254,1004.224,10000000
5255,1009.803,10000000
5256,1005.753,10000000
5257,1003.472,10000000
5258,1009.552,10000000
5259,1006.321,10000000
5260,1005.746,10000000
5261,1028.860,10000000
5262,1010.464,10000000
5263,1011.809,10000000
5264,1006.320,10000000
5265,1003.643,10000000
5266,1009.695,10000000
5267,1000.664,10000000
5268,1010.215,10000000
5269,1007.414,10000000
5270,1007.875,10000000
5271,1007.483,10000000
5272,1005.392,10000000
5273,1034.944,10000000
5274,1017.874,10000000
5275,1005.984,10000000
5276,1013.488,10000000
5277,1006.128,10000000
5278,1009.575,10000000
5279,1008.296,10000000
5280,1004.225,10000000
5281,1009.705,10000000
5282,1007.287,10000000
5283,1000.087,10000000
5284,1009.046,10000000
5285,1029.661,10000000
5286,1020.252,10000000
5287,1012.017,10000000
5288,1006.148,10000000
5289,1008.360,10000000
5290,1006.394,10000000
5291,1009.541,10000000
5292,1006.951,10000000
5293,999.301,10000000
5294,1012.840,10000000
5295,1005.555,10000000
5296,1005.639,10000000
5297,1012.420,10000000
5298,1020.192,10000000
5299,1016.551,10000000
5300,1008.524,10000000
5301,1009.548,10000000
5302,1008.436,10000000
5303,1002.626,10000000
5304,1005.545,10000000
5305,1005.130,10000000
5306,1000.352,10000000
5307,1005.859,10000000
5308,1000.499,10000000
5309,1006.912,10000000
5310,1024.982,10000000
5311,1006.690,10000000
5312,1008.079,10000000
5313,1001.439,10000000
5314,1007.630,10000000
5315,1004.003,10000000
5316,1001.662,10000000
5317,1009.328,10000000
5318,1006.962,10000000
5319,1008.488,10000000
5320,1010.594,10000000
5321,1003.114,10000000
5322,1033.204,10000000
5323,1014.839,10000000
5324,1003.286,10000000
5325,1009.338,10000000
5326,1006.697,10000000
5327,1005.728,10000000
5328,1006.462,10000000
5329,1000.047,10000000
5330,1010.006,10000000
5331,1003.159,10000000
5332,1005.456,10000000
5333,1010.347,10000000
5334,1030.445,10000000
5335,1022.640,10000000
5336,1014.098,10000000
5337,1004.694,10000000
5338,1013.992,10000000
5339,1008.704,10000000
5340,1012.156,10000000
5341,1007.310,10000000
5342,1003.582,10000000
5343,1008.824,10000000
5344,1006.439,10000000
5345,1006.938,10000000
5346,1009.782,10000000
5347,1015.967,10000000
5348,1013.369,10000000
5349,1003.489,10000000
5350,1011.202,10000000
5351,1004.518,10000000
5352,1009.554,10000000
5353,1007.797,10000000
5354,1000.471,10000000
5355,1012.441,10000000
5356,1002.745,10000000
5357,1011.914,10000000
5358,1007.779,10000000
5359,1017.424,10000000
5360,1016.430,10000000
5361,1002.949,10000000
5362,997.387,10000000
5363,1006.016,10000000
5364,1000.215,10000000
5365,1009.715,10000000
5366,1004.092,10000000
5367,1008.116,10000000
5368,1005.963,10000000
5369,1000.888,10000000
5370,1008.989,10000000
5371,1029.574,10000000
5372,1017.089,10000000
5373,1012.635,10000000
5374,1003.774,10000000
5375,1009.849,10000000
5376,1006.346,10000000
5377,1005.453,10000000
5378,1009.975,10000000
5379,1004.236,10000000
5380,1007.117,10000000
5381,1006.738,10000000
5382,998.903,10000000
5383,1035.382,10000000
5384,1013.180,10000000
5385,1002.273,10000000
5386,1009.705,10000000
5387,1005.964,10000000
5388,1011.160,10000000
5389,1009.406,10000000
5390,1004.494,10000000
5391,1012.875,10000000
5392,1005.487,10000000
5393,1011.153,10000000
5394,1008.450,10000000
5395,1010.271,10000000
5396,1024.195,10000000
5397,1009.174,10000000
5398,1007.862,10000000
5399,1007.006,10000000
5400,1002.075,10000000
5401,1000.804,10000000
5402,1007.712,10000000
5403,999.852,10000000
5404,1006.959,10000000
5405,1006.243,10000000
5406,1007.917,10000000
5407,1005.634,10000000
5408,1019.212,10000000
5409,1015.161,10000000
5410,1011.095,10000000
5411,1004.280,10000000
5412,1011.550,10000000
5413,1004.768,10000000
5414,1008.146,10000000
5415,1010.158,10000000
5416,1005.849,10000000
5417,1012.300,10000000
5418,1002.831,10000000
5419,1001.106,10000000
5420,1029.578,10000000
5421,1012.280,10000000
5422,1010.759,10000000
5423,1008.238,10000000
5424,998.100,10000000
5425,1007.400,10000000
5426,1002.877,10000000
5427,1008.539,10000000
5428,1006.365,10000000
5429,1003.104,10000000
5430,1008.163,10000000
5431,1003.526,10000000
5432,1034.754,10000000
5433,1013.836,10000000
5434,1006.344,10000000
5435,1011.172,10000000
5436,1003.651,10000000
5437,1012.955,10000000
5438,1006.056,10000000
5439,999.148,10000000
5440,1007.167,10000000
5441,1004.436,10000000
5442,1008.779,10000000
5443,1008.697,10000000
5444,1026.718,10000000
5445,1017.361,10000000
5446,1008.060,10000000
5447,1012.744,10000000
5448,1004.129,10000000
5449,1010.003,10000000
5450,1006.319,10000000
5451,1003.864,10000000
5452,1010.245,10000000
5453,1006.527,10000000
5454,1008.887,10000000
5455,1009.341,10000000
5456,1002.760,10000000
5457,1023.290,10000000
5458,1010.394,10000000
5459,1004.796,10000000
5460,1008.794,10000000
5461,1003.415,10000000
5462,1009.008,10000000
5463,1006.276,10000000
5464,1004.313,10000000
5465,1004.279,10000000
5466,999.907,10000000
5467,1011.484,10000000
5468,1003.390,10000000
5469,1031.500,10000000
5470,1014.382,10000000
5471,1003.683,10000000
5472,1009.527,10000000
5473,1003.791,10000000
5474,1009.213,10000000
5475,1006.015,10000000
5476,1002.086,10000000
5477,1001.695,10000000
5478,1006.926,10000000
5479,998.004,10000000
5480,1006.120,10000000
5481,1030.208,10000000
5482,1012.456,10000000
5483,1011.905,10000000
5484,1007.591,10000000
5485,1002.475,10000000
5486,1012.222,10000000
5487,1008.401,10000000
5488,1007.503,10000000
5489,1009.356,10000000
5490,1004.508,10000000
5491,1008.567,10000000
5492,1004.960,10000000
5493,1024.121,10000000
5494,1018.457,10000000
5495,1007.245,10000000
5496,997.707,10000000
5497,1008.231,10000000
5498,999.208,10000000
5499,1010.760,10000000
5500,1006.801,10000000
5501,1006.909,10000000
5502,1009.293,10000000
5503,1005.459,10000000
5504,1012.129,10000000
5505,1003.646,10000000
5506,1024.226,10000000
5507,1012.772,10000000
5508,1002.395,10000000
5509,1009.697,10000000
5510,1006.668,10000000
5511,1002.137,10000000
5512,1009.588,10000000
5513,1005.154,10000000
5514,1010.166,10000000
5515,1005.871,10000000
5516,1001.543,10000000
5517,1007.502,10000000
5518,1023.482,10000000
5519,1011.361,10000000
5520,1013.225,10000000
5521,1005.376,10000000
5522,1010.959,10000000
5523,1006.207,10000000
5524,1006.247,10000000
5525,1006.244,10000000
5526,1002.148,10000000
5527,1010.782,10000000
5528,1006.704,10000000
5529,1006.164,10000000
5530,1033.099,10000000
5531,1013.177,10000000
5532,1016.764,10000000
5533,1009.077,10000000
5534,1002.395,10000000
5535,1013.810,10000000
5536,1003.777,10000000
5537,1004.415,10000000
5538,1006.214,10000000
5539,1004.451,10000000
5540,1010.142,10000000
5541,1005.539,10000000
5542,1036.463,10000000
5543,1016.738,10000000
5544,1010.852,10000000
5545,1010.741,10000000
5546,1003.670,10000000
5547,1009.757,10000000
5548,1007.958,10000000
5549,1003.760,10000000
5550,1008.716,10000000
5551,1006.297,10000000
5552,1008.866,10000000
5553,1005.995,10000000
5554,1003.234,10000000
5555,1020.285,10000000
5556,1008.574,10000000
5557,1000.104,10000000
5558,1009.208,10000000
5559,1007.173,10000000
5560,1010.792,10000000
5561,1004.230,10000000
5562,1001.903,10000000
5563,1010.348,10000000
5564,1004.323,10000000
5565,1007.679,10000000
5566,1007.652,10000000
5567,1022.145,10000000
5568,1015.973,10000000
5569,1006.440,10000000
5570,1014.908,10000000
5571,1008.926,10000000
5572,1002.672,10000000
5573,1007.451,10000000
5574,1002.373,10000000
5575,1000.232,10000000
5576,1006.207,10000000
5577,1002.055,10000000
5578,1006.664,10000000
5579,1024.958,10000000
5580,1018.556,10000000
5581,1007.622,10000000
5582,1007.949,10000000
5583,1006.011,10000000
5584,1003.189,10000000
5585,1010.392,10000000
5586,1004.521,10000000
5587,1008.007,10000000
5588,1006.112,10000000
5589,1001.171,10000000
5590,1008.263,10000000
5591,1026.098,10000000
5592,1006.479,10000000
5593,1012.009,10000000
5594,1001.317,10000000
5595,1006.113,10000000
5596,1003.104,10000000
5597,1003.699,10000000
5598,1004.776,10000000
5599,1000.046,10000000
5600,1010.156,10000000
5601,1003.105,10000000
5602,1009.287,10000000
5603,1005.413,10000000
5604,1015.089,10000000
5605,1014.646,10000000
5606,1007.822,10000000
5607,1009.479,10000000
5608,1009.753,10000000
5609,1004.091,10000000
5610,1012.790,10000000
5611,1006.698,10000000
5612,998.396,10000000
5613,1012.359,10000000
5614,1002.350,10000000
5615,1001.573,10000000
5616,1024.470,10000000
5617,1006.742,10000000
5618,1011.509,10000000
5619,1005.004,10000000
5620,1008.358,10000000
5621,1009.737,10000000
5622,1004.584,10000000
5623,1010.577,10000000
5624,1009.255,10000000
5625,1000.020,10000000
5626,1010.947,10000000
5627,1007.131,10000000
5628,1032.044,10000000
5629,1017.503,10000000
5630,1010.005,10000000
5631,1011.024,10000000
5632,1008.897,10000000
5633,1000.025,10000000
5634,1006.620,10000000
5635,1008.215,10000000
5636,1000.894,10000000
5637,1011.260,10000000
5638,1004.207,10000000
5639,1008.319,10000000
5640,1032.721,10000000
5641,1011.478,10000000
5642,1012.198,10000000
5643,1004.697,10000000
5644,1009.551,10000000
5645,1007.989,10000000
5646,1003.002,10000000
5647,1012.412,10000000
5648,1006.636,10000000
5649,1007.135,10000000
5650,1008.511,10000000
5651,1002.834,10000000
5652,1016.017,10000000
5653,1018.544,10000000
5654,1005.582,10000000
5655,1007.814,10000000
5656,1005.213,10000000
5657,1008.435,10000000
5658,1004.501,10000000
5659,1000.912,10000000
5660,1009.512,10000000
5661,1003.834,10000000
5662,1008.323,10000000
5663,1008.732,10000000
5664,996.957,10000000
5665,1024.085,10000000
5666,1011.603,10000000
5667,1008.974,10000000
5668,1010.555,10000000
5669,1001.239,10000000
5670,1008.065,10000000
5671,1005.405,10000000
5672,999.960,10000000
5673,1004.748,10000000
5674,1001.809,10000000
5675,1003.988,10000000
5676,1003.187,10000000
5677,1026.268,10000000
5678,1020.075,10000000
5679,1006.101,10000000
5680,1012.042,10000000
5681,1005.368,10000000
5682,1007.534,10000000
5683,1007.226,10000000
5684,1002.912,10000000
5685,1008.298,10000000
5686,1003.704,10000000
5687,1011.319,10000000
5688,1007.273,10000000
5689,1025.987,10000000
5690,1017.949,10000000
5691,1007.916,10000000
5692,1002.068,10000000
5693,1006.063,10000000
5694,1000.754,10000000
5695,1006.667,10000000
5696,1002.530,10000000
5697,1004.649,10000000
5698,1005.905,10000000
5699,998.892,10000000
5700,1012.590,10000000
5701,1017.658,10000000
5702,1017.538,10000000
5703,1016.937,10000000
5704,1005.504,10000000
5705,1009.124,10000000
5706,1006.114,10000000
5707,1003.253,10000000
5708,1010.173,10000000
5709,1003.768,10000000
5710,999.651,10000000
5711,1009.028,10000000
5712,1001.019,10000000
5713,1007.877,10000000
5714,1021.689,10000000
5715,1005.682,10000000
5716,1012.813,10000000
5717,1007.713,10000000
5718,1009.032,10000000
5719,1011.599,10000000
5720,1002.699,10000000
5721,1009.968,10000000
5722,1009.055,10000000
5723,1005.593,10000000
5724,1012.495,10000000
5725,1004.183,10000000
5726,1032.057,10000000
5727,1016.746,10000000
5728,2072.441,10000000
5729,2718.117,10000000
5730,2979.494,10000000
5731,3098.938,10000000
5732,3091.559,10000000
5733,3114.851,10000000
5734,2073.725,10000000
5735,1399.301,10000000
5736,1147.434,10000000
5737,1064.757,10000000
5738,1051.958,10000000
5739,1027.287,10000000
5740,1014.991,10000000
5741,1008.870,10000000
5742,1008.142,10000000
5743,1001.436,10000000
5744,1010.153,10000000
5745,1006.492,10000000
5746,1009.412,10000000
5747,1009.800,10000000
5748,1002.823,10000000
5749,1009.679,10000000
5750,1031.001,10000000
5751,1015.941,10000000
5752,1011.186,10000000
5753,1006.434,10000000
5754,1010.113,10000000
5755,1000.591,10000000
5756,1009.732,10000000
5757,1004.553,10000000
5758,1010.606,10000000
5759,1008.637,10000000
5760,1001.855,10000000
5761,1011.460,10000000
5762,1003.833,10000000
5763,1020.614,10000000
5764,1016.382,10000000
5765,1004.184,10000000
5766,1011.928,10000000
5767,1008.894,10000000
5768,999.844,10000000
5769,1007.518,10000000
5770,1007.978,10000000
5771,1000.700,10000000
5772,1007.811,10000000
5773,1004.004,10000000
5774,1010.433,10000000
5775,1026.579,10000000
5776,1015.448,10000000
5777,1009.288,10000000
5778,1003.841,10000000
5779,1008.655,10000000
5780,1002.932,10000000
5781,1012.526,10000000
5782,1006.752,10000000
5783,1010.035,10000000
5784,1007.776,10000000
5785,1003.175,10000000
5786,1012.329,10000000
5787,1029.291,10000000
5788,1011.907,10000000
5789,1010.127,10000000
5790,1003.238,10000000
5791,1008.605,10000000
5792,1009.777,10000000
5793,1000.966,10000000
5794,1012.431,10000000
5795,1007.831,10000000
5796,1004.485,10000000
5797,1010.845,10000000
5798,1006.359,10000000
5799,1036.597,10000000
5800,1020.310,10000000
5801,1008.323,10000000
5802,1011.701,10000000
5803,1009.426,10000000
5804,1000.741,10000000
5805,1012.150,10000000
5806,1004.457,10000000
5807,1000.135,10000000
5808,1008.332,10000000
5809,1002.820,10000000
5810,1008.137,10000000
5811,1006.558,10000000
5812,1016.460,10000000
5813,1011.229,10000000
5814,1003.369,10000000
5815,1007.705,10000000
5816,1006.943,10000000
5817,1000.162,10000000
5818,1010.393,10000000
5819,1003.794,10000000
5820,1012.974,10000000
5821,1007.929,10000000
5822,1000.589,10000000
5823,1011.906,10000000
5824,1021.574,10000000
5825,1004.243,10000000
5826,1011.712,10000000
5827,1004.676,10000000
5828,999.275,10000000
5829,1005.497,10000000
5830,1000.076,10000000
5831,1008.509,10000000
5832,1006.906,10000000
5833,1000.681,10000000
5834,1012.826,10000000
5835,1005.474,10000000
5836,1032.865,10000000
5837,1017.572,10000000
5838,1003.107,10000000
5839,1011.266,10000000
5840,1006.465,10000000
5841,1009.813,10000000
5842,1006.925,10000000
5843,1002.092,10000000
5844,1009.903,10000000
5845,1005.682,10000000
5846,998.394,10000000
5847,1010.994,10000000
5848,1030.325,10000000
5849,1019.009,10000000
5850,1009.632,10000000
5851,1006.928,10000000
5852,1009.679,10000000
5853,1002.409,10000000
5854,1010.956,10000000
5855,1007.203,10000000
5856,1003.749,10000000
5857,1010.141,10000000
5858,1002.492,10000000
5859,1009.537,10000000
5860,1014.162,10000000
5861,1014.495,10000000
5862,1014.896,10000000
5863,1006.438,10000000
5864,1001.415,10000000
5865,1007.793,10000000
5866,1003.119,10000000
5867,1006.270,10000000
5868,1005.783,10000000
5869,1000.552,10000000
5870,1010.994,10000000
5871,1005.246,10000000
5872,1011.180,10000000
5873,1025.410,10000000
5874,1005.331,10000000
5875,1015.563,10000000
5876,1007.346,10000000
5877,1004.811,10000000
5878,1008.558,10000000
5879,1004.874,10000000
5880,1008.586,10000000
5881,1007.437,10000000
5882,1002.124,10000000
5883,1008.960,10000000
5884,1007.622,10000000
5885,1021.877,10000000
5886,1014.534,10000000
5887,1007.633,10000000
5888,1003.967,10000000
5889,1006.528,10000000
5890,1002.902,10000000
5891,1007.630,10000000
5892,1004.521,10000000
5893,1011.495,10000000
5894,1008.869,10000000
5895,1001.436,10000000
5896,1009.932,10000000
5897,1032.021,10000000
5898,1021.410,10000000
5899,1011.899,10000000
5900,1003.025,10000000
5901,1011.292,10000000
5902,1003.968,10000000
5903,1002.802,10000000
5904,1008.064,10000000
5905,1003.195,10000000
5906,1009.882,10000000
5907,1005.997,10000000
5908,1007.930,10000000
5909,1020.461,10000000
5910,1012.865,10000000
5911,1016.872,10000000
5912,1007.974,10000000
5913,1008.680,10000000
5914,1009.043,10000000
5915,1003.619,10000000
5916,1011.918,10000000
5917,1010.365,10000000
5918,1006.567,10000000
5919,1011.569,10000000
5920,1003.877,10000000
5921,1009.331,10000000
5922,1024.711,10000000
5923,1010.034,10000000
5924,1007.491,10000000
5925,1004.444,10000000
5926,999.684,10000000
5927,1008.805,10000000
5928,1004.892,10000000
5929,1007.823,10000000
5930,1007.674,10000000
5931,1002.013,10000000
5932,1010.877,10000000
5933,1007.943,10000000
5934,1023.699,10000000
5935,1014.675,10000000
5936,1006.369,10000000
5937,1009.937,10000000
5938,1010.835,10000000
5939,1003.524,10000000
5940,1012.549,10000000
5941,1005.118,10000000
5942,1001.458,10000000
5943,1006.092,10000000
5944,1003.375,10000000
5945,1001.662,10000000
5946,1031.133,10000000
5947,1013.706,10000000
5948,1012.314,10000000
5949,1007.930,10000000
5950,1008.122,10000000
5951,1010.852,10000000
5952,1003.462,10000000
5953,1011.675,10000000
5954,1011.692,10000000
5955,1006.726,10000000
5956,1010.315,10000000
5957,1004.020,10000000
5958,1031.883,10000000
5959,1019.276,10000000
5960,1003.982,10000000
5961,1010.184,10000000
5962,1000.380,10000000
5963,1006.804,10000000
5964,1006.289,10000000
5965,1008.117,10000000
5966,1006.326,10000000
5967,1002.282,10000000
5968,1011.730,10000000
5969,1006.992,10000000
5970,1010.249,10000000
5971,1027.904,10000000
5972,1011.063,10000000
5973,1012.874,10000000
5974,1008.153,10000000
5975,1005.539,10000000
5976,1008.931,10000000
5977,1002.514,10000000
5978,1012.931,10000000
5979,1007.971,10000000
5980,1002.133,10000000
5981,1008.574,10000000
5982,1003.401,10000000
5983,1024.336,10000000
5984,1016.951,10000000
5985,1008.791,10000000
5986,1013.761,10000000
5987,1007.685,10000000
5988,1004.106,10000000
5989,1011.183,10000000
5990,1005.795,10000000
5991,1010.714,10000000
5992,1007.707,10000000
5993,1007.245,10000000
5994,1006.425,10000000
5995,1023.842,10000000
5996,1018.703,10000000
5997,1011.492,10000000
5998,1000.165,10000000
5999,1007.737,10000000
6000,1005.690,10000000
6001,1006.483,10000000
6002,1006.461,10000000
6003,1003.826,10000000
6004,1012.187,10000000
6005,1006.428,10000000
6006,998.081,10000000
6007,1036.385,10000000
6008,1013.276,10000000
6009,1011.921,10000000
6010,1009.404,10000000
6011,1005.476,10000000
6012,1011.378,10000000
6013,1008.198,10000000
6014,1002.232,10000000
6015,1010.500,10000000
6016,1007.118,10000000
6017,1001.771,10000000
6018,1010.128,10000000
6019,1004.390,10000000
6020,1020.953,10000000
6021,1013.132,10000000
6022,1002.261,10000000
6023,1010.360,10000000
6024,1005.094,10000000
6025,1011.065,10000000
6026,1010.780,10000000
6027,1001.635,10000000
6028,1009.806,10000000
6029,1007.356,10000000
6030,1006.440,10000000
6031,1007.903,10000000
6032,1020.891,10000000
6033,1019.115,10000000
6034,1011.968,10000000
6035,1007.941,10000000
6036,1010.574,10000000
6037,1011.888,10000000
6038,1000.549,10000000
6039,1008.504,10000000
6040,1008.229,10000000
6041,1011.933,10000000
6042,1008.925,10000000
6043,1009.817,10000000
6044,1030.498,10000000
6045,1012.083,10000000
6046,1016.254,10000000
6047,1008.811,10000000
6048,1011.791,10000000
6049,1008.337,10000000
6050,1003.670,10000000
6051,1012.727,10000000
6052,1005.353,10000000
6053,1001.403,10000000
6054,1006.202,10000000
6055,1002.332,10000000
6056,1039.480,10000000
6057,1015.446,10000000
6058,1011.771,10000000
6059,1011.054,10000000
6060,1007.674,10000000
6061,1011.888,10000000
6062,1005.493,10000000
6063,1009.602,10000000
6064,1008.386,10000000
6065,1003.891,10000000
6066,1009.624,10000000
6067,1006.167,10000000
6068,1013.468,10000000
6069,1023.455,10000000
6070,1004.701,10000000
6071,1013.741,10000000
6072,1007.825,10000000
6073,999.465,10000000
6074,1011.180,10000000
6075,1004.141,10000000
6076,1009.473,10000000
6077,1007.482,10000000
6078,1011.568,10000000
6079,1011.168,10000000
6080,1001.987,10000000
6081,1030.724,10000000
6082,1012.911,10000000
6083,1010.868,10000000
6084,1011.630,10000000
6085,1001.730,10000000
6086,1010.081,10000000
6087,1006.869,10000000
6088,1010.811,10000000
6089,1009.774,10000000
6090,1003.189,10000000
6091,1005.353,10000000
6092,1007.984,10000000
6093,1021.481,10000000
6094,1017.960,10000000
6095,1010.970,10000000
6096,1012.439,10000000
6097,1008.008,10000000
6098,1002.433,10000000
6099,1010.665,10000000
6100,1007.229,10000000
6101,1007.753,10000000
6102,1011.789,10000000
6103,1005.454,10000000
6104,1012.195,10000000
6105,1035.680,10000000
6106,1013.254,10000000
6107,1014.761,10000000
6108,1005.115,10000000
6109,998.592,10000000
6110,1011.605,10000000
6111,1003.733,10000000
6112,1006.211,10000000
6113,1007.025,10000000
6114,1006.574,10000000
6115,1009.263,10000000
6116,1004.711,10000000
6117,1018.392,10000000
6118,1021.458,10000000
6119,1011.033,10000000
6120,1010.601,10000000
6121,1001.703,10000000
6122,1014.012,10000000
6123,1010.585,10000000
6124,1002.116,10000000
6125,1008.552,10000000
6126,1007.143,10000000
6127,1000.451,10000000
6128,1007.716,10000000
6129,999.336,10000000
6130,1025.850,10000000
6131,1010.282,10000000
6132,1010.265,10000000
6133,1006.071,10000000
6134,1005.050,10000000
6135,1008.276,10000000
6136,1005.379,10000000
6137,1013.067,10000000
6138,1009.642,10000000
6139,1001.578,10000000
6140,1013.650,10000000
6141,1005.174,10000000
6142,1028.912,10000000
6143,1015.745,10000000
6144,1005.385,10000000
6145,1012.686,10000000
6146,1007.851,10000000
6147,999.607,10000000
6148,1009.498,10000000
6149,1004.135,10000000
6150,1006.635,10000000
6151,1006.996,10000000
6152,1003.606,10000000
6153,1010.373,10000000
6154,1031.076,10000000
6155,1015.790,10000000
6156,1013.148,10000000
6157,1003.935,10000000
6158,1010.763,10000000
6159,1006.250,10000000
6160,1006.686,10000000
6161,1008.845,10000000
6162,1000.008,10000000
6163,1011.963,10000000
6164,1010.234,10000000
6165,999.025,10000000
6166,1019.452,10000000
6167,1019.534,10000000
6168,1009.428,10000000
6169,1011.546,10000000
6170,1004.993,10000000
6171,1010.387,10000000
6172,1007.707,10000000
6173,1001.275,10000000
6174,1011.885,10000000
6175,1004.586,10000000
6176,1009.821,10000000
6177,1008.131,10000000
6178,1002.555,10000000
6179,1026.545,10000000
6180,1011.047,10000000
6181,1010.441,10000000
6182,1007.249,10000000
6183,1004.759,10000000
6184,1006.790,10000000
6185,1009.184,10000000
6186,1003.220,10000000
6187,1009.539,10000000
6188,1005.653,10000000
6189,1008.631,10000000
6190,1008.653,10000000
6191,1025.515,10000000
6192,1020.520,10000000
6193,1012.867,10000000
6194,1009.958,10000000
6195,1011.258,10000000
6196,1001.897,10000000
6197,1008.949,10000000
6198,1006.886,10000000
6199,1010.443,10000000
6200,1009.267,10000000
6201,1004.981,10000000
6202,999.738,10000000
6203,1036.248,10000000
6204,1013.079,10000000
6205,1014.099,10000000
6206,1007.908,10000000
6207,1010.326,10000000
6208,1010.058,10000000
6209,1001.746,10000000
6210,1011.510,10000000
6211,1004.698,10000000
6212,1006.964,10000000
6213,1007.022,10000000
6214,1001.697,10000000
6215,1029.826,10000000
6216,1017.746,10000000
6217,1012.481,10000000
6218,1011.261,10000000
6219,1006.892,10000000
6220,1013.347,10000000
6221,1007.184,10000000
6222,1001.442,10000000
6223,1005.649,10000000
6224,1003.264,10000000
6225,1009.024,10000000
6226,1005.167,10000000
6227,1010.107,10000000
6228,1021.286,10000000
6229,1011.556,10000000
6230,1012.799,10000000
6231,1005.063,10000000
6232,1010.341,10000000
6233,1005.986,10000000
6234,2193.133,10000000
6235,2764.717,10000000
6236,2999.548,10000000
6237,3099.396,10000000
6238,3104.197,10000000
6239,3115.137,10000000
6240,1988.173,10000000
6241,1372.861,10000000
6242,1140.951,10000000
6243,1055.890,10000000
6244,1024.692,10000000
6245,1009.220,10000000
6246,1012.625,10000000
6247,1004.867,10000000
6248,1012.497,10000000
6249,1007.652,10000000
6250,999.351,10000000
6251,1009.487,10000000
6252,1031.411,10000000
6253,1017.310,10000000
6254,1014.352,10000000
6255,1008.395,10000000
6256,1013.285,10000000
6257,1008.594,10000000
6258,1002.320,10000000
6259,1010.281,10000000
6260,1003.811,10000000
6261,997.898,10000000
6262,1007.723,10000000
6263,1003.331,10000000
6264,1037.604,10000000
6265,1018.810,10000000
6266,1012.565,10000000
6267,1010.217,10000000
6268,1002.606,10000000
6269,1010.838,10000000
6270,1005.116,10000000
6271,1013.951,10000000
6272,1006.499,10000000
6273,1009.096,10000000
6274,1008.387,10000000
6275,1001.537,10000000
6276,1012.826,10000000
6277,1019.164,10000000
6278,1016.044,10000000
6279,1009.961,10000000
6280,1003.053,10000000
6281,1009.270,10000000
6282,1005.059,10000000
6283,1005.600,10000000
6284,1008.807,10000000
6285,1008.278,10000000
6286,1009.223,10000000
6287,1005.582,10000000
6288,1012.639,10000000
6289,1022.439,10000000
6290,1017.253,10000000
6291,1012.125,10000000
6292,1009.325,10000000
6293,1008.925,10000000
6294,1005.204,10000000
6295,1012.189,10000000
6296,1006.328,10000000
6297,1010.661,10000000
6298,1008.481,10000000
6299,1002.659,10000000
6300,1005.165,10000000
6301,1029.070,10000000
6302,1008.535,10000000
6303,1009.625,10000000
6304,1001.736,10000000
6305,1011.408,10000000
6306,1004.675,10000000
6307,1002.823,10000000
6308,1008.316,10000000
6309,1005.263,10000000
6310,1010.108,10000000
6311,1006.816,10000000
6312,1000.751,10000000
6313,1034.617,10000000
6314,1015.629,10000000
6315,1004.146,10000000
6316,1012.592,10000000
6317,1006.153,10000000
6318,1009.612,10000000
6319,1008.875,10000000
6320,998.244,10000000
6321,1008.311,10000000
6322,1003.148,10000000
6323,1007.960,10000000
6324,1004.790,10000000
6325,1009.292,10000000
6326,1019.534,10000000
6327,1006.019,10000000
6328,1008.084,10000000
6329,1003.397,10000000
6330,998.436,10000000
6331,1009.121,10000000
6332,1001.828,10000000
6333,1011.161,10000000
6334,1007.114,10000000
6335,1003.939,10000000
6336,1009.231,10000000
6337,1003.892,10000000
6338,1028.782,10000000
6339,1009.970,10000000
6340,999.221,10000000
6341,1007.279,10000000
6342,1002.277,10000000
6343,1004.594,10000000
6344,1005.635,10000000
6345,999.547,10000000
6346,1009.749,10000000
6347,1006.645,10000000
6348,1000.662,10000000
6349,1009.152,10000000
6350,1026.795,10000000
6351,1018.244,10000000
6352,1009.084,10000000
6353,1000.663,10000000
6354,1011.227,10000000
6355,1004.971,10000000
6356,1004.363,10000000
6357,1010.274,10000000
6358,1002.172,10000000
6359,1012.702,10000000
6360,1005.579,10000000
6361,1001.647,10000000
6362,1031.965,10000000
6363,1011.918,10000000
6364,1011.112,10000000
6365,1005.184,10000000
6366,1010.791,10000000
6367,1004.582,10000000
6368,1009.371,10000000
6369,1007.333,10000000
6370,998.126,10000000
6371,1009.212,10000000
6372,1001.384,10000000
6373,1008.908,10000000
6374,1015.186,10000000
6375,1013.263,10000000
6376,1016.686,10000000
6377,1007.721,10000000
6378,1001.175,10000000
6379,1011.562,10000000
6380,1006.327,10000000
6381,1002.015,10000000
6382,1006.299,10000000
6383,1002.175,10000000
6384,1011.862,10000000
6385,1009.270,10000000
6386,1007.543,10000000
6387,1024.869,10000000
6388,1010.449,10000000
6389,1013.662,10000000
6390,1006.447,10000000
6391,1002.149,10000000
6392,1009.174,10000000
6393,1005.196,10000000
6394,1009.727,10000000
6395,1005.284,10000000
6396,999.524,10000000
6397,1005.275,10000000
6398,1004.787,10000000
6399,1018.066,10000000
6400,1014.746,10000000
6401,1002.294,10000000
6402,1008.066,10000000
6403,1007.423,10000000
6404,1000.135,10000000
6405,1004.493,10000000
6406,1003.018,10000000
6407,1011.392,10000000
6408,1005.280,10000000
6409,1010.068,10000000
6410,1006.789,10000000
6411,1026.363,10000000
6412,1018.738,10000000
6413,1011.193,10000000
6414,1008.012,10000000
6415,1005.781,10000000
6416,1001.817,10000000
6417,1009.728,10000000
6418,1004.972,10000000
6419,999.054,10000000
6420,1009.204,10000000
6421,1003.482,10000000
6422,1008.334,10000000
6423,1019.134,10000000
6424,1017.054,10000000
6425,1012.844,10000000
6426,1002.827,10000000
6427,1008.772,10000000
6428,1005.799,10000000
6429,1001.258,10000000
6430,1009.692,10000000
6431,1006.340,10000000
6432,1008.946,10000000
6433,1008.328,10000000
6434,1003.122,10000000
6435,1008.373,10000000
6436,1019.151,10000000
6437,1016.750,10000000
6438,1006.375,10000000
6439,1012.010,10000000
6440,1010.119,10000000
6441,999.242,10000000
6442,1008.361,10000000
6443,1003.875,10000000
6444,1007.069,10000000
6445,1002.854,10000000
6446,1008.588,10000000
6447,1004.035,10000000
6448,1022.789,10000000
6449,1015.624,10000000
6450,1006.615,10000000
6451,1011.696,10000000
6452,1006.121,10000000
6453,1008.683,10000000
6454,1010.547,10000000
6455,1005.335,10000000
6456,1012.511,10000000
6457,1007.917,10000000
6458,1009.777,10000000
6459,1004.486,10000000
6460,1024.712,10000000
6461,1017.134,10000000
6462,1002.654,10000000
6463,1004.265,10000000
6464,1007.123,10000000
6465,1000.458,10000000
6466,1009.501,10000000
6467,1004.375,10000000
6468,1010.070,10000000
6469,1007.918,10000000
6470,1000.909,10000000
6471,1011.533,10000000
6472,1022.659,10000000
6473,1022.022,10000000
6474,1013.659,10000000
6475,1006.419,10000000
6476,1012.123,10000000
6477,1008.874,10000000
6478,999.654,10000000
6479,1010.960,10000000
6480,1005.915,10000000
6481,999.616,10000000
6482,1009.297,10000000
6483,1002.719,10000000
6484,1006.351,10000000
6485,1022.605,10000000
6486,1013.103,10000000
6487,1008.573,10000000
6488,1004.367,10000000
6489,1010.139,10000000
6490,1004.084,10000000
6491,1001.580,10000000
6492,1007.451,10000000
6493,1002.311,10000000
6494,1008.201,10000000
6495,1004.444,10000000
6496,1002.205,10000000
6497,1030.433,10000000
6498,1011.949,10000000
6499,1010.821,10000000
6500,1008.036,10000000
6501,1003.631,10000000
6502,1003.149,10000000
6503,1007.171,10000000
6504,999.459,10000000
6505,1008.066,10000000
6506,1005.924,10000000
6507,1009.175,10000000
6508,1008.869,10000000
6509,1029.187,10000000
6510,1017.843,10000000
6511,1010.277,10000000
6512,1010.457,10000000
6513,1009.145,10000000
6514,1004.638,10000000
6515,1008.981,10000000
6516,1002.427,10000000
6517,1009.539,10000000
6518,1009.204,10000000
6519,1001.374,10000000
6520,1008.784,10000000
6521,1023.190,10000000
6522,1013.686,10000000
6523,1010.610,10000000
6524,1001.117,10000000
6525,1010.906,10000000
6526,1000.901,10000000
6527,1006.831,10000000
6528,1008.162,10000000
6529,1001.897,10000000
6530,1011.639,10000000
6531,1006.197,10000000
6532,1009.706,10000000
6533,1011.508,10000000
6534,1021.958,10000000
6535,1016.049,10000000
6536,1010.416,10000000
6537,1007.546,10000000
6538,1012.190,10000000
6539,1005.790,10000000
6540,999.377,10000000
6541,1009.978,10000000
6542,1001.424,10000000
6543,1002.208,10000000
6544,1006.791,10000000
6545,1000.117,10000000
6546,1027.526,10000000
6547,1006.441,10000000
6548,1013.578,10000000
6549,1007.329,10000000
6550,1010.573,10000000
6551,1008.117,10000000
6552,1002.057,10000000
6553,1014.270,10000000
6554,1008.435,10000000
6555,1007.887,10000000
6556,1004.574,10000000
6557,1002.959,10000000
6558,1034.507,10000000
6559,1016.158,10000000
6560,1004.147,10000000
6561,1011.248,10000000
6562,1006.706,10000000
6563,1000.919,10000000
6564,1007.789,10000000
6565,1002.849,10000000
6566,1007.967,10000000
6567,1008.538,10000000
6568,1001.982,10000000
6569,1012.320,10000000
6570,1028.353,10000000
6571,1020.223,10000000
6572,1012.472,10000000
6573,1004.901,10000000
6574,1011.517,10000000
6575,1008.046,10000000
6576,1006.388,10000000
6577,1009.373,10000000
6578,1002.862,10000000
6579,1010.551,10000000
6580,1007.086,10000000
6581,998.615,10000000
6582,1007.006,10000000
6583,1018.118,10000000
6584,1013.573,10000000
6585,1009.479,10000000
6586,1003.360,10000000
6587,1010.467,10000000
6588,1008.466,10000000
6589,1009.506,10000000
6590,1010.377,10000000
6591,1002.668,10000000
6592,1011.568,10000000
6593,1005.393,10000000
6594,1006.374,10000000
6595,1027.772,10000000
6596,1009.289,10000000
6597,1010.825,10000000
6598,1007.482,10000000
6599,1002.606,10000000
6600,1010.809,10000000
6601,1004.870,10000000
6602,997.519,10000000
6603,1007.818,10000000
6604,1003.131,10000000
6605,1012.835,10000000
6606,1008.580,10000000
6607,1027.095,10000000
6608,1019.298,10000000
6609,1009.588,10000000
6610,1008.816,10000000
6611,1008.690,10000000
6612,1001.135,10000000
6613,1008.131,10000000
6614,1010.351,10000000
6615,1003.139,10000000
6616,1012.468,10000000
6617,1009.681,10000000
6618,1002.824,10000000
6619,1038.452,10000000
6620,1020.575,10000000
6621,1005.979,10000000
6622,1011.027,10000000
6623,1006.941,10000000
6624,1004.742,10000000
6625,1010.664,10000000
6626,1004.669,10000000
6627,1011.499,10000000
6628,1004.116,10000000
6629,1003.072,10000000
6630,1011.596,10000000
6631,1006.622,10000000
6632,1022.085,10000000
6633,1014.817,10000000
6634,1006.683,10000000
6635,1012.106,10000000
6636,1008.255,10000000
6637,1001.956,10000000
6638,1013.610,10000000
6639,1007.839,10000000
6640,998.620,10000000
6641,1007.710,10000000
6642,1002.603,10000000
6643,1004.372,10000000
6644,1023.099,10000000
6645,1008.178,10000000
6646,1010.894,10000000
6647,1007.347,10000000
6648,1000.360,10000000
6649,1008.463,10000000
6650,1003.540,10000000
6651,1011.238,10000000
6652,1007.741,10000000
6653,1003.466,10000000
6654,1008.001,10000000
6655,1003.155,10000000
6656,1033.907,10000000
6657,1015.314,10000000
6658,1010.813,10000000
6659,1011.253,10000000
6660,1006.821,10000000
6661,1002.790,10000000
6662,1008.314,10000000
6663,1002.526,10000000
6664,1005.930,10000000
6665,1003.217,10000000
6666,1007.973,10000000
6667,1006.538,10000000
6668,1028.865,10000000
6669,1021.759,10000000
6670,1006.804,10000000
6671,1008.696,10000000
6672,1010.084,10000000
6673,1004.877,10000000
6674,1008.396,10000000
6675,1007.433,10000000
6676,1002.191,10000000
6677,1010.814,10000000
6678,1005.434,10000000
6679,999.333,10000000
6680,1008.280,10000000
6681,1017.752,10000000
6682,1007.116,10000000
6683,1008.941,10000000
6684,1004.051,10000000
6685,1010.471,10000000
6686,1006.068,10000000
6687,1005.012,10000000
6688,1008.271,10000000
6689,1003.860,10000000
6690,1008.721,10000000
6691,1005.475,10000000
6692,1009.019,10000000
6693,1027.447,10000000
6694,1007.092,10000000
6695,1010.235,10000000
6696,1006.504,10000000
6697,1008.549,10000000
6698,1011.088,10000000
6699,1005.100,10000000
6700,1003.538,10000000
6701,1008.533,10000000
6702,1004.090,10000000
6703,1008.610,10000000
6704,1003.753,10000000
6705,1029.766,10000000
6706,1017.331,10000000
6707,1006.261,10000000
6708,1010.482,10000000
6709,1005.259,10000000
6710,1006.207,10000000
6711,1009.083,10000000
6712,1002.574,10000000
6713,1010.166,10000000
6714,1003.999,10000000
6715,1006.588,10000000
6716,1008.697,10000000
6717,1027.497,10000000
6718,1022.631,10000000
6719,1008.598,10000000
6720,1008.545,10000000
6721,1009.092,10000000
6722,1003.499,10000000
6723,1008.400,10000000
6724,1001.975,10000000
6725,1007.889,10000000
6726,1007.792,10000000
6727,1001.255,10000000
6728,1008.634,10000000
6729,1003.952,10000000
6730,1024.948,10000000
6731,1014.225,10000000
6732,1004.607,10000000
6733,1012.262,10000000
6734,1004.323,10000000
6735,1008.408,10000000
6736,1009.886,10000000
6737,1003.897,10000000
6738,1012.776,10000000
6739,1006.596,10000000
6740,2261.516,10000000
6741,2789.329,10000000
6742,3023.600,10000000
6743,3105.031,10000000
6744,3136.634,10000000
6745,3106.035,10000000
6746,1895.047,10000000
6747,1329.460,10000000
6748,1132.279,10000000
6749,1048.199,10000000
6750,1030.008,10000000
6751,1014.466,10000000
6752,1013.022,10000000
6753,1011.999,10000000
6754,1022.346,10000000
6755,1018.050,10000000
6756,1009.693,10000000
6757,1005.030,10000000
6758,1010.335,10000000
6759,1005.357,10000000
6760,1010.760,10000000
6761,1005.624,10000000
6762,1000.379,10000000
6763,1008.786,10000000
6764,1004.743,10000000
6765,1010.819,10000000
6766,1033.164,10000000
6767,1015.528,10000000
6768,1015.467,10000000
6769,1003.956,10000000
6770,1012.803,10000000
6771,1009.697,10000000
6772,1001.699,10000000
6773,1011.578,10000000
6774,1004.551,10000000
6775,1012.633,10000000
6776,1009.951,10000000
6777,1003.444,10000000
6778,1021.080,10000000
6779,1014.715,10000000
6780,1006.970,10000000
6781,1007.776,10000000
6782,1001.552,10000000
6783,1012.428,10000000
6784,1007.726,10000000
6785,1009.794,10000000
6786,1009.608,10000000
6787,1001.750,10000000
6788,1013.038,10000000
6789,1006.228,10000000
6790,1007.256,10000000
6791,1028.082,10000000
6792,1011.154,10000000
6793,1013.761,10000000
6794,1007.177,10000000
6795,1005.436,10000000
6796,1009.755,10000000
6797,1007.164,10000000
6798,998.537,10000000
6799,1006.091,10000000
6800,1002.642,10000000
6801,1009.608,10000000
6802,1004.554,10000000
6803,1030.763,10000000
6804,1015.601,10000000
6805,1007.254,10000000
6806,1013.868,10000000
6807,1008.251,10000000
6808,1010.133,10000000
6809,1010.191,10000000
6810,1003.813,10000000
6811,1011.713,10000000
6812,1008.111,10000000
6813,1004.509,10000000
6814,1009.658,10000000
6815,1030.375,10000000
6816,1021.310,10000000
6817,1009.068,10000000
6818,1003.639,10000000
6819,1015.226,10000000
6820,1003.988,10000000
6821,1008.646,10000000
6822,1005.099,10000000
6823,1005.876,10000000
6824,1008.463,10000000
6825,1002.097,10000000
6826,1007.603,10000000
6827,1021.846,10000000
6828,1019.739,10000000
6829,1013.034,10000000
6830,1002.294,10000000
6831,1011.585,10000000
6832,1007.102,10000000
6833,1008.117,10000000
6834,1007.668,10000000
6835,1005.259,10000000
6836,1010.685,10000000
6837,1006.614,10000000
6838,1000.413,10000000
6839,1009.603,10000000
6840,1019.590,10000000
6841,1006.932,10000000
6842,1009.698,10000000
6843,999.483,10000000
6844,1008.641,10000000
6845,1007.564,10000000
6846,1003.243,10000000
6847,1009.577,10000000
6848,1006.254,10000000
6849,1006.186,10000000
6850,1009.629,10000000
6851,1002.919,10000000
6852,1028.798,10000000
6853,1016.411,10000000
6854,1005.281,10000000
6855,1014.421,10000000
6856,1009.150,10000000
6857,1000.811,10000000
6858,1010.009,10000000
6859,1006.862,10000000
6860,998.500,10000000
6861,1005.863,10000000
6862,1001.512,10000000
6863,1006.120,10000000
6864,1031.469,10000000
6865,1011.793,10000000
6866,1013.589,10000000
6867,1008.092,10000000
6868,1006.303,10000000
6869,1007.445,10000000
6870,1002.750,10000000
6871,1011.196,10000000
6872,1006.911,10000000
6873,1010.069,10000000
6874,1007.918,10000000
6875,1002.120,10000000
6876,1033.078,10000000
6877,1012.828,10000000
6878,1013.694,10000000
6879,1007.573,10000000
6880,998.739,10000000
6881,1009.262,10000000
6882,1000.770,10000000
6883,1011.217,10000000
6884,1005.909,10000000
6885,1011.626,10000000
6886,1011.749,10000000
6887,1004.549,10000000
6888,1013.968,10000000
6889,1022.164,10000000
6890,1009.481,10000000
6891,1011.842,10000000
6892,1006.139,10000000
6893,1007.054,10000000
6894,1010.006,10000000
6895,1001.740,10000000
6896,1011.980,10000000
6897,1004.734,10000000
6898,1002.800,10000000
6899,1005.467,10000000
6900,1006.801,10000000
6901,1019.007,10000000
6902,1016.187,10000000
6903,1006.052,10000000
6904,1006.990,10000000
6905,1008.119,10000000
6906,1004.362,10000000
6907,1010.164,10000000
6908,1007.526,10000000
6909,1002.963,10000000
6910,1010.242,10000000
6911,1003.264,10000000
6912,1011.026,10000000
6913,1030.766,10000000
6914,1014.898,10000000
6915,1010.148,10000000
6916,1004.462,10000000
6917,996.547,10000000
6918,1008.869,10000000
6919,1004.628,10000000
6920,1002.218,10000000
6921,1009.171,10000000
6922,1000.863,10000000
6923,1006.790,10000000
6924,1003.985,10000000
6925,1024.270,10000000
6926,1020.810,10000000
6927,1007.711,10000000
6928,1009.544,10000000
6929,1007.480,10000000
6930,1009.182,10000000
6931,1010.425,10000000
6932,1007.059,10000000
6933,1012.105,10000000
6934,1010.569,10000000
6935,1006.565,10000000
6936,1012.696,10000000
6937,1003.391,10000000
6938,1014.569,10000000
6939,1014.867,10000000
6940,1003.093,10000000
6941,1006.134,10000000
6942,1007.002,10000000
6943,1001.562,10000000
6944,1010.490,10000000
6945,1007.814,10000000
6946,1004.069,10000000
6947,1010.234,10000000
6948,1002.476,10000000
6949,1011.778,10000000
6950,1026.935,10000000
6951,1008.971,10000000
6952,1016.879,10000000
6953,1006.650,10000000
6954,1010.352,10000000
6955,1010.562,10000000
6956,1002.762,10000000
6957,1012.543,10000000
6958,1008.000,10000000
6959,1000.483,10000000
6960,1007.961,10000000
6961,1004.620,10000000
6962,1032.025,10000000
6963,1016.496,10000000
6964,1006.123,10000000
6965,1010.018,10000000
6966,1006.270,10000000
6967,1010.317,10000000
6968,1008.608,10000000
6969,1002.043,10000000
6970,1010.540,10000000
6971,1007.139,10000000
6972,1008.782,10000000
6973,1007.250,10000000
6974,1026.571,10000000
6975,1022.085,10000000
6976,1007.967,10000000
6977,1003.518,10000000
6978,1007.788,10000000
6979,1002.007,10000000
6980,1003.378,10000000
6981,1007.204,10000000
6982,1003.711,10000000
6983,1009.498,10000000
6984,1005.547,10000000
6985,1007.356,10000000
6986,1013.357,10000000
6987,1018.908,10000000
6988,1015.540,10000000
6989,1011.228,10000000
6990,1000.673,10000000
6991,1009.612,10000000
6992,1006.168,10000000
6993,1008.316,10000000
6994,1010.825,10000000
6995,1003.832,10000000
6996,998.808,10000000
6997,1007.669,10000000
6998,1001.064,10000000
6999,1027.326,10000000
7000,1012.422,10000000
7001,1003.494,10000000
7002,1008.793,10000000
7003,1007.053,10000000
7004,1000.818,10000000
7005,1007.818,10000000
7006,1004.896,10000000
7007,1006.137,10000000
7008,1007.111,10000000
7009,1002.761,10000000
7010,1012.207,10000000
7011,1028.288,10000000
7012,1018.508,10000000
7013,1012.155,10000000
7014,1003.889,10000000
7015,1009.632,10000000
7016,1003.288,10000000
7017,996.483,10000000
7018,1008.918,10000000
7019,1003.240,10000000
7020,1006.760,10000000
7021,1007.100,10000000
7022,1003.471,10000000
7023,1038.019,10000000
7024,1015.177,10000000
7025,1006.839,10000000
7026,1010.176,10000000
7027,1004.607,10000000
7028,1012.486,10000000
7029,1006.042,10000000
7030,1000.766,10000000
7031,1012.008,10000000
7032,1004.391,10000000
7033,1010.913,10000000
7034,1009.467,10000000
7035,1001.219,10000000
7036,1025.978,10000000
7037,1010.931,10000000
7038,1000.718,10000000
7039,1009.151,10000000
7040,1003.707,10000000
7041,1006.730,10000000
7042,1004.258,10000000
7043,998.780,10000000
7044,1009.716,10000000
7045,1001.494,10000000
7046,1004.809,10000000
7047,1007.605,10000000
7048,1019.890,10000000
7049,1016.756,10000000
7050,1008.699,10000000
7051,1005.339,10000000
7052,1009.356,10000000
7053,1004.457,10000000
7054,1009.854,10000000
7055,1004.077,10000000
7056,1000.182,10000000
7057,1004.849,10000000
7058,997.929,10000000
7059,1008.873,10000000
7060,1028.253,10000000
7061,1014.650,10000000
7062,1008.550,10000000
7063,1001.030,10000000
7064,1008.514,10000000
7065,1006.459,10000000
7066,1010.567,10000000
7067,1007.461,10000000
7068,1000.978,10000000
7069,1012.299,10000000
7070,1008.599,10000000
7071,1010.759,10000000
7072,1034.590,10000000
7073,1012.098,10000000
7074,1012.855,10000000
7075,1011.805,10000000
7076,1002.397,10000000
7077,1003.094,10000000
7078,1005.760,10000000
7079,1000.545,10000000
7080,1007.292,10000000
7081,1002.656,10000000
7082,1012.229,10000000
7083,1004.964,10000000
7084,1009.554,10000000
7085,1022.988,10000000
7086,1005.991,10000000
7087,1011.369,10000000
7088,1002.719,10000000
7089,1010.958,10000000
7090,1004.479,10000000
7091,1009.938,10000000
7092,1006.817,10000000
7093,1004.620,10000000
7094,1005.856,10000000
7095,1000.561,10000000
7096,998.166,10000000
7097,1023.112,10000000
7098,1005.676,10000000
7099,1008.033,10000000
7100,1004.814,10000000
7101,1006.488,10000000
7102,1008.522,10000000
7103,1001.622,10000000
7104,1011.445,10000000
7105,1005.652,10000000
7106,1005.089,10000000
7107,1008.640,10000000
7108,1001.696,10000000
7109,1032.770,10000000
7110,1014.993,10000000
7111,1005.536,10000000
7112,1010.884,10000000
7113,1003.111,10000000
7114,997.942,10000000
7115,1006.847,10000000
7116,1000.810,10000000
7117,1005.869,10000000
7118,1003.731,10000000
7119,1002.433,10000000
7120,1007.040,10000000
7121,1027.472,10000000
7122,1019.781,10000000
7123,1007.569,10000000
7124,1009.618,10000000
7125,1005.924,10000000
7126,999.515,10000000
7127,1007.285,10000000
7128,1003.885,10000000
7129,1006.355,10000000
7130,1004.934,10000000
7131,1002.621,10000000
7132,1008.027,10000000
7133,1013.505,10000000
7134,1009.687,10000000
7135,1009.100,10000000
7136,1003.294,10000000
7137,1007.667,10000000
7138,1005.345,10000000
7139,1001.892,10000000
7140,1007.932,10000000
7141,1003.513,10000000
7142,1011.030,10000000
7143,1005.723,10000000
7144,1001.996,10000000
7145,1008.540,10000000
7146,1024.198,10000000
7147,1010.144,10000000
7148,1011.658,10000000
7149,1004.426,10000000
7150,1011.191,10000000
7151,1008.318,10000000
7152,1001.677,10000000
7153,1011.887,10000000
7154,1004.494,10000000
7155,999.301,10000000
7156,1008.981,10000000
7157,1005.098,10000000
7158,1023.690,10000000
7159,1012.419,10000000
7160,1004.859,10000000
7161,1010.910,10000000
7162,1003.233,10000000
7163,1003.660,10000000
7164,1003.873,10000000
7165,999.878,10000000
7166,1009.220,10000000
7167,1004.597,10000000
7168,1004.956,10000000
7169,1009.326,10000000
7170,1029.533,10000000
7171,1020.124,10000000
7172,1008.953,10000000
7173,1000.380,10000000
7174,1010.558,10000000
7175,1000.603,10000000
7176,996.905,10000000
7177,1004.962,10000000
7178,1001.086,10000000
7179,1005.276,10000000
7180,1003.372,10000000
7181,1001.030,10000000
7182,1027.138,10000000
7183,1019.219,10000000
7184,1010.707,10000000
7185,1012.455,10000000
7186,1004.749,10000000
7187,1014.173,10000000
7188,1009.432,10000000
7189,1001.853,10000000
7190,1011.042,10000000
7191,1004.543,10000000
7192,1007.168,10000000
7193,1007.333,10000000
7194,998.216,10000000
7195,1020.339,10000000
7196,1008.721,10000000
7197,1004.811,10000000
7198,1005.149,10000000
7199,1001.242,10000000
7200,1011.494,10000000
7201,1004.025,10000000
7202,1012.332,10000000
7203,1005.928,10000000
7204,1008.082,10000000
7205,1011.862,10000000
7206,1002.995,10000000
7207,1029.844,10000000
7208,1014.387,10000000
7209,1006.020,10000000
7210,1009.703,10000000
7211,1003.924,10000000
7212,1009.879,10000000
7213,1008.843,10000000
7214,1000.416,10000000
7215,1007.624,10000000
7216,1005.246,10000000
7217,1004.327,10000000
7218,1009.829,10000000
7219,1030.649,10000000
7220,1017.694,10000000
7221,1013.187,10000000
7222,1004.723,10000000
7223,1009.324,10000000
7224,1008.480,10000000
7225,1001.427,10000000
7226,1009.639,10000000
7227,1005.540,10000000
7228,1001.772,10000000
7229,1007.747,10000000
7230,1003.624,10000000
7231,1027.026,10000000
7232,1018.335,10000000
7233,1005.007,10000000
7234,1001.989,10000000
7235,1007.522,10000000
7236,999.874,10000000
7237,1007.737,10000000
7238,1003.149,10000000
7239,1005.705,10000000
7240,1007.224,10000000
7241,1000.228,10000000
7242,1008.679,10000000
7243,1002.979,10000000
7244,1022.868,10000000
7245,1014.726,10000000
7246,2331.737,10000000
7247,2840.929,10000000
7248,3012.496,10000000
7249,3102.035,10000000
7250,3149.750,10000000
7251,3121.168,10000000
7252,1882.328,10000000
7253,1337.793,10000000
7254,1125.193,10000000
7255,1046.791,10000000
7256,1040.190,10000000
7257,1012.543,10000000
7258,1008.321,10000000
7259,1006.312,10000000
7260,1000.985,10000000
7261,1006.038,10000000
7262,1002.883,10000000
7263,1005.100,10000000
7264,1008.032,10000000
7265,1002.783,10000000
7266,1008.549,10000000
7267,1008.903,10000000
7268,1032.346,10000000
7269,1017.192,10000000
7270,1007.704,10000000
7271,1013.869,10000000
7272,1008.508,10000000
7273,999.963,10000000
7274,1011.702,10000000
7275,1004.293,10000000
7276,1000.406,10000000
7277,1004.859,10000000
7278,997.209,10000000
7279,1011.160,10000000
7280,1032.915,10000000
7281,1019.189,10000000
7282,1015.004,10000000
7283,1005.616,10000000
7284,1011.839,10000000
7285,1008.215,10000000
7286,1008.513,10000000
7287,1010.501,10000000
7288,1006.262,10000000
7289,1008.527,10000000
7290,1010.174,10000000
7291,1006.276,10000000
7292,1011.628,10000000
7293,1018.997,10000000
7294,1004.702,10000000
7295,1009.289,10000000
7296,1005.249,10000000
7297,1003.869,10000000
7298,1008.547,10000000
7299,1000.467,10000000
7300,1010.875,10000000
7301,1002.976,10000000
7302,1009.617,10000000
7303,1006.276,10000000
7304,1010.267,10000000
7305,1026.551,10000000
7306,1010.455,10000000
7307,1011.658,10000000
7308,1008.339,10000000
7309,1003.723,10000000
7310,1007.253,10000000
7311,1001.480,10000000
7312,1009.023,10000000
7313,1005.927,10000000
7314,1000.243,10000000
7315,1005.907,10000000
7316,1006.101,10000000
7317,1023.344,10000000
7318,1015.662,10000000
7319,1011.137,10000000
7320,1010.289,10000000
7321,1008.289,10000000
7322,1002.680,10000000
7323,1009.612,10000000
7324,1003.194,10000000
7325,1010.277,10000000
7326,1007.184,10000000
7327,1004.650,10000000
7328,1009.347,10000000
7329,1028.831,10000000
7330,1020.886,10000000
7331,1010.346,10000000
7332,999.450,10000000
7333,1007.495,10000000
7334,1001.458,10000000
7335,1006.868,10000000
7336,1006.049,10000000
7337,1004.271,10000000
7338,1007.511,10000000
7339,1000.081,10000000
7340,1009.338,10000000
7341,1004.065,10000000
7342,1022.096,10000000
7343,1012.619,10000000
7344,1004.198,10000000
7345,1009.497,10000000
7346,1001.566,10000000
7347,1008.992,10000000
7348,1006.731,10000000
7349,1003.635,10000000
7350,1010.680,10000000
7351,1003.221,10000000
7352,1009.692,10000000
7353,1006.223,10000000
7354,1018.287,10000000
7355,1014.897,10000000
7356,1005.542,10000000
7357,1006.416,10000000
7358,1008.063,10000000
7359,1002.404,10000000
7360,1008.751,10000000
7361,1004.927,10000000
7362,1006.140,10000000
7363,1006.888,10000000
7364,1002.858,10000000
7365,1012.085,10000000
7366,1029.479,10000000
7367,1014.463,10000000
7368,1013.102,10000000
7369,1005.108,10000000
7370,1010.298,10000000
7371,1006.338,10000000
7372,1002.276,10000000
7373,1003.479,10000000
7374,1006.596,10000000
7375,997.339,10000000
7376,1008.064,10000000
7377,1001.217,10000000
7378,1035.415,10000000
7379,1014.939,10000000
7380,1007.351,10000000
7381,1007.957,10000000
7382,1004.106,10000000
7383,1010.338,10000000
7384,1003.294,10000000
7385,1007.206,10000000
7386,1007.068,10000000
7387,1003.157,10000000
7388,1011.469,10000000
7389,1003.611,10000000
7390,1008.625,10000000
7391,1022.898,10000000
7392,1006.163,10000000
7393,1002.845,10000000
7394,1005.868,10000000
7395,999.264,10000000
7396,1005.175,10000000
7397,1004.155,10000000
7398,1002.020,10000000
7399,1007.702,10000000
7400,1000.103,10000000
7401,1011.410,10000000
7402,1003.654,10000000
7403,1018.573,10000000
7404,1016.843,10000000
7405,1004.380,10000000
7406,1010.571,10000000
7407,1005.449,10000000
7408,1005.109,10000000
7409,1008.116,10000000
7410,1001.760,10000000
7411,1009.715,10000000
7412,1003.199,10000000
7413,997.094,10000000
7414,1005.572,10000000
7415,1022.413,10000000
7416,1014.268,10000000
7417,1005.812,10000000
7418,1006.362,10000000
7419,1004.461,10000000
7420,1001.878,10000000
7421,1006.976,10000000
7422,1006.038,10000000
7423,1008.826,10000000
7424,1005.578,10000000
7425,997.721,10000000
7426,1011.875,10000000
7427,1031.815,10000000
7428,1021.536,10000000
7429,1012.423,10000000
7430,1005.007,10000000
7431,1010.150,10000000
7432,1002.026,10000000
7433,997.732,10000000
7434,1010.582,10000000
7435,1002.232,10000000
7436,1008.929,10000000
7437,1005.849,10000000
7438,1009.178,10000000
7439,1020.854,10000000
7440,1013.936,10000000
7441,1015.357,10000000
7442,1008.018,10000000
7443,1005.620,10000000
7444,1008.367,10000000
7445,1002.905,10000000
7446,1010.309,10000000
7447,1006.473,10000000
7448,1006.939,10000000
7449,1010.103,10000000
7450,1004.883,10000000
7451,1006.636,10000000
7452,1021.073,10000000
7453,1006.199,10000000
7454,1011.107,10000000
7455,1006.461,10000000
7456,1002.911,10000000
7457,1009.740,10000000
7458,1002.044,10000000
7459,1009.846,10000000
7460,1003.398,10000000
7461,1007.287,10000000
7462,1005.687,10000000
7463,1000.806,10000000
7464,1028.566,10000000
7465,1014.244,10000000
7466,1003.177,10000000
7467,1012.387,10000000
7468,1006.377,10000000
7469,1008.783,10000000
7470,1012.238,10000000
7471,1004.897,10000000
7472,998.953,10000000
7473,1011.040,10000000
7474,1004.281,10000000
7475,996.979,10000000
7476,1031.484,10000000
7477,1010.683,10000000
7478,1009.867,10000000
7479,1007.011,10000000
7480,999.282,10000000
7481,1007.795,10000000
7482,1004.062,10000000
7483,1007.505,10000000
7484,1006.245,10000000
7485,1002.495,10000000
7486,1010.952,10000000
7487,1004.573,10000000
7488,1028.219,10000000
7489,1021.932,10000000
7490,1009.545,10000000
7491,1010.961,10000000
7492,1006.139,10000000
7493,1000.046,10000000
7494,1010.435,10000000
7495,1003.539,10000000
7496,1000.215,10000000
7497,1005.403,10000000
7498,1001.226,10000000
7499,1011.311,10000000
7500,1005.774,10000000
7501,1025.231,10000000
7502,1014.687,10000000
7503,1004.851,10000000
7504,1015.366,10000000
7505,1008.359,10000000
7506,1004.427,10000000
7507,1011.618,10000000
7508,1003.718,10000000
7509,1007.854,10000000
7510,1007.734,10000000
7511,1002.046,10000000
7512,1007.268,10000000
7513,1027.323,10000000
7514,1004.613,10000000
7515,1009.484,10000000
7516,1000.527,10000000
7517,1008.871,10000000
7518,1007.996,10000000
7519,1001.839,10000000
7520,1007.322,10000000
7521,1004.754,10000000
7522,1010.636,10000000
7523,1005.008,10000000
7524,1007.096,10000000
7525,1031.063,10000000
7526,1011.244,10000000
7527,1013.155,10000000
7528,1008.044,10000000
7529,1007.053,10000000
7530,1008.342,10000000
7531,1002.497,10000000
7532,1009.556,10000000
7533,1008.085,10000000
7534,1003.627,10000000
7535,1009.372,10000000
7536,1006.422,10000000
7537,1028.902,10000000
7538,1020.707,10000000
7539,1004.851,10000000
7540,1009.844,10000000
7541,1005.151,10000000
7542,1010.258,10000000
7543,1005.491,10000000
7544,998.050,10000000
7545,1010.377,10000000
7546,1007.468,10000000
7547,1001.716,10000000
7548,1009.882,10000000
7549,1003.926,10000000
7550,1024.841,10000000
7551,1013.590,10000000
7552,1005.683,10000000
7553,997.971,10000000
7554,1009.685,10000000
7555,1002.262,10000000
7556,1005.651,10000000
7557,1001.939,10000000
7558,999.825,10000000
7559,1004.831,10000000
7560,1002.645,10000000
7561,1002.945,10000000
7562,1025.654,10000000
7563,1011.762,10000000
7564,1013.230,10000000
7565,1008.582,10000000
7566,1003.852,10000000
7567,1009.936,10000000
7568,1005.636,10000000
7569,1007.117,10000000
7570,1008.308,10000000
7571,1003.240,10000000
7572,1010.481,10000000
7573,1004.203,10000000
7574,1021.999,10000000
7575,1017.713,10000000
7576,1008.981,10000000
7577,1002.353,10000000
7578,1008.187,10000000
7579,1004.344,10000000
7580,1006.588,10000000
7581,1004.759,10000000
7582,1001.394,10000000
7583,1009.548,10000000
7584,1005.116,10000000
7585,999.300,10000000
7586,1034.948,10000000
7587,1016.355,10000000
7588,1011.730,10000000
7589,1008.638,10000000
7590,1002.057,10000000
7591,1011.774,10000000
7592,1007.044,10000000
7593,997.175,10000000
7594,1010.218,10000000
7595,1002.575,10000000
7596,1000.805,10000000
7597,1004.906,10000000
7598,999.057,10000000
7599,1021.677,10000000
7600,1009.757,10000000
7601,1005.223,10000000
7602,1008.575,10000000
7603,1001.451,10000000
7604,1003.113,10000000
7605,1009.496,10000000
7606,1004.086,10000000
7607,1008.127,10000000
7608,1006.552,10000000
7609,1002.992,10000000
7610,1009.613,10000000
7611,1026.802,10000000
7612,1011.678,10000000
7613,1011.378,10000000
7614,1001.870,10000000
7615,997.603,10000000
7616,1009.383,10000000
7617,1000.264,10000000
7618,1007.349,10000000
7619,1006.755,10000000
7620,1001.444,10000000
7621,1008.576,10000000
7622,1002.322,10000000
7623,1030.979,10000000
7624,1015.817,10000000
7625,1005.226,10000000
7626,1010.768,10000000
7627,1007.084,10000000
7628,1004.890,10000000
7629,1005.965,10000000
7630,1003.671,10000000
7631,1008.260,10000000
7632,1005.806,10000000
7633,1001.468,10000000
7634,996.043,10000000
7635,1033.050,10000000
7636,1012.280,10000000
7637,1010.740,10000000
7638,1007.799,10000000
7639,1000.970,10000000
7640,1009.251,10000000
7641,1004.286,10000000
7642,1003.015,10000000
7643,1005.988,10000000
7644,1001.999,10000000
7645,1005.356,10000000
7646,1007.300,10000000
7647,998.447,10000000
7648,1021.736,10000000
7649,1013.289,10000000
7650,1002.144,10000000
7651,1011.869,10000000
7652,1005.526,10000000
7653,1002.627,10000000
7654,1011.785,10000000
7655,1005.522,10000000
7656,998.561,10000000
7657,1002.934,10000000
7658,1004.483,10000000
7659,1004.004,10000000
7660,1026.967,10000000
7661,1008.211,10000000
7662,1007.843,10000000
7663,1006.471,10000000
7664,1000.340,10000000
7665,1012.092,10000000
7666,1003.870,10000000
7667,1009.124,10000000
7668,1009.256,10000000
7669,1005.200,10000000
7670,1009.967,10000000
7671,1007.144,10000000
7672,1024.845,10000000
7673,1014.549,10000000
7674,1005.427,10000000
7675,996.208,10000000
7676,1005.024,10000000
7677,999.357,10000000
7678,1003.412,10000000
7679,1005.649,10000000
7680,999.448,10000000
7681,1003.016,10000000
7682,999.374,10000000
7683,1006.690,10000000
7684,1030.056,10000000
7685,1013.305,10000000
7686,1013.708,10000000
7687,1003.503,10000000
7688,1008.434,10000000
7689,1006.108,10000000
7690,1001.446,10000000
7691,1010.314,10000000
7692,1001.795,10000000
7693,1007.757,10000000
7694,1006.078,10000000
7695,997.213,10000000
7696,1005.494,10000000
7697,1018.893,10000000
7698,1000.694,10000000
7699,1007.362,10000000
7700,1001.925,10000000
7701,1008.769,10000000
7702,1004.446,10000000
7703,999.321,10000000
7704,1004.882,10000000
7705,1002.863,10000000
7706,1008.587,10000000
7707,1004.627,10000000
7708,1002.055,10000000
7709,1025.750,10000000
7710,1011.146,10000000
7711,1009.436,10000000
7712,1007.013,10000000
7713,1001.136,10000000
7714,1011.091,10000000
7715,1007.263,10000000
7716,998.943,10000000
7717,1006.596,10000000
7718,1002.755,10000000
7719,1003.329,10000000
7720,1007.585,10000000
7721,1024.895,10000000
7722,1015.426,10000000
7723,1007.919,10000000
7724,1004.792,10000000
7725,1009.020,10000000
7726,1001.975,10000000
7727,1008.496,10000000
7728,1006.249,10000000
7729,1002.644,10000000
7730,1010.927,10000000
7731,1002.740,10000000
7732,1009.494,10000000
7733,1033.560,10000000
7734,1014.995,10000000
7735,1013.386,10000000
7736,1004.466,10000000
7737,1002.250,10000000
7738,1006.927,10000000
7739,1002.700,10000000
7740,1003.886,10000000
7741,1006.151,10000000
7742,1000.141,10000000
7743,1007.297,10000000
7744,1002.330,10000000
7745,1008.599,10000000
7746,1018.863,10000000
7747,1003.797,10000000
7748,1011.505,10000000
7749,1004.652,10000000
7750,1006.198,10000000
7751,1011.189,10000000
7752,2344.159,10000000
7753,2850.529,10000000
7754,3014.393,10000000
7755,3092.968,10000000
7756,3134.820,10000000
7757,3107.177,10000000
7758,1894.434,10000000
7759,1332.067,10000000
7760,1120.153,10000000
7761,1050.672,10000000
7762,1017.479,10000000
7763,1012.602,10000000
7764,1007.648,10000000
7765,1004.458,10000000
7766,1009.223,10000000
7767,1008.765,10000000
7768,1001.019,10000000
7769,1008.814,10000000
7770,1025.758,10000000
7771,1012.059,10000000
7772,1008.053,10000000
7773,1002.940,10000000
7774,1006.719,10000000
7775,1005.046,10000000
7776,999.056,10000000
7777,1005.290,10000000
7778,1001.566,10000000
7779,1000.111,10000000
7780,1004.726,10000000
7781,997.553,10000000
7782,1028.447,10000000
7783,1013.101,10000000
7784,1003.642,10000000
7785,1008.590,10000000
7786,1005.332,10000000
7787,1009.183,10000000
7788,1007.366,10000000
7789,997.639,10000000
7790,1010.918,10000000
7791,1003.704,10000000
7792,1005.923,10000000
7793,1004.712,10000000
7794,1020.955,10000000
7795,1019.919,10000000
7796,1008.810,10000000
7797,1001.535,10000000
7798,1008.654,10000000
7799,1003.186,10000000
7800,1001.515,10000000
7801,1006.844,10000000
7802,1001.911,10000000
7803,1009.287,10000000
7804,1009.016,10000000
7805,998.674,10000000
7806,1008.565,10000000
7807,1017.524,10000000
7808,1009.388,10000000
7809,1009.486,10000000
7810,999.431,10000000
7811,1008.701,10000000
7812,1005.132,10000000
7813,999.385,10000000
7814,1010.740,10000000
7815,1005.496,10000000
7816,998.948,10000000
7817,1006.659,10000000
7818,1002.693,10000000
7819,1023.340,10000000
7820,1010.573,10000000
7821,1001.881,10000000
7822,1008.516,10000000
7823,1004.838,10000000
7824,1007.854,10000000
7825,1008.356,10000000
7826,1000.503,10000000
7827,1010.529,10000000
7828,1002.796,10000000
7829,1003.263,10000000
7830,1004.000,10000000
7831,1028.168,10000000
7832,1017.310,10000000
7833,1007.656,10000000
7834,1001.622,10000000
7835,1011.444,10000000
7836,1005.114,10000000
7837,1000.269,10000000
7838,1007.468,10000000
7839,1001.233,10000000
7840,1003.269,10000000
7841,1006.763,10000000
7842,1000.643,10000000
7843,1032.470,10000000
7844,1013.440,10000000
7845,1012.554,10000000
7846,1005.575,10000000
7847,1002.079,10000000
7848,1009.802,10000000
7849,1006.253,10000000
7850,1006.542,10000000
7851,1007.690,10000000
7852,1003.408,10000000
7853,1011.846,10000000
7854,1004.697,10000000
7855,999.863,10000000
7856,1016.255,10000000
7857,1011.086,10000000
7858,999.769,10000000
7859,1003.759,10000000
7860,1001.282,10000000
7861,1007.692,10000000
7862,1005.397,10000000
7863,1000.534,10000000
7864,1008.962,10000000
7865,1001.730,10000000
7866,1004.429,10000000
7867,1008.798,10000000
7868,1022.316,10000000
7869,1015.401,10000000
7870,1009.997,10000000
7871,1001.880,10000000
7872,1007.317,10000000
7873,1005.852,10000000
7874,999.917,10000000
7875,1008.650,10000000
7876,1005.407,10000000
7877,999.362,10000000
7878,1009.252,10000000
7879,1004.422,10000000
7880,1027.170,10000000
7881,1013.830,10000000
7882,1007.085,10000000
7883,1009.018,10000000
7884,1008.899,10000000
7885,1002.188,10000000
7886,1009.792,10000000
7887,1004.777,10000000
7888,1001.312,10000000
7889,1009.471,10000000
7890,1002.893,10000000
7891,1003.356,10000000
7892,1032.206,10000000
7893,1012.700,10000000
7894,1012.302,10000000
7895,1007.157,10000000
7896,1001.167,10000000
7897,1001.362,10000000
7898,1004.142,10000000
7899,997.206,10000000
7900,1006.423,10000000
7901,1002.261,10000000
7902,1009.044,10000000
7903,1004.633,10000000
7904,1001.646,10000000
7905,1022.721,10000000
7906,1009.853,10000000
7907,1005.667,10000000
7908,1006.876,10000000
7909,998.598,10000000
7910,1004.555,10000000
7911,1004.730,10000000
7912,1007.353,10000000
7913,1006.518,10000000
7914,999.824,10000000
7915,1011.357,10000000
7916,1004.733,10000000
7917,1015.192,10000000
7918,1014.402,10000000
7919,1006.147,10000000
7920,1005.993,10000000
7921,1005.691,10000000
7922,1002.416,10000000
7923,1007.026,10000000
7924,1003.621,10000000
7925,1006.275,10000000
7926,1008.431,10000000
7927,1002.654,10000000
7928,1008.023,10000000
7929,1028.962,10000000
7930,1009.667,10000000
7931,1012.210,10000000
7932,1003.946,10000000
7933,997.904,10000000
7934,1007.553,10000000
7935,1004.006,10000000
7936,997.144,10000000
7937,1008.026,10000000
7938,1001.037,10000000
7939,1009.200,10000000
7940,1005.165,10000000
7941,1026.265,10000000
7942,1019.047,10000000
7943,1006.457,10000000
7944,1003.228,10000000
7945,1007.729,10000000
7946,1005.549,10000000
7947,1009.287,10000000
7948,1008.739,10000000
7949,999.806,10000000
7950,1010.029,10000000
7951,1004.760,10000000
7952,1001.674,10000000
7953,1010.995,10000000
7954,1016.876,10000000
7955,999.399,10000000
7956,1006.955,10000000
7957,1000.397,10000000
7958,1000.737,10000000
7959,1003.165,10000000
7960,1004.293,10000000
7961,1002.872,10000000
7962,996.796,10000000
7963,1007.163,10000000
7964,1000.591,10000000
7965,1005.870,10000000
7966,1022.053,10000000
7967,1012.582,10000000
7968,1009.898,10000000
7969,999.832,10000000
7970,1007.619,10000000
7971,1004.547,10000000
7972,1008.032,10000000
7973,1009.476,10000000
7974,1000.401,10000000
7975,1011.417,10000000
7976,1003.528,10000000
7977,995.515,10000000
7978,1029.264,10000000
7979,1004.900,10000000
7980,1008.019,10000000
7981,1008.338,10000000
7982,999.186,10000000
7983,1006.203,10000000
7984,1001.042,10000000
7985,1001.141,10000000
7986,1008.068,10000000
7987,1003.273,10000000
7988,1005.574,10000000
7989,1011.759,10000000
7990,1027.778,10000000
7991,1018.346,10000000
7992,1008.939,10000000
7993,1001.638,10000000
7994,1007.082,10000000
7995,1000.566,10000000
7996,996.121,10000000
7997,1008.946,10000000
7998,1001.545,10000000
7999,1004.754,10000000
8000,1003.164,10000000
8001,1004.727,10000000
8002,1008.624,10000000
8003,1013.238,10000000
8004,1013.549,10000000
8005,1007.002,10000000
8006,1006.786,10000000
8007,1006.298,10000000
8008,999.685,10000000
8009,1010.495,10000000
8010,1007.948,10000000
8011,1002.495,10000000
8012,1011.651,10000000
8013,1006.028,10000000
8014,1000.671,10000000
8015,1026.733,10000000
8016,1013.501,10000000
8017,1003.051,10000000
8018,1007.851,10000000
8019,1002.018,10000000
8020,1006.272,10000000
8021,1006.596,10000000
8022,1000.161,10000000
8023,1009.496,10000000
8024,1002.529,10000000
8025,1009.076,10000000
8026,1006.402,10000000
8027,1022.494,10000000
8028,1018.572,10000000
8029,1006.651,10000000
8030,1006.068,10000000
8031,1005.990,10000000
8032,1001.324,10000000
8033,1007.573,10000000
8034,1004.102,10000000
8035,1000.090,10000000
8036,1006.053,10000000
8037,1003.712,10000000
8038,999.691,10000000
8039,1035.865,10000000
8040,1014.264,10000000
8041,1002.520,10000000
8042,1004.748,10000000
8043,1000.194,10000000
8044,1005.874,10000000
8045,1005.761,10000000
8046,1000.355,10000000
8047,1007.781,10000000
8048,1005.231,10000000
8049,1000.767,10000000
8050,1009.286,10000000
8051,1003.180,10000000
8052,1020.242,10000000
8053,1008.740,10000000
8054,1003.394,10000000
8055,1009.052,10000000
8056,1006.541,10000000
8057,1000.712,10000000
8058,1012.730,10000000
8059,999.716,10000000
8060,999.799,10000000
8061,1004.110,10000000
8062,996.660,10000000
8063,1007.069,10000000
8064,1020.779,10000000
8065,1013.266,10000000
8066,1008.839,10000000
8067,1001.246,10000000
8068,1010.995,10000000
8069,1004.862,10000000
8070,1009.423,10000000
8071,1007.740,10000000
8072,999.085,10000000
8073,1008.985,10000000
8074,1006.749,10000000
8075,1000.095,10000000
8076,1029.506,10000000
8077,1011.841,10000000
8078,999.096,10000000
8079,1006.271,10000000
8080,999.210,10000000
8081,1008.889,10000000
8082,1003.251,10000000
8083,1007.631,10000000
8084,1007.053,10000000
8085,1002.921,10000000
8086,1014.671,10000000
8087,1004.774,10000000
8088,1032.437,10000000
8089,1016.056,10000000
8090,1004.152,10000000
8091,1009.178,10000000
8092,1004.163,10000000
8093,1010.102,10000000
8094,1008.570,10000000
8095,1001.493,10000000
8096,1007.497,10000000
8097,1002.450,10000000
8098,999.480,10000000
8099,1007.739,10000000
8100,1006.287,10000000
8101,1019.707,10000000
8102,1009.148,10000000
8103,1011.992,10000000
8104,1010.701,10000000
8105,1000.474,10000000
8106,1010.608,10000000
8107,1004.129,10000000
8108,1008.584,10000000
8109,1003.633,10000000
8110,1007.137,10000000
8111,1005.765,10000000
8112,997.597,10000000
8113,1023.611,10000000
8114,1008.686,10000000
8115,1008.677,10000000
8116,1005.692,10000000
8117,997.602,10000000
8118,1009.925,10000000
8119,1000.741,10000000
8120,999.138,10000000
8121,1003.632,10000000
8122,1001.771,10000000
8123,1008.291,10000000
8124,1004.315,10000000
8125,1020.637,10000000
8126,1010.055,10000000
8127,999.420,10000000
8128,1010.029,10000000
8129,1003.597,10000000
8130,1007.983,10000000
8131,1005.403,10000000
8132,998.269,10000000
8133,1006.171,10000000
8134,1003.805,10000000
8135,1001.240,10000000
8136,1007.845,10000000
8137,1029.724,10000000
8138,1009.170,10000000
8139,1013.084,10000000
8140,1003.543,10000000
8141,1003.983,10000000
8142,1001.975,10000000
8143,999.201,10000000
8144,1009.259,10000000
8145,1001.191,10000000
8146,1004.505,10000000
8147,1002.586,10000000
8148,997.145,10000000
8149,1020.479,10000000
8150,1012.741,10000000
8151,1014.562,10000000
8152,1008.561,10000000
8153,1005.776,10000000
8154,1008.851,10000000
8155,1002.894,10000000
8156,1006.979,10000000
8157,1003.414,10000000
8158,995.619,10000000
8159,1007.744,10000000
8160,1001.365,10000000
8161,1005.144,10000000
8162,1018.218,10000000
8163,1010.380,10000000
8164,1007.250,10000000
8165,1001.503,10000000
8166,1008.658,10000000
8167,999.173,10000000
8168,1007.695,10000000
8169,1002.178,10000000
8170,1005.256,10000000
8171,1007.272,10000000
8172,999.060,10000000
8173,1010.304,10000000
8174,1026.218,10000000
8175,1013.811,10000000
8176,1010.170,10000000
8177,1000.502,10000000
8178,993.651,10000000
8179,1003.561,10000000
8180,997.317,10000000
8181,1005.897,10000000
8182,999.955,10000000
8183,1000.219,10000000
8184,1006.981,10000000
8185,1002.468,10000000
8186,1034.054,10000000
8187,1017.152,10000000
8188,1001.406,10000000
8189,1009.096,10000000
8190,1001.432,10000000
8191,1006.478,10000000
8192,1006.632,10000000
8193,998.965,10000000
8194,1006.607,10000000
8195,1003.220,10000000
8196,1001.377,10000000
8197,1003.446,10000000
8198,1016.842,10000000
8199,1010.043,10000000
8200,1010.629,10000000
8201,999.683,10000000
8202,1007.339,10000000
8203,1003.564,10000000
8204,1005.671,10000000
8205,1006.360,10000000
8206,1002.930,10000000
8207,1006.697,10000000
8208,1005.306,10000000
8209,1000.327,10000000
8210,1008.459,10000000
8211,1019.523,10000000
8212,1009.124,10000000
8213,1007.111,10000000
8214,1003.881,10000000
8215,1011.684,10000000
8216,1006.265,10000000
8217,996.609,10000000
8218,1007.457,10000000
8219,1002.995,10000000
8220,1000.233,10000000
8221,1008.452,10000000
8222,1002.452,10000000
8223,1023.356,10000000
8224,1012.956,10000000
8225,1003.527,10000000
8226,1006.695,10000000
8227,1005.439,10000000
8228,1002.697,10000000
8229,1004.118,10000000
8230,1000.736,10000000
8231,1008.639,10000000
8232,1005.066,10000000
8233,1005.075,10000000
8234,1008.241,10000000
8235,1026.359,10000000
8236,1019.861,10000000
8237,1011.396,10000000
8238,1003.567,10000000
8239,1010.509,10000000
8240,1001.926,10000000
8241,998.014,10000000
8242,1008.165,10000000
8243,1000.665,10000000
8244,1003.679,10000000
8245,1005.169,10000000
8246,998.650,10000000
8247,1030.141,10000000
8248,1013.837,10000000
8249,1012.818,10000000
8250,1007.543,10000000
8251,997.757,10000000
8252,1009.969,10000000
8253,1005.101,10000000
8254,1004.782,10000000
8255,1010.722,10000000
8256,998.895,10000000
8257,1008.766,10000000
8258,2340.838,10000000
8259,2847.205,10000000
8260,3027.308,10000000
8261,3100.939,10000000
8262,3150.508,10000000
8263,3110.981,10000000
8264,1818.021,10000000
8265,1300.474,10000000
8266,1121.221,10000000
8267,1049.973,10000000
8268,1014.989,10000000
8269,1011.963,10000000
8270,1008.068,10000000
8271,1001.026,10000000
8272,1025.545,10000000
8273,1007.915,10000000
8274,1007.998,10000000
8275,1009.098,10000000
8276,999.229,10000000
8277,1009.642,10000000
8278,1003.210,10000000
8279,996.424,10000000
8280,1007.460,10000000
8281,1002.362,10000000
8282,1002.719,10000000
8283,1006.576,10000000
8284,1023.434,10000000
8285,1016.392,10000000
8286,1005.837,10000000
8287,1011.959,10000000
8288,1007.674,10000000
8289,1001.655,10000000
8290,1008.010,10000000
8291,1000.447,10000000
8292,1009.282,10000000
8293,1006.615,10000000
8294,1000.331,10000000
8295,1006.520,10000000
8296,1027.723,10000000
8297,1020.822,10000000
8298,1009.494,10000000
8299,1000.093,10000000
8300,1013.436,10000000
8301,1001.308,10000000
8302,1004.821,10000000
8303,1007.132,10000000
8304,1001.459,10000000
8305,1007.401,10000000
8306,1002.866,10000000
8307,1000.940,10000000
8308,1007.514,10000000
8309,1018.025,10000000
8310,1013.114,10000000
8311,1009.506,10000000
8312,1002.007,10000000
8313,1008.869,10000000
8314,1002.516,10000000
8315,1005.109,10000000
8316,1004.149,10000000
8317,1000.596,10000000
8318,1005.788,10000000
8319,1004.636,10000000
8320,1000.410,10000000
8321,1022.478,10000000
8322,1012.167,10000000
8323,1002.339,10000000
8324,1007.099,10000000
8325,1003.660,10000000
8326,1009.147,10000000
8327,1006.654,10000000
8328,1000.626,10000000
8329,1005.455,10000000
8330,1000.834,10000000
8331,1009.605,10000000
8332,1002.229,10000000
8333,1029.547,10000000
8334,1016.218,10000000
8335,1007.186,10000000
8336,1010.496,10000000
8337,1005.504,10000000
8338,998.980,10000000
8339,1009.612,10000000
8340,1002.330,10000000
8341,998.475,10000000
8342,1006.761,10000000
8343,998.936,10000000
8344,1005.483,10000000
8345,1027.586,10000000
8346,1015.010,10000000
8347,1011.500,10000000
8348,1005.384,10000000
8349,1009.237,10000000
8350,1005.845,10000000
8351,1005.723,10000000
8352,1007.776,10000000
8353,1003.171,10000000
8354,1009.925,10000000
8355,1007.131,10000000
8356,1001.410,10000000
8357,1010.250,10000000
8358,1013.531,10000000
8359,1011.147,10000000
8360,1005.305,10000000
8361,1000.157,10000000
8362,1005.087,10000000
8363,1004.489,10000000
8364,998.658,10000000
8365,1004.445,10000000
8366,1001.111,10000000
8367,1008.655,10000000
8368,1004.937,10000000
8369,1000.094,10000000
8370,1024.692,10000000
8371,1009.285,10000000
8372,1006.371,10000000
8373,1009.119,10000000
8374,1000.787,10000000
8375,1009.167,10000000
8376,1006.838,10000000
8377,1001.497,10000000
8378,1006.294,10000000
8379,1003.904,10000000
8380,1007.122,10000000
8381,1004.238,10000000
8382,1020.322,10000000
8383,1009.812,10000000
8384,1002.339,10000000
8385,1007.691,10000000
8386,1001.879,10000000
8387,1000.716,10000000
8388,1003.332,10000000
8389,1000.779,10000000
8390,1006.108,10000000
8391,1001.474,10000000
8392,1005.588,10000000
8393,1003.277,10000000
8394,1025.029,10000000
8395,1016.673,10000000
8396,1005.330,10000000
8397,1008.642,10000000
8398,1003.505,10000000
8399,997.139,10000000
8400,1005.481,10000000
8401,1000.266,10000000
8402,996.080,10000000
8403,1005.353,10000000
8404,998.315,10000000
8405,1002.830,10000000
8406,1014.166,10000000
8407,1010.657,10000000
8408,1009.389,10000000
8409,1000.931,10000000
8410,1004.053,10000000
8411,1005.978,10000000
8412,999.170,10000000
8413,1005.723,10000000
8414,1004.981,10000000
8415,1002.011,10000000
8416,1008.550,10000000
8417,1004.704,10000000
8418,1006.766,10000000
8419,1022.985,10000000
8420,1004.144,10000000
8421,1012.358,10000000
8422,1001.146,10000000
8423,996.822,10000000
8424,1005.176,10000000
8425,998.403,10000000
8426,1006.198,10000000
8427,1004.078,10000000
8428,1004.539,10000000
8429,1000.623,10000000
8430,1003.674,10000000
8431,1027.433,10000000
8432,1014.206,10000000
8433,999.965,10000000
8434,1009.149,10000000
8435,1003.915,10000000
8436,1004.728,10000000
8437,1007.131,10000000
8438,1001.609,10000000
8439,1007.695,10000000
8440,1002.061,10000000
8441,997.281,10000000
8442,1009.433,10000000
8443,1026.153,10000000
8444,1011.045,10000000
8445,1004.865,10000000
8446,1003.007,10000000
8447,1006.416,10000000
8448,1002.682,10000000
8449,1003.588,10000000
8450,1005.853,10000000
8451,1000.304,10000000
8452,1009.008,10000000
8453,1002.026,10000000
8454,1007.523,10000000
8455,1025.892,10000000
8456,1012.504,10000000
8457,1009.842,10000000
8458,1005.773,10000000
8459,999.044,10000000
8460,1006.605,10000000
8461,1000.798,10000000
8462,997.506,10000000
8463,1006.123,10000000
8464,1001.996,10000000
8465,999.423,10000000
8466,1003.241,10000000
8467,1000.604,10000000
8468,1025.337,10000000
8469,1008.416,10000000
8470,1006.651,10000000
8471,1005.824,10000000
8472,1001.230,10000000
8473,1003.332,10000000
8474,1002.937,10000000
8475,1001.753,10000000
8476,1004.497,10000000
8477,996.014,10000000
8478,1007.299,10000000
8479,999.445,10000000
8480,1014.346,10000000
8481,1010.867,10000000
8482,1002.241,10000000
8483,1004.826,10000000
8484,1003.769,10000000
8485,995.762,10000000
8486,1007.301,10000000
8487,1002.915,10000000
8488,1005.089,10000000
8489,1004.985,10000000
8490,1001.610,10000000
8491,1008.783,10000000
8492,1029.595,10000000
8493,1007.581,10000000
8494,1011.151,10000000
8495,1003.412,10000000
8496,1003.167,10000000
8497,1008.263,10000000
8498,1002.416,10000000
8499,1007.292,10000000
8500,1006.977,10000000
8501,1000.894,10000000
8502,997.826,10000000
8503,1006.176,10000000
8504,1022.646,10000000
8505,1015.128,10000000
8506,1007.661,10000000
8507,1002.533,10000000
8508,1009.286,10000000
8509,1004.767,10000000
8510,1005.415,10000000
8511,1003.697,10000000
8512,999.483,10000000
8513,1006.752,10000000
8514,1004.998,10000000
8515,997.805,10000000
8516,1006.779,10000000
8517,1017.948,10000000
8518,1009.832,10000000
8519,1007.697,10000000
8520,999.621,10000000
8521,1002.035,10000000
8522,1005.050,10000000
8523,1000.537,10000000
8524,1005.842,10000000
8525,1000.725,10000000
8526,1003.459,10000000
8527,1005.088,10000000
8528,998.187,10000000
8529,1026.242,10000000
8530,1007.164,10000000
8531,1008.848,10000000
8532,1006.801,10000000
8533,999.592,10000000
8534,1009.189,10000000
8535,1001.076,10000000
8536,1008.120,10000000
8537,1006.203,10000000
8538,1001.519,10000000
8539,1012.971,10000000
8540,1002.846,10000000
8541,1021.199,10000000
8542,1013.204,10000000
8543,1005.600,10000000
8544,997.628,10000000
8545,1006.296,10000000
8546,1001.472,10000000
8547,1003.323,10000000
8548,1004.346,10000000
8549,1000.245,10000000
8550,1005.092,10000000
8551,1003.694,10000000
8552,997.578,10000000
8553,1034.083,10000000
8554,1014.685,10000000
8555,1004.258,10000000
8556,1006.462,10000000
8557,1000.462,10000000
8558,1007.738,10000000
8559,1005.565,10000000
8560,999.421,10000000
8561,999.145,10000000
8562,1001.925,10000000
8563,996.479,10000000
8564,1003.613,10000000
8565,1000.453,10000000
8566,1020.025,10000000
8567,1008.240,10000000
8568,1006.372,10000000
8569,1008.046,10000000
8570,1003.580,10000000
8571,1010.555,10000000
8572,1003.830,10000000
8573,1006.456,10000000
8574,1002.440,10000000
8575,1005.221,10000000
8576,1004.262,10000000
8577,999.461,10000000
8578,1025.243,10000000
8579,1005.432,10000000
8580,1001.267,10000000
8581,1001.412,10000000
8582,998.012,10000000
8583,1006.397,10000000
8584,1001.738,10000000
8585,998.741,10000000
8586,1003.589,10000000
8587,1003.583,10000000
8588,1002.505,10000000
8589,1005.404,10000000
8590,1023.859,10000000
8591,1016.238,10000000
8592,1007.514,10000000
8593,998.717,10000000
8594,1006.892,10000000
8595,1003.044,10000000
8596,1002.638,10000000
8597,1003.467,10000000
8598,1000.158,10000000
8599,1007.246,10000000
8600,1000.870,10000000
8601,994.031,10000000
8602,1032.786,10000000
8603,1010.508,10000000
8604,1009.268,10000000
8605,1003.344,10000000
8606,1009.893,10000000
8607,1004.441,10000000
8608,999.766,10000000
8609,1006.319,10000000
8610,998.220,10000000
8611,1007.055,10000000
8612,1003.984,10000000
8613,995.552,10000000
8614,1008.784,10000000
8615,1015.403,10000000
8616,1012.950,10000000
8617,1006.887,10000000
8618,998.681,10000000
8619,1006.687,10000000
8620,1002.752,10000000
8621,1000.656,10000000
8622,1004.009,10000000
8623,1001.808,10000000
8624,1001.323,10000000
8625,1004.266,10000000
8626,1000.553,10000000
8627,1028.198,10000000
8628,1010.720,10000000
8629,1006.177,10000000
8630,1007.972,10000000
8631,1001.945,10000000
8632,1009.899,10000000
8633,1005.622,10000000
8634,1002.056,10000000
8635,1011.230,10000000
8636,1000.436,10000000
8637,997.473,10000000
8638,1006.902,10000000
8639,1023.368,10000000
8640,1008.310,10000000
8641,1009.375,10000000
8642,999.989,10000000
8643,1005.882,10000000
8644,1002.248,10000000
8645,1004.652,10000000
8646,1002.627,10000000
8647,999.583,10000000
8648,1006.639,10000000
8649,1003.422,10000000
8650,1001.929,10000000
8651,1031.427,10000000
8652,1012.809,10000000
8653,1012.934,10000000
8654,1005.409,10000000
8655,999.473,10000000
8656,1009.095,10000000
8657,999.941,10000000
8658,994.893,10000000
8659,1003.176,10000000
8660,997.127,10000000
8661,1003.771,10000000
8662,1005.216,10000000
8663,995.926,10000000
8664,1021.268,10000000
8665,1005.892,10000000
8666,1002.747,10000000
8667,1008.832,10000000
8668,1004.394,10000000
8669,1004.886,10000000
8670,1003.726,10000000
8671,996.794,10000000
8672,1010.193,10000000
8673,999.637,10000000
8674,1004.305,10000000
8675,1005.035,10000000
8676,1017.907,10000000
8677,1002.689,10000000
8678,1005.738,10000000
8679,998.113,10000000
8680,1002.116,10000000
8681,1002.259,10000000
8682,1002.035,10000000
8683,1004.552,10000000
8684,1000.419,10000000
8685,1005.867,10000000
8686,1002.541,10000000
8687,1006.247,10000000
8688,1030.346,10000000
8689,1005.973,10000000
8690,1008.950,10000000
8691,1001.171,10000000
8692,1001.056,10000000
8693,1005.362,10000000
8694,997.919,10000000
8695,1009.255,10000000
8696,1003.284,10000000
8697,999.451,10000000
8698,1002.110,10000000
8699,1003.462,10000000
8700,1025.544,10000000
8701,1016.636,10000000
8702,1001.863,10000000
8703,1008.020,10000000
8704,1002.296,10000000
8705,1005.012,10000000
8706,1004.026,10000000
8707,997.830,10000000
8708,1005.971,10000000
8709,996.552,10000000
8710,1006.071,10000000
8711,1000.580,10000000
8712,1002.468,10000000
8713,1017.450,10000000
8714,1002.295,10000000
8715,1010.136,10000000
8716,1001.163,10000000
8717,989.384,10000000
8718,1003.212,10000000
8719,997.113,10000000
8720,1002.982,10000000
8721,999.069,10000000
8722,1004.693,10000000
8723,1000.966,10000000
8724,997.226,10000000
8725,1021.553,10000000
8726,1003.710,10000000
8727,1009.601,10000000
8728,1005.023,10000000
8729,999.531,10000000
8730,1004.815,10000000
8731,998.566,10000000
8732,1005.489,10000000
8733,999.308,10000000
8734,1005.396,10000000
8735,1004.628,10000000
8736,996.274,10000000
8737,1028.147,10000000
8738,1009.780,10000000
8739,1000.585,10000000
8740,1003.629,10000000
8741,995.318,10000000
8742,1006.193,10000000
8743,1001.043,10000000
8744,1000.530,10000000
8745,1003.404,10000000
8746,998.559,10000000
8747,1002.933,10000000
8748,1000.525,10000000
8749,1025.124,10000000
8750,1015.473,10000000
8751,1008.022,10000000
8752,1001.881,10000000
8753,1006.461,10000000
8754,998.705,10000000
8755,1011.199,10000000
8756,1003.401,10000000
8757,996.311,10000000
8758,997.707,10000000
8759,1000.133,10000000
8760,994.489,10000000
8761,1004.025,10000000
8762,1015.381,10000000
8763,1020.409,10000000
8764,2391.071,10000000
8765,2876.775,10000000
8766,3013.765,10000000
8767,3081.815,10000000
8768,3130.492,10000000
8769,2997.550,10000000
8770,1751.088,10000000
8771,1274.064,10000000
8772,1106.784,10000000
8773,1039.630,10000000
8774,1028.529,10000000
8775,1009.705,10000000
8776,999.296,10000000
8777,997.019,10000000
8778,1002.917,10000000
8779,996.120,10000000
8780,1006.246,10000000
8781,1001.911,10000000
8782,1001.576,10000000
8783,1005.524,10000000
8784,1000.051,10000000
8785,1006.140,10000000
8786,1025.784,10000000
8787,1004.609,10000000
8788,1011.667,10000000
8789,1001.648,10000000
8790,1001.266,10000000
8791,1005.624,10000000
8792,997.111,10000000
8793,1005.902,10000000
8794,1003.106,10000000
8795,995.346,10000000
8796,1004.261,10000000
8797,996.717,10000000
8798,1024.397,10000000
8799,1009.706,10000000
8800,999.400,10000000
8801,1004.478,10000000
8802,1001.196,10000000
8803,1003.723,10000000
8804,1003.578,10000000
8805,997.778,10000000
8806,1003.609,10000000
8807,1002.815,10000000
8808,992.949,10000000
8809,1005.385,10000000
8810,1012.792,10000000
8811,1009.361,10000000
8812,1008.553,10000000
8813,1000.680,10000000
8814,1003.850,10000000
8815,1000.470,10000000
8816,997.206,10000000
8817,1005.584,10000000
8818,996.088,10000000
8819,1001.710,10000000
8820,1001.403,10000000
8821,1002.257,10000000
8822,1003.336,10000000
8823,1014.974,10000000
8824,1011.381,10000000
8825,1002.596,10000000
8826,1003.512,10000000
8827,999.997,10000000
8828,993.335,10000000
8829,1004.548,10000000
8830,999.627,10000000
8831,1005.586,10000000
8832,1002.668,10000000
8833,998.717,10000000
8834,1004.554,10000000
8835,1016.533,10000000
8836,1012.378,10000000
8837,1004.349,10000000
8838,996.538,10000000
8839,1002.091,10000000
8840,995.223,10000000
8841,1004.476,10000000
8842,1002.943,10000000
8843,994.689,10000000
8844,1006.265,10000000
8845,1003.839,10000000
8846,999.971,10000000
8847,1029.737,10000000
8848,1010.571,10000000
8849,1008.455,10000000
8850,1006.146,10000000
8851,999.694,10000000
8852,1006.228,10000000
8853,1003.974,10000000
8854,1000.399,10000000
8855,1007.271,10000000
8856,1003.526,10000000
8857,1000.828,10000000
8858,1006.044,10000000
8859,1018.164,10000000
8860,1011.216,10000000
8861,1004.968,10000000
8862,999.346,10000000
8863,1004.383,10000000
8864,998.710,10000000
8865,1003.013,10000000
8866,1003.943,10000000
8867,1000.467,10000000
8868,1006.913,10000000
8869,1003.828,10000000
8870,1000.253,10000000
8871,1005.771,10000000
8872,1017.256,10000000
8873,1010.623,10000000
8874,1005.255,10000000
8875,996.620,10000000
8876,1006.604,10000000
8877,1000.834,10000000
8878,997.194,10000000
8879,1002.671,10000000
8880,1000.370,10000000
8881,998.677,10000000
8882,1004.241,10000000
8883,998.356,10000000
8884,1027.563,10000000
8885,1012.674,10000000
8886,1003.116,10000000
8887,1009.879,10000000
8888,1000.227,10000000
8889,1005.504,10000000
8890,1005.853,10000000
8891,1000.072,10000000
8892,1006.103,10000000
8893,1002.875,10000000
8894,1005.062,10000000
8895,1003.110,10000000
8896,1021.651,10000000
8897,1013.000,10000000
8898,1005.974,10000000
8899,996.091,10000000
8900,1004.445,10000000
8901,997.825,10000000
8902,1003.075,10000000
8903,1001.993,10000000
8904,996.610,10000000
8905,1005.838,10000000
8906,1001.541,10000000
8907,1007.473,10000000
8908,1027.299,10000000
8909,1007.409,10000000
8910,1010.209,10000000
8911,1004.113,10000000
8912,1006.245,10000000
8913,1004.365,10000000
8914,998.453,10000000
8915,1008.187,10000000
8916,1003.041,10000000
8917,997.977,10000000
8918,1005.563,10000000
8919,1002.200,10000000
8920,998.676,10000000
8921,1020.880,10000000
8922,1004.820,10000000
8923,1008.146,10000000
8924,1006.113,10000000
8925,1004.181,10000000
8926,1003.063,10000000
8927,996.840,10000000
8928,1008.035,10000000
8929,999.807,10000000
8930,1006.444,10000000
8931,1002.252,10000000
8932,998.225,10000000
8933,1028.410,10000000
8934,1007.923,10000000
8935,1011.323,10000000
8936,1005.111,10000000
8937,997.297,10000000
8938,1003.936,10000000
8939,1000.421,10000000
8940,999.883,10000000
8941,1004.694,10000000
8942,999.499,10000000
8943,1005.068,10000000
8944,1002.395,10000000
8945,1025.460,10000000
8946,1013.627,10000000
8947,1001.463,10000000
8948,1010.261,10000000
8949,1005.337,10000000
8950,1006.177,10000000
8951,1007.925,10000000
8952,1000.505,10000000
8953,1008.796,10000000
8954,1003.651,10000000
8955,998.301,10000000
8956,1007.389,10000000
8957,1023.325,10000000
8958,1009.900,10000000
8959,1008.638,10000000
8960,998.781,10000000
8961,1006.507,10000000
8962,1000.233,10000000
8963,1004.034,10000000
8964,1001.720,10000000
8965,998.368,10000000
8966,1005.057,10000000
8967,1003.574,10000000
8968,1004.697,10000000
8969,1004.241,10000000
8970,1013.912,10000000
8971,1014.058,10000000
8972,1003.219,10000000
8973,1005.311,10000000
8974,1003.126,10000000
8975,997.307,10000000
8976,997.695,10000000
8977,1001.098,10000000
8978,993.734,10000000
8979,1004.382,10000000
8980,998.306,10000000
8981,1005.171,10000000
8982,1016.218,10000000
8983,1013.564,10000000
8984,1005.937,10000000
8985,1003.920,10000000
8986,1007.910,10000000
8987,997.649,10000000
8988,1004.136,10000000
8989,1002.029,10000000
8990,1003.959,10000000
8991,1003.667,10000000
8992,996.269,10000000
8993,1003.202,10000000
8994,1021.141,10000000
8995,1003.099,10000000
8996,1004.840,10000000
8997,995.637,10000000
8998,1002.087,10000000
8999,998.396,10000000
9000,1006.040,10000000
9001,1002.019,10000000
9002,997.288,10000000
9003,1005.818,10000000
9004,999.201,10000000
9005,1003.910,10000000
9006,1029.292,10000000
9007,1007.541,10000000
9008,1006.595,10000000
9009,1001.157,10000000
9010,1006.833,10000000
9011,1003.834,10000000
9012,996.154,10000000
9013,1007.108,10000000
9014,996.938,10000000
9015,1000.887,10000000
9016,1002.609,10000000
9017,993.291,10000000
9018,1005.340,10000000
9019,1014.877,10000000
9020,1013.441,10000000
9021,1006.373,10000000
9022,1001.515,10000000
9023,1005.684,10000000
9024,997.234,10000000
9025,1005.960,10000000
9026,998.095,10000000
9027,1003.481,10000000
9028,1002.598,10000000
9029,1000.271,10000000
9030,1002.685,10000000
9031,1015.432,10000000
9032,1013.831,10000000
9033,1003.115,10000000
9034,995.682,10000000
9035,1003.317,10000000
9036,1000.018,10000000
9037,1005.200,10000000
9038,1003.081,10000000
9039,1004.392,10000000
9040,1006.021,10000000
9041,999.195,10000000
9042,1009.059,10000000
9043,1025.682,10000000
9044,1009.483,10000000
9045,1010.122,10000000
9046,998.518,10000000
9047,1004.274,10000000
9048,1002.156,10000000
9049,996.081,10000000
9050,1005.753,10000000
9051,1001.850,10000000
9052,994.774,10000000
9053,1006.101,10000000
9054,998.012,10000000
9055,1029.335,10000000
9056,1012.639,10000000
9057,1000.976,10000000
9058,1001.405,10000000
9059,998.386,10000000
9060,1007.277,10000000
9061,1001.244,10000000
9062,1001.192,10000000
9063,1003.759,10000000
9064,999.013,10000000
9065,1004.512,10000000
9066,1002.873,10000000
9067,1003.461,10000000
9068,1017.495,10000000
9069,1001.684,10000000
9070,1006.929,10000000
9071,1002.835,10000000
9072,995.829,10000000
9073,998.698,10000000
9074,996.989,10000000
9075,1000.769,10000000
9076,1000.403,10000000
9077,1002.744,10000000
9078,1005.118,10000000
9079,997.010,10000000
9080,1020.882,10000000
9081,1007.489,10000000
9082,999.528,10000000
9083,1006.717,10000000
9084,1001.960,10000000
9085,1004.835,10000000
9086,1002.892,10000000
9087,999.079,10000000
9088,1006.582,10000000
9089,1001.862,10000000
9090,996.453,10000000
9091,1005.254,10000000
9092,1020.417,10000000
9093,1009.927,10000000
9094,1001.702,10000000
9095,997.729,10000000
9096,999.640,10000000
9097,998.113,10000000
9098,1004.946,10000000
9099,1000.827,10000000
9100,1002.691,10000000
9101,1000.729,10000000
9102,997.316,10000000
9103,1008.358,10000000
9104,1031.340,10000000
9105,1007.641,10000000
9106,1010.777,10000000
9107,1002.610,10000000
9108,1006.659,10000000
9109,1002.219,10000000
9110,994.273,10000000
9111,1004.438,10000000
9112,999.103,10000000
9113,995.271,10000000
9114,1002.524,10000000
9115,996.453,10000000
9116,1006.986,10000000
9117,1015.049,10000000
9118,1009.650,10000000
9119,1005.722,10000000
9120,997.783,10000000
9121,1006.914,10000000
9122,1002.042,10000000
9123,1006.133,10000000
9124,1004.884,10000000
9125,999.029,10000000
9126,1005.154,10000000
9127,1002.748,10000000
9128,1005.326,10000000
9129,1018.497,10000000
9130,1004.519,10000000
9131,1003.747,10000000
9132,1001.797,10000000
9133,999.210,10000000
9134,1003.684,10000000
9135,997.580,10000000
9136,1005.686,10000000
9137,1004.038,10000000
9138,996.019,10000000
9139,1005.959,10000000
9140,1002.023,10000000
9141,1026.070,10000000
9142,1010.568,10000000
9143,998.776,10000000
9144,1009.432,10000000
9145,1000.738,10000000
9146,1005.973,10000000
9147,1002.924,10000000
9148,995.845,10000000
9149,1009.942,10000000
9150,1003.741,10000000
9151,995.818,10000000
9152,1004.830,10000000
9153,1026.386,10000000
9154,1014.917,10000000
9155,1007.195,10000000
9156,997.044,10000000
9157,1005.164,10000000
9158,996.987,10000000
9159,1004.921,10000000
9160,999.777,10000000
9161,996.311,10000000
9162,1006.867,10000000
9163,1001.386,10000000
9164,1009.327,10000000
9165,1011.537,10000000
9166,1015.319,10000000
9167,1008.675,10000000
9168,1000.440,10000000
9169,1003.848,10000000
9170,1002.897,10000000
9171,999.001,10000000
9172,999.992,10000000
9173,998.976,10000000
9174,1005.278,10000000
9175,1003.647,10000000
9176,997.919,10000000
9177,1002.516,10000000
9178,1014.054,10000000
9179,1012.263,10000000
9180,1007.372,10000000
9181,997.863,10000000
9182,1008.310,10000000
9183,1000.473,10000000
9184,1009.812,10000000
9185,1007.344,10000000
9186,999.443,10000000
9187,1009.642,10000000
9188,1001.750,10000000
9189,995.301,10000000
9190,1025.517,10000000
9191,1007.203,10000000
9192,1003.622,10000000
9193,1002.987,10000000
9194,997.459,10000000
9195,1004.578,10000000
9196,999.666,10000000
9197,1003.469,10000000
9198,1002.165,10000000
9199,999.059,10000000
9200,1005.256,10000000
9201,999.143,10000000
9202,1033.489,10000000
9203,1013.492,10000000
9204,1011.141,10000000
9205,1003.398,10000000
9206,995.631,10000000
9207,1005.733,10000000
9208,997.456,10000000
9209,1001.848,10000000
9210,1002.118,10000000
9211,998.750,10000000
9212,1004.188,10000000
9213,997.684,10000000
9214,1021.195,10000000
9215,1014.708,10000000
9216,1000.548,10000000
9217,1006.851,10000000
9218,1000.660,10000000
9219,1003.262,10000000
9220,1004.551,10000000
9221,1001.501,10000000
9222,1004.646,10000000
9223,1002.093,10000000
9224,999.254,10000000
9225,995.294,10000000
9226,1002.949,10000000
9227,1011.537,10000000
9228,1009.882,10000000
9229,1000.366,10000000
9230,1004.027,10000000
9231,1002.762,10000000
9232,998.511,10000000
9233,1007.248,10000000
9234,1000.516,10000000
9235,1005.653,10000000
9236,1006.792,10000000
9237,999.622,10000000
9238,1006.603,10000000
9239,1025.320,10000000
9240,1007.533,10000000
9241,1009.825,10000000
9242,1005.779,10000000
9243,996.325,10000000
9244,1005.086,10000000
9245,998.391,10000000
9246,999.666,10000000
9247,1005.200,10000000
9248,996.358,10000000
9249,1006.507,10000000
9250,1004.109,10000000
9251,1032.423,10000000
9252,1012.479,10000000
9253,1005.803,10000000
9254,1008.048,10000000
9255,1005.982,10000000
9256,998.601,10000000
9257,1008.056,10000000
9258,1000.652,10000000
9259,998.015,10000000
9260,1005.745,10000000
9261,998.720,10000000
9262,993.010,10000000
9263,1027.828,10000000
9264,1008.531,10000000
9265,1003.694,10000000
9266,1004.271,10000000
9267,997.716,10000000
9268,1005.174,10000000
9269,1150.145,10000000
9270,2451.193,10000000
9271,2897.879,10000000
9272,3026.030,10000000
9273,3096.971,10000000
9274,3141.967,10000000
9275,2999.471,10000000
9276,1764.298,10000000
9277,1291.849,10000000
9278,1108.395,10000000
9279,1035.368,10000000
9280,1017.191,10000000
9281,1007.473,10000000
9282,995.053,10000000
9283,1003.044,10000000
9284,1001.352,10000000
9285,1005.008,10000000
9286,1005.928,10000000
9287,1002.481,10000000
9288,1024.745,10000000
9289,1009.412,10000000
9290,1002.664,10000000
9291,1005.472,10000000
9292,998.170,10000000
9293,1007.063,10000000
9294,1001.496,10000000
9295,1004.016,10000000
9296,1004.797,10000000
9297,997.825,10000000
9298,1007.591,10000000
9299,1003.340,10000000
9300,1018.038,10000000
9301,1014.527,10000000
9302,1005.494,10000000
9303,1004.817,10000000
9304,1003.486,10000000
9305,1001.837,10000000
9306,1006.281,10000000
9307,1000.040,10000000
9308,1010.735,10000000
9309,1002.415,10000000
9310,996.756,10000000
9311,1006.502,10000000
9312,1028.032,10000000
9313,1017.102,10000000
9314,1007.343,10000000
9315,1005.587,10000000
9316,1007.804,10000000
9317,1000.072,10000000
9318,1008.310,10000000
9319,1003.793,10000000
9320,1000.864,10000000
9321,1003.983,10000000
9322,1001.188,10000000
9323,1006.756,10000000
9324,1003.101,10000000
9325,1013.406,10000000
9326,1009.237,10000000
9327,1001.570,10000000
9328,1007.852,10000000
9329,1006.996,10000000
9330,996.621,10000000
9331,1006.680,10000000
9332,1001.289,10000000
9333,1005.566,10000000
9334,1005.171,10000000
9335,997.006,10000000
9336,1008.961,10000000
9337,1018.875,10000000
9338,1001.754,10000000
9339,1007.534,10000000
9340,1000.788,10000000
9341,1002.292,10000000
9342,1004.758,10000000
9343,998.714,10000000
9344,1006.208,10000000
9345,999.810,10000000
9346,1001.384,10000000
9347,1005.217,10000000
9348,997.440,10000000
9349,1030.039,10000000
9350,1010.969,10000000
9351,1010.585,10000000
9352,1005.659,10000000
9353,997.961,10000000
9354,1007.790,10000000
9355,1002.065,10000000
9356,995.702,10000000
9357,1005.380,10000000
9358,997.629,10000000
9359,1002.318,10000000
9360,1000.641,10000000
9361,1029.601,10000000
9362,1016.106,10000000
9363,1002.480,10000000
9364,1009.242,10000000
9365,999.407,10000000
9366,1001.338,10000000
9367,1001.600,10000000
9368,999.322,10000000
9369,1004.911,10000000
9370,1002.992,10000000
9371,1007.075,10000000
9372,1002.586,10000000
9373,1004.392,10000000
9374,1018.824,10000000
9375,1004.855,10000000
9376,1000.514,10000000
9377,1002.306,10000000
9378,997.461,10000000
9379,1002.931,10000000
9380,1000.174,10000000
9381,1005.292,10000000
9382,1002.049,10000000
9383,997.727,10000000
9384,1009.643,10000000
9385,1001.261,10000000
9386,1016.954,10000000
9387,1012.528,10000000
9388,1003.261,10000000
9389,1009.679,10000000
9390,1002.246,10000000
9391,1005.030,10000000
9392,1004.795,10000000
9393,997.633,10000000
9394,1005.828,10000000
9395,1000.444,10000000
9396,995.549,10000000
9397,1000.397,10000000
9398,1018.132,10000000
9399,1015.412,10000000
9400,1002.736,10000000
9401,1004.304,10000000
9402,1003.170,10000000
9403,999.468,10000000
9404,1009.800,10000000
9405,1000.315,10000000
9406,1004.174,10000000
9407,1004.234,10000000
9408,998.190,10000000
9409,1004.440,10000000
9410,1028.399,10000000
9411,1006.704,10000000
9412,1007.859,10000000
9413,1004.310,10000000
9414,997.377,10000000
9415,1008.617,10000000
9416,1001.006,10000000
9417,1000.528,10000000
9418,1004.840,10000000
9419,1002.779,10000000
9420,1005.326,10000000
9421,1002.680,10000000
9422,1016.133,10000000
9423,1015.913,10000000
9424,1002.190,10000000
9425,1007.640,10000000
9426,1000.422,10000000
9427,1007.130,10000000
9428,1002.331,10000000
9429,1001.446,10000000
9430,1007.383,10000000
9431,1000.248,10000000
9432,995.715,10000000
9433,1005.515,10000000
9434,996.641,10000000
9435,1020.564,10000000
9436,1008.294,10000000
9437,999.520,10000000
9438,1008.105,10000000
9439,1003.683,10000000
9440,1008.340,10000000
9441,1003.764,10000000
9442,998.891,10000000
9443,1008.716,10000000
9444,1004.494,10000000
9445,998.672,10000000
9446,1008.520,10000000
9447,1021.552,10000000
9448,1012.983,10000000
9449,1009.228,10000000
9450,1000.478,10000000
9451,1007.952,10000000
9452,1002.391,10000000
9453,997.988,10000000
9454,1005.202,10000000
9455,1000.944,10000000
9456,1004.420,10000000
9457,1002.761,10000000
9458,1001.765,10000000
9459,1029.127,10000000
9460,1009.404,10000000
9461,1006.720,10000000
9462,1002.847,10000000
9463,1002.424,10000000
9464,1006.937,10000000
9465,1000.182,10000000
9466,1005.900,10000000
9467,1003.156,10000000
9468,1005.769,10000000
9469,1003.404,10000000
9470,1000.833,10000000
9471,1028.148,10000000
9472,1013.419,10000000
9473,999.111,10000000
9474,1007.135,10000000
9475,998.254,10000000
9476,1007.275,10000000
9477,1002.447,10000000
9478,1002.933,10000000
9479,1004.963,10000000
9480,999.547,10000000
9481,1009.015,10000000
9482,1001.746,10000000
9483,1007.459,10000000
9484,1019.349,10000000
9485,1003.809,10000000
9486,1006.686,10000000
9487,1004.742,10000000
9488,1007.662,10000000
9489,1003.389,10000000
9490,1004.550,10000000
9491,1004.321,10000000
9492,999.486,10000000
9493,998.769,10000000
9494,1001.771,10000000
9495,995.930,10000000
9496,1023.136,10000000
9497,1006.423,10000000
9498,1008.024,10000000
9499,1004.809,10000000
9500,996.250,10000000
9501,1004.817,10000000
9502,1003.003,10000000
9503,1008.688,10000000
9504,1007.123,10000000
9505,995.222,10000000
9506,1006.963,10000000
9507,1002.037,10000000
9508,1030.565,10000000
9509,1013.781,10000000
9510,1001.473,10000000
9511,1007.145,10000000
9512,999.422,10000000
9513,996.317,10000000
9514,1005.815,10000000
9515,997.963,10000000
9516,1004.314,10000000
9517,1003.016,10000000
9518,1000.527,10000000
9519,1008.321,10000000
9520,1025.618,10000000
9521,1011.574,10000000
9522,1012.226,10000000
9523,1002.923,10000000
9524,1008.487,10000000
9525,1002.176,10000000
9526,1005.100,10000000
9527,1005.884,10000000
9528,998.996,10000000
9529,1007.232,10000000
9530,1002.985,10000000
9531,999.534,10000000
9532,1004.790,10000000
9533,1016.099,10000000
9534,1009.177,10000000
9535,1001.656,10000000
9536,1006.406,10000000
9537,1003.851,10000000
9538,1003.975,10000000
9539,1008.269,10000000
9540,1002.529,10000000
9541,1009.433,10000000
9542,1003.657,10000000
9543,1004.916,10000000
9544,1004.561,10000000
9545,1017.484,10000000
9546,1016.495,10000000
9547,1007.795,10000000
9548,1006.738,10000000
9549,1005.638,10000000
9550,999.982,10000000
9551,1006.494,10000000
9552,1004.686,10000000
9553,998.270,10000000
9554,1006.832,10000000
9555,1003.150,10000000
9556,1005.446,10000000
9557,1027.714,10000000
9558,1010.024,10000000
9559,1011.245,10000000
9560,1003.350,10000000
9561,999.575,10000000
9562,1005.157,10000000
9563,1002.870,10000000
9564,1008.342,10000000
9565,1002.408,10000000
9566,1007.533,10000000
9567,1004.644,10000000
9568,1005.417,10000000
9569,1034.071,10000000
9570,1009.889,10000000
9571,1013.078,10000000
9572,1005.157,10000000
9573,997.684,10000000
9574,1006.188,10000000
9575,1000.883,10000000
9576,1005.691,10000000
9577,1005.493,10000000
9578,1004.250,10000000
9579,1005.213,10000000
9580,1001.568,10000000
9581,1006.911,10000000
9582,1019.409,10000000
9583,1006.192,10000000
9584,1013.516,10000000
9585,1007.263,10000000
9586,1006.309,10000000
9587,1007.711,10000000
9588,1005.026,10000000
9589,1010.070,10000000
9590,1006.323,10000000
9591,1002.687,10000000
9592,999.993,10000000
9593,1004.461,10000000
9594,1017.473,10000000
9595,1010.692,10000000
9596,1006.414,10000000
9597,1005.701,10000000
9598,1008.011,10000000
9599,1000.049,10000000
9600,1004.751,10000000
9601,1004.976,10000000
9602,998.892,10000000
9603,1009.505,10000000
9604,1002.993,10000000
9605,1006.030,10000000
9606,1031.370,10000000
9607,1012.851,10000000
9608,1009.456,10000000
9609,1005.144,10000000
9610,1002.485,10000000
9611,999.136,10000000
9612,1004.005,10000000
9613,997.358,10000000
9614,1005.506,10000000
9615,1001.158,10000000
9616,1004.202,10000000
9617,1004.847,10000000
9618,1027.336,10000000
9619,1020.878,10000000
9620,1008.681,10000000
9621,1001.396,10000000
9622,1009.756,10000000
9623,1007.783,10000000
9624,999.558,10000000
9625,1010.675,10000000
9626,1002.533,10000000
9627,1000.985,10000000
9628,1005.030,10000000
9629,997.687,10000000
9630,1001.541,10000000
9631,1020.832,10000000
9632,1004.905,10000000
9633,1010.966,10000000
9634,1005.338,10000000
9635,1002.312,10000000
9636,1006.625,10000000
9637,1002.590,10000000
9638,1006.255,10000000
9639,1004.017,10000000
9640,1000.274,10000000
9641,1008.234,10000000
9642,1004.521,10000000
9643,1019.184,10000000
9644,1010.807,10000000
9645,1002.255,10000000
9646,1006.748,10000000
9647,1005.945,10000000
9648,1000.472,10000000
9649,1007.996,10000000
9650,1000.540,10000000
9651,993.419,10000000
9652,1004.604,10000000
9653,1000.897,10000000
9654,1004.004,10000000
9655,1025.171,10000000
9656,1006.723,10000000
9657,1010.195,10000000
9658,1000.238,10000000
9659,1009.315,10000000
9660,1001.125,10000000
9661,1004.023,10000000
9662,1005.544,10000000
9663,996.863,10000000
9664,1006.553,10000000
9665,1004.765,10000000
9666,1006.369,10000000
9667,1031.608,10000000
9668,1012.144,10000000
9669,1004.264,10000000
9670,1002.349,10000000
9671,999.696,10000000
9672,1005.271,10000000
9673,1001.350,10000000
9674,1004.188,10000000
9675,1001.548,10000000
9676,998.558,10000000
9677,1007.189,10000000
9678,1002.154,10000000
9679,1015.032,10000000
9680,1014.264,10000000
9681,1005.304,10000000
9682,1007.453,10000000
9683,1003.283,10000000
9684,1005.046,10000000
9685,1003.395,10000000
9686,999.335,10000000
9687,1009.560,10000000
9688,1000.319,10000000
9689,1005.174,10000000
9690,1001.275,10000000
9691,998.217,10000000
9692,1017.527,10000000
9693,1004.957,10000000
9694,1006.216,10000000
9695,1001.203,10000000
9696,1004.639,10000000
9697,1004.316,10000000
9698,998.599,10000000
9699,1007.365,10000000
9700,1003.761,10000000
9701,993.861,10000000
9702,1009.129,10000000
9703,1002.941,10000000
9704,1026.464,10000000
9705,1013.620,10000000
9706,1006.892,10000000
9707,1003.208,10000000
9708,1000.982,10000000
9709,996.479,10000000
9710,1004.242,10000000
9711,999.538,10000000
9712,1004.435,10000000
9713,1004.483,10000000
9714,996.699,10000000
9715,1006.249,10000000
9716,1028.714,10000000
9717,1006.999,10000000
9718,1011.588,10000000
9719,1004.784,10000000
9720,1001.435,10000000
9721,1007.464,10000000
9722,1004.166,10000000
9723,1006.479,10000000
9724,1003.591,10000000
9725,999.782,10000000
9726,1009.378,10000000
9727,1000.204,10000000
9728,1008.960,10000000
9729,1015.974,10000000
9730,1003.220,10000000
9731,1004.326,10000000
9732,1002.815,10000000
9733,999.305,10000000
9734,1008.443,10000000
9735,1001.825,10000000
9736,1010.026,10000000
9737,1004.902,10000000
9738,998.537,10000000
9739,1006.728,10000000
9740,1003.655,10000000
9741,1015.912,10000000
9742,1009.054,10000000
9743,1000.364,10000000
9744,1006.368,10000000
9745,1003.385,10000000
9746,995.811,10000000
9747,1009.028,10000000
9748,1003.410,10000000
9749,996.791,10000000
9750,1007.657,10000000
9751,1002.988,10000000
9752,997.233,10000000
9753,1021.805,10000000
9754,1005.805,10000000
9755,1007.819,10000000
9756,1003.549,10000000
9757,999.887,10000000
9758,1006.747,10000000
9759,1000.498,10000000
9760,1005.579,10000000
9761,1002.296,10000000
9762,1002.160,10000000
9763,1004.188,10000000
9764,997.331,10000000
9765,1028.977,10000000
9766,1013.043,10000000
9767,1001.927,10000000
9768,1010.393,10000000
9769,1002.091,10000000
9770,995.481,10000000
9771,1007.121,10000000
9772,999.891,10000000
9773,1002.651,10000000
9774,1002.845,10000000
9775,1136.237,10000000
9776,2405.339,10000000
9777,2863.903,10000000
9778,3011.188,10000000
9779,3067.299,10000000
9780,3079.147,10000000
9781,2460.730,10000000
9782,1541.449,10000000
9783,1198.144,10000000
9784,1082.865,10000000
9785,1030.293,10000000
9786,1014.972,10000000
9787,1011.904,10000000
9788,1004.544,10000000
9789,1011.658,10000000
9790,1015.480,10000000
9791,1000.340,10000000
9792,1010.037,10000000
9793,996.680,10000000
9794,1004.782,10000000
9795,1003.919,10000000
9796,999.025,10000000
9797,1005.733,10000000
9798,999.070,10000000
9799,1007.794,10000000
9800,1006.978,10000000
9801,1000.061,10000000
9802,1026.349,10000000
9803,1010.187,10000000
9804,1009.109,10000000
9805,1006.182,10000000
9806,1003.148,10000000
9807,1007.310,10000000
9808,1003.089,10000000
9809,996.625,10000000
9810,1008.918,10000000
9811,1002.091,10000000
9812,996.397,10000000
9813,1004.769,10000000
9814,1025.264,10000000
9815,1009.388,10000000
9816,1008.557,10000000
9817,1002.004,10000000
9818,1006.695,10000000
9819,1002.688,10000000
9820,1009.180,10000000
9821,1006.808,10000000
9822,999.305,10000000
9823,1009.002,10000000
9824,1003.271,10000000
9825,999.950,10000000
9826,1030.785,10000000
9827,1011.445,10000000
9828,1009.074,10000000
9829,1005.487,10000000
9830,998.152,10000000
9831,1006.013,10000000
9832,999.458,10000000
9833,1003.304,10000000
9834,999.945,10000000
9835,1002.741,10000000
9836,1003.930,10000000
9837,998.336,10000000
9838,1003.996,10000000
9839,1013.248,10000000
9840,1012.663,10000000
9841,1003.057,10000000
9842,1005.251,10000000
9843,1003.643,10000000
9844,998.166,10000000
9845,1008.929,10000000
9846,1003.540,10000000
9847,1008.792,10000000
9848,1001.026,10000000
9849,996.284,10000000
9850,1001.404,10000000
9851,1013.556,10000000
9852,1013.305,10000000
9853,1001.108,10000000
9854,1000.040,10000000
9855,1004.523,10000000
9856,998.229,10000000
9857,1006.530,10000000
9858,1001.018,10000000
9859,1005.442,10000000
9860,1001.611,10000000
9861,1004.564,10000000
9862,1002.768,10000000
9863,1016.734,10000000
9864,1015.099,10000000
9865,1004.279,10000000
9866,1007.435,10000000
9867,1002.847,10000000
9868,1004.922,10000000
9869,1005.817,10000000
9870,1000.520,10000000
9871,1007.481,10000000
9872,997.915,10000000
9873,1001.139,10000000
9874,1002.928,10000000
9875,1024.343,10000000
9876,1016.419,10000000
9877,1001.823,10000000
9878,1009.472,10000000
9879,1000.291,10000000
9880,1006.339,10000000
9881,1003.485,10000000
9882,1001.388,10000000
9883,1004.732,10000000
9884,1000.546,10000000
9885,1005.913,10000000
9886,1003.906,10000000
9887,1015.456,10000000
9888,1017.853,10000000
9889,1005.383,10000000
9890,1006.656,10000000
9891,1002.889,10000000
9892,994.323,10000000
9893,1006.327,10000000
9894,999.571,10000000
9895,1001.258,10000000
9896,1002.153,10000000
9897,999.087,10000000
9898,1003.395,10000000
9899,1001.974,10000000
9900,1015.477,10000000
9901,1012.139,10000000
9902,1005.162,10000000
9903,1007.955,10000000
9904,1006.534,10000000
9905,997.131,10000000
9906,1009.046,10000000
9907,1004.079,10000000
9908,1003.478,10000000
9909,1004.257,10000000
9910,998.760,10000000
9911,1005.338,10000000
9912,1024.215,10000000
9913,1007.240,10000000
9914,1011.474,10000000
9915,1000.833,10000000
9916,1001.809,10000000
9917,1005.538,10000000
9918,1000.304,10000000
9919,1003.690,10000000
9920,997.704,10000000
9921,1006.522,10000000
9922,1002.309,10000000
9923,1002.352,10000000
9924,1031.073,10000000
9925,1007.296,10000000
9926,1009.984,10000000
9927,1004.144,10000000
9928,1005.513,10000000
9929,1003.329,10000000
9930,1007.437,10000000
9931,1004.465,10000000
9932,997.386,10000000
9933,1005.280,10000000
9934,998.464,10000000
9935,993.575,10000000
9936,1016.635,10000000
9937,1009.209,10000000
9938,1008.823,10000000
9939,1000.144,10000000
9940,1004.130,10000000
9941,1003.206,10000000
9942,999.593,10000000
9943,1003.310,10000000
9944,996.634,10000000
9945,1006.417,10000000
9946,999.443,10000000
9947,1005.114,10000000
9948,1001.368,10000000
9949,1019.929,10000000
9950,1008.850,10000000
9951,1000.476,10000000
9952,1007.771,10000000
9953,1002.625,10000000
9954,995.414,10000000
9955,1007.349,10000000
9956,999.406,10000000
9957,1003.219,10000000
9958,1001.371,10000000
9959,998.346,10000000
9960,1000.688,10000000
9961,1018.256,10000000
9962,1015.704,10000000
9963,1006.778,10000000
9964,1002.244,10000000
9965,1007.675,10000000
9966,998.276,10000000
9967,1004.764,10000000
9968,1003.837,10000000
9969,999.677,10000000
9970,1008.519,10000000
9971,1001.880,10000000
9972,994.287,10000000
9973,1031.807,10000000
9974,1006.613,10000000
9975,999.719,10000000
9976,1001.427,10000000
9977,994.761,10000000
9978,1001.838,10000000
9979,999.556,10000000
9980,1001.287,10000000
9981,1001.719,10000000
9982,999.623,10000000
9983,1004.632,10000000
9984,999.726,10000000
9985,1027.182,10000000
9986,1018.632,10000000
9987,1004.586,10000000
9988,1010.012,10000000
9989,1002.188,10000000
9990,1002.892,10000000
9991,1003.723,10000000
9992,998.801,10000000
9993,1007.470,10000000
9994,1005.237,10000000
9995,999.063,10000000
9996,1003.043,10000000
9997,1000.612,10000000
9998,1016.570,10000000
9999,1005.968,10000000
10000,1002.102,10000000
10001,1004.284,10000000
10002,999.617,10000000
10003,1005.429,10000000
10004,1000.907,10000000
10005,1006.464,10000000
10006,1004.499,10000000
10007,997.060,10000000
10008,1006.284,10000000
10009,1002.585,10000000
10010,1026.183,10000000
10011,1009.334,10000000
10012,1001.425,10000000
10013,1009.535,10000000
10014,1003.471,10000000
10015,996.524,10000000
10016,999.935,10000000
10017,1000.644,10000000
10018,1000.425,10000000
10019,1005.692,10000000
10020,999.562,10000000
10021,1004.173,10000000
10022,1028.936,10000000
10023,1017.623,10000000
10024,1009.944,10000000
10025,998.752,10000000
10026,1006.682,10000000
10027,999.578,10000000
10028,1006.534,10000000
10029,1001.793,10000000
10030,1006.714,10000000
10031,1005.433,10000000
10032,995.357,10000000
10033,1007.617,10000000
10034,1025.631,10000000
10035,1008.801,10000000
10036,1010.639,10000000
10037,1006.148,10000000
10038,1008.104,10000000
10039,1006.491,10000000
10040,1000.463,10000000
10041,1009.068,10000000
10042,1003.683,10000000
10043,1003.079,10000000
10044,1007.620,10000000
10045,999.302,10000000
10046,1005.637,10000000
10047,1020.337,10000000
10048,1009.191,10000000
10049,1005.936,10000000
10050,999.222,10000000
10051,1009.303,10000000
10052,1004.373,10000000
10053,995.225,10000000
10054,1005.119,10000000
10055,1005.496,10000000
10056,1001.328,10000000
10057,1007.704,10000000
10058,999.863,10000000
10059,1027.232,10000000
10060,1010.231,10000000
10061,1003.250,10000000
10062,1007.766,10000000
10063,998.714,10000000
10064,1006.482,10000000
10065,1002.409,10000000
10066,1004.459,10000000
10067,1007.414,10000000
10068,1000.309,10000000
10069,1011.049,10000000
10070,1004.982,10000000
10071,1027.314,10000000
10072,1014.201,10000000
10073,1008.504,10000000
10074,998.649,10000000
10075,1003.620,10000000
10076,998.316,10000000
10077,1004.952,10000000
10078,1001.189,10000000
10079,1001.923,10000000
10080,1004.481,10000000
10081,998.887,10000000
10082,1007.403,10000000
10083,1028.478,10000000
10084,1020.141,10000000
10085,1008.518,10000000
10086,1005.378,10000000
10087,1008.834,10000000
10088,1004.141,10000000
10089,1004.460,10000000
10090,1005.943,10000000
10091,998.793,10000000
10092,1006.339,10000000
10093,1002.788,10000000
10094,996.622,10000000
10095,1004.514,10000000
10096,1014.948,10000000
10097,1005.625,10000000
10098,1004.872,10000000
10099,996.429,10000000
10100,1005.129,10000000
10101,1000.303,10000000
10102,1004.928,10000000
10103,1004.547,10000000
10104,1002.851,10000000
10105,1007.411,10000000
10106,999.034,10000000
10107,1007.623,10000000
10108,1015.332,10000000
10109,1013.128,10000000
10110,1005.080,10000000
10111,1007.808,10000000
10112,1004.122,10000000
10113,997.262,10000000
10114,1006.757,10000000
10115,1001.957,10000000
10116,999.831,10000000
10117,1007.200,10000000
10118,1000.347,10000000
10119,1006.449,10000000
10120,1026.686,10000000
10121,1014.742,10000000
10122,1010.420,10000000
10123,1001.555,10000000
10124,1010.603,10000000
10125,1002.245,10000000
10126,1000.836,10000000
10127,1006.228,10000000
10128,1002.339,10000000
10129,1009.500,10000000
10130,1004.270,10000000
10131,998.098,10000000
10132,1035.688,10000000
10133,1012.359,10000000
10134,1003.308,10000000
10135,1009.614,10000000
10136,998.398,10000000
10137,1006.044,10000000
10138,1006.428,10000000
10139,1005.649,10000000
10140,1007.452,10000000
10141,1001.183,10000000
10142,1006.200,10000000
10143,1003.495,10000000
10144,1009.786,10000000
10145,1018.256,10000000
10146,1002.679,10000000
10147,1009.401,10000000
10148,1002.970,10000000
10149,1004.406,10000000
10150,1006.106,10000000
10151,1001.419,10000000
10152,1007.432,10000000
10153,1006.105,10000000
10154,999.999,10000000
10155,1005.229,10000000
10156,1003.505,10000000
10157,1018.889,10000000
10158,1013.713,10000000
10159,1001.817,10000000
10160,1009.105,10000000
10161,1002.197,10000000
10162,1003.996,10000000
10163,1007.437,10000000
10164,1002.112,10000000
10165,1011.738,10000000
10166,1003.037,10000000
10167,1007.516,10000000
10168,1004.383,10000000
10169,1025.866,10000000
10170,1016.030,10000000
10171,1004.625,10000000
10172,1011.857,10000000
10173,1005.309,10000000
10174,997.497,10000000
10175,1002.789,10000000
10176,1000.262,10000000
10177,1001.058,10000000
10178,1004.386,10000000
10179,996.401,10000000
10180,1004.380,10000000
10181,1028.808,10000000
10182,1015.174,10000000
10183,1011.731,10000000
10184,999.669,10000000
10185,1011.027,10000000
10186,1008.708,10000000
10187,1003.471,10000000
10188,1007.592,10000000
10189,1003.020,10000000
10190,1005.374,10000000
10191,1004.982,10000000
10192,999.886,10000000
10193,1019.899,10000000
10194,1016.134,10000000
10195,1000.961,10000000
10196,1006.706,10000000
10197,999.831,10000000
10198,1006.344,10000000
10199,1002.942,10000000
10200,1003.133,10000000
10201,1006.679,10000000
10202,998.732,10000000
10203,1007.367,10000000
10204,1006.208,10000000
10205,1000.297,10000000
10206,1023.003,10000000
10207,1008.676,10000000
10208,1011.565,10000000
10209,1005.051,10000000
10210,1001.190,10000000
10211,1009.463,10000000
10212,1001.284,10000000
10213,996.255,10000000
10214,1006.800,10000000
10215,997.983,10000000
10216,1004.312,10000000
10217,1001.241,10000000
10218,1021.482,10000000
10219,1012.436,10000000
10220,1005.345,10000000
10221,1009.116,10000000
10222,1003.269,10000000
10223,1002.918,10000000
10224,1006.030,10000000
10225,996.677,10000000
10226,1006.080,10000000
10227,1002.601,10000000
10228,1004.947,10000000
10229,1003.718,10000000
10230,1025.010,10000000
10231,1016.566,10000000
10232,1004.922,10000000
10233,997.277,10000000
10234,1003.897,10000000
10235,999.178,10000000
10236,997.981,10000000
10237,1002.244,10000000
10238,997.822,10000000
10239,1005.425,10000000
10240,1002.173,10000000
10241,1000.661,10000000
10242,1021.077,10000000
10243,1006.948,10000000
10244,1007.450,10000000
10245,999.885,10000000
10246,1000.544,10000000
10247,1005.868,10000000
10248,1002.259,10000000
10249,1005.773,10000000
10250,1007.342,10000000
10251,999.908,10000000
10252,1004.437,10000000
10253,1003.249,10000000
10254,996.047,10000000
10255,1018.525,10000000
10256,1008.959,10000000
10257,999.763,10000000
10258,1004.578,10000000
10259,998.200,10000000
10260,1008.526,10000000
10261,1006.367,10000000
10262,998.889,10000000
10263,1006.600,10000000
10264,1004.016,10000000
10265,998.733,10000000
10266,1008.008,10000000
10267,1022.474,10000000
10268,1015.792,10000000
10269,1007.287,10000000
10270,1000.236,10000000
10271,1005.042,10000000
10272,1005.259,10000000
10273,996.224,10000000
10274,998.090,10000000
10275,1005.209,10000000
10276,998.859,10000000
10277,1005.595,10000000
10278,1001.633,10000000
10279,1021.324,10000000
10280,1009.623,10000000
10281,1756.926,10000000
10282,2623.370,10000000
10283,2953.789,10000000
10284,3092.987,10000000
10285,3095.050,10000000
10286,3119.414,10000000
10287,2118.063,10000000
10288,1415.078,10000000
10289,1155.338,10000000
10290,1063.073,10000000
10291,1050.042,10000000
10292,1013.887,10000000
10293,1011.769,10000000
10294,1001.829,10000000
10295,996.447,10000000
10296,1004.132,10000000
10297,997.352,10000000
10298,1002.783,10000000
10299,1001.064,10000000
10300,999.073,10000000
10301,1004.755,10000000
10302,997.493,10000000
10303,1005.977,10000000
10304,1017.210,10000000
10305,1001.637,10000000
10306,1006.753,10000000
10307,1003.225,10000000
10308,1003.082,10000000
10309,1000.342,10000000
10310,995.560,10000000
10311,1001.518,10000000
10312,996.053,10000000
10313,1002.825,10000000
10314,999.034,10000000
10315,995.454,10000000
10316,1020.640,10000000
10317,1002.408,10000000
10318,1004.633,10000000
10319,1004.191,10000000
10320,1003.636,10000000
10321,1001.548,10000000
10322,997.246,10000000
10323,1007.040,10000000
10324,1002.139,10000000
10325,997.460,10000000
10326,1003.861,10000000
10327,995.963,10000000
10328,1027.084,10000000
10329,1008.355,10000000
10330,1007.103,10000000
10331,1004.439,10000000
10332,996.388,10000000
10333,1002.629,10000000
10334,1000.296,10000000
10335,993.282,10000000
10336,1005.456,10000000
10337,999.241,10000000
10338,1004.420,10000000
10339,1001.623,10000000
10340,1025.169,10000000
10341,1016.044,10000000
10342,1003.430,10000000
10343,1008.114,10000000
10344,1001.227,10000000
10345,1002.672,10000000
10346,1007.959,10000000
10347,995.945,10000000
10348,1002.741,10000000
10349,1001.085,10000000
10350,1001.701,10000000
10351,1004.586,10000000
10352,998.525,10000000
10353,1022.560,10000000
10354,1008.231,10000000
10355,998.758,10000000
10356,1003.672,10000000
10357,1001.995,10000000
10358,996.362,10000000
10359,1004.464,10000000
10360,998.703,10000000
10361,1004.886,10000000
10362,997.869,10000000
10363,998.391,10000000
10364,1007.367,10000000
10365,1015.388,10000000
10366,1015.636,10000000
10367,1003.460,10000000
10368,1004.801,10000000
10369,1006.011,10000000
10370,998.054,10000000
10371,1005.171,10000000
10372,996.361,10000000
10373,1008.018,10000000
10374,1000.774,10000000
10375,992.217,10000000
10376,1003.329,10000000
10377,1019.799,10000000
10378,1010.236,10000000
10379,1005.493,10000000
10380,997.173,10000000
10381,1007.386,10000000
10382,998.950,10000000
10383,1005.634,10000000
10384,1007.018,10000000
10385,997.765,10000000
10386,1005.903,10000000
10387,1006.325,10000000
10388,998.398,10000000
10389,1034.216,10000000
10390,1011.148,10000000
10391,1006.108,10000000
10392,1004.445,10000000
10393,999.365,10000000
10394,994.431,10000000
10395,1001.142,10000000
10396,996.338,10000000
10397,1001.195,10000000
10398,1000.992,10000000
10399,999.516,10000000
10400,1004.368,10000000
10401,1004.875,10000000
10402,1020.760,10000000
10403,1008.562,10000000
10404,1001.271,10000000
10405,1008.728,10000000
10406,1004.983,10000000
10407,1001.059,10000000
10408,1009.202,10000000
10409,1000.439,10000000
10410,1006.277,10000000
10411,1002.229,10000000
10412,996.332,10000000
10413,1006.375,10000000
10414,1016.591,10000000
10415,999.521,10000000
10416,1003.468,10000000
10417,996.713,10000000
10418,1004.050,10000000
10419,1000.647,10000000
10420,1005.994,10000000
10421,1006.065,10000000
10422,995.632,10000000
10423,1004.695,10000000
10424,999.321,10000000
10425,1005.734,10000000
10426,1025.228,10000000
10427,1004.223,10000000
10428,1010.172,10000000
10429,1003.897,10000000
10430,1004.518,10000000
10431,1002.978,10000000
10432,999.465,10000000
10433,992.799,10000000
10434,1006.316,10000000
10435,1001.211,10000000
10436,1004.974,10000000
10437,1005.560,10000000
10438,1025.968,10000000
10439,1013.078,10000000
10440,1003.608,10000000
10441,1006.595,10000000
10442,1002.609,10000000
10443,996.460,10000000
10444,1006.635,10000000
10445,1002.688,10000000
10446,1002.226,10000000
10447,1001.479,10000000
10448,999.796,10000000
10449,1008.220,10000000
10450,1014.186,10000000
10451,1010.624,10000000
10452,998.610,10000000
10453,1006.457,10000000
10454,999.218,10000000
10455,1004.084,10000000
10456,998.732,10000000
10457,996.594,10000000
10458,1001.388,10000000
10459,997.929,10000000
10460,1005.837,10000000
10461,1001.514,10000000
10462,994.737,10000000
10463,1020.313,10000000
10464,1006.890,10000000
10465,1006.823,10000000
10466,1006.661,10000000
10467,1000.952,10000000
10468,1008.184,10000000
10469,1002.474,10000000
10470,997.468,10000000
10471,1005.418,10000000
10472,1002.971,10000000
10473,993.124,10000000
10474,1001.760,10000000
10475,1018.713,10000000
10476,1003.745,10000000
10477,1004.183,10000000
10478,995.787,10000000
10479,1003.839,10000000
10480,998.099,10000000
10481,1004.517,10000000
10482,1001.849,10000000
10483,993.145,10000000
10484,1002.844,10000000
10485,998.684,10000000
10486,1002.985,10000000
10487,1028.378,10000000
10488,1006.111,10000000
10489,1009.007,10000000
10490,1002.375,10000000
10491,1000.230,10000000
10492,1006.770,10000000
10493,999.479,10000000
10494,996.156,10000000
10495,999.996,10000000
10496,995.411,10000000
10497,1002.789,10000000
10498,1001.006,10000000
10499,1012.531,10000000
10500,1017.445,10000000
10501,1000.383,10000000
10502,1009.067,10000000
10503,1002.686,10000000
10504,1002.920,10000000
10505,1002.563,10000000
10506,997.373,10000000
10507,1006.626,10000000
10508,996.791,10000000
10509,1003.941,10000000
10510,1003.213,10000000
10511,995.027,10000000
10512,1020.876,10000000
10513,1003.748,10000000
10514,995.430,10000000
10515,1001.627,10000000
10516,999.386,10000000
10517,1003.634,10000000
10518,1003.009,10000000
10519,994.682,10000000
10520,1003.433,10000000
10521,1004.188,10000000
10522,996.704,10000000
10523,1005.364,10000000
10524,1021.192,10000000
10525,1011.700,10000000
10526,1006.210,10000000
10527,997.615,10000000
10528,1007.116,10000000
10529,1002.212,10000000
10530,1000.535,10000000
10531,1003.733,10000000
10532,996.357,10000000
10533,994.125,10000000
10534,1002.680,10000000
10535,995.922,10000000
10536,1029.684,10000000
10537,1014.218,10000000
10538,1009.574,10000000
10539,1001.591,10000000
10540,999.606,10000000
10541,1004.157,10000000
10542,1001.508,10000000
10543,1002.862,10000000
10544,1005.461,10000000
10545,998.703,10000000
10546,1005.992,10000000
10547,1002.996,10000000
10548,1023.454,10000000
10549,1017.126,10000000
10550,1005.132,10000000
10551,996.916,10000000
10552,1008.334,10000000
10553,998.818,10000000
10554,996.635,10000000
10555,1005.097,10000000
10556,998.632,10000000
10557,1003.545,10000000
10558,1002.316,10000000
10559,1005.623,10000000
10560,1002.975,10000000
10561,1012.142,10000000
10562,1010.739,10000000
10563,1004.410,10000000
10564,1004.168,10000000
10565,1002.538,10000000
10566,996.041,10000000
10567,1007.227,10000000
10568,1001.337,10000000
10569,1004.089,10000000
10570,1001.158,10000000
10571,998.883,10000000
10572,998.300,10000000
10573,1023.375,10000000
10574,1001.346,10000000
10575,1004.888,10000000
10576,999.616,10000000
10577,1000.021,10000000
10578,1001.698,10000000
10579,1000.545,10000000
10580,1006.073,10000000
10581,1002.301,10000000
10582,998.162,10000000
10583,1007.341,10000000
10584,1002.682,10000000
10585,1021.825,10000000
10586,1015.120,10000000
10587,1000.543,10000000
10588,1006.713,10000000
10589,1003.343,10000000
10590,997.389,10000000
10591,1006.406,10000000
10592,997.775,10000000
10593,999.711,10000000
10594,1001.577,10000000
10595,1000.786,10000000
10596,1005.168,10000000
10597,1025.467,10000000
10598,1016.657,10000000
10599,1006.720,10000000
10600,1006.626,10000000
10601,1005.497,10000000
10602,995.801,10000000
10603,1008.624,10000000
10604,1001.573,10000000
10605,1003.224,10000000
10606,1003.616,10000000
10607,996.497,10000000
10608,1002.836,10000000
10609,997.763,10000000
10610,1008.563,10000000
10611,1007.037,10000000
10612,998.147,10000000
10613,1005.251,10000000
10614,998.072,10000000
10615,1003.691,10000000
10616,1001.125,10000000
10617,998.205,10000000
10618,1001.710,10000000
10619,997.848,10000000
10620,1004.617,10000000
10621,1001.500,10000000
10622,1023.766,10000000
10623,1010.642,10000000
10624,997.611,10000000
10625,1003.640,10000000
10626,999.898,10000000
10627,1004.232,10000000
10628,1002.310,10000000
10629,997.073,10000000
10630,1007.422,10000000
10631,996.072,10000000
10632,997.692,10000000
10633,1001.021,10000000
10634,1022.512,10000000
10635,1012.476,10000000
10636,1003.710,10000000
10637,1005.097,10000000
10638,1006.780,10000000
10639,997.199,10000000
10640,1007.170,10000000
10641,1004.296,10000000
10642,1000.468,10000000
10643,1004.741,10000000
10644,1002.426,10000000
10645,1005.295,10000000
10646,1028.044,10000000
10647,1005.745,10000000
10648,1008.582,10000000
10649,1002.850,10000000
10650,995.904,10000000
10651,1005.406,10000000
10652,998.998,10000000
10653,1005.613,10000000
10654,1001.067,10000000
10655,997.351,10000000
10656,1002.908,10000000
10657,998.544,10000000
10658,1005.028,10000000
10659,1017.068,10000000
10660,1010.400,10000000
10661,1007.651,10000000
10662,997.747,10000000
10663,1006.871,10000000
10664,999.552,10000000
10665,1008.102,10000000
10666,1001.978,10000000
10667,997.466,10000000
10668,1005.912,10000000
10669,1000.213,10000000
10670,995.555,10000000
10671,1023.247,10000000
10672,1002.751,10000000
10673,1006.378,10000000
10674,1001.785,10000000
10675,997.907,10000000
10676,1003.352,10000000
10677,999.040,10000000
10678,1001.872,10000000
10679,1002.347,10000000
10680,996.396,10000000
10681,1004.141,10000000
10682,1003.507,10000000
10683,1020.170,10000000
10684,1011.995,10000000
10685,1008.475,10000000
10686,1007.389,10000000
10687,1002.375,10000000
10688,998.994,10000000
10689,1000.200,10000000
10690,999.307,10000000
10691,995.147,10000000
10692,1004.353,10000000
10693,996.700,10000000
10694,1003.658,10000000
10695,1028.805,10000000
10696,1013.557,10000000
10697,1006.618,10000000
10698,999.558,10000000
10699,1008.051,10000000
10700,1001.589,10000000
10701,995.788,10000000
10702,1004.751,10000000
10703,1002.791,10000000
10704,1003.021,10000000
10705,1004.809,10000000
10706,1000.690,10000000
10707,1005.566,10000000
10708,1017.235,10000000
10709,1000.450,10000000
10710,1004.569,10000000
10711,1003.174,10000000
10712,996.389,10000000
10713,1001.174,10000000
10714,999.912,10000000
10715,1004.447,10000000
10716,1001.992,10000000
10717,998.904,10000000
10718,1009.014,10000000
10719,1000.881,10000000
10720,1015.916,10000000
10721,1015.465,10000000
10722,1002.219,10000000
10723,1004.477,10000000
10724,1004.262,10000000
10725,997.481,10000000
10726,1006.141,10000000
10727,998.603,10000000
10728,995.622,10000000
10729,1003.042,10000000
10730,994.672,10000000
10731,1000.918,10000000
10732,1021.178,10000000
10733,1004.879,10000000
10734,1006.008,10000000
10735,1001.506,10000000
10736,1004.776,10000000
10737,1000.816,10000000
10738,1002.041,10000000
10739,1005.879,10000000
10740,997.600,10000000
10741,1007.428,10000000
10742,1004.714,10000000
10743,1002.743,10000000
10744,1032.667,10000000
10745,1010.874,10000000
10746,1009.362,10000000
10747,1003.086,10000000
10748,998.458,10000000
10749,997.034,10000000
10750,1002.118,10000000
10751,994.842,10000000
10752,1005.331,10000000
10753,999.631,10000000
10754,999.923,10000000
10755,1002.488,10000000
10756,1005.825,10000000
10757,1018.724,10000000
10758,1010.115,10000000
10759,1001.514,10000000
10760,1007.935,10000000
10761,1003.411,10000000
10762,996.197,10000000
10763,1003.228,10000000
10764,999.099,10000000
10765,1000.882,10000000
10766,1005.237,10000000
10767,1000.443,10000000
10768,992.840,10000000
10769,1020.871,10000000
10770,1002.901,10000000
10771,1005.635,10000000
10772,1004.871,10000000
10773,1001.075,10000000
10774,1002.633,10000000
10775,997.521,10000000
10776,1006.191,10000000
10777,999.608,10000000
10778,1006.007,10000000
10779,1001.850,10000000
10780,995.794,10000000
10781,1026.079,10000000
10782,1004.505,10000000
10783,1007.738,10000000
10784,1002.435,10000000
10785,1000.831,10000000
10786,1003.592,10000000
10787,2154.758,10000000
10788,2737.421,10000000
10789,2985.577,10000000
10790,3088.027,10000000
10791,3133.582,10000000
10792,3107.798,10000000
10793,1940.039,10000000
10794,1353.778,10000000
10795,1126.527,10000000
10796,1052.144,10000000
10797,1019.109,10000000
10798,1003.501,10000000
10799,1010.317,10000000
10800,1000.959,10000000
10801,1005.966,10000000
10802,1001.311,10000000
10803,1003.570,10000000
10804,1001.174,10000000
10805,1009.987,10000000
10806,1013.599,10000000
10807,1010.068,10000000
10808,1000.098,10000000
10809,999.413,10000000
10810,998.953,10000000
10811,995.523,10000000
10812,1001.113,10000000
10813,1000.065,10000000
10814,995.575,10000000
10815,1002.076,10000000
10816,1000.100,10000000
10817,1002.297,10000000
10818,1018.817,10000000
10819,1003.403,10000000
10820,1007.486,10000000
10821,1003.040,10000000
10822,1001.775,10000000
10823,1001.978,10000000
10824,997.171,10000000
10825,1005.010,10000000
10826,1004.503,10000000
10827,997.681,10000000
10828,1001.026,10000000
10829,1000.286,10000000
10830,1015.033,10000000
10831,1011.956,10000000
10832,1001.274,10000000
10833,1007.072,10000000
10834,1003.243,10000000
10835,995.038,10000000
10836,1005.644,10000000
10837,999.654,10000000
10838,1001.932,10000000
10839,1003.724,10000000
10840,993.875,10000000
10841,1002.424,10000000
10842,1025.186,10000000
10843,1015.019,10000000
10844,1003.995,10000000
10845,998.959,10000000
10846,1005.400,10000000
10847,1001.683,10000000
10848,990.238,10000000
10849,1002.224,10000000
10850,995.570,10000000
10851,1001.265,10000000
10852,998.262,10000000
10853,1004.646,10000000
10854,1021.991,10000000
10855,1006.678,10000000
10856,1009.044,10000000
10857,1001.536,10000000
10858,1003.321,10000000
10859,1001.899,10000000
10860,997.425,10000000
10861,1005.451,10000000
10862,1001.174,10000000
10863,999.929,10000000
10864,1000.346,10000000
10865,995.778,10000000
10866,1000.800,10000000
10867,1015.663,10000000
10868,1001.766,10000000
10869,1006.686,10000000
10870,999.455,10000000
10871,1006.198,10000000
10872,1002.734,10000000
10873,1000.064,10000000
10874,1003.067,10000000
10875,997.479,10000000
10876,1002.638,10000000
10877,999.045,10000000
10878,998.309,10000000
10879,1024.719,10000000
10880,1008.499,10000000
10881,1004.596,10000000
10882,1003.176,10000000
10883,999.007,10000000
10884,1005.432,10000000
10885,1001.645,10000000
10886,991.457,10000000
10887,998.666,10000000
10888,1001.153,10000000
10889,993.302,10000000
10890,1006.240,10000000
10891,1023.577,10000000
10892,1011.279,10000000
10893,1004.751,10000000
10894,995.490,10000000
10895,1007.590,10000000
10896,999.434,10000000
10897,1001.411,10000000
10898,1001.091,10000000
10899,996.510,10000000
10900,1005.614,10000000
10901,1000.242,10000000
10902,1005.885,10000000
10903,1027.464,10000000
10904,1012.092,10000000
10905,996.989,10000000
10906,1005.143,10000000
10907,994.517,10000000
10908,1003.267,10000000
10909,1000.771,10000000
10910,996.946,10000000
10911,1001.388,10000000
10912,999.070,10000000
10913,1004.399,10000000
10914,1000.933,10000000
10915,999.606,10000000
10916,1018.929,10000000
10917,1002.967,10000000
10918,1007.439,10000000
10919,1002.872,10000000
10920,998.861,10000000
10921,1004.683,10000000
10922,1001.189,10000000
10923,994.932,10000000
10924,1004.706,10000000
10925,1000.150,10000000
10926,994.302,10000000
10927,1003.213,10000000
10928,1016.339,10000000
10929,1010.104,10000000
10930,1004.033,10000000
10931,996.832,10000000
10932,1005.482,10000000
10933,1002.703,10000000
10934,1004.329,10000000
10935,1004.568,10000000
10936,998.102,10000000
10937,1002.774,10000000
10938,1002.045,10000000
10939,998.405,10000000
10940,1029.310,10000000
10941,1008.902,10000000
10942,999.905,10000000
10943,1004.789,10000000
10944,997.831,10000000
10945,995.593,10000000
10946,1001.622,10000000
10947,995.429,10000000
10948,1003.432,10000000
10949,999.936,10000000
10950,1004.374,10000000
10951,1002.721,10000000
10952,1027.683,10000000
10953,1014.119,10000000
10954,1004.373,10000000
10955,1007.728,10000000
10956,1003.390,10000000
10957,1000.277,10000000
10958,1004.063,10000000
10959,998.723,10000000
10960,1005.285,10000000
10961,998.728,10000000
10962,991.595,10000000
10963,1004.555,10000000
10964,998.423,10000000
10965,1016.735,10000000
10966,1004.862,10000000
10967,1006.088,10000000
10968,1001.154,10000000
10969,998.280,10000000
10970,1004.449,10000000
10971,998.733,10000000
10972,1008.896,10000000
10973,999.812,10000000
10974,999.493,10000000
10975,1001.768,10000000
10976,997.886,10000000
10977,1022.275,10000000
10978,1006.743,10000000
10979,1002.119,10000000
10980,1006.976,10000000
10981,997.462,10000000
10982,993.681,10000000
10983,1004.248,10000000
10984,999.179,10000000
10985,1000.475,10000000
10986,1003.133,10000000
10987,997.996,10000000
10988,1004.635,10000000
10989,1024.016,10000000
10990,1009.765,10000000
10991,1009.050,10000000
10992,1001.909,10000000
10993,1005.144,10000000
10994,1002.837,10000000
10995,995.234,10000000
10996,1002.075,10000000
10997,1000.546,10000000
10998,1001.925,10000000
10999,1001.901,10000000
11000,993.499,10000000
11001,1032.052,10000000
11002,1009.832,10000000
11003,998.298,10000000
11004,1005.887,10000000
11005,1000.807,10000000
11006,998.261,10000000
11007,1002.104,10000000
11008,997.288,10000000
11009,1004.570,10000000
11010,1001.520,10000000
11011,995.546,10000000
11012,1004.087,10000000
11013,999.985,10000000
11014,1017.890,10000000
11015,1007.516,10000000
11016,996.938,10000000
11017,1002.405,10000000
11018,998.735,10000000
11019,1007.647,10000000
11020,1000.967,10000000
11021,993.491,10000000
11022,1005.459,10000000
11023,998.088,10000000
11024,1003.841,10000000
11025,999.299,10000000
11026,1021.558,10000000
11027,1006.330,10000000
11028,998.878,10000000
11029,1003.882,10000000
11030,995.858,10000000
11031,1005.072,10000000
11032,1001.532,10000000
11033,1002.185,10000000
11034,1005.130,10000000
11035,998.924,10000000
11036,1006.641,10000000
11037,1002.097,10000000
11038,1029.348,10000000
11039,1009.360,10000000
11040,1000.809,10000000
11041,1003.001,10000000
11042,997.860,10000000
11043,1000.686,10000000
11044,1003.823,10000000
11045,994.631,10000000
11046,1003.095,10000000
11047,1000.138,10000000
11048,1005.903,10000000
11049,1000.706,10000000
11050,1028.716,10000000
11051,1016.174,10000000
11052,1002.536,10000000
11053,1008.537,10000000
11054,1000.972,10000000
11055,1009.044,10000000
11056,1002.940,10000000
11057,996.630,10000000
11058,1002.198,10000000
11059,995.566,10000000
11060,995.432,10000000
11061,1002.576,10000000
11062,1000.006,10000000
11063,1018.102,10000000
11064,1007.603,10000000
11065,1002.115,10000000
11066,1002.878,10000000
11067,999.343,10000000
11068,1003.963,10000000
11069,1002.563,10000000
11070,998.374,10000000
11071,1008.784,10000000
11072,999.683,10000000
11073,1003.187,10000000
11074,1003.378,10000000
11075,1012.891,10000000
11076,1009.086,10000000
11077,1002.153,10000000
11078,1004.923,10000000
11079,1002.509,10000000
11080,997.704,10000000
11081,1002.522,10000000
11082,999.436,10000000
11083,1000.876,10000000
11084,1000.032,10000000
11085,999.568,10000000
11086,1002.374,10000000
11087,1020.372,10000000
11088,1015.793,10000000
11089,1004.273,10000000
11090,1004.785,10000000
11091,1001.704,10000000
11092,1000.394,10000000
11093,1005.769,10000000
11094,1001.056,10000000
11095,999.185,10000000
11096,1003.800,10000000
11097,998.618,10000000
11098,1003.760,10000000
11099,1029.410,10000000
11100,1004.612,10000000
11101,1009.262,10000000
11102,998.970,10000000
11103,999.301,10000000
11104,1000.917,10000000
11105,1000.512,10000000
11106,1002.934,10000000
11107,996.935,10000000
11108,1006.425,10000000
11109,998.740,10000000
11110,1006.786,10000000
11111,1011.045,10000000
11112,1012.639,10000000
11113,1011.002,10000000
11114,1000.810,10000000
11115,1005.574,10000000
11116,1002.425,10000000
11117,998.953,10000000
11118,1008.762,10000000
11119,1003.004,10000000
11120,996.226,10000000
11121,999.589,10000000
11122,1000.163,10000000
11123,1002.241,10000000
11124,1019.314,10000000
11125,1003.273,10000000
11126,1009.094,10000000
11127,999.625,10000000
11128,1003.931,10000000
11129,1002.690,10000000
11130,999.070,10000000
11131,1007.765,10000000
11132,1004.388,10000000
11133,996.549,10000000
11134,1005.985,10000000
11135,1000.673,10000000
11136,1023.947,10000000
11137,1013.876,10000000
11138,1001.376,10000000
11139,993.206,10000000
11140,1002.045,10000000
11141,995.388,10000000
11142,1001.700,10000000
11143,998.470,10000000
11144,1001.202,10000000
11145,1000.123,10000000
11146,997.783,10000000
11147,1002.638,10000000
11148,1022.795,10000000
11149,1012.177,10000000
11150,1007.336,10000000
11151,998.998,10000000
11152,1008.269,10000000
11153,1003.154,10000000
11154,1001.193,10000000
11155,1003.721,10000000
11156,997.938,10000000
11157,1003.641,10000000
11158,1001.617,10000000
11159,994.730,10000000
11160,1015.932,10000000
11161,1010.887,10000000
11162,1004.586,10000000
11163,1003.401,10000000
11164,997.628,10000000
11165,1006.553,10000000
11166,1001.372,10000000
11167,995.834,10000000
11168,1005.987,10000000
11169,997.012,10000000
11170,1005.376,10000000
11171,1003.580,10000000
11172,996.256,10000000
11173,1018.305,10000000
11174,1003.222,10000000
11175,1006.785,10000000
11176,998.649,10000000
11177,992.716,10000000
11178,1005.780,10000000
11179,995.793,10000000
11180,990.885,10000000
11181,1001.692,10000000
11182,995.882,10000000
11183,1002.697,10000000
11184,1000.514,10000000
11185,1019.437,10000000
11186,1010.090,10000000
11187,1002.735,10000000
11188,1003.657,10000000
11189,1002.319,10000000
11190,997.507,10000000
11191,1006.188,10000000
11192,1000.055,10000000
11193,1005.396,10000000
11194,1002.213,10000000
11195,994.882,10000000
11196,1003.953,10000000
11197,1024.690,10000000
11198,1005.539,10000000
11199,1005.235,10000000
11200,996.007,10000000
11201,1003.466,10000000
11202,1000.450,10000000
11203,1001.460,10000000
11204,1005.278,10000000
11205,998.107,10000000
11206,1007.048,10000000
11207,1003.411,10000000
11208,993.863,10000000
11209,1029.311,10000000
11210,1011.971,10000000
11211,1007.014,10000000
11212,1004.543,10000000
11213,997.428,10000000
11214,1005.390,10000000
11215,1001.797,10000000
11216,997.665,10000000
11217,999.024,10000000
11218,1002.611,10000000
11219,995.310,10000000
11220,1006.122,10000000
11221,998.221,10000000
11222,1018.987,10000000
11223,1008.870,10000000
11224,1001.818,10000000
11225,1003.941,10000000
11226,998.772,10000000
11227,1003.022,10000000
11228,1001.196,10000000
11229,993.232,10000000
11230,1003.201,10000000
11231,1000.352,10000000
11232,1000.069,10000000
11233,1001.615,10000000
11234,1019.635,10000000
11235,1000.308,10000000
11236,1003.972,10000000
11237,994.978,10000000
11238,1003.349,10000000
11239,997.968,10000000
11240,997.292,10000000
11241,1003.498,10000000
11242,997.418,10000000
11243,1005.457,10000000
11244,1000.289,10000000
11245,1000.698,10000000
11246,1026.781,10000000
11247,1006.503,10000000
11248,1006.278,10000000
11249,1002.071,10000000
11250,1000.117,10000000
11251,1003.619,10000000
11252,998.569,10000000
11253,1004.840,10000000
11254,1003.038,10000000
11255,994.444,10000000
11256,998.682,10000000
11257,999.750,10000000
11258,1015.857,10000000
11259,1014.122,10000000
11260,1002.570,10000000
11261,1005.096,10000000
11262,1000.980,10000000
11263,996.946,10000000
11264,1003.654,10000000
11265,997.141,10000000
11266,1006.457,10000000
11267,1004.983,10000000
11268,1004.694,10000000
11269,1004.008,10000000
11270,1000.469,10000000
11271,1023.276,10000000
11272,1007.079,10000000
11273,997.923,10000000
11274,1005.608,10000000
11275,998.807,10000000
11276,997.590,10000000
11277,998.992,10000000
11278,997.992,10000000
11279,1001.219,10000000
11280,995.877,10000000
11281,1005.100,10000000
11282,1000.251,10000000
11283,1017.456,10000000
11284,1014.119,10000000
11285,999.952,10000000
11286,1006.308,10000000
11287,1002.403,10000000
11288,1001.250,10000000
11289,1004.512,10000000
11290,998.905,10000000
11291,1005.853,10000000
11292,1000.930,10000000
11293,2302.763,10000000
11294,2818.189,10000000
11295,3037.243,10000000
11296,3107.162,10000000
11297,3145.220,10000000
11298,2923.695,10000000
11299,1720.961,10000000
11300,1261.273,10000000
11301,1104.200,10000000
11302,1036.592,10000000
11303,1017.958,10000000
11304,1008.507,10000000
11305,998.457,10000000
11306,1006.028,10000000
11307,1026.395,10000000
11308,1016.028,10000000
11309,1008.410,10000000
11310,999.504,10000000
11311,995.695,10000000
11312,1000.567,10000000
11313,996.438,10000000
11314,1001.336,10000000
11315,998.828,10000000
11316,999.613,10000000
11317,999.378,10000000
11318,998.211,10000000
11319,1005.873,10000000
11320,1012.487,10000000
11321,1009.395,10000000
11322,1007.625,10000000
11323,1002.412,10000000
11324,1004.506,10000000
11325,1002.545,10000000
11326,993.878,10000000
11327,1003.493,10000000
11328,1001.619,10000000
11329,994.002,10000000
11330,1003.539,10000000
11331,995.580,10000000
11332,1014.527,10000000
11333,1006.548,10000000
11334,995.945,10000000
11335,1004.623,10000000
11336,1000.993,10000000
11337,1003.470,10000000
11338,1003.943,10000000
11339,997.175,10000000
11340,1008.853,10000000
11341,1000.029,10000000
11342,1003.435,10000000
11343,1001.893,10000000
11344,1018.124,10000000
11345,1014.794,10000000
11346,1002.276,10000000
11347,1003.813,10000000
11348,1002.845,10000000
11349,996.445,10000000
11350,1005.755,10000000
11351,1000.332,10000000
11352,998.873,10000000
11353,1000.603,10000000
11354,997.254,10000000
11355,1004.179,10000000
11356,1028.040,10000000
11357,1009.677,10000000
11358,1005.752,10000000
11359,995.442,10000000
11360,1005.760,10000000
11361,997.916,10000000
11362,999.108,10000000
11363,1004.128,10000000
11364,999.117,10000000
11365,1004.225,10000000
11366,1000.539,10000000
11367,997.438,10000000
11368,1008.287,10000000
11369,1012.342,10000000
11370,998.036,10000000
11371,1004.543,10000000
11372,996.728,10000000
11373,1000.354,10000000
11374,1000.062,10000000
11375,999.435,10000000
11376,1000.834,10000000
11377,997.229,10000000
11378,1005.244,10000000
11379,1001.123,10000000
11380,1000.799,10000000
11381,1020.635,10000000
11382,1005.394,10000000
11383,1006.435,10000000
11384,1000.637,10000000
11385,999.725,10000000
11386,1005.994,10000000
11387,998.777,10000000
11388,1006.976,10000000
11389,1002.904,10000000
11390,993.708,10000000
11391,1000.219,10000000
11392,998.124,10000000
11393,1016.786,10000000
11394,1010.984,10000000
11395,998.588,10000000
11396,1005.134,10000000
11397,1001.225,10000000
11398,996.966,10000000
11399,1003.274,10000000
11400,998.826,10000000
11401,1004.394,10000000
11402,1001.189,10000000
11403,997.594,10000000
11404,1004.583,10000000
11405,1025.126,10000000
11406,1008.556,10000000
11407,1007.144,10000000
11408,999.665,10000000
11409,999.363,10000000
11410,1000.821,10000000
11411,995.696,10000000
11412,1002.809,10000000
11413,999.217,10000000
11414,998.535,10000000
11415,1001.964,10000000
11416,999.844,10000000
11417,1013.321,10000000
11418,1011.689,10000000
11419,1004.855,10000000
11420,1007.926,10000000
11421,1000.894,10000000
11422,1005.622,10000000
11423,1000.287,10000000
11424,1002.609,10000000
11425,1003.167,10000000
11426,998.451,10000000
11427,1006.439,10000000
11428,1000.642,10000000
11429,995.896,10000000
11430,1019.870,10000000
11431,1003.962,10000000
11432,1002.501,10000000
11433,1001.638,10000000
11434,1000.656,10000000
11435,1004.105,10000000
11436,999.169,10000000
11437,1005.643,10000000
11438,1002.872,10000000
11439,1002.708,10000000
11440,1005.624,10000000
11441,999.684,10000000
11442,1025.169,10000000
11443,1010.268,10000000
11444,1003.830,10000000
11445,1005.906,10000000
11446,997.748,10000000
11447,1006.030,10000000
11448,1000.127,10000000
11449,993.219,10000000
11450,1000.111,10000000
11451,1000.929,10000000
11452,998.606,10000000
11453,1004.240,10000000
11454,1022.821,10000000
11455,1014.056,10000000
11456,1005.337,10000000
11457,1005.467,10000000
11458,1000.725,10000000
11459,999.726,10000000
11460,1006.480,10000000
11461,1000.652,10000000
11462,995.500,10000000
11463,1006.222,10000000
11464,999.848,10000000
11465,1000.445,10000000
11466,1016.782,10000000
11467,1010.593,10000000
11468,1010.691,10000000
11469,1001.836,10000000
11470,996.094,10000000
11471,1004.538,10000000
11472,995.557,10000000
11473,1002.064,10000000
11474,998.443,10000000
11475,996.769,10000000
11476,1001.126,10000000
11477,998.835,10000000
11478,1001.725,10000000
11479,1015.833,10000000
11480,1002.816,10000000
11481,1004.195,10000000
11482,995.713,10000000
11483,1004.037,10000000
11484,1000.743,10000000
11485,1005.279,10000000
11486,1004.718,10000000
11487,996.023,10000000
11488,1006.155,10000000
11489,1000.240,10000000
11490,994.207,10000000
11491,1023.201,10000000
11492,1006.671,10000000
11493,1003.370,10000000
11494,1002.978,10000000
11495,1000.199,10000000
11496,1002.880,10000000
11497,997.470,10000000
11498,1005.342,10000000
11499,1002.524,10000000
11500,995.435,10000000
11501,1004.131,10000000
11502,1003.017,10000000
11503,1029.519,10000000
11504,1017.006,10000000
11505,1001.209,10000000
11506,1009.782,10000000
11507,998.269,10000000
11508,995.255,10000000
11509,1003.464,10000000
11510,997.085,10000000
11511,997.419,10000000
11512,1002.448,10000000
11513,994.377,10000000
11514,1006.274,10000000
11515,1024.178,10000000
11516,1005.490,10000000
11517,1010.325,10000000
11518,1001.451,10000000
11519,1008.249,10000000
11520,1003.743,10000000
11521,996.823,10000000
11522,1005.725,10000000
11523,1003.144,10000000
11524,1005.012,10000000
11525,1002.652,10000000
11526,995.083,10000000
11527,1005.128,10000000
11528,1012.745,10000000
11529,999.449,10000000
11530,1003.663,10000000
11531,995.608,10000000
11532,1000.751,10000000
11533,998.117,10000000
11534,1002.179,10000000
11535,1000.631,10000000
11536,998.282,10000000
11537,1005.022,10000000
11538,998.319,10000000
11539,1004.976,10000000
11540,1023.179,10000000
11541,1002.541,10000000
11542,1007.242,10000000
11543,1001.991,10000000
11544,1002.793,10000000
11545,1003.629,10000000
11546,998.307,10000000
11547,1005.226,10000000
11548,1001.454,10000000
11549,989.755,10000000
11550,1003.077,10000000
11551,997.818,10000000
11552,1021.548,10000000
11553,1007.906,10000000
11554,999.251,10000000
11555,1004.533,10000000
11556,997.771,10000000
11557,1005.004,10000000
11558,1000.501,10000000
11559,995.353,10000000
11560,1003.779,10000000
11561,999.120,10000000
11562,1003.339,10000000
11563,1002.073,10000000
11564,1023.023,10000000
11565,1011.305,10000000
11566,1007.650,10000000
11567,996.432,10000000
11568,1003.871,10000000
11569,1002.112,10000000
11570,995.595,10000000
11571,1002.742,10000000
11572,998.669,10000000
11573,1000.357,10000000
11574,999.677,10000000
11575,999.623,10000000
11576,1000.911,10000000
11577,1012.471,10000000
11578,1009.524,10000000
11579,1005.465,10000000
11580,998.044,10000000
11581,1004.605,10000000
11582,1004.357,10000000
11583,995.070,10000000
11584,1004.984,10000000
11585,1001.142,10000000
11586,1001.271,10000000
11587,1003.476,10000000
11588,1002.243,10000000
11589,1014.409,10000000
11590,1012.223,10000000
11591,1001.244,10000000
11592,1000.342,10000000
11593,1003.222,10000000
11594,992.640,10000000
11595,1003.392,10000000
11596,999.200,10000000
11597,995.522,10000000
11598,1004.140,10000000
11599,997.504,10000000
11600,1004.518,10000000
11601,1027.277,10000000
11602,1005.703,10000000
11603,1008.465,10000000
11604,1000.716,10000000
11605,1003.548,10000000
11606,1002.374,10000000
11607,995.292,10000000
11608,1003.722,10000000
11609,1000.156,10000000
11610,992.347,10000000
11611,1002.373,10000000
11612,994.350,10000000
11613,1025.653,10000000
11614,1011.496,10000000
11615,1000.263,10000000
11616,1004.857,10000000
11617,1000.387,10000000
11618,1003.767,10000000
11619,1003.735,10000000
11620,995.857,10000000
11621,1006.079,10000000
11622,1003.453,10000000
11623,993.711,10000000
11624,1007.255,10000000
11625,999.541,10000000
11626,1017.812,10000000
11627,1009.759,10000000
11628,999.609,10000000
11629,1003.303,10000000
11630,998.451,10000000
11631,995.172,10000000
11632,1000.234,10000000
11633,995.896,10000000
11634,1003.774,10000000
11635,998.800,10000000
11636,1002.656,10000000
11637,1001.836,10000000
11638,1017.059,10000000
11639,1011.017,10000000
11640,1004.578,10000000
11641,996.688,10000000
11642,1005.041,10000000
11643,1000.287,10000000
11644,1002.212,10000000
11645,1003.958,10000000
11646,998.070,10000000
11647,1004.622,10000000
11648,1000.537,10000000
11649,993.074,10000000
11650,1027.499,10000000
11651,1007.929,10000000
11652,1003.087,10000000
11653,1005.026,10000000
11654,995.275,10000000
11655,1005.045,10000000
11656,1002.013,10000000
11657,1006.857,10000000
11658,1000.509,10000000
11659,1002.617,10000000
11660,1004.220,10000000
11661,997.355,10000000
11662,1031.122,10000000
11663,1012.299,10000000
11664,999.879,10000000
11665,1006.773,10000000
11666,1000.599,10000000
11667,1003.352,10000000
11668,1003.618,10000000
11669,996.679,10000000
11670,1005.573,10000000
11671,999.572,10000000
11672,997.748,10000000
11673,1003.124,10000000
11674,995.231,10000000
11675,1019.961,10000000
11676,1005.067,10000000
11677,998.602,10000000
11678,1004.663,10000000
11679,998.128,10000000
11680,1002.208,10000000
11681,1002.120,10000000
11682,994.955,10000000
11683,1007.145,10000000
11684,1001.489,10000000
11685,1007.763,10000000
11686,1004.349,10000000
11687,1013.992,10000000
11688,1011.938,10000000
11689,1004.724,10000000
11690,995.660,10000000
11691,1006.871,10000000
11692,996.420,10000000
11693,1004.995,10000000
11694,1000.023,10000000
11695,1003.710,10000000
11696,1000.778,10000000
11697,996.915,10000000
11698,1005.135,10000000
11699,1025.122,10000000
11700,1013.763,10000000
11701,1008.367,10000000
11702,999.110,10000000
11703,1009.927,10000000
11704,1002.771,10000000
11705,1005.373,10000000
11706,1004.413,10000000
11707,996.760,10000000
11708,1004.529,10000000
11709,999.796,10000000
11710,995.570,10000000
11711,1029.302,10000000
11712,1007.777,10000000
11713,1008.402,10000000
11714,999.885,10000000
11715,1000.618,10000000
11716,1002.943,10000000
11717,995.324,10000000
11718,1003.730,10000000
11719,1001.215,10000000
11720,999.713,10000000
11721,1005.135,10000000
11722,998.392,10000000
11723,1003.599,10000000
11724,1016.306,10000000
11725,1003.044,10000000
11726,1005.309,10000000
11727,1000.531,10000000
11728,1003.055,10000000
11729,1004.710,10000000
11730,995.122,10000000
11731,1004.310,10000000
11732,996.893,10000000
11733,998.255,10000000
11734,1003.323,10000000
11735,994.987,10000000
11736,1022.928,10000000
11737,1007.014,10000000
11738,1003.932,10000000
11739,1003.686,10000000
11740,994.381,10000000
11741,1004.295,10000000
11742,999.053,10000000
11743,990.355,10000000
11744,1002.641,10000000
11745,997.946,10000000
11746,1001.191,10000000
11747,1004.353,10000000
11748,1016.590,10000000
11749,1011.505,10000000
11750,997.689,10000000
11751,990.158,10000000
11752,1002.338,10000000
11753,994.832,10000000
11754,1001.855,10000000
11755,995.634,10000000
11756,994.071,10000000
11757,1000.484,10000000
11758,995.155,10000000
11759,1001.703,10000000
11760,1023.156,10000000
11761,1010.210,10000000
11762,1005.177,10000000
11763,997.145,10000000
11764,1001.922,10000000
11765,998.212,10000000
11766,1006.525,10000000
11767,1001.242,10000000
11768,1000.508,10000000
11769,1002.481,10000000
11770,995.794,10000000
11771,1002.430,10000000
11772,999.120,10000000
11773,1004.938,10000000
11774,1002.408,10000000
11775,995.528,10000000
11776,1001.584,10000000
11777,993.332,10000000
11778,1001.188,10000000
11779,996.456,10000000
11780,1003.383,10000000
11781,1000.050,10000000
11782,993.948,10000000
11783,1004.564,10000000
11784,996.883,10000000
11785,1018.571,10000000
11786,1010.837,10000000
11787,999.349,10000000
11788,1006.539,10000000
11789,1000.516,10000000
11790,1002.390,10000000
11791,1003.830,10000000
11792,996.569,10000000
11793,1003.747,10000000
11794,998.439,10000000
11795,990.595,10000000
11796,1002.457,10000000
11797,1016.758,10000000
11798,1273.666,10000000
11799,2481.580,10000000
11800,2911.115,10000000
11801,3020.682,10000000
11802,3091.658,10000000
11803,3125.950,10000000
11804,2473.166,10000000
11805,1553.276,10000000
11806,1204.991,10000000
11807,1079.059,10000000
11808,1032.278,10000000
11809,1033.878,10000000
11810,1014.814,10000000
11811,1003.510,10000000
11812,998.876,10000000
11813,999.466,10000000
11814,994.678,10000000
11815,1004.871,10000000
11816,997.556,10000000
11817,999.330,10000000
11818,1000.791,10000000
11819,993.550,10000000
11820,1002.171,10000000
11821,1019.207,10000000
11822,1014.245,10000000
11823,1002.081,10000000
11824,1004.682,10000000
11825,1004.671,10000000
11826,997.530,10000000
11827,1002.779,10000000
11828,1000.266,10000000
11829,996.446,10000000
11830,1003.325,10000000
11831,1000.438,10000000
11832,997.733,10000000
11833,1004.541,10000000
11834,1012.648,10000000
11835,1008.958,10000000
11836,1006.103,10000000
11837,998.870,10000000
11838,996.923,10000000
11839,1003.680,10000000
11840,993.636,10000000
11841,1001.292,10000000
11842,999.746,10000000
11843,998.201,10000000
11844,1001.630,10000000
11845,998.898,10000000
11846,1019.708,10000000
11847,1010.072,10000000
11848,1001.928,10000000
11849,1008.216,10000000
11850,1003.200,10000000
11851,1002.094,10000000
11852,1009.709,10000000
11853,1000.416,10000000
11854,1003.010,10000000
11855,1002.978,10000000
11856,996.194,10000000
11857,1004.916,10000000
11858,1023.094,10000000
11859,1005.277,10000000
11860,1008.996,10000000
11861,996.127,10000000
11862,1000.994,10000000
11863,1002.430,10000000
11864,997.189,10000000
11865,1001.009,10000000
11866,998.731,10000000
11867,1004.588,10000000
11868,1000.148,10000000
11869,997.170,10000000
11870,1030.858,10000000
11871,1009.622,10000000
11872,1011.848,10000000
11873,1005.718,10000000
11874,995.653,10000000
11875,1004.686,10000000
11876,1002.262,10000000
11877,996.008,10000000
11878,1005.754,10000000
11879,1000.584,10000000
11880,993.800,10000000
11881,1003.761,10000000
11882,998.575,10000000
11883,1017.164,10000000
11884,1006.881,10000000
11885,999.823,10000000
11886,1001.834,10000000
11887,996.389,10000000
11888,1003.679,10000000
11889,1001.515,10000000
11890,1006.039,10000000
11891,1000.622,10000000
11892,994.488,10000000
11893,1002.683,10000000
11894,996.728,10000000
11895,1023.293,10000000
11896,1008.439,10000000
11897,999.409,10000000
11898,1006.009,10000000
11899,998.950,10000000
11900,1003.064,10000000
11901,1002.906,10000000
11902,997.366,10000000
11903,1001.803,10000000
11904,1001.202,10000000
11905,993.960,10000000
11906,1005.196,10000000
11907,1022.037,10000000
11908,1010.284,10000000
11909,1004.403,10000000
11910,998.304,10000000
11911,1007.369,10000000
11912,997.053,10000000
11913,1007.395,10000000
11914,1001.976,10000000
11915,999.595,10000000
11916,1007.230,10000000
11917,1000.717,10000000
11918,996.499,10000000
11919,1030.833,10000000
11920,1010.892,10000000
11921,1009.115,10000000
11922,1006.597,10000000
11923,997.057,10000000
11924,1004.109,10000000
11925,1001.873,10000000
11926,992.492,10000000
11927,1001.840,10000000
11928,998.817,10000000
11929,999.404,10000000
11930,1001.934,10000000
11931,995.082,10000000
11932,1017.129,10000000
11933,1003.649,10000000
11934,1001.438,10000000
11935,1003.930,10000000
11936,997.651,10000000
11937,1007.382,10000000
11938,1002.745,10000000
11939,997.498,10000000
11940,1005.956,10000000
11941,998.908,10000000
11942,1006.076,10000000
11943,1000.902,10000000
11944,1013.690,10000000
11945,1008.565,10000000
11946,998.650,10000000
11947,997.022,10000000
11948,1000.737,10000000
11949,995.800,10000000
11950,1003.039,10000000
11951,998.665,10000000
11952,1002.483,10000000
11953,1002.453,10000000
11954,1003.343,10000000
11955,1001.474,10000000
11956,1017.519,10000000
11957,1011.268,10000000
11958,1001.045,10000000
11959,1001.647,10000000
11960,1003.137,10000000
11961,998.869,10000000
11962,1002.244,10000000
11963,998.217,10000000
11964,1003.490,10000000
11965,1000.790,10000000
11966,1001.802,10000000
11967,1003.241,10000000
11968,1023.781,10000000
11969,1009.155,10000000
11970,1004.630,10000000
11971,996.753,10000000
11972,1001.685,10000000
11973,998.064,10000000
11974,1000.493,10000000
11975,1001.994,10000000
11976,993.842,10000000
11977,1004.111,10000000
11978,999.427,10000000
11979,999.392,10000000
11980,1002.611,10000000
11981,1009.013,10000000
11982,1007.226,10000000
11983,1002.000,10000000
11984,999.656,10000000
11985,1006.943,10000000
11986,1000.643,10000000
11987,1003.335,10000000
11988,1003.255,10000000
11989,997.060,10000000
11990,995.507,10000000
11991,999.490,10000000
11992,992.922,10000000
11993,1018.411,10000000
11994,1003.159,10000000
11995,1003.093,10000000
11996,1002.715,10000000
11997,997.658,10000000
11998,1005.258,10000000
11999,998.505,10000000
12000,1002.739,10000000
12001,1004.192,10000000
12002,998.428,10000000
12003,1006.000,10000000
12004,1000.555,10000000
12005,1022.369,10000000
12006,1011.092,10000000
12007,1000.534,10000000
12008,1004.536,10000000
12009,1000.081,10000000
12010,997.004,10000000
12011,1005.828,10000000
12012,996.744,10000000
12013,994.019,10000000
12014,1000.608,10000000
12015,993.001,10000000
12016,1000.473,10000000
12017,1024.907,10000000
12018,1010.593,10000000
12019,1003.479,10000000
12020,997.063,10000000
12021,1004.725,10000000
12022,998.273,10000000
12023,1005.890,10000000
12024,1002.090,10000000
12025,997.123,10000000
12026,1002.459,10000000
12027,997.269,10000000
12028,1002.829,10000000
12029,1008.528,10000000
12030,1005.432,10000000
12031,1008.091,10000000
12032,1002.620,10000000
12033,994.238,10000000
12034,1003.461,10000000
12035,998.040,10000000
12036,997.752,10000000
12037,1002.170,10000000
12038,995.827,10000000
12039,1005.512,10000000
12040,1000.323,10000000
12041,1003.620,10000000
12042,1017.633,10000000
12043,1003.496,10000000
12044,1004.390,10000000
12045,998.360,10000000
12046,1005.574,10000000
12047,997.473,10000000
12048,1004.105,10000000
12049,1001.454,10000000
12050,1002.084,10000000
12051,1001.522,10000000
12052,996.874,10000000
12053,1002.022,10000000
12054,1013.269,10000000
12055,1010.877,10000000
12056,1002.293,10000000
12057,998.215,10000000
12058,1000.027,10000000
12059,994.305,10000000
12060,1002.606,10000000
12061,998.236,10000000
12062,1003.320,10000000
12063,1001.715,10000000
12064,994.969,10000000
12065,1005.313,10000000
12066,1027.008,10000000
12067,1010.730,10000000
12068,1005.770,10000000
12069,999.814,10000000
12070,1004.580,10000000
12071,1000.269,10000000
12072,998.909,10000000
12073,1001.709,10000000
12074,995.926,10000000
12075,1006.970,10000000
12076,1000.702,10000000
12077,991.911,10000000
12078,1012.297,10000000
12079,1008.194,10000000
12080,998.259,10000000
12081,999.387,10000000
12082,995.397,10000000
12083,1003.772,10000000
12084,996.413,10000000
12085,1002.067,10000000
12086,1004.653,10000000
12087,997.108,10000000
12088,1004.601,10000000
12089,1001.052,10000000
12090,1001.810,10000000
12091,1015.826,10000000
12092,1002.799,10000000
12093,1005.304,10000000
12094,999.256,10000000
12095,995.585,10000000
12096,1002.999,10000000
12097,993.387,10000000
12098,1002.826,10000000
12099,996.235,10000000
12100,999.098,10000000
12101,999.477,10000000
12102,998.336,10000000
12103,1021.894,10000000
12104,1003.502,10000000
12105,1006.231,10000000
12106,1002.581,10000000
12107,1004.307,10000000
12108,1004.423,10000000
12109,1000.905,10000000
12110,1001.242,10000000
12111,997.089,10000000
12112,1005.652,10000000
12113,997.128,10000000
12114,1003.123,10000000
12115,1027.591,10000000
12116,1007.300,10000000
12117,1004.574,10000000
12118,997.819,10000000
12119,993.338,10000000
12120,1004.783,10000000
12121,995.568,10000000
12122,1000.290,10000000
12123,1002.449,10000000
12124,995.526,10000000
12125,1003.346,10000000
12126,997.469,10000000
12127,1021.474,10000000
12128,1015.993,10000000
12129,1001.495,10000000
12130,1007.119,10000000
12131,1001.723,10000000
12132,998.130,10000000
12133,1002.070,10000000
12134,998.237,10000000
12135,1006.106,10000000
12136,1000.594,10000000
12137,1002.114,10000000
12138,1001.181,10000000
12139,995.383,10000000
12140,1011.490,10000000
12141,1002.513,10000000
12142,995.122,10000000
12143,1001.186,10000000
12144,999.949,10000000
12145,1002.619,10000000
12146,1000.565,10000000
12147,995.198,10000000
12148,1004.650,10000000
12149,998.112,10000000
12150,1003.161,10000000
12151,1000.575,10000000
12152,1016.535,10000000
12153,1011.367,10000000
12154,1002.528,10000000
12155,1006.390,10000000
12156,1000.860,10000000
12157,996.991,10000000
12158,1001.916,10000000
12159,997.959,10000000
12160,991.756,10000000
12161,1004.306,10000000
12162,995.825,10000000
12163,1000.672,10000000
12164,1024.963,10000000
12165,1004.507,10000000
12166,1009.219,10000000
12167,1000.982,10000000
12168,1006.460,10000000
12169,999.815,10000000
12170,996.992,10000000
12171,1003.752,10000000
12172,1000.855,10000000
12173,1001.927,10000000
12174,1000.751,10000000
12175,996.554,10000000
12176,1029.928,10000000
12177,1011.897,10000000
12178,1003.127,10000000
12179,1002.860,10000000
12180,997.727,10000000
12181,993.262,10000000
12182,1000.434,10000000
12183,994.951,10000000
12184,1003.711,10000000
12185,1002.328,10000000
12186,998.784,10000000
12187,1004.303,10000000
12188,998.906,10000000
12189,1018.955,10000000
12190,1005.191,10000000
12191,1002.421,10000000
12192,1004.398,10000000
12193,996.133,10000000
12194,1003.796,10000000
12195,1002.365,10000000
12196,998.040,10000000
12197,1001.652,10000000
12198,998.722,10000000
12199,1002.452,10000000
12200,1001.547,10000000
12201,1013.293,10000000
12202,1004.698,10000000
12203,1004.701,10000000
12204,994.664,10000000
12205,1004.649,10000000
12206,998.849,10000000
12207,1003.648,10000000
12208,1002.242,10000000
12209,998.385,10000000
12210,1001.620,10000000
12211,996.690,10000000
12212,1004.299,10000000
12213,1026.294,10000000
12214,1003.533,10000000
12215,1006.947,10000000
12216,1002.235,10000000
12217,1005.178,10000000
12218,1002.920,10000000
12219,996.680,10000000
12220,1006.672,10000000
12221,1000.485,10000000
12222,991.869,10000000
12223,1000.038,10000000
12224,997.370,10000000
12225,1026.982,10000000
12226,1008.255,10000000
12227,1002.828,10000000
12228,1000.023,10000000
12229,997.305,10000000
12230,1004.861,10000000
12231,998.211,10000000
12232,999.407,10000000
12233,1001.258,10000000
12234,994.018,10000000
12235,1006.141,10000000
12236,999.125,10000000
12237,1002.913,10000000
12238,1016.330,10000000
12239,1001.462,10000000
12240,1003.753,10000000
12241,997.874,10000000
12242,992.031,10000000
12243,1005.153,10000000
12244,995.439,10000000
12245,999.833,10000000
12246,1001.359,10000000
12247,992.429,10000000
12248,1000.583,10000000
12249,998.805,10000000
12250,1020.376,10000000
12251,1004.514,10000000
12252,999.084,10000000
12253,1004.002,10000000
12254,998.433,10000000
12255,1001.848,10000000
12256,997.911,10000000
12257,1002.817,10000000
12258,1001.391,10000000
12259,995.272,10000000
12260,1005.208,10000000
12261,1002.522,10000000
12262,1017.266,10000000
12263,1011.959,10000000
12264,1001.094,10000000
12265,993.633,10000000
12266,1001.719,10000000
12267,995.959,10000000
12268,1004.293,10000000
12269,999.302,10000000
12270,1001.877,10000000
12271,1003.666,10000000
12272,997.088,10000000
12273,1003.398,10000000
12274,1025.623,10000000
12275,1010.133,10000000
12276,1008.293,10000000
12277,999.155,10000000
12278,1003.307,10000000
12279,1003.767,10000000
12280,997.152,10000000
12281,1005.414,10000000
12282,1002.094,10000000
12283,994.842,10000000
12284,1005.019,10000000
12285,999.682,10000000
12286,990.452,10000000
12287,1016.317,10000000
12288,1002.799,10000000
12289,1005.127,10000000
12290,1000.333,10000000
12291,1002.187,10000000
12292,999.585,10000000
12293,990.911,10000000
12294,1003.093,10000000
12295,995.425,10000000
12296,1004.212,10000000
12297,1000.944,10000000
12298,999.883,10000000
12299,1018.568,10000000
12300,1002.738,10000000
12301,1005.440,10000000
12302,1001.161,10000000
12303,1003.000,10000000
12304,1753.749,10000000
12305,2625.900,10000000
12306,2957.001,10000000
12307,3088.554,10000000
12308,3089.051,10000000
12309,3119.881,10000000
12310,2116.046,10000000
12311,1434.467,10000000
12312,1160.181,10000000
12313,1063.292,10000000
12314,1019.867,10000000
12315,1002.066,10000000
12316,1007.572,10000000
12317,1000.103,10000000
12318,1004.666,10000000
12319,1003.321,10000000
12320,996.579,10000000
12321,1004.950,10000000
12322,998.429,10000000
12323,1031.167,10000000
12324,1006.925,10000000
12325,996.717,10000000
12326,1006.403,10000000
12327,998.344,10000000
12328,998.542,10000000
12329,1000.246,10000000
12330,994.397,10000000
12331,1003.361,10000000
12332,995.494,10000000
12333,1004.324,10000000
12334,1000.264,10000000
12335,1018.522,10000000
12336,1012.645,10000000
12337,998.936,10000000
12338,1007.316,10000000
12339,999.776,10000000
12340,993.821,10000000
12341,1001.873,10000000
12342,995.458,10000000
12343,998.560,10000000
12344,999.664,10000000
12345,995.926,10000000
12346,1001.948,10000000
12347,1001.028,10000000
12348,1009.599,10000000
12349,1010.097,10000000
12350,997.280,10000000
12351,991.241,10000000
12352,1004.814,10000000
12353,997.139,10000000
12354,1002.313,10000000
12355,1001.156,10000000
12356,997.063,10000000
12357,1003.972,10000000
12358,999.096,10000000
12359,999.383,10000000
12360,1021.621,10000000
12361,1002.520,10000000
12362,1005.074,10000000
12363,1001.158,10000000
12364,991.901,10000000
12365,1000.369,10000000
12366,995.206,10000000
12367,1004.182,10000000
12368,996.411,10000000
12369,991.482,10000000
12370,1005.362,10000000
12371,995.819,10000000
12372,1024.890,10000000
12373,1008.238,10000000
12374,1000.499,10000000
12375,999.551,10000000
12376,994.203,10000000
12377,1002.255,10000000
12378,998.610,10000000
12379,993.027,10000000
12380,1004.494,10000000
12381,1000.066,10000000
12382,995.681,10000000
12383,1004.708,10000000
12384,1021.577,10000000
12385,1012.541,10000000
12386,1004.936,10000000
12387,996.648,10000000
12388,1002.887,10000000
12389,1001.201,10000000
12390,992.775,10000000
12391,1001.455,10000000
12392,996.137,10000000
12393,996.729,10000000
12394,999.675,10000000
12395,993.725,10000000
12396,1002.079,10000000
12397,1013.828,10000000
12398,1007.452,10000000
12399,1003.650,10000000
12400,995.614,10000000
12401,1001.982,10000000
12402,997.066,10000000
12403,1002.684,10000000
12404,1000.476,10000000
12405,998.044,10000000
12406,1005.464,10000000
12407,998.670,10000000
12408,997.768,10000000
12409,1021.408,10000000
12410,1002.471,10000000
12411,1005.667,10000000
12412,999.179,10000000
12413,994.250,10000000
12414,997.628,10000000
12415,994.895,10000000
12416,991.213,10000000
12417,998.288,10000000
12418,995.234,10000000
12419,1003.220,10000000
12420,999.613,10000000
12421,1016.752,10000000
12422,1012.352,10000000
12423,1004.662,10000000
12424,1002.567,10000000
12425,1003.178,10000000
12426,996.710,10000000
12427,1004.209,10000000
12428,1001.086,10000000
12429,1001.367,10000000
12430,1002.908,10000000
12431,996.833,10000000
12432,1003.226,10000000
12433,1022.724,10000000
12434,1007.802,10000000
12435,1007.767,10000000
12436,1000.849,10000000
12437,999.969,10000000
12438,999.539,10000000
12439,994.513,10000000
12440,1003.174,10000000
12441,997.049,10000000
12442,996.086,10000000
12443,997.953,10000000
12444,994.171,10000000
12445,999.403,10000000
12446,1014.645,10000000
12447,998.772,10000000
12448,1003.599,10000000
12449,998.254,10000000
12450,1000.294,10000000
12451,1004.381,10000000
12452,998.171,10000000
12453,1002.323,10000000
12454,999.762,10000000
12455,992.856,10000000
12456,994.633,10000000
12457,998.834,10000000
12458,1015.488,10000000
12459,1010.359,10000000
12460,1000.650,10000000
12461,996.915,10000000
12462,999.657,10000000
12463,998.334,10000000
12464,1001.385,10000000
12465,998.447,10000000
12466,994.333,10000000
12467,1003.168,10000000
12468,998.011,10000000
12469,1002.371,10000000
12470,1028.751,10000000
12471,1004.346,10000000
12472,1006.526,10000000
12473,1000.366,10000000
12474,994.458,10000000
12475,1004.823,10000000
12476,995.402,10000000
12477,995.709,10000000
12478,999.796,10000000
12479,994.510,10000000
12480,1002.758,10000000
12481,999.255,10000000
12482,1026.690,10000000
12483,1015.479,10000000
12484,1000.380,10000000
12485,1004.570,10000000
12486,1002.869,10000000
12487,994.542,10000000
12488,1003.131,10000000
12489,998.393,10000000
12490,993.883,10000000
12491,1002.858,10000000
12492,998.071,10000000
12493,1004.644,10000000
12494,1000.719,10000000
12495,1010.973,10000000
12496,999.905,10000000
12497,1002.557,10000000
12498,994.747,10000000
12499,1002.692,10000000
12500,999.614,10000000
12501,998.316,10000000
12502,1002.835,10000000
12503,997.786,10000000
12504,1004.084,10000000
12505,1002.138,10000000
12506,997.226,10000000
12507,1023.269,10000000
12508,1007.888,10000000
12509,999.167,10000000
12510,1006.343,10000000
12511,1001.389,10000000
12512,1001.749,10000000
12513,1003.462,10000000
12514,998.044,10000000
12515,1003.424,10000000
12516,1000.760,10000000
12517,991.781,10000000
12518,1001.264,10000000
12519,1026.589,10000000
12520,1009.336,10000000
12521,1003.842,10000000
12522,999.186,10000000
12523,1003.249,10000000
12524,1000.504,10000000
12525,997.241,10000000
12526,1003.962,10000000
12527,996.846,10000000
12528,1002.441,10000000
12529,1004.201,10000000
12530,995.477,10000000
12531,1031.614,10000000
12532,1009.392,10000000
12533,1006.960,10000000
12534,1001.664,10000000
12535,998.770,10000000
12536,990.701,10000000
12537,1000.294,10000000
12538,998.186,10000000
12539,1001.539,10000000
12540,998.640,10000000
12541,999.247,10000000
12542,1002.438,10000000
12543,997.003,10000000
12544,1013.604,10000000
12545,1003.840,10000000
12546,1003.393,10000000
12547,1003.075,10000000
12548,997.221,10000000
12549,1002.112,10000000
12550,999.304,10000000
12551,998.378,10000000
12552,1002.385,10000000
12553,998.572,10000000
12554,1004.923,10000000
12555,1003.166,10000000
12556,1013.270,10000000
12557,1004.728,10000000
12558,1001.789,10000000
12559,994.551,10000000
12560,1000.608,10000000
12561,997.321,10000000
12562,1001.689,10000000
12563,1001.303,10000000
12564,994.780,10000000
12565,1000.289,10000000
12566,997.773,10000000
12567,998.461,10000000
12568,1026.633,10000000
12569,1005.782,10000000
12570,1004.580,10000000
12571,1004.257,10000000
12572,996.685,10000000
12573,1003.198,10000000
12574,1004.263,10000000
12575,995.345,10000000
12576,1005.729,10000000
12577,1000.855,10000000
12578,996.122,10000000
12579,998.921,10000000
12580,1024.730,10000000
12581,1004.888,10000000
12582,1004.077,10000000
12583,996.498,10000000
12584,1000.397,10000000
12585,1000.542,10000000
12586,995.191,10000000
12587,1004.888,10000000
12588,1000.771,10000000
12589,994.838,10000000
12590,1003.823,10000000
12591,999.494,10000000
12592,991.732,10000000
12593,1016.343,10000000
12594,1004.769,10000000
12595,993.602,10000000
12596,1003.703,10000000
12597,998.264,10000000
12598,993.365,10000000
12599,995.473,10000000
12600,996.228,10000000
12601,996.022,10000000
12602,1001.305,10000000
12603,997.320,10000000
12604,1000.162,10000000
12605,1018.689,10000000
12606,1002.543,10000000
12607,1006.471,10000000
12608,1002.548,10000000
12609,994.420,10000000
12610,1002.393,10000000
12611,1001.601,10000000
12612,993.863,10000000
12613,1002.017,10000000
12614,1000.045,10000000
12615,997.669,10000000
12616,1000.579,10000000
12617,1021.020,10000000
12618,1000.647,10000000
12619,1004.552,10000000
12620,997.463,10000000
12621,1003.177,10000000
12622,1001.880,10000000
12623,992.855,10000000
12624,1004.425,10000000
12625,999.473,10000000
12626,992.992,10000000
12627,1004.218,10000000
12628,998.964,10000000
12629,1027.462,10000000
12630,1014.878,10000000
12631,1004.256,10000000
12632,1004.984,10000000
12633,1001.014,10000000
12634,995.315,10000000
12635,1002.932,10000000
12636,1000.909,10000000
12637,991.794,10000000
12638,1002.048,10000000
12639,995.177,10000000
12640,997.552,10000000
12641,1000.728,10000000
12642,1007.077,10000000
12643,1005.508,10000000
12644,1000.930,10000000
12645,1000.373,10000000
12646,999.966,10000000
12647,996.555,10000000
12648,1004.225,10000000
12649,998.136,10000000
12650,991.492,10000000
12651,1004.939,10000000
12652,999.192,10000000
12653,1000.693,10000000
12654,1021.662,10000000
12655,1000.536,10000000
12656,1008.515,10000000
12657,997.866,10000000
12658,992.860,10000000
12659,998.111,10000000
12660,998.705,10000000
12661,991.789,10000000
12662,998.433,10000000
12663,996.023,10000000
12664,1002.059,10000000
12665,999.770,10000000
12666,1016.004,10000000
12667,1012.138,10000000
12668,1003.222,10000000
12669,995.305,10000000
12670,1003.991,10000000
12671,999.796,10000000
12672,1001.403,10000000
12673,1001.238,10000000
12674,996.029,10000000
12675,1002.479,10000000
12676,999.471,10000000
12677,995.848,10000000
12678,1028.867,10000000
12679,1009.263,10000000
12680,993.444,10000000
12681,1000.457,10000000
12682,995.536,10000000
12683,993.693,10000000
12684,1000.061,10000000
12685,997.489,10000000
12686,1002.300,10000000
12687,998.185,10000000
12688,995.328,10000000
12689,1001.468,10000000
12690,1000.734,10000000
12691,1014.766,10000000
12692,1006.724,10000000
12693,994.164,10000000
12694,1003.326,10000000
12695,1000.266,10000000
12696,992.453,10000000
12697,1004.714,10000000
12698,998.034,10000000
12699,990.364,10000000
12700,1000.895,10000000
12701,996.956,10000000
12702,994.691,10000000
12703,1015.634,10000000
12704,1000.907,10000000
12705,1003.280,10000000
12706,999.241,10000000
12707,994.735,10000000
12708,1000.699,10000000
12709,995.455,10000000
12710,998.982,10000000
12711,999.152,10000000
12712,995.406,10000000
12713,1001.736,10000000
12714,997.690,10000000
12715,1019.568,10000000
12716,1010.251,10000000
12717,1002.860,10000000
12718,991.567,10000000
12719,1005.092,10000000
12720,1000.606,10000000
12721,992.677,10000000
12722,998.397,10000000
12723,993.922,10000000
12724,999.527,10000000
12725,999.798,10000000
12726,996.744,10000000
12727,1028.397,10000000
12728,1003.412,10000000
12729,1005.589,10000000
12730,1000.950,10000000
12731,994.501,10000000
12732,1002.915,10000000
12733,997.689,10000000
12734,1002.715,10000000
12735,1003.362,10000000
12736,996.476,10000000
12737,1003.259,10000000
12738,999.528,10000000
12739,1003.313,10000000
12740,1006.006,10000000
12741,1004.895,10000000
12742,996.191,10000000
12743,998.747,10000000
12744,998.053,10000000
12745,1004.011,10000000
12746,996.463,10000000
12747,1000.842,10000000
12748,1001.924,10000000
12749,994.854,10000000
12750,1005.104,10000000
12751,999.509,10000000
12752,1017.301,10000000
12753,1006.187,10000000
12754,997.460,10000000
12755,1005.377,10000000
12756,998.248,10000000
12757,1003.465,10000000
12758,1003.198,10000000
12759,994.957,10000000
12760,1001.084,10000000
12761,996.694,10000000
12762,996.659,10000000
12763,998.007,10000000
12764,1011.803,10000000
12765,1009.959,10000000
12766,1000.297,10000000
12767,1005.789,10000000
12768,1003.336,10000000
12769,999.490,10000000
12770,1004.778,10000000
12771,1001.194,10000000
12772,1000.313,10000000
12773,1003.504,10000000
12774,999.375,10000000
12775,1004.190,10000000
12776,1024.051,10000000
12777,1006.399,10000000
12778,1004.996,10000000
12779,999.777,10000000
12780,992.506,10000000
12781,1000.303,10000000
12782,992.493,10000000
12783,999.853,10000000
12784,1002.369,10000000
12785,995.824,10000000
12786,1001.943,10000000
12787,998.616,10000000
12788,1019.185,10000000
12789,1012.834,10000000
12790,1000.561,10000000
12791,1005.555,10000000
12792,1001.599,10000000
12793,999.694,10000000
12794,1004.296,10000000
12795,996.952,10000000
12796,1004.368,10000000
12797,1003.197,10000000
12798,997.327,10000000
12799,1002.151,10000000
12800,1001.690,10000000
12801,1009.607,10000000
12802,1002.187,10000000
12803,1005.383,10000000
12804,999.390,10000000
12805,1002.411,10000000
12806,1002.148,10000000
12807,995.931,10000000
12808,1001.053,10000000
12809,996.498,10000000
12810,2130.500,10000000
12811,2731.598,10000000
12812,2978.314,10000000
12813,3111.920,10000000
12814,3139.874,10000000
12815,3113.527,10000000
12816,1868.796,10000000
12817,1317.797,10000000
12818,1125.180,10000000
12819,1047.480,10000000
12820,1012.705,10000000
12821,1010.765,10000000
12822,1000.376,10000000
12823,995.167,10000000
12824,1005.180,10000000
12825,1020.849,10000000
12826,1008.066,10000000
12827,1003.302,10000000
12828,997.085,10000000
12829,1003.084,10000000
12830,1000.343,10000000
12831,995.171,10000000
12832,1003.543,10000000
12833,1000.087,10000000
12834,998.570,10000000
12835,1005.317,10000000
12836,998.081,10000000
12837,1026.378,10000000
12838,1012.818,10000000
12839,998.871,10000000
12840,1004.668,10000000
12841,1000.194,10000000
12842,991.006,10000000
12843,1002.062,10000000
12844,996.542,10000000
12845,994.023,10000000
12846,998.815,10000000
12847,994.526,10000000
12848,999.976,10000000
12849,997.788,10000000
12850,1013.253,10000000
12851,1009.575,10000000
12852,1001.345,10000000
12853,1000.834,10000000
12854,1003.887,10000000
12855,996.852,10000000
12856,1003.039,10000000
12857,1000.280,10000000
12858,995.441,10000000
12859,1001.421,10000000
12860,996.814,10000000
12861,999.285,10000000
12862,1016.010,10000000
12863,999.095,10000000
12864,996.093,10000000
12865,998.054,10000000
12866,989.654,10000000
12867,999.552,10000000
12868,997.739,10000000
12869,1003.983,10000000
12870,1001.828,10000000
12871,996.015,10000000
12872,1004.635,10000000
12873,997.993,10000000
12874,1021.346,10000000
12875,1011.135,10000000
12876,997.940,10000000
12877,1003.202,10000000
12878,998.955,10000000
12879,995.000,10000000
12880,1004.775,10000000
12881,995.156,10000000
12882,1000.450,10000000
12883,997.920,10000000
12884,993.891,10000000
12885,1003.488,10000000
12886,1023.996,10000000
12887,1000.738,10000000
12888,1003.289,10000000
12889,997.621,10000000
12890,999.704,10000000
12891,1000.123,10000000
12892,995.590,10000000
12893,1001.995,10000000
12894,996.768,10000000
12895,1002.659,10000000
12896,999.695,10000000
12897,994.993,10000000
12898,1001.186,10000000
12899,1010.191,10000000
12900,1007.131,10000000
12901,997.931,10000000
12902,1003.639,10000000
12903,998.908,10000000
12904,992.781,10000000
12905,992.697,10000000
12906,996.150,10000000
12907,991.381,10000000
12908,999.662,10000000
12909,996.956,10000000
12910,1001.016,10000000
12911,1014.553,10000000
12912,1001.902,10000000
12913,1002.230,10000000
12914,994.812,10000000
12915,1001.151,10000000
12916,998.618,10000000
12917,993.851,10000000
12918,999.500,10000000
12919,995.779,10000000
12920,1000.364,10000000
12921,1001.393,10000000
12922,998.009,10000000
12923,1027.267,10000000
12924,1009.359,10000000
12925,996.818,10000000
12926,1000.673,10000000
12927,998.383,10000000
12928,991.727,10000000
12929,997.605,10000000
12930,994.961,10000000
12931,997.524,10000000
12932,998.981,10000000
12933,994.778,10000000
12934,1003.069,10000000
12935,1026.175,10000000
12936,1006.873,10000000
12937,1007.871,10000000
12938,999.133,10000000
12939,1001.115,10000000
12940,1001.852,10000000
12941,994.824,10000000
12942,1004.124,10000000
12943,999.173,10000000
12944,1003.166,10000000
12945,999.214,10000000
12946,993.591,10000000
12947,992.241,10000000
12948,1012.754,10000000
12949,997.301,10000000
12950,1001.676,10000000
12951,993.488,10000000
12952,1001.347,10000000
12953,999.573,10000000
12954,1000.920,10000000
12955,997.692,10000000
12956,993.856,10000000
12957,1003.350,10000000
12958,998.966,10000000
12959,998.700,10000000
12960,1018.484,10000000
12961,1000.141,10000000
12962,1002.289,10000000
12963,1000.495,10000000
12964,996.290,10000000
12965,1002.252,10000000
12966,998.909,10000000
12967,992.583,10000000
12968,1002.296,10000000
12969,994.397,10000000
12970,999.421,10000000
12971,998.520,10000000
12972,1019.606,10000000
12973,1008.109,10000000
12974,1001.412,10000000
12975,997.521,10000000
12976,1003.888,10000000
12977,996.328,10000000
12978,996.741,10000000
12979,1001.417,10000000
12980,993.851,10000000
12981,1000.013,10000000
12982,999.380,10000000
12983,994.353,10000000
12984,1027.937,10000000
12985,1007.014,10000000
12986,996.520,10000000
12987,1004.445,10000000
12988,1000.250,10000000
12989,993.454,10000000
12990,1002.322,10000000
12991,993.660,10000000
12992,996.748,10000000
12993,1000.600,10000000
12994,992.207,10000000
12995,999.437,10000000
12996,997.045,10000000
12997,1013.809,10000000
12998,1005.097,10000000
12999,997.084,10000000
13000,1004.152,10000000
13001,997.937,10000000
13002,999.827,10000000
13003,999.974,10000000
13004,995.266,10000000
13005,999.828,10000000
13006,995.293,10000000
13007,997.541,10000000
13008,999.699,10000000
13009,1012.801,10000000
13010,999.943,10000000
13011,1001.102,10000000
13012,993.461,10000000
13013,1001.614,10000000
13014,997.039,10000000
13015,993.715,10000000
13016,999.546,10000000
13017,997.309,10000000
13018,997.268,10000000
13019,997.712,10000000
13020,995.450,10000000
13021,1022.214,10000000
13022,1005.858,10000000
13023,996.332,10000000
13024,1003.512,10000000
13025,996.362,10000000
13026,995.342,10000000
13027,1003.807,10000000
13028,995.712,10000000
13029,1001.563,10000000
13030,999.184,10000000
13031,989.900,10000000
13032,995.005,10000000
13033,1023.366,10000000
13034,1001.492,10000000
13035,1005.887,10000000
13036,997.663,10000000
13037,1001.909,10000000
13038,998.831,10000000
13039,993.431,10000000
13040,1002.723,10000000
13041,995.915,10000000
13042,1000.927,10000000
13043,1000.610,10000000
13044,992.660,10000000
13045,1004.701,10000000
13046,1010.627,10000000
13047,1005.981,10000000
13048,1002.018,10000000
13049,995.929,10000000
13050,1004.211,10000000
13051,998.753,10000000
13052,992.090,10000000
13053,994.450,10000000
13054,997.038,10000000
13055,994.030,10000000
13056,1000.958,10000000
13057,998.621,10000000
13058,1016.119,10000000
13059,1006.043,10000000
13060,996.350,10000000
13061,1005.420,10000000
13062,998.353,10000000
13063,992.105,10000000
13064,1002.644,10000000
13065,997.684,10000000
13066,997.090,10000000
13067,1001.256,10000000
13068,995.796,10000000
13069,1004.145,10000000
13070,1021.123,10000000
13071,1001.758,10000000
13072,1005.564,10000000
13073,996.826,10000000
13074,993.481,10000000
13075,999.157,10000000
13076,991.191,10000000
13077,1000.537,10000000
13078,993.929,10000000
13079,999.108,10000000
13080,996.703,10000000
13081,992.738,10000000
13082,1027.956,10000000
13083,1006.828,10000000
13084,1000.228,10000000
13085,1003.141,10000000
13086,1000.880,10000000
13087,1001.058,10000000
13088,1000.059,10000000
13089,994.983,10000000
13090,1004.637,10000000
13091,1000.559,10000000
13092,997.471,10000000
13093,1002.871,10000000
13094,1004.802,10000000
13095,1005.408,10000000
13096,1003.852,10000000
13097,995.409,10000000
13098,1000.903,10000000
13099,996.709,10000000
13100,997.688,10000000
13101,1002.857,10000000
13102,996.288,10000000
13103,1001.209,10000000
13104,998.770,10000000
13105,997.208,10000000
13106,1004.698,10000000
13107,1015.119,10000000
13108,1009.844,10000000
13109,1001.492,10000000
13110,994.461,10000000
13111,1004.239,10000000
13112,994.535,10000000
13113,1002.029,10000000
13114,1001.479,10000000
13115,992.907,10000000
13116,998.944,10000000
13117,998.522,10000000
13118,998.510,10000000
13119,1020.852,10000000
13120,1007.861,10000000
13121,1002.988,10000000
13122,997.390,10000000
13123,1005.030,10000000
13124,1000.490,10000000
13125,994.670,10000000
13126,1005.520,10000000
13127,997.670,10000000
13128,999.752,10000000
13129,998.247,10000000
13130,991.744,10000000
13131,1029.564,10000000
13132,1007.494,10000000
13133,1006.058,10000000
13134,1001.579,10000000
13135,994.628,10000000
13136,1002.557,10000000
13137,995.767,10000000
13138,996.699,10000000
13139,1000.593,10000000
13140,990.724,10000000
13141,1004.026,10000000
13142,997.207,10000000
13143,1016.690,10000000
13144,1011.919,10000000
13145,1004.375,10000000
13146,1001.115,10000000
13147,995.601,10000000
13148,1005.164,10000000
13149,998.293,10000000
13150,1004.211,10000000
13151,1000.873,10000000
13152,997.713,10000000
13153,1005.971,10000000
13154,1001.196,10000000
13155,998.553,10000000
13156,1019.182,10000000
13157,1004.106,10000000
13158,994.873,10000000
13159,1000.974,10000000
13160,996.410,10000000
13161,998.196,10000000
13162,999.328,10000000
13163,995.220,10000000
13164,1004.058,10000000
13165,999.550,10000000
13166,997.661,10000000
13167,1003.335,10000000
13168,1018.705,10000000
13169,1011.541,10000000
13170,1000.122,10000000
13171,999.447,10000000
13172,1004.809,10000000
13173,1000.961,10000000
13174,1001.261,10000000
13175,1003.469,10000000
13176,996.997,10000000
13177,1005.872,10000000
13178,1000.235,10000000
13179,995.889,10000000
13180,1022.949,10000000
13181,1008.704,10000000
13182,994.526,10000000
13183,1002.587,10000000
13184,999.368,10000000
13185,1002.433,10000000
13186,998.600,10000000
13187,995.000,10000000
13188,1002.447,10000000
13189,1000.743,10000000
13190,999.587,10000000
13191,1001.781,10000000
13192,1015.148,10000000
13193,1016.957,10000000
13194,1003.933,10000000
13195,1001.976,10000000
13196,1003.459,10000000
13197,995.126,10000000
13198,1001.760,10000000
13199,997.189,10000000
13200,995.095,10000000
13201,1001.252,10000000
13202,994.768,10000000
13203,1005.767,10000000
13204,995.698,10000000
13205,1018.546,10000000
13206,1004.625,10000000
13207,1007.911,10000000
13208,1000.860,10000000
13209,995.464,10000000
13210,1001.135,10000000
13211,997.236,10000000
13212,1001.099,10000000
13213,999.250,10000000
13214,1001.546,10000000
13215,1001.802,10000000
13216,995.281,10000000
13217,1020.915,10000000
13218,1005.322,10000000
13219,992.523,10000000
13220,1004.248,10000000
13221,997.206,10000000
13222,1003.345,10000000
13223,999.219,10000000
13224,998.685,10000000
13225,1002.144,10000000
13226,998.699,10000000
13227,1001.168,10000000
13228,1003.872,10000000
13229,1024.486,10000000
13230,1012.757,10000000
13231,1003.886,10000000
13232,994.906,10000000
13233,1002.302,10000000
13234,998.379,10000000
13235,1004.564,10000000
13236,1002.212,10000000
13237,995.879,10000000
13238,1005.375,10000000
13239,1000.136,10000000
13240,989.513,10000000
13241,1025.586,10000000
13242,1004.748,10000000
13243,1003.164,10000000
13244,998.746,10000000
13245,1003.340,10000000
13246,1000.543,10000000
13247,996.899,10000000
13248,1002.428,10000000
13249,997.645,10000000
13250,999.214,10000000
13251,1004.337,10000000
13252,996.931,10000000
13253,1005.953,10000000
13254,1014.532,10000000
13255,1007.499,10000000
13256,1004.404,10000000
13257,995.464,10000000
13258,989.760,10000000
13259,1000.851,10000000
13260,995.832,10000000
13261,999.112,10000000
13262,998.325,10000000
13263,994.638,10000000
13264,999.970,10000000
13265,996.380,10000000
13266,1019.360,10000000
13267,1008.121,10000000
13268,998.763,10000000
13269,1005.637,10000000
13270,997.973,10000000
13271,1004.305,10000000
13272,998.884,10000000
13273,1000.131,10000000
13274,1002.151,10000000
13275,996.157,10000000
13276,1002.619,10000000
13277,998.836,10000000
13278,1015.907,10000000
13279,1011.030,10000000
13280,1000.096,10000000
13281,990.716,10000000
13282,998.571,10000000
13283,998.509,10000000
13284,1000.538,10000000
13285,1002.346,10000000
13286,994.523,10000000
13287,1000.324,10000000
13288,995.139,10000000
13289,1000.068,10000000
13290,1025.911,10000000
13291,1002.800,10000000
13292,1008.347,10000000
13293,1000.231,10000000
13294,995.146,10000000
13295,1003.840,10000000
13296,996.877,10000000
13297,1000.880,10000000
13298,999.985,10000000
13299,995.812,10000000
13300,1002.848,10000000
13301,998.999,10000000
13302,996.718,10000000
13303,1017.271,10000000
13304,1000.249,10000000
13305,1003.753,10000000
13306,1000.144,10000000
13307,997.763,10000000
13308,998.129,10000000
13309,996.483,10000000
13310,1001.827,10000000
13311,1002.763,10000000
13312,994.958,10000000
13313,1005.013,10000000
13314,1000.929,10000000
13315,1014.407,10000000
13316,2358.233,10000000
13317,2864.666,10000000
13318,3014.722,10000000
13319,3090.254,10000000
13320,3137.283,10000000
13321,2798.853,10000000
13322,1663.216,10000000
13323,1248.461,10000000
13324,1087.082,10000000
13325,1030.330,10000000
13326,1013.699,10000000
13327,1023.157,10000000
13328,1011.251,10000000
13329,1000.342,10000000
13330,1000.912,10000000
13331,999.421,10000000
13332,994.930,10000000
13333,1001.887,10000000
13334,997.916,10000000
13335,996.487,10000000
13336,1003.328,10000000
13337,997.618,10000000
13338,1002.116,10000000
13339,1027.375,10000000
13340,1003.652,10000000
13341,1005.781,10000000
13342,997.037,10000000
13343,992.559,10000000
13344,997.838,10000000
13345,997.490,10000000
13346,991.139,10000000
13347,1000.996,10000000
13348,995.359,10000000
13349,1000.108,10000000
13350,998.597,10000000
13351,995.901,10000000
13352,1016.514,10000000
13353,1003.194,10000000
13354,1003.892,10000000
13355,1001.255,10000000
13356,995.069,10000000
13357,1003.237,10000000
13358,998.426,10000000
13359,997.290,10000000
13360,1002.443,10000000
13361,995.401,10000000
13362,988.786,10000000
13363,999.105,10000000
13364,1011.005,10000000
13365,1005.406,10000000
13366,1000.680,10000000
13367,995.185,10000000
13368,1001.994,10000000
13369,999.684,10000000
13370,999.917,10000000
13371,1004.602,10000000
13372,996.482,10000000
13373,1000.058,10000000
13374,996.881,10000000
13375,997.650,10000000
13376,1021.367,10000000
13377,1003.019,10000000
13378,1005.551,10000000
13379,1000.510,10000000
13380,996.080,10000000
13381,1003.335,10000000
13382,998.966,10000000
13383,993.170,10000000
13384,1004.271,10000000
13385,995.353,10000000
13386,1000.183,10000000
13387,999.609,10000000
13388,1027.708,10000000
13389,1012.190,10000000
13390,999.684,10000000
13391,1004.548,10000000
13392,998.748,10000000
13393,996.280,10000000
13394,1003.592,10000000
13395,995.909,10000000
13396,1001.780,10000000
13397,1000.684,10000000
13398,991.896,10000000
13399,1002.588,10000000
13400,1004.939,10000000
13401,1011.921,10000000
13402,1003.409,10000000
13403,994.774,10000000
13404,1004.603,10000000
13405,994.830,10000000
13406,999.187,10000000
13407,996.602,10000000
13408,998.233,10000000
13409,999.904,10000000
13410,995.571,10000000
13411,1003.981,10000000
13412,997.669,10000000
13413,1017.159,10000000
13414,1006.210,10000000
13415,992.955,10000000
13416,1006.573,10000000
13417,997.893,10000000
13418,1002.927,10000000
13419,1003.439,10000000
13420,995.300,10000000
13421,1003.133,10000000
13422,997.180,10000000
13423,993.123,10000000
13424,999.695,10000000
13425,1019.420,10000000
13426,998.649,10000000
13427,1004.116,10000000
13428,996.420,10000000
13429,999.708,10000000
13430,1000.885,10000000
13431,995.037,10000000
13432,1005.041,10000000
13433,999.128,10000000
13434,997.320,10000000
13435,1007.521,10000000
13436,997.705,10000000
13437,1032.587,10000000
13438,1012.889,10000000
13439,1000.204,10000000
13440,1005.288,10000000
13441,1002.919,10000000
13442,1002.796,10000000
13443,1002.445,10000000
13444,995.994,10000000
13445,995.239,10000000
13446,999.046,10000000
13447,991.741,10000000
13448,999.025,10000000
13449,1009.545,10000000
13450,1013.196,10000000
13451,1005.778,10000000
13452,995.025,10000000
13453,1000.964,10000000
13454,1000.197,10000000
13455,998.218,10000000
13456,1000.526,10000000
13457,994.589,10000000
13458,999.842,10000000
13459,1002.762,10000000
13460,996.325,10000000
13461,1003.771,10000000
13462,1015.984,10000000
13463,1002.566,10000000
13464,1005.125,10000000
13465,996.836,10000000
13466,993.687,10000000
13467,1000.106,10000000
13468,993.461,10000000
13469,1002.291,10000000
13470,996.466,10000000
13471,1000.442,10000000
13472,1000.048,10000000
13473,995.787,10000000
13474,1023.683,10000000
13475,1002.017,10000000
13476,1003.486,10000000
13477,996.990,10000000
13478,998.238,10000000
13479,1002.400,10000000
13480,999.681,10000000
13481,1000.573,10000000
13482,1000.382,10000000
13483,996.033,10000000
13484,1006.353,10000000
13485,999.212,10000000
13486,1019.718,10000000
13487,1014.138,10000000
13488,1000.953,10000000
13489,992.915,10000000
13490,1001.942,10000000
13491,994.827,10000000
13492,1000.219,10000000
13493,997.863,10000000
13494,995.215,10000000
13495,998.845,10000000
13496,993.830,10000000
13497,1001.042,10000000
13498,1015.110,10000000
13499,1004.309,10000000
13500,1005.586,10000000
13501,1001.139,10000000
13502,999.707,10000000
13503,1002.422,10000000
13504,994.897,10000000
13505,1002.762,10000000
13506,1000.795,10000000
13507,996.466,10000000
13508,1002.152,10000000
13509,998.613,10000000
13510,990.360,10000000
13511,1015.901,10000000
13512,1004.764,10000000
13513,998.209,10000000
13514,1000.474,10000000
13515,998.183,10000000
13516,1002.809,10000000
13517,1001.460,10000000
13518,998.461,10000000
13519,1003.074,10000000
13520,995.720,10000000
13521,999.879,10000000
13522,1001.698,10000000
13523,1016.287,10000000
13524,1012.106,10000000
13525,1003.623,10000000
13526,993.813,10000000
13527,1002.067,10000000
13528,996.139,10000000
13529,991.421,10000000
13530,997.904,10000000
13531,998.727,10000000
13532,991.283,10000000
13533,1001.592,10000000
13534,997.485,10000000
13535,1022.973,10000000
13536,1010.552,10000000
13537,999.480,10000000
13538,1002.380,10000000
13539,1001.254,10000000
13540,995.267,10000000
13541,1004.979,10000000
13542,997.694,10000000
13543,990.945,10000000
13544,998.282,10000000
13545,996.417,10000000
13546,998.933,10000000
13547,1015.136,10000000
13548,1005.832,10000000
13549,1006.605,10000000
13550,998.893,10000000
13551,991.621,10000000
13552,997.521,10000000
13553,997.767,10000000
13554,990.106,10000000
13555,1000.986,10000000
13556,997.177,10000000
13557,1002.364,10000000
13558,996.707,10000000
13559,993.931,10000000
13560,1016.451,10000000
13561,1002.553,10000000
13562,1003.305,10000000
13563,1001.407,10000000
13564,991.212,10000000
13565,1002.650,10000000
13566,996.897,10000000
13567,999.496,10000000
13568,998.590,10000000
13569,993.132,10000000
13570,1005.656,10000000
13571,997.668,10000000
13572,1012.668,10000000
13573,1006.361,10000000
13574,999.867,10000000
13575,994.896,10000000
13576,997.863,10000000
13577,992.272,10000000
13578,1004.340,10000000
13579,994.334,10000000
13580,992.640,10000000
13581,1001.765,10000000
13582,992.690,10000000
13583,1002.453,10000000
13584,1025.646,10000000
13585,1005.982,10000000
13586,1006.507,10000000
13587,998.121,10000000
13588,1001.542,10000000
13589,998.998,10000000
13590,991.333,10000000
13591,1003.310,10000000
13592,997.893,10000000
13593,990.825,10000000
13594,1000.423,10000000
13595,998.001,10000000
13596,1010.103,10000000
13597,1012.005,10000000
13598,1001.836,10000000
13599,1002.168,10000000
13600,1000.140,10000000
13601,995.393,10000000
13602,1000.724,10000000
13603,1000.085,10000000
13604,994.465,10000000
13605,1001.659,10000000
13606,998.131,10000000
13607,1002.801,10000000
13608,1000.940,10000000
13609,1012.779,10000000
13610,1005.400,10000000
13611,998.847,10000000
13612,993.209,10000000
13613,1004.821,10000000
13614,998.376,10000000
13615,991.247,10000000
13616,999.569,10000000
13617,994.703,10000000
13618,998.255,10000000
13619,997.409,10000000
13620,992.813,10000000
13621,1025.193,10000000
13622,1005.296,10000000
13623,1001.765,10000000
13624,1003.321,10000000
13625,1000.418,10000000
13626,998.455,10000000
13627,999.717,10000000
13628,994.187,10000000
13629,1001.835,10000000
13630,995.208,10000000
13631,997.910,10000000
13632,999.353,10000000
13633,1016.088,10000000
13634,1012.644,10000000
13635,1001.793,10000000
13636,993.470,10000000
13637,1000.625,10000000
13638,999.049,10000000
13639,990.580,10000000
13640,999.431,10000000
13641,996.408,10000000
13642,1000.324,10000000
13643,996.855,10000000
13644,994.090,10000000
13645,1025.270,10000000
13646,1006.670,10000000
13647,999.221,10000000
13648,1003.238,10000000
13649,996.850,10000000
13650,1002.432,10000000
13651,1001.830,10000000
13652,994.222,10000000
13653,1004.704,10000000
13654,998.933,10000000
13655,993.270,10000000
13656,1003.269,10000000
13657,996.044,10000000
13658,1008.588,10000000
13659,1004.982,10000000
13660,996.729,10000000
13661,1000.401,10000000
13662,1000.967,10000000
13663,996.963,10000000
13664,1000.218,10000000
13665,996.729,10000000
13666,1000.735,10000000
13667,999.361,10000000
13668,996.305,10000000
13669,1003.004,10000000
13670,1017.867,10000000
13671,1010.140,10000000
13672,1005.158,10000000
13673,998.863,10000000
13674,1005.449,10000000
13675,1000.670,10000000
13676,993.145,10000000
13677,997.830,10000000
13678,998.531,10000000
13679,993.488,10000000
13680,1000.486,10000000
13681,995.872,10000000
13682,1021.868,10000000
13683,1010.790,10000000
13684,1003.267,10000000
13685,1004.933,10000000
13686,999.108,10000000
13687,994.200,10000000
13688,1004.357,10000000
13689,998.526,10000000
13690,998.563,10000000
13691,1002.340,10000000
13692,996.431,10000000
13693,999.661,10000000
13694,1025.863,10000000
13695,1002.517,10000000
13696,1003.723,10000000
13697,997.658,10000000
13698,993.847,10000000
13699,1000.484,10000000
13700,995.190,10000000
13701,997.983,10000000
13702,1001.531,10000000
13703,996.189,10000000
13704,1003.410,10000000
13705,1000.142,10000000
13706,999.137,10000000
13707,1017.977,10000000
13708,1000.503,10000000
13709,1005.530,10000000
13710,1002.764,10000000
13711,997.696,10000000
13712,1003.352,10000000
13713,995.775,10000000
13714,999.946,10000000
13715,1002.820,10000000
13716,995.447,10000000
13717,991.572,10000000
13718,1001.038,10000000
13719,1013.996,10000000
13720,1008.430,10000000
13721,1003.662,10000000
13722,994.468,10000000
13723,999.970,10000000
13724,997.514,10000000
13725,1001.481,10000000
13726,999.256,10000000
13727,996.661,10000000
13728,998.307,10000000
13729,992.290,10000000
13730,1001.343,10000000
13731,1022.717,10000000
13732,1011.933,10000000
13733,1004.208,10000000
13734,994.878,10000000
13735,1001.322,10000000
13736,998.732,10000000
13737,990.910,10000000
13738,998.339,10000000
13739,991.561,10000000
13740,998.718,10000000
13741,997.123,10000000
13742,989.615,10000000
13743,1027.723,10000000
13744,1007.860,10000000
13745,1009.777,10000000
13746,1001.155,10000000
13747,995.604,10000000
13748,1003.579,10000000
13749,999.766,10000000
13750,994.683,10000000
13751,1004.735,10000000
13752,998.014,10000000
13753,1003.025,10000000
13754,1001.716,10000000
13755,992.956,10000000
13756,1018.012,10000000
13757,1006.492,10000000
13758,995.842,10000000
13759,1003.306,10000000
13760,999.037,10000000
13761,992.937,10000000
13762,1001.662,10000000
13763,996.013,10000000
13764,997.751,10000000
13765,998.857,10000000
13766,992.468,10000000
13767,1003.109,10000000
13768,1015.078,10000000
13769,1012.952,10000000
13770,1003.894,10000000
13771,997.267,10000000
13772,1006.098,10000000
13773,1000.362,10000000
13774,1002.513,10000000
13775,1000.604,10000000
13776,994.157,10000000
13777,1002.856,10000000
13778,997.433,10000000
13779,990.782,10000000
13780,1024.997,10000000
13781,1000.843,10000000
13782,1003.715,10000000
13783,1001.351,10000000
13784,997.252,10000000
13785,1004.425,10000000
13786,1001.442,10000000
13787,1004.448,10000000
13788,1001.088,10000000
13789,992.950,10000000
13790,1001.310,10000000
13791,1000.015,10000000
13792,1022.323,10000000
13793,1012.667,10000000
13794,1001.742,10000000
13795,1003.211,10000000
13796,1000.509,10000000
13797,995.221,10000000
13798,999.528,10000000
13799,997.442,10000000
13800,996.477,10000000
13801,1002.148,10000000
13802,1001.367,10000000
13803,993.368,10000000
13804,1000.292,10000000
13805,1011.537,10000000
13806,998.216,10000000
13807,1003.410,10000000
13808,999.426,10000000
13809,1003.488,10000000
13810,998.549,10000000
13811,994.763,10000000
13812,1001.645,10000000
13813,997.017,10000000
13814,998.857,10000000
13815,1001.241,10000000
13816,997.380,10000000
13817,1019.811,10000000
13818,1007.650,10000000
13819,996.005,10000000
13820,999.660,10000000
13821,1416.648,10000000
13822,2510.480,10000000
13823,2912.476,10000000
13824,3013.064,10000000
13825,3073.702,10000000
13826,3111.784,10000000
13827,2377.396,10000000
13828,1511.596,10000000
13829,1211.516,10000000
13830,1075.508,10000000
13831,1029.867,10000000
13832,1008.876,10000000
13833,1006.489,10000000
13834,1001.648,10000000
13835,999.475,10000000
13836,1003.850,10000000
13837,998.345,10000000
13838,1003.314,10000000
13839,998.739,10000000
13840,1000.855,10000000
13841,1026.890,10000000
13842,1005.942,10000000
13843,1009.742,10000000
13844,999.595,10000000
13845,999.941,10000000
13846,1000.915,10000000
13847,995.896,10000000
13848,1001.596,10000000
13849,1002.851,10000000
13850,995.737,10000000
13851,1001.107,10000000
13852,997.974,10000000
13853,1016.366,10000000
13854,1015.414,10000000
13855,999.759,10000000
13856,1003.576,10000000
13857,1002.656,10000000
13858,995.809,10000000
13859,1001.689,10000000
13860,998.291,10000000
13861,989.205,10000000
13862,1004.027,10000000
13863,998.162,10000000
13864,992.461,10000000
13865,1000.052,10000000
13866,1011.790,10000000
13867,1006.504,10000000
13868,1004.157,10000000
13869,998.119,10000000
13870,1004.534,10000000
13871,1003.619,10000000
13872,995.607,10000000
13873,1004.556,10000000
13874,1000.399,10000000
13875,992.842,10000000
13876,1004.843,10000000
13877,998.480,10000000
13878,1018.048,10000000
13879,1007.765,10000000
13880,999.835,10000000
13881,1000.415,10000000
13882,1002.247,10000000
13883,996.171,10000000
13884,992.794,10000000
13885,1000.998,10000000
13886,996.594,10000000
13887,1002.418,10000000
13888,999.515,10000000
13889,995.557,10000000
13890,1027.624,10000000
13891,1003.193,10000000
13892,1005.365,10000000
13893,1002.199,10000000
13894,995.273,10000000
13895,1005.489,10000000
13896,999.374,10000000
13897,997.236,10000000
13898,1004.267,10000000
13899,1000.997,10000000
13900,1003.619,10000000
13901,1002.604,10000000
13902,1015.128,10000000
13903,1015.518,10000000
13904,1007.266,10000000
13905,995.267,10000000
13906,1001.424,10000000
13907,997.778,10000000
13908,994.979,10000000
13909,1001.373,10000000
13910,999.384,10000000
13911,1001.978,10000000
13912,998.659,10000000
13913,993.358,10000000
13914,1002.884,10000000
13915,1013.206,10000000
13916,1008.028,10000000
13917,1005.447,10000000
13918,997.078,10000000
13919,1003.409,10000000
13920,1001.390,10000000
13921,997.792,10000000
13922,1002.257,10000000
13923,994.520,10000000
13924,994.209,10000000
13925,998.749,10000000
13926,993.596,10000000
13927,1020.494,10000000
13928,1003.023,10000000
13929,1005.889,10000000
13930,999.694,10000000
13931,999.991,10000000
13932,1001.439,10000000
13933,992.783,10000000
13934,1002.773,10000000
13935,1000.303,10000000
13936,1004.338,10000000
13937,1003.372,10000000
13938,998.023,10000000
13939,1032.189,10000000
13940,1008.083,10000000
13941,1007.139,10000000
13942,998.111,10000000
13943,992.103,10000000
13944,1003.753,10000000
13945,997.009,10000000
13946,991.828,10000000
13947,999.407,10000000
13948,995.651,10000000
13949,1000.638,10000000
13950,1000.240,10000000
13951,1022.834,10000000
13952,1019.737,10000000
13953,1005.778,10000000
13954,997.897,10000000
13955,1003.579,10000000
13956,1000.571,10000000
13957,1001.229,10000000
13958,1003.266,10000000
13959,996.733,10000000
13960,1003.680,10000000
13961,1000.353,10000000
13962,995.429,10000000
13963,1004.877,10000000
13964,1009.524,10000000
13965,998.428,10000000
13966,1002.070,10000000
13967,996.708,10000000
13968,998.931,10000000
13969,998.066,10000000
13970,997.162,10000000
13971,1002.411,10000000
13972,997.224,10000000
13973,1003.393,10000000
13974,1000.760,10000000
13975,994.516,10000000
13976,1024.578,10000000
13977,1005.777,10000000
13978,1001.054,10000000
13979,1003.043,10000000
13980,993.648,10000000
13981,1002.792,10000000
13982,999.422,10000000
13983,995.415,10000000
13984,1004.401,10000000
13985,996.271,10000000
13986,996.757,10000000
13987,999.600,10000000
13988,1017.815,10000000
13989,1010.894,10000000
13990,1002.428,10000000
13991,994.561,10000000
13992,1001.483,10000000
13993,997.365,10000000
13994,997.148,10000000
13995,1000.636,10000000
13996,998.110,10000000
13997,1000.386,10000000
13998,1004.161,10000000
13999,998.360,10000000
14000,1026.688,10000000
14001,1011.832,10000000
14002,1000.589,10000000
14003,1004.879,10000000
14004,1001.737,10000000
14005,994.307,10000000
14006,996.624,10000000
14007,996.611,10000000
14008,992.607,10000000
14009,1001.547,10000000
14010,994.485,10000000
14011,999.388,10000000
14012,1000.755,10000000
14013,1008.919,10000000
14014,1008.236,10000000
14015,1002.548,10000000
14016,994.790,10000000
14017,1002.230,10000000
14018,1002.398,10000000
14019,999.163,10000000
14020,1003.745,10000000
14021,998.159,10000000
14022,1006.490,10000000
14023,1000.393,10000000
14024,997.860,10000000
14025,1022.781,10000000
14026,1004.622,10000000
14027,995.133,10000000
14028,1002.596,10000000
14029,994.164,10000000
14030,997.909,10000000
14031,994.273,10000000
14032,999.907,10000000
14033,998.605,10000000
14034,991.910,10000000
14035,1003.584,10000000
14036,998.213,10000000
14037,1027.567,10000000
14038,1010.178,10000000
14039,996.020,10000000
14040,1003.330,10000000
14041,994.618,10000000
14042,1001.473,10000000
14043,1000.700,10000000
14044,995.048,10000000
14045,998.284,10000000
14046,995.422,10000000
14047,991.349,10000000
14048,999.825,10000000
14049,1021.742,10000000
14050,1004.465,10000000
14051,1003.160,10000000
14052,996.580,10000000
14053,1001.501,10000000
14054,999.740,10000000
14055,993.252,10000000
14056,1004.714,10000000
14057,996.972,10000000
14058,994.751,10000000
14059,1004.921,10000000
14060,996.014,10000000
14061,999.408,10000000
14062,1013.977,10000000
14063,999.379,10000000
14064,1005.563,10000000
14065,994.826,10000000
14066,1002.391,10000000
14067,999.870,10000000
14068,995.017,10000000
14069,995.949,10000000
14070,999.620,10000000
14071,993.706,10000000
14072,999.520,10000000
14073,999.066,10000000
14074,1015.869,10000000
14075,1006.413,10000000
14076,995.860,10000000
14077,1000.388,10000000
14078,996.948,10000000
14079,995.824,10000000
14080,1004.084,10000000
14081,996.334,10000000
14082,1001.104,10000000
14083,999.855,10000000
14084,996.542,10000000
14085,1003.855,10000000
14086,1021.731,10000000
14087,1003.380,10000000
14088,1007.046,10000000
14089,997.867,10000000
14090,993.045,10000000
14091,999.387,10000000
14092,992.861,10000000
14093,995.425,10000000
14094,999.209,10000000
14095,995.938,10000000
14096,997.840,10000000
14097,1000.322,10000000
14098,1021.578,10000000
14099,1013.935,10000000
14100,1004.900,10000000
14101,997.302,10000000
14102,1006.344,10000000
14103,997.966,10000000
14104,1002.937,10000000
14105,1002.839,10000000
14106,996.847,10000000
14107,1005.389,10000000
14108,1000.331,10000000
14109,999.190,10000000
14110,1006.864,10000000
14111,1008.886,10000000
14112,997.574,10000000
14113,999.530,10000000
14114,994.363,10000000
14115,999.393,10000000
14116,996.278,10000000
14117,1000.866,10000000
14118,1000.262,10000000
14119,995.796,10000000
14120,1002.015,10000000
14121,995.802,10000000
14122,1001.790,10000000
14123,1019.573,10000000
14124,998.587,10000000
14125,1003.837,10000000
14126,1002.620,10000000
14127,993.829,10000000
14128,1005.071,10000000
14129,1001.401,10000000
14130,995.548,10000000
14131,1003.446,10000000
14132,997.508,10000000
14133,995.511,10000000
14134,1003.726,10000000
14135,1017.896,10000000
14136,1004.047,10000000
14137,1001.025,10000000
14138,996.782,10000000
14139,1001.452,10000000
14140,998.526,10000000
14141,993.703,10000000
14142,1002.331,10000000
14143,999.319,10000000
14144,996.995,10000000
14145,999.504,10000000
14146,997.141,10000000
14147,1031.142,10000000
14148,1009.945,10000000
14149,998.712,10000000
14150,1003.919,10000000
14151,999.683,10000000
14152,999.742,10000000
14153,1001.288,10000000
14154,997.909,10000000
14155,990.231,10000000
14156,1002.966,10000000
14157,997.838,10000000
14158,994.699,10000000
14159,1006.736,10000000
14160,1007.229,10000000
14161,1004.641,10000000
14162,998.754,10000000
14163,994.258,10000000
14164,1002.837,10000000
14165,997.949,10000000
14166,999.269,10000000
14167,1003.839,10000000
14168,999.275,10000000
14169,999.031,10000000
14170,1004.763,10000000
14171,999.418,10000000
14172,1017.921,10000000
14173,1008.537,10000000
14174,1002.731,10000000
14175,1004.955,10000000
14176,1004.255,10000000
14177,998.813,10000000
14178,1004.823,10000000
14179,1000.392,10000000
14180,992.859,10000000
14181,995.276,10000000
14182,998.255,10000000
14183,995.015,10000000
14184,1023.548,10000000
14185,1004.923,10000000
14186,1005.606,10000000
14187,1002.961,10000000
14188,996.953,10000000
14189,1001.968,10000000
14190,1002.366,10000000
14191,992.955,10000000
14192,1002.753,10000000
14193,999.042,10000000
14194,996.600,10000000
14195,1002.291,10000000
14196,1019.391,10000000
14197,1013.294,10000000
14198,1004.229,10000000
14199,995.836,10000000
14200,1003.988,10000000
14201,998.334,10000000
14202,993.031,10000000
14203,1002.736,10000000
14204,994.603,10000000
14205,1001.966,10000000
14206,999.566,10000000
14207,994.728,10000000
14208,1017.627,10000000
14209,1007.980,10000000
14210,999.457,10000000
14211,999.923,10000000
14212,996.672,10000000
14213,1002.995,10000000
14214,998.877,10000000
14215,997.790,10000000
14216,1002.450,10000000
14217,998.638,10000000
14218,1004.872,10000000
14219,1001.348,10000000
14220,993.441,10000000
14221,1019.230,10000000
14222,1002.300,10000000
14223,992.364,10000000
14224,997.367,10000000
14225,992.228,10000000
14226,997.752,10000000
14227,997.872,10000000
14228,995.776,10000000
14229,1000.508,10000000
14230,996.903,10000000
14231,996.165,10000000
14232,1000.752,10000000
14233,1017.756,10000000
14234,1010.184,10000000
14235,1004.749,10000000
14236,1000.159,10000000
14237,1000.826,10000000
14238,995.438,10000000
14239,1003.853,10000000
14240,998.962,10000000
14241,991.220,10000000
14242,999.602,10000000
14243,993.320,10000000
14244,999.126,10000000
14245,1023.049,10000000
14246,1006.017,10000000
14247,1002.470,10000000
14248,995.169,10000000
14249,1002.854,10000000
14250,999.962,10000000
14251,993.811,10000000
14252,1001.303,10000000
14253,996.591,10000000
14254,1003.560,10000000
14255,1002.424,10000000
14256,994.729,10000000
14257,1020.179,10000000
14258,1010.682,10000000
14259,996.510,10000000
14260,1002.420,10000000
14261,995.979,10000000
14262,993.827,10000000
14263,998.214,10000000
14264,994.842,10000000
14265,1001.075,10000000
14266,997.463,10000000
14267,1000.683,10000000
14268,1001.145,10000000
14269,997.440,10000000
14270,1018.504,10000000
14271,1003.866,10000000
14272,1003.440,10000000
14273,1003.305,10000000
14274,996.393,10000000
14275,1003.492,10000000
14276,999.612,10000000
14277,1001.014,10000000
14278,1002.610,10000000
14279,996.994,10000000
14280,1003.723,10000000
14281,998.036,10000000
14282,1014.586,10000000
14283,1003.015,10000000
14284,1004.863,10000000
14285,993.606,10000000
14286,1004.827,10000000
14287,999.090,10000000
14288,997.584,10000000
14289,1003.839,10000000
14290,994.810,10000000
14291,1003.895,10000000
14292,999.070,10000000
14293,993.446,10000000
14294,1028.874,10000000
14295,1006.421,10000000
14296,1005.924,10000000
14297,1001.638,10000000
14298,996.537,10000000
14299,1001.001,10000000
14300,999.150,10000000
14301,990.836,10000000
14302,1000.719,10000000
14303,995.009,10000000
14304,1002.612,10000000
14305,999.098,10000000
14306,1021.069,10000000
14307,1011.880,10000000
14308,996.796,10000000
14309,999.697,10000000
14310,994.888,10000000
14311,1002.922,10000000
14312,994.535,10000000
14313,1001.572,10000000
14314,999.442,10000000
14315,999.414,10000000
14316,1004.165,10000000
14317,995.712,10000000
14318,1004.370,10000000
14319,1012.877,10000000
14320,998.125,10000000
14321,1006.799,10000000
14322,999.270,10000000
14323,995.369,10000000
14324,1002.288,10000000
14325,995.216,10000000
14326,1000.536,10000000
14327,1860.636,10000000
14328,2657.264,10000000
14329,2955.869,10000000
14330,3089.302,10000000
14331,3114.166,10000000
14332,3127.985,10000000
14333,2073.948,10000000
14334,1397.026,10000000
14335,1142.958,10000000
14336,1057.502,10000000
14337,1021.437,10000000
14338,1012.122,10000000
14339,1003.719,10000000
14340,996.755,10000000
14341,995.052,10000000
14342,998.798,10000000
14343,1014.181,10000000
14344,1007.795,10000000
14345,998.372,10000000
14346,1000.174,10000000
14347,1001.650,10000000
14348,993.018,10000000
14349,1000.792,10000000
14350,997.310,10000000
14351,993.914,10000000
14352,1000.561,10000000
14353,999.190,10000000
14354,995.975,10000000
14355,1027.684,10000000
14356,1007.210,10000000
14357,1007.465,10000000
14358,999.779,10000000
14359,1002.303,10000000
14360,999.779,10000000
14361,995.342,10000000
14362,993.566,10000000
14363,998.176,10000000
14364,994.117,10000000
14365,1003.059,10000000
14366,995.324,10000000
14367,1001.728,10000000
14368,1013.860,10000000
14369,998.780,10000000
14370,1004.648,10000000
14371,997.796,10000000
14372,998.953,10000000
14373,999.364,10000000
14374,995.875,10000000
14375,1002.310,10000000
14376,1001.660,10000000
14377,993.887,10000000
14378,1003.858,10000000
14379,995.602,10000000
14380,1019.541,10000000
14381,1004.502,10000000
14382,995.285,10000000
14383,1000.078,10000000
14384,996.633,10000000
14385,996.465,10000000
14386,1002.333,10000000
14387,998.992,10000000
14388,1003.880,10000000
14389,999.533,10000000
14390,1003.733,10000000
14391,999.833,10000000
14392,1014.830,10000000
14393,1009.632,10000000
14394,996.172,10000000
14395,1002.355,10000000
14396,999.866,10000000
14397,1001.898,10000000
14398,999.216,10000000
14399,992.606,10000000
14400,1000.267,10000000
14401,998.261,10000000
14402,994.670,10000000
14403,1000.889,10000000
14404,1021.003,10000000
14405,1010.857,10000000
14406,1000.460,10000000
14407,1007.193,10000000
14408,995.166,10000000
14409,999.133,10000000
14410,997.641,10000000
14411,995.712,10000000
14412,999.416,10000000
14413,991.596,10000000
14414,999.954,10000000
14415,997.897,10000000
14416,1005.003,10000000
14417,1015.307,10000000
14418,1000.058,10000000
14419,1007.237,10000000
14420,1001.337,10000000
14421,993.333,10000000
14422,1003.106,10000000
14423,996.709,10000000
14424,997.053,10000000
14425,998.588,10000000
14426,993.970,10000000
14427,1003.844,10000000
14428,997.598,10000000
14429,1014.972,10000000
14430,1008.107,10000000
14431,993.588,10000000
14432,1003.592,10000000
14433,997.064,10000000
14434,1001.781,10000000
14435,999.841,10000000
14436,997.514,10000000
14437,1003.327,10000000
14438,997.364,10000000
14439,1001.820,10000000
14440,997.637,10000000
14441,1011.962,10000000
14442,1009.516,10000000
14443,1001.155,10000000
14444,993.545,10000000
14445,1000.011,10000000
14446,993.855,10000000
14447,1001.125,10000000
14448,996.438,10000000
14449,1001.256,10000000
14450,1000.802,10000000
14451,995.374,10000000
14452,1003.434,10000000
14453,1028.024,10000000
14454,1001.565,10000000
14455,1009.486,10000000
14456,1000.127,10000000
14457,997.331,10000000
14458,999.533,10000000
14459,996.205,10000000
14460,1002.664,10000000
14461,997.151,10000000
14462,992.776,10000000
14463,998.097,10000000
14464,996.255,10000000
14465,1008.009,10000000
14466,1009.199,10000000
14467,995.037,10000000
14468,1003.830,10000000
14469,997.343,10000000
14470,1002.072,10000000
14471,998.541,10000000
14472,1002.845,10000000
14473,1000.785,10000000
14474,994.418,10000000
14475,1002.208,10000000
14476,996.090,10000000
14477,1001.767,10000000
14478,1014.754,10000000
14479,1004.125,10000000
14480,1002.545,10000000
14481,993.481,10000000
14482,1002.206,10000000
14483,995.662,10000000
14484,991.494,10000000
14485,1001.625,10000000
14486,990.889,10000000
14487,999.110,10000000
14488,996.850,10000000
14489,1002.277,10000000
14490,1016.832,10000000
14491,1005.236,10000000
14492,1002.626,10000000
14493,994.225,10000000
14494,1001.607,10000000
14495,994.974,10000000
14496,998.765,10000000
14497,996.613,10000000
14498,992.137,10000000
14499,1003.145,10000000
14500,999.408,10000000
14501,992.752,10000000
14502,1030.613,10000000
14503,1008.707,10000000
14504,992.255,10000000
14505,1000.498,10000000
14506,994.322,10000000
14507,1000.100,10000000
14508,999.372,10000000
14509,995.779,10000000
14510,998.671,10000000
14511,993.964,10000000
14512,998.735,10000000
14513,1000.605,10000000
14514,1013.842,10000000
14515,1012.638,10000000
14516,1001.723,10000000
14517,998.084,10000000
14518,999.493,10000000
14519,995.733,10000000
14520,1002.513,10000000
14521,998.954,10000000
14522,990.608,10000000
14523,1001.103,10000000
14524,997.949,10000000
14525,991.397,10000000
14526,997.877,10000000
14527,1008.454,10000000
14528,1003.925,10000000
14529,1000.882,10000000
14530,993.119,10000000
14531,1000.428,10000000
14532,996.542,10000000
14533,995.512,10000000
14534,1002.569,10000000
14535,996.544,10000000
14536,1001.810,10000000
14537,1001.236,10000000
14538,993.583,10000000
14539,1023.952,10000000
14540,1006.155,10000000
14541,1002.298,10000000
14542,1000.554,10000000
14543,994.775,10000000
14544,992.217,10000000
14545,996.336,10000000
14546,991.815,10000000
14547,998.136,10000000
14548,997.516,10000000
14549,993.299,10000000
14550,1000.588,10000000
14551,1019.925,10000000
14552,1013.098,10000000
14553,1002.431,10000000
14554,998.263,10000000
14555,1003.513,10000000
14556,995.491,10000000
14557,1000.218,10000000
14558,1000.548,10000000
14559,994.721,10000000
14560,1003.076,10000000
14561,996.420,10000000
14562,1000.410,10000000
14563,1020.494,10000000
14564,1002.867,10000000
14565,998.048,10000000
14566,1002.400,10000000
14567,995.091,10000000
14568,1001.208,10000000
14569,997.572,10000000
14570,994.445,10000000
14571,999.352,10000000
14572,995.811,10000000
14573,1000.815,10000000
14574,996.631,10000000
14575,993.097,10000000
14576,1017.625,10000000
14577,1000.968,10000000
14578,1002.562,10000000
14579,1000.945,10000000
14580,994.067,10000000
14581,1001.657,10000000
14582,998.569,10000000
14583,996.883,10000000
14584,997.569,10000000
14585,993.472,10000000
14586,1003.552,10000000
14587,999.986,10000000
14588,1009.287,10000000
14589,1005.544,10000000
14590,1000.031,10000000
14591,998.505,10000000
14592,999.190,10000000
14593,992.793,10000000
14594,1000.375,10000000
14595,996.149,10000000
14596,994.265,10000000
14597,996.580,10000000
14598,992.789,10000000
14599,1001.176,10000000
14600,1020.769,10000000
14601,1009.534,10000000
14602,1003.948,10000000
14603,997.239,10000000
14604,1001.843,10000000
14605,993.080,10000000
14606,999.507,10000000
14607,999.740,10000000
14608,991.108,10000000
14609,1000.787,10000000
14610,994.107,10000000
14611,998.658,10000000
14612,1022.577,10000000
14613,1001.633,10000000
14614,1003.130,10000000
14615,998.589,10000000
14616,999.809,10000000
14617,1002.164,10000000
14618,998.257,10000000
14619,1001.700,10000000
14620,996.556,10000000
14621,1000.371,10000000
14622,999.765,10000000
14623,996.187,10000000
14624,999.503,10000000
14625,1014.551,10000000
14626,999.295,10000000
14627,1003.725,10000000
14628,996.184,10000000
14629,993.140,10000000
14630,1000.447,10000000
14631,995.379,10000000
14632,1002.906,10000000
14633,999.346,10000000
14634,996.102,10000000
14635,999.908,10000000
14636,997.570,10000000
14637,1018.395,10000000
14638,1007.567,10000000
14639,1001.066,10000000
14640,1001.060,10000000
14641,997.334,10000000
14642,998.822,10000000
14643,997.050,10000000
14644,994.019,10000000
14645,999.957,10000000
14646,997.295,10000000
14647,995.458,10000000
14648,1001.739,10000000
14649,1021.970,10000000
14650,1000.048,10000000
14651,1002.620,10000000
14652,999.149,10000000
14653,991.939,10000000
14654,999.924,10000000
14655,995.242,10000000
14656,1001.267,10000000
14657,998.709,10000000
14658,997.897,10000000
14659,1002.247,10000000
14660,992.369,10000000
14661,1026.610,10000000
14662,1012.183,10000000
14663,1000.071,10000000
14664,1000.947,10000000
14665,994.545,10000000
14666,1002.477,10000000
14667,1002.891,10000000
14668,994.484,10000000
14669,1001.076,10000000
14670,995.392,10000000
14671,992.794,10000000
14672,998.718,10000000
14673,993.947,10000000
14674,1014.870,10000000
14675,1003.859,10000000
14676,996.582,10000000
14677,1001.005,10000000
14678,996.868,10000000
14679,1001.942,10000000
14680,1002.289,10000000
14681,995.864,10000000
14682,1005.877,10000000
14683,998.193,10000000
14684,998.625,10000000
14685,1001.866,10000000
14686,1015.450,10000000
14687,1008.171,10000000
14688,1002.128,10000000
14689,993.755,10000000
14690,1003.611,10000000
14691,994.162,10000000
14692,993.166,10000000
14693,998.112,10000000
14694,991.680,10000000
14695,999.859,10000000
14696,997.751,10000000
14697,996.224,10000000
14698,1024.179,10000000
14699,1002.111,10000000
14700,1004.606,10000000
14701,1002.174,10000000
14702,992.295,10000000
14703,1003.393,10000000
14704,999.876,10000000
14705,999.737,10000000
14706,1002.348,10000000
14707,995.968,10000000
14708,1004.266,10000000
14709,1001.027,10000000
14710,1022.344,10000000
14711,1012.454,10000000
14712,998.280,10000000
14713,991.450,10000000
14714,998.608,10000000
14715,993.065,10000000
14716,996.400,10000000
14717,1002.634,10000000
14718,995.046,10000000
14719,1004.932,10000000
14720,998.485,10000000
14721,1002.301,10000000
14722,1000.750,10000000
14723,1009.803,10000000
14724,1007.148,10000000
14725,997.591,10000000
14726,1003.217,10000000
14727,999.543,10000000
14728,993.892,10000000
14729,1002.695,10000000
14730,997.137,10000000
14731,991.202,10000000
14732,1003.878,10000000
14733,997.531,10000000
14734,990.356,10000000
14735,1020.152,10000000
14736,1003.098,10000000
14737,1004.913,10000000
14738,1000.229,10000000
14739,998.562,10000000
14740,1000.680,10000000
14741,998.432,10000000
14742,1001.970,10000000
14743,1000.617,10000000
14744,991.917,10000000
14745,1000.422,10000000
14746,998.616,10000000
14747,1019.753,10000000
14748,1009.559,10000000
14749,1000.236,10000000
14750,1005.334,10000000
14751,999.343,10000000
14752,996.054,10000000
14753,1003.651,10000000
14754,999.261,10000000
14755,995.667,10000000
14756,1000.778,10000000
14757,992.670,10000000
14758,1000.177,10000000
14759,1022.520,10000000
14760,1009.021,10000000
14761,1003.170,10000000
14762,996.413,10000000
14763,1003.522,10000000
14764,1003.396,10000000
14765,992.651,10000000
14766,1002.103,10000000
14767,998.258,10000000
14768,998.272,10000000
14769,1002.428,10000000
14770,996.187,10000000
14771,1008.028,10000000
14772,1013.185,10000000
14773,997.772,10000000
14774,1002.199,10000000
14775,997.090,10000000
14776,993.741,10000000
14777,999.609,10000000
14778,992.906,10000000
14779,998.494,10000000
14780,997.760,10000000
14781,995.603,10000000
14782,999.958,10000000
14783,996.266,10000000
14784,1019.604,10000000
14785,1008.682,10000000
14786,994.228,10000000
14787,1005.197,10000000
14788,999.335,10000000
14789,996.729,10000000
14790,1003.077,10000000
14791,995.748,10000000
14792,1001.113,10000000
14793,998.620,10000000
14794,991.679,10000000
14795,1002.849,10000000
14796,1017.733,10000000
14797,1000.966,10000000
14798,1001.569,10000000
14799,997.915,10000000
14800,1003.319,10000000
14801,1000.675,10000000
14802,996.513,10000000
14803,1004.194,10000000
14804,996.070,10000000
14805,1005.273,10000000
14806,1002.314,10000000
14807,995.817,10000000
14808,1027.827,10000000
14809,1007.259,10000000
14810,1005.629,10000000
14811,1001.275,10000000
14812,994.311,10000000
14813,1002.276,10000000
14814,996.974,10000000
14815,989.525,10000000
14816,1001.870,10000000
14817,996.745,10000000
14818,994.495,10000000
14819,1002.109,10000000
14820,998.896,10000000
14821,1015.429,10000000
14822,1005.766,10000000
14823,994.679,10000000
14824,1001.604,10000000
14825,997.551,10000000
14826,997.101,10000000
14827,1001.844,10000000
14828,996.349,10000000
14829,1001.630,10000000
14830,999.444,10000000
14831,991.285,10000000
14832,999.841,10000000
14833,2205.357,10000000
14834,2754.257,10000000
14835,2981.007,10000000
14836,3093.265,10000000
14837,3119.977,10000000
14838,3097.650,10000000
14839,1895.003,10000000
14840,1326.146,10000000
14841,1120.554,10000000
14842,1039.212,10000000
14843,1019.473,10000000
14844,1006.981,10000000
14845,1017.444,10000000
14846,1010.395,10000000
14847,1000.346,10000000
14848,999.734,10000000
14849,1003.010,10000000
14850,994.638,10000000
14851,1002.279,10000000
14852,998.743,10000000
14853,995.221,10000000
14854,1002.239,10000000
14855,996.716,10000000
14856,989.818,10000000
14857,1027.674,10000000
14858,1004.737,10000000
14859,1000.044,10000000
14860,1000.669,10000000
14861,991.908,10000000
14862,999.134,10000000
14863,997.965,10000000
14864,1000.793,10000000
14865,1000.005,10000000
14866,996.160,10000000
14867,1006.441,10000000
14868,998.718,10000000
14869,1021.103,10000000
14870,1012.691,10000000
14871,998.282,10000000
14872,1003.856,10000000
14873,997.639,10000000
14874,1001.796,10000000
14875,998.169,10000000
14876,993.469,10000000
14877,1000.882,10000000
14878,996.536,10000000
14879,991.108,10000000
14880,998.523,10000000
14881,994.942,10000000
14882,1012.842,10000000
14883,1005.040,10000000
14884,992.321,10000000
14885,1002.755,10000000
14886,996.976,10000000
14887,998.317,10000000
14888,1002.796,10000000
14889,993.081,10000000
14890,1000.840,10000000
14891,999.838,10000000
14892,992.915,10000000
14893,1001.690,10000000
14894,1016.986,10000000
14895,1003.302,10000000
14896,1003.399,10000000
14897,992.717,10000000
14898,990.995,10000000
14899,1002.101,10000000
14900,991.202,10000000
14901,999.574,10000000
14902,995.206,10000000
14903,996.382,10000000
14904,1002.016,10000000
14905,994.653,10000000
14906,1028.975,10000000
14907,1008.881,10000000
14908,997.667,10000000
14909,1004.657,10000000
14910,994.311,10000000
14911,1001.166,10000000
14912,1000.056,10000000
14913,992.670,10000000
14914,1002.617,10000000
14915,1001.681,10000000
14916,994.328,10000000
14917,1001.864,10000000
14918,1019.702,10000000
14919,1004.524,10000000
14920,1005.080,10000000
14921,998.698,10000000
14922,993.496,10000000
14923,999.269,10000000
14924,993.565,10000000
14925,1001.701,10000000
14926,996.541,10000000
14927,990.249,10000000
14928,1002.703,10000000
14929,998.086,10000000
14930,991.647,10000000
14931,1016.106,10000000
14932,1004.203,10000000
14933,1003.847,10000000
14934,1002.276,10000000
14935,995.207,10000000
14936,1003.815,10000000
14937,996.265,10000000
14938,990.805,10000000
14939,999.958,10000000
14940,993.906,10000000
14941,988.621,10000000
14942,1000.053,10000000
14943,1013.036,10000000
14944,1006.313,10000000
14945,1000.819,10000000
14946,994.791,10000000
14947,1001.567,10000000
14948,994.789,10000000
14949,997.219,10000000
14950,1001.486,10000000
14951,993.873,10000000
14952,1000.506,10000000
14953,999.165,10000000
14954,994.268,10000000
14955,1026.858,10000000
14956,1006.306,10000000
14957,1002.666,10000000
14958,1002.130,10000000
14959,996.119,10000000
14960,990.074,10000000
14961,994.394,10000000
14962,989.801,10000000
14963,998.346,10000000
14964,994.343,10000000
14965,1003.250,10000000
14966,995.363,10000000
14967,1025.073,10000000
14968,1007.294,10000000
14969,997.525,10000000
14970,1003.388,10000000
14971,994.670,10000000
14972,1001.592,10000000
14973,998.243,10000000
14974,992.126,10000000
14975,1001.089,10000000
14976,997.829,10000000
14977,994.279,10000000
14978,1000.475,10000000
14979,996.919,10000000
14980,1008.522,10000000
14981,1006.098,10000000
14982,997.526,10000000
14983,991.790,10000000
14984,1000.391,10000000
14985,995.297,10000000
14986,999.548,10000000
14987,996.823,10000000
14988,993.215,10000000
14989,1000.510,10000000
14990,996.458,10000000
14991,994.179,10000000
14992,1019.938,10000000
14993,1006.623,10000000
14994,994.685,10000000
14995,1003.005,10000000
14996,994.475,10000000
14997,1001.733,10000000
14998,999.651,10000000
14999,995.019,10000000
15000,1003.644,10000000
