Timestamp(ms),Current(uA),D0-D7
4,3054.301,00000000
5,3065.144,00000000
6,3159.645,00000000
7,3101.877,00000000
8,3086.520,00000000
9,3050.055,00000000
10,3048.723,00000000
11,3064.412,00000000
12,3190.274,00000000
13,3097.091,00000000
14,3075.231,00000000
15,3087.524,00000000
16,3046.918,00000000
17,3056.622,00000000
18,3166.477,00000000
19,3077.003,00000000
20,3075.357,00000000
21,3078.565,00000000
22,3043.948,00000000
23,3053.661,00000000
24,3125.934,00000000
25,3072.806,00000000
26,3044.397,00000000
27,3032.124,00000000
28,3027.985,00000000
29,3087.696,00000000
30,3106.165,00000000
31,3094.082,00000000
32,3052.161,00000000
33,3061.775,00000000
34,3070.979,00000000
35,3186.444,00000000
36,3086.891,00000000
37,3084.757,00000000
38,3076.956,00000000
39,3045.822,00000000
40,3055.555,00000000
41,3167.194,00000000
42,3081.439,00000000
43,3070.624,00000000
44,3077.774,00000000
45,3087.465,00000000
46,3095.640,00000000
47,3117.508,00000000
48,3098.730,00000000
49,3068.447,00000000
50,3057.975,00000000
51,3068.609,00000000
52,3170.185,00000000
53,3094.607,00000000
54,3082.657,00000000
55,3090.842,00000000
56,3050.948,00000000
57,3057.559,00000000
58,3157.584,00000000
59,3066.707,00000000
60,3061.324,00000000
61,3082.941,00000000
62,3084.037,00000000
63,3094.993,00000000
64,3114.036,00000000
65,3094.747,00000000
66,3053.712,00000000
67,3057.295,00000000
68,3069.343,00000000
69,3171.292,00000000
70,3084.015,00000000
71,3070.039,00000000
72,3075.653,00000000
73,3053.940,00000000
74,3053.960,00000000
75,3150.043,00000000
76,3078.118,00000000
77,3062.507,00000000
78,3069.132,00000000
79,3082.927,00000000
80,3130.903,00000000
81,3118.014,00000000
82,3097.013,00000000
83,3044.747,00000000
84,3060.432,00000000
85,3085.291,00000000
86,3159.456,00000000
87,3099.236,00000000
88,3086.894,00000000
89,3082.147,00000000
90,3053.108,00000000
91,3068.542,00000000
92,3169.566,00000000
93,3085.583,00000000
94,3067.851,00000000
95,3077.500,00000000
96,3038.844,00000000
97,3073.444,00000000
98,3172.736,00000000
99,3081.369,00000000
100,3078.389,00000000
101,3081.353,00000000
102,3049.006,00000000
103,3052.594,00000000
104,3147.907,00000000
105,3086.062,00000000
106,3059.660,00000000
107,3064.067,00000000
108,3081.131,00000000
109,3080.646,00000000
110,3132.859,00000000
111,3110.017,00000000
112,3058.794,00000000
113,3068.028,00000000
114,3079.701,00000000
115,3113.442,00000000
116,3113.037,00000000
117,3095.221,00000000
118,3047.177,00000000
119,3049.898,00000000
120,3084.350,00000000
121,3176.923,00000000
122,3117.762,00000000
123,3100.607,00000000
124,3054.227,00000000
125,3060.723,00000000
126,3068.477,00000000
127,3156.768,00000000
128,3086.293,00000000
129,3073.463,00000000
130,3077.146,00000000
131,3046.713,00000000
132,3060.468,00000000
133,3198.269,00000000
134,3095.953,00000000
135,3078.126,00000000
136,3084.382,00000000
137,3052.314,00000000
138,3058.399,00000000
139,3120.869,00000000
140,3065.662,00000000
141,3042.888,00000000
142,3033.317,00000000
143,3028.391,00000000
144,3073.026,00000000
145,3137.683,00000000
146,3102.976,00000000
147,3056.600,00000000
148,3058.729,00000000
149,3068.454,00000000
150,3174.248,00000000
151,3087.491,00000000
152,3072.285,00000000
153,3077.840,00000000
154,3041.658,00000000
155,3046.375,00000000
156,3156.798,00000000
157,3098.403,00000000
158,3073.302,00000000
159,3074.373,00000000
160,3096.566,00000000
161,3091.356,00000000
162,3120.596,00000000
163,3098.347,00000000
164,3048.038,00000000
165,3046.308,00000000
166,3059.372,00000000
167,3163.009,00000000
168,3093.608,00000000
169,3110.031,00000000
170,3097.848,00000000
171,3053.347,00000000
172,3058.819,00000000
173,3153.612,00000000
174,3069.940,00000000
175,3057.024,00000000
176,3061.781,00000000
177,3080.965,00000000
178,3114.473,00000000
179,3111.982,00000000
180,3107.051,00000000
181,3083.099,00000000
182,3070.235,00000000
183,3072.958,00000000
184,3177.020,00000000
185,3090.951,00000000
186,3074.213,00000000
187,3083.993,00000000
188,3042.572,00000000
189,3052.560,00000000
190,3145.285,00000000
191,3078.949,00000000
192,3060.039,00000000
193,3093.111,00000000
194,3089.855,00000000
195,3145.229,00000000
196,3112.502,00000000
197,3091.841,00000000
198,3046.075,00000000
199,3050.265,00000000
200,3072.823,00000000
201,3155.800,00000000
202,3091.704,00000000
203,3076.758,00000000
204,3074.313,00000000
205,3072.861,00000000
206,3068.216,00000000
207,3174.338,00000000
208,3080.500,00000000
209,3068.051,00000000
210,3076.980,00000000
211,3038.214,00000000
212,3050.589,00000000
213,3165.895,00000000
214,3077.875,00000000
215,3068.166,00000000
216,3075.546,00000000
217,3065.461,00000000
218,3066.916,00000000
219,3143.243,00000000
220,3098.927,00000000
221,3056.053,00000000
222,3066.610,00000000
223,3078.808,00000000
224,3059.984,00000000
225,3122.356,00000000
226,3102.769,00000000
227,3056.084,00000000
228,3067.592,00000000
229,3081.321,00000000
230,3130.598,00000000
231,3119.934,00000000
232,3100.074,00000000
233,3050.361,00000000
234,3058.200,00000000
235,3071.296,00000000
236,3153.033,00000000
237,3105.887,00000000
238,3092.658,00000000
239,3047.278,00000000
240,3065.556,00000000
241,3075.148,00000000
242,3176.075,00000000
243,3099.051,00000000
244,3080.061,00000000
245,3079.215,00000000
246,3049.052,00000000
247,3052.958,00000000
248,3173.572,00000000
249,3082.922,00000000
250,3070.542,00000000
251,3078.096,00000000
252,3039.167,00000000
253,3052.734,00000000
254,3131.938,00000000
255,3063.070,00000000
256,3035.456,00000000
257,3027.677,00000000
258,3025.500,00000000
259,3074.090,00000000
260,3118.924,00000000
261,3101.228,00000000
262,3051.159,00000000
263,3055.558,00000000
264,3065.736,00000000
265,3174.975,00000000
266,3102.676,00000000
267,3081.339,00000000
268,3081.305,00000000
269,3045.848,00000000
270,3051.921,00000000
271,3164.062,00000000
272,3078.235,00000000
273,3072.448,00000000
274,3074.467,00000000
275,3085.463,00000000
276,3100.110,00000000
277,3116.475,00000000
278,3112.620,00000000
279,3054.850,00000000
280,3067.604,00000000
281,3073.402,00000000
282,3172.616,00000000
283,3093.572,00000000
284,3084.706,00000000
285,3093.895,00000000
286,3055.328,00000000
287,3064.259,00000000
288,3157.166,00000000
289,3075.709,00000000
290,3076.485,00000000
291,3063.975,00000000
292,3080.177,00000000
293,3119.041,00000000
294,3113.602,00000000
295,3097.626,00000000
296,3054.028,00000000
297,3056.484,00000000
298,3066.674,00000000
299,3179.869,00000000
300,3089.307,00000000
301,3076.771,00000000
302,3096.823,00000000
303,3054.317,00000000
304,3049.257,00000000
305,3140.869,00000000
306,3094.319,00000000
307,3061.022,00000000
308,3066.935,00000000
309,3074.379,00000000
310,3156.741,00000000
311,3104.246,00000000
312,3093.101,00000000
313,3047.630,00000000
314,3073.709,00000000
315,3070.482,00000000
316,3174.670,00000000
317,3087.402,00000000
318,3074.628,00000000
319,3084.542,00000000
320,3064.306,00000000
321,3065.754,00000000
322,3181.128,00000000
323,3080.277,00000000
324,3062.444,00000000
325,3072.096,00000000
326,3060.425,00000000
327,3052.250,00000000
328,3156.773,00000000
329,3072.555,00000000
330,3062.975,00000000
331,3075.407,00000000
332,3078.223,00000000
333,3050.958,00000000
334,3134.000,00000000
335,3102.975,00000000
336,3057.773,00000000
337,3062.765,00000000
338,3103.422,00000000
339,3116.828,00000000
340,3131.614,00000000
341,3103.912,00000000
342,3056.212,00000000
343,3064.741,00000000
344,3072.392,00000000
345,3153.168,00000000
346,3100.190,00000000
347,3086.086,00000000
348,3040.298,00000000
349,3051.500,00000000
350,3085.979,00000000
351,3163.604,00000000
352,3105.898,00000000
353,3088.601,00000000
354,3059.158,00000000
355,3055.534,00000000
356,3060.381,00000000
357,3176.424,00000000
358,3085.655,00000000
359,3069.075,00000000
360,3090.694,00000000
361,3046.152,00000000
362,3081.337,00000000
363,3179.512,00000000
364,3080.690,00000000
365,3066.778,00000000
366,3078.438,00000000
367,3050.101,00000000
368,3056.036,00000000
369,3109.507,00000000
370,3054.709,00000000
371,3033.171,00000000
372,3023.334,00000000
373,3019.822,00000000
374,3148.435,00000000
375,3111.226,00000000
376,3092.443,00000000
377,3059.661,00000000
378,3053.210,00000000
379,3061.130,00000000
380,3190.566,00000000
381,3085.892,00000000
382,3073.011,00000000
383,3083.073,00000000
384,3058.709,00000000
385,3046.007,00000000
386,3179.858,00000000
387,3089.413,00000000
388,3067.762,00000000
389,3068.013,00000000
390,3081.919,00000000
391,3134.827,00000000
392,3110.085,00000000
393,3088.537,00000000
394,3043.682,00000000
395,3053.505,00000000
396,3056.601,00000000
397,3181.541,00000000
398,3113.689,00000000
399,3086.675,00000000
400,3100.120,00000000
401,3062.589,00000000
402,3052.772,00000000
403,3148.143,00000000
404,3098.054,00000000
405,3058.446,00000000
406,3062.289,00000000
407,3076.838,00000000
408,3156.267,00000000
409,3103.291,00000000
410,3119.272,00000000
411,3077.275,00000000
412,3057.295,00000000
413,3068.750,00000000
414,3183.348,00000000
415,3087.105,00000000
416,3072.313,00000000
417,3076.363,00000000
418,3076.792,00000000
419,3044.318,00000000
420,3146.081,00000000
421,3109.179,00000000
422,3079.214,00000000
423,3080.180,00000000
424,3083.776,00000000
425,3169.177,00000000
426,3108.604,00000000
427,3093.350,00000000
428,3066.931,00000000
429,3054.735,00000000
430,3066.382,00000000
431,3179.027,00000000
432,3085.743,00000000
433,3073.266,00000000
434,3090.364,00000000
435,3060.003,00000000
436,3060.952,00000000
437,3173.499,00000000
438,3079.995,00000000
439,3061.208,00000000
440,3087.819,00000000
441,3042.308,00000000
442,3050.680,00000000
443,3157.846,00000000
444,3079.927,00000000
445,3068.356,00000000
446,3079.254,00000000
447,3094.941,00000000
448,3059.986,00000000
449,3138.794,00000000
450,3106.503,00000000
451,3056.646,00000000
452,3061.857,00000000
453,3079.985,00000000
454,3121.816,00000000
455,3110.387,00000000
456,3094.700,00000000
457,3048.173,00000000
458,3059.773,00000000
459,3088.284,00000000
460,3178.338,00000000
461,3108.968,00000000
462,3090.731,00000000
463,3047.137,00000000
464,3055.283,00000000
465,3065.990,00000000
466,3159.093,00000000
467,3098.621,00000000
468,3079.974,00000000
469,3061.552,00000000
470,3053.253,00000000
471,3079.070,00000000
472,3187.869,00000000
473,3084.531,00000000
474,3068.896,00000000
475,3078.427,00000000
476,3039.972,00000000
477,3048.994,00000000
478,3159.050,00000000
479,3076.321,00000000
480,3076.882,00000000
481,3079.542,00000000
482,3050.365,00000000
483,3064.012,00000000
484,3114.328,00000000
485,3059.279,00000000
486,3034.947,00000000
487,3026.700,00000000
488,3021.696,00000000
489,3129.689,00000000
490,3101.693,00000000
491,3088.596,00000000
492,3055.980,00000000
493,3055.627,00000000
494,3063.550,00000000
495,3196.780,00000000
496,3087.608,00000000
497,3069.501,00000000
498,3073.980,00000000
499,3076.316,00000000
500,3058.281,00000000
501,3153.560,00000000
502,3084.455,00000000
503,3065.592,00000000
504,3073.184,00000000
505,3082.941,00000000
506,3138.671,00000000
507,3129.982,00000000
508,3098.969,00000000
509,3046.745,00000000
510,3053.034,00000000
511,3059.510,00000000
512,3179.640,00000000
513,3087.459,00000000
514,3074.396,00000000
515,3086.386,00000000
516,3062.155,00000000
517,3058.883,00000000
518,3142.288,00000000
519,3113.983,00000000
520,3076.641,00000000
521,3067.952,00000000
522,3076.652,00000000
523,3156.770,00000000
524,3108.677,00000000
525,3094.400,00000000
526,3066.900,00000000
527,3058.106,00000000
528,3062.009,00000000
529,3174.756,00000000
530,3077.668,00000000
531,3092.139,00000000
532,3082.448,00000000
533,3075.897,00000000
534,3047.426,00000000
535,3134.952,00000000
536,3110.526,00000000
537,3058.008,00000000
538,3063.219,00000000
539,3082.698,00000000
540,3181.471,00000000
541,3108.698,00000000
542,3092.168,00000000
543,3105.540,00000000
544,3061.939,00000000
545,3064.082,00000000
546,3176.993,00000000
547,3091.093,00000000
548,3075.530,00000000
549,3089.704,00000000
550,3049.055,00000000
551,3059.073,00000000
552,3173.405,00000000
553,3074.997,00000000
554,3060.633,00000000
555,3095.189,00000000
556,3044.216,00000000
557,3050.321,00000000
558,3146.802,00000000
559,3086.242,00000000
560,3075.590,00000000
561,3075.691,00000000
562,3086.308,00000000
563,3065.776,00000000
564,3125.053,00000000
565,3094.615,00000000
566,3046.223,00000000
567,3079.697,00000000
568,3080.359,00000000
569,3148.610,00000000
570,3103.267,00000000
571,3090.894,00000000
572,3049.664,00000000
573,3054.778,00000000
574,3071.465,00000000
575,3163.664,00000000
576,3099.955,00000000
577,3083.062,00000000
578,3055.945,00000000
579,3073.973,00000000
580,3085.287,00000000
581,3164.615,00000000
582,3101.282,00000000
583,3085.490,00000000
584,3083.023,00000000
585,3050.942,00000000
586,3063.263,00000000
587,3179.219,00000000
588,3080.813,00000000
589,3068.962,00000000
590,3078.592,00000000
591,3067.568,00000000
592,3057.089,00000000
593,3154.335,00000000
594,3071.317,00000000
595,3063.256,00000000
596,3073.587,00000000
597,3072.279,00000000
598,3055.220,00000000
599,3106.548,00000000
600,3068.420,00000000
601,3040.988,00000000
602,3027.173,00000000
603,3051.927,00000000
604,3151.356,00000000
605,3100.320,00000000
606,3085.924,00000000
607,3071.704,00000000
608,3049.084,00000000
609,3061.865,00000000
610,3173.622,00000000
611,3078.032,00000000
612,3064.495,00000000
613,3068.760,00000000
614,3073.091,00000000
615,3074.189,00000000
616,3150.488,00000000
617,3099.013,00000000
618,3055.092,00000000
619,3061.189,00000000
620,3086.029,00000000
621,3169.337,00000000
622,3100.909,00000000
623,3083.502,00000000
624,3061.710,00000000
625,3044.874,00000000
626,3054.546,00000000
627,3198.455,00000000
628,3085.122,00000000
629,3072.705,00000000
630,3078.240,00000000
631,3076.404,00000000
632,3045.743,00000000
633,3131.053,00000000
634,3101.271,00000000
635,3049.715,00000000
636,3053.104,00000000
637,3064.820,00000000
638,3157.877,00000000
639,3115.180,00000000
640,3105.854,00000000
641,3090.055,00000000
642,3048.244,00000000
643,3056.499,00000000
644,3167.968,00000000
645,3074.194,00000000
646,3065.538,00000000
647,3069.160,00000000
648,3081.291,00000000
649,3056.628,00000000
650,3119.228,00000000
651,3103.296,00000000
652,3065.575,00000000
653,3058.839,00000000
654,3070.409,00000000
655,3156.631,00000000
656,3090.273,00000000
657,3080.250,00000000
658,3088.332,00000000
659,3045.541,00000000
660,3069.221,00000000
661,3172.389,00000000
662,3076.513,00000000
663,3065.300,00000000
664,3091.567,00000000
665,3042.885,00000000
666,3053.917,00000000
667,3152.871,00000000
668,3069.153,00000000
669,3056.379,00000000
670,3069.584,00000000
671,3063.278,00000000
672,3041.808,00000000
673,3129.747,00000000
674,3099.575,00000000
675,3049.508,00000000
676,3079.169,00000000
677,3087.647,00000000
678,3111.492,00000000
679,3112.630,00000000
680,3111.228,00000000
681,3053.186,00000000
682,3055.221,00000000
683,3066.244,00000000
684,3158.537,00000000
685,3098.547,00000000
686,3080.841,00000000
687,3051.249,00000000
688,3066.697,00000000
689,3069.965,00000000
690,3155.874,00000000
691,3091.744,00000000
692,3074.214,00000000
693,3076.764,00000000
694,3043.026,00000000
695,3056.614,00000000
696,3170.853,00000000
697,3084.793,00000000
698,3069.726,00000000
699,3081.821,00000000
700,3077.077,00000000
701,3066.492,00000000
702,3168.042,00000000
703,3072.342,00000000
704,3059.040,00000000
705,3071.193,00000000
706,3038.062,00000000
707,3050.538,00000000
708,3143.426,00000000
709,3089.110,00000000
710,3057.945,00000000
711,3068.671,00000000
712,3104.193,00000000
713,3054.564,00000000
714,3097.428,00000000
715,3050.284,00000000
716,3028.126,00000000
717,3023.261,00000000
718,3018.937,00000000
719,3132.041,00000000
720,3100.621,00000000
721,3082.951,00000000
722,3084.135,00000000
723,3046.690,00000000
724,3069.250,00000000
725,3161.133,00000000
726,3070.653,00000000
727,3054.984,00000000
728,3061.438,00000000
729,3078.644,00000000
730,3047.726,00000000
731,3124.810,00000000
732,3102.177,00000000
733,3053.161,00000000
734,3057.850,00000000
735,3070.140,00000000
736,3175.121,00000000
737,3097.954,00000000
738,3071.657,00000000
739,3076.342,00000000
740,3058.477,00000000
741,3056.186,00000000
742,3162.758,00000000
743,3077.816,00000000
744,3066.303,00000000
745,3073.635,00000000
746,3085.138,00000000
747,3088.879,00000000
748,3137.720,00000000
749,3103.375,00000000
750,3049.800,00000000
751,3054.115,00000000
752,3066.260,00000000
753,3159.127,00000000
754,3093.085,00000000
755,3078.649,00000000
756,3086.963,00000000
757,3050.455,00000000
758,3058.025,00000000
759,3152.158,00000000
760,3108.761,00000000
761,3073.113,00000000
762,3064.617,00000000
763,3080.551,00000000
764,3121.588,00000000
765,3113.235,00000000
766,3100.648,00000000
767,3048.036,00000000
768,3055.395,00000000
769,3066.460,00000000
770,3177.641,00000000
771,3082.533,00000000
772,3093.761,00000000
773,3087.496,00000000
774,3040.653,00000000
775,3048.792,00000000
776,3151.391,00000000
777,3070.489,00000000
778,3059.675,00000000
779,3067.460,00000000
780,3080.880,00000000
781,3051.152,00000000
782,3139.516,00000000
783,3075.494,00000000
784,3074.500,00000000
785,3068.717,00000000
786,3077.574,00000000
787,3052.359,00000000
788,3119.724,00000000
789,3095.729,00000000
790,3050.098,00000000
791,3054.660,00000000
792,3072.619,00000000
793,3154.018,00000000
794,3099.913,00000000
795,3083.345,00000000
796,3066.107,00000000
797,3055.492,00000000
798,3067.388,00000000
799,3155.129,00000000
800,3106.468,00000000
801,3088.563,00000000
802,3088.865,00000000
803,3050.788,00000000
804,3061.465,00000000
805,3173.298,00000000
806,3081.411,00000000
807,3068.677,00000000
808,3104.384,00000000
809,3047.523,00000000
810,3052.131,00000000
811,3172.222,00000000
812,3083.360,00000000
813,3068.968,00000000
814,3084.653,00000000
815,3046.400,00000000
816,3057.177,00000000
817,3153.430,00000000
818,3069.966,00000000
819,3058.284,00000000
820,3109.331,00000000
821,3085.466,00000000
822,3045.478,00000000
823,3126.765,00000000
824,3097.025,00000000
825,3050.240,00000000
826,3064.095,00000000
827,3080.760,00000000
828,3067.512,00000000
829,3089.089,00000000
830,3047.241,00000000
831,3028.459,00000000
832,3055.104,00000000
833,3030.538,00000000
834,3155.712,00000000
835,3073.592,00000000
836,3064.296,00000000
837,3075.837,00000000
838,3037.241,00000000
839,3048.065,00000000
840,3150.084,00000000
841,3088.710,00000000
842,3057.184,00000000
843,3057.028,00000000
844,3097.923,00000000
845,3109.031,00000000
846,3111.533,00000000
847,3096.793,00000000
848,3048.660,00000000
849,3053.922,00000000
850,3063.194,00000000
851,3169.352,00000000
852,3080.218,00000000
853,3068.048,00000000
854,3075.242,00000000
855,3033.092,00000000
856,3064.226,00000000
857,3154.675,00000000
858,3079.397,00000000
859,3061.059,00000000
860,3067.505,00000000
861,3085.279,00000000
862,3121.698,00000000
863,3111.449,00000000
864,3090.632,00000000
865,3041.995,00000000
866,3047.628,00000000
867,3063.794,00000000
868,3181.555,00000000
869,3097.138,00000000
870,3074.815,00000000
871,3080.567,00000000
872,3051.126,00000000
873,3046.810,00000000
874,3139.222,00000000
875,3087.950,00000000
876,3050.072,00000000
877,3051.723,00000000
878,3067.543,00000000
879,3152.182,00000000
880,3107.831,00000000
881,3111.297,00000000
882,3066.649,00000000
883,3052.961,00000000
884,3060.472,00000000
885,3175.781,00000000
886,3076.341,00000000
887,3066.955,00000000
888,3079.454,00000000
889,3044.258,00000000
890,3049.095,00000000
891,3142.055,00000000
892,3076.209,00000000
893,3072.757,00000000
894,3071.661,00000000
895,3087.323,00000000
896,3049.073,00000000
897,3129.382,00000000
898,3100.414,00000000
899,3051.640,00000000
900,3061.692,00000000
901,3082.445,00000000
902,3094.403,00000000
903,3111.255,00000000
904,3099.188,00000000
905,3061.899,00000000
906,3057.377,00000000
907,3071.794,00000000
908,3159.042,00000000
909,3099.957,00000000
910,3082.067,00000000
911,3041.269,00000000
912,3047.422,00000000
913,3059.050,00000000
914,3165.957,00000000
915,3086.231,00000000
916,3067.937,00000000
917,3096.695,00000000
918,3050.855,00000000
919,3057.275,00000000
920,3171.608,00000000
921,3085.250,00000000
922,3069.789,00000000
923,3070.760,00000000
924,3037.359,00000000
925,3050.131,00000000
926,3165.192,00000000
927,3078.972,00000000
928,3063.129,00000000
929,3094.176,00000000
930,3051.704,00000000
931,3053.446,00000000
932,3144.838,00000000
933,3073.341,00000000
934,3050.072,00000000
935,3057.199,00000000
936,3070.995,00000000
937,3051.887,00000000
938,3123.313,00000000
939,3105.075,00000000
940,3055.918,00000000
941,3087.179,00000000
942,3085.408,00000000
943,3101.951,00000000
944,3079.533,00000000
945,3041.911,00000000
946,3022.846,00000000
947,3024.564,00000000
948,3021.351,00000000
949,3159.810,00000000
950,3079.534,00000000
951,3066.940,00000000
952,3078.290,00000000
953,3085.140,00000000
954,3057.330,00000000
955,3136.236,00000000
956,3100.159,00000000
957,3050.097,00000000
958,3053.604,00000000
959,3070.493,00000000
960,3134.677,00000000
961,3117.384,00000000
962,3094.257,00000000
963,3052.454,00000000
964,3053.597,00000000
965,3083.160,00000000
966,3188.371,00000000
967,3086.715,00000000
968,3066.238,00000000
969,3073.046,00000000
970,3048.094,00000000
971,3043.695,00000000
972,3136.005,00000000
973,3095.118,00000000
974,3056.750,00000000
975,3061.651,00000000
976,3075.173,00000000
977,3179.640,00000000
978,3103.235,00000000
979,3083.539,00000000
980,3057.652,00000000
981,3050.345,00000000
982,3055.776,00000000
983,3174.498,00000000
984,3085.319,00000000
985,3070.675,00000000
986,3075.807,00000000
987,3082.669,00000000
988,3046.787,00000000
989,3153.871,00000000
990,3105.583,00000000
991,3046.878,00000000
992,3049.923,00000000
993,3066.648,00000000
994,3157.135,00000000
995,3097.965,00000000
996,3084.915,00000000
997,3085.639,00000000
998,3051.206,00000000
999,3059.419,00000000
1000,3166.756,00000000
1001,3103.785,00000000
1002,3076.472,00000000
1003,3079.680,00000000
1004,3061.116,00000000
1005,3044.988,00000000
1006,3132.856,00000000
1007,3105.782,00000000
1008,3061.012,00000000
1009,3068.217,00000000
1010,3087.192,00000000
1011,3055.883,00000000
1012,3119.160,00000000
1013,3121.051,00000000
1014,3059.467,00000000
1015,3056.515,00000000
1016,3072.835,00000000
1017,3142.466,00000000
1018,3108.563,00000000
1019,3090.495,00000000
1020,3048.882,00000000
1021,3065.589,00000000
1022,3071.589,00000000
1023,3161.114,00000000
1024,3097.006,00000000
1025,3105.392,00000000
1026,3070.756,00000000
1027,3044.645,00000000
1028,3056.175,00000000
1029,3178.493,00000000
1030,3083.780,00000000
1031,3065.938,00000000
1032,3080.418,00000000
1033,3045.411,00000000
1034,3055.939,00000000
1035,3170.427,00000000
1036,3072.542,00000000
1037,3091.856,00000000
1038,3085.484,00000000
1039,3041.500,00000000
1040,3044.594,00000000
1041,3170.672,00000000
1042,3078.061,00000000
1043,3067.325,00000000
1044,3078.682,00000000
1045,3052.888,00000000
1046,3049.859,00000000
1047,3140.106,00000000
1048,3094.774,00000000
1049,3079.328,00000000
1050,3068.673,00000000
1051,3080.888,00000000
1052,3074.972,00000000
1053,3114.636,00000000
1054,3099.981,00000000
1055,3051.400,00000000
1056,3057.053,00000000
1057,3075.742,00000000
1058,3129.227,00000000
1059,3077.514,00000000
1060,3040.649,00000000
1061,3060.782,00000000
1062,3040.445,00000000
1063,3029.620,00000000
1064,3166.588,00000000
1065,3073.295,00000000
1066,3062.280,00000000
1067,3073.280,00000000
1068,3069.676,00000000
1069,3046.389,00000000
1070,3127.174,00000000
1071,3097.125,00000000
1072,3050.150,00000000
1073,3068.616,00000000
1074,3076.798,00000000
1075,3150.405,00000000
1076,3100.034,00000000
1077,3085.752,00000000
1078,3054.945,00000000
1079,3043.975,00000000
1080,3058.294,00000000
1081,3186.432,00000000
1082,3079.583,00000000
1083,3060.635,00000000
1084,3069.225,00000000
1085,3061.603,00000000
1086,3052.959,00000000
1087,3138.588,00000000
1088,3101.465,00000000
1089,3056.187,00000000
1090,3060.526,00000000
1091,3070.857,00000000
1092,3160.250,00000000
1093,3097.857,00000000
1094,3077.083,00000000
1095,3066.664,00000000
1096,3038.081,00000000
1097,3050.900,00000000
1098,3179.514,00000000
1099,3076.828,00000000
1100,3062.647,00000000
1101,3081.833,00000000
1102,3077.887,00000000
1103,3043.050,00000000
1104,3128.472,00000000
1105,3099.664,00000000
1106,3051.013,00000000
1107,3054.934,00000000
1108,3068.397,00000000
1109,3158.673,00000000
1110,3114.067,00000000
1111,3088.497,00000000
1112,3080.731,00000000
1113,3045.778,00000000
1114,3053.057,00000000
1115,3165.492,00000000
1116,3072.293,00000000
1117,3064.112,00000000
1118,3074.489,00000000
1119,3070.911,00000000
1120,3044.193,00000000
1121,3143.884,00000000
1122,3115.006,00000000
1123,3063.149,00000000
1124,3067.994,00000000
1125,3085.474,00000000
1126,3050.821,00000000
1127,3127.577,00000000
1128,3098.332,00000000
1129,3043.864,00000000
1130,3051.574,00000000
1131,3070.328,00000000
1132,3121.730,00000000
1133,3104.198,00000000
1134,3105.842,00000000
1135,3048.702,00000000
1136,3056.102,00000000
1137,3069.817,00000000
1138,3153.165,00000000
1139,3088.455,00000000
1140,3076.830,00000000
1141,3061.927,00000000
1142,3047.312,00000000
1143,3061.558,00000000
1144,3171.445,00000000
1145,3078.890,00000000
1146,3088.050,00000000
1147,3082.956,00000000
1148,3047.712,00000000
1149,3052.688,00000000
1150,3171.951,00000000
1151,3074.540,00000000
1152,3062.483,00000000
1153,3073.247,00000000
1154,3037.632,00000000
1155,3041.917,00000000
1156,3157.915,00000000
1157,3073.331,00000000
1158,3079.266,00000000
1159,3078.955,00000000
1160,3044.815,00000000
1161,3055.937,00000000
1162,3143.632,00000000
1163,3077.517,00000000
1164,3051.554,00000000
1165,3059.633,00000000
1166,3070.431,00000000
1167,3049.859,00000000
1168,3118.189,00000000
1169,3098.685,00000000
1170,3068.195,00000000
1171,3061.019,00000000
1172,3074.234,00000000
1173,3098.948,00000000
1174,3073.935,00000000
1175,3036.208,00000000
1176,3022.144,00000000
1177,3022.919,00000000
1178,3017.944,00000000
1179,3160.921,00000000
1180,3078.938,00000000
1181,3083.669,00000000
1182,3106.628,00000000
1183,3064.217,00000000
1184,3054.426,00000000
1185,3139.398,00000000
1186,3094.464,00000000
1187,3049.657,00000000
1188,3057.159,00000000
1189,3071.156,00000000
1190,3114.336,00000000
1191,3106.193,00000000
1192,3086.585,00000000
1193,3046.050,00000000
1194,3076.817,00000000
1195,3070.304,00000000
1196,3179.519,00000000
1197,3085.622,00000000
1198,3066.104,00000000
1199,3075.129,00000000
1200,3038.478,00000000
1201,3051.456,00000000
1202,3143.496,00000000
1203,3087.968,00000000
1204,3058.698,00000000
1205,3064.957,00000000
1206,3102.351,00000000
1207,3160.715,00000000
1208,3104.616,00000000
1209,3085.315,00000000
1210,3043.952,00000000
1211,3040.998,00000000
1212,3058.177,00000000
1213,3175.669,00000000
1214,3084.423,00000000
1215,3073.125,00000000
1216,3080.474,00000000
1217,3072.291,00000000
1218,3076.800,00000000
1219,3145.342,00000000
1220,3097.990,00000000
1221,3059.019,00000000
1222,3058.564,00000000
1223,3075.765,00000000
1224,3154.786,00000000
1225,3103.459,00000000
1226,3089.010,00000000
1227,3062.896,00000000
1228,3051.824,00000000
1229,3059.849,00000000
1230,3200.305,00000000
1231,3086.559,00000000
1232,3071.831,00000000
1233,3083.348,00000000
1234,3044.985,00000000
1235,3048.178,00000000
1236,3143.689,00000000
1237,3089.361,00000000
1238,3056.345,00000000
1239,3065.358,00000000
1240,3080.570,00000000
1241,3052.816,00000000
1242,3161.724,00000000
1243,3107.072,00000000
1244,3051.428,00000000
1245,3050.763,00000000
1246,3071.341,00000000
1247,3094.390,00000000
1248,3112.909,00000000
1249,3094.413,00000000
1250,3052.563,00000000
1251,3061.350,00000000
1252,3074.620,00000000
1253,3162.315,00000000
1254,3129.188,00000000
1255,3089.306,00000000
1256,3053.543,00000000
1257,3042.036,00000000
1258,3054.740,00000000
1259,3172.163,00000000
1260,3088.510,00000000
1261,3085.320,00000000
1262,3090.091,00000000
1263,3051.582,00000000
1264,3060.547,00000000
1265,3175.093,00000000
1266,3104.204,00000000
1267,3077.918,00000000
1268,3082.256,00000000
1269,3043.023,00000000
1270,3053.660,00000000
1271,3175.655,00000000
1272,3083.474,00000000
1273,3073.736,00000000
1274,3080.297,00000000
1275,3044.761,00000000
1276,3058.228,00000000
1277,3147.842,00000000
1278,3101.266,00000000
1279,3064.023,00000000
1280,3066.894,00000000
1281,3082.739,00000000
1282,3045.032,00000000
1283,3130.724,00000000
1284,3102.322,00000000
1285,3057.460,00000000
1286,3064.350,00000000
1287,3082.515,00000000
1288,3083.707,00000000
1289,3084.635,00000000
1290,3065.078,00000000
1291,3039.643,00000000
1292,3029.388,00000000
1293,3024.813,00000000
1294,3154.475,00000000
1295,3077.772,00000000
1296,3062.362,00000000
1297,3073.231,00000000
1298,3050.083,00000000
1299,3051.244,00000000
1300,3138.467,00000000
1301,3107.108,00000000
1302,3069.568,00000000
1303,3070.620,00000000
1304,3075.676,00000000
1305,3122.211,00000000
1306,3111.768,00000000
1307,3091.522,00000000
1308,3048.933,00000000
1309,3054.757,00000000
1310,3066.219,00000000
1311,3179.397,00000000
1312,3085.900,00000000
1313,3069.808,00000000
1314,3079.377,00000000
1315,3051.978,00000000
1316,3048.710,00000000
1317,3143.056,00000000
1318,3085.621,00000000
1319,3059.992,00000000
1320,3064.781,00000000
1321,3088.932,00000000
1322,3154.371,00000000
1323,3107.016,00000000
1324,3087.361,00000000
1325,3050.696,00000000
1326,3044.828,00000000
1327,3071.527,00000000
1328,3172.707,00000000
1329,3081.182,00000000
1330,3068.949,00000000
1331,3077.026,00000000
1332,3062.497,00000000
1333,3045.211,00000000
1334,3132.063,00000000
1335,3095.418,00000000
1336,3048.537,00000000
1337,3050.271,00000000
1338,3067.934,00000000
1339,3173.661,00000000
1340,3106.551,00000000
1341,3101.064,00000000
1342,3067.084,00000000
1343,3047.793,00000000
1344,3059.900,00000000
1345,3176.826,00000000
1346,3082.014,00000000
1347,3060.295,00000000
1348,3078.790,00000000
1349,3043.419,00000000
1350,3047.381,00000000
1351,3157.895,00000000
1352,3101.307,00000000
1353,3061.444,00000000
1354,3067.056,00000000
1355,3084.595,00000000
1356,3046.556,00000000
1357,3127.280,00000000
1358,3100.115,00000000
1359,3049.240,00000000
1360,3057.014,00000000
1361,3087.957,00000000
1362,3090.486,00000000
1363,3132.979,00000000
1364,3103.990,00000000
1365,3053.302,00000000
1366,3055.152,00000000
1367,3077.471,00000000
1368,3161.937,00000000
1369,3100.482,00000000
1370,3087.830,00000000
1371,3042.102,00000000
1372,3045.779,00000000
1373,3059.759,00000000
1374,3165.829,00000000
1375,3102.997,00000000
1376,3079.000,00000000
1377,3083.913,00000000
1378,3051.040,00000000
1379,3059.907,00000000
1380,3172.901,00000000
1381,3092.516,00000000
1382,3072.868,00000000
1383,3077.558,00000000
1384,3034.594,00000000
1385,3049.622,00000000
1386,3164.478,00000000
1387,3096.073,00000000
1388,3071.694,00000000
1389,3077.078,00000000
1390,3042.192,00000000
1391,3048.613,00000000
1392,3146.338,00000000
1393,3072.916,00000000
1394,3054.302,00000000
1395,3060.487,00000000
1396,3072.008,00000000
1397,3042.208,00000000
1398,3118.594,00000000
1399,3122.398,00000000
1400,3056.513,00000000
1401,3073.096,00000000
1402,3085.792,00000000
1403,3083.495,00000000
1404,3077.272,00000000
1405,3037.814,00000000
1406,3018.237,00000000
1407,3012.883,00000000
1408,3011.196,00000000
1409,3155.236,00000000
1410,3080.231,00000000
1411,3083.842,00000000
1412,3085.330,00000000
1413,3053.891,00000000
1414,3052.429,00000000
1415,3136.234,00000000
1416,3096.439,00000000
1417,3048.167,00000000
1418,3055.638,00000000
1419,3071.922,00000000
1420,3118.078,00000000
1421,3119.192,00000000
1422,3100.995,00000000
1423,3074.233,00000000
1424,3067.880,00000000
1425,3068.365,00000000
1426,3173.348,00000000
1427,3083.623,00000000
1428,3067.660,00000000
1429,3068.709,00000000
1430,3039.433,00000000
1431,3045.334,00000000
1432,3147.457,00000000
1433,3077.225,00000000
1434,3055.989,00000000
1435,3092.525,00000000
1436,3091.853,00000000
1437,3150.095,00000000
1438,3107.248,00000000
1439,3086.588,00000000
1440,3040.051,00000000
1441,3059.437,00000000
1442,3065.697,00000000
1443,3178.276,00000000
1444,3085.589,00000000
1445,3071.454,00000000
1446,3077.899,00000000
1447,3074.792,00000000
1448,3057.174,00000000
1449,3149.908,00000000
1450,3096.576,00000000
1451,3055.259,00000000
1452,3059.843,00000000
1453,3073.486,00000000
1454,3155.187,00000000
1455,3106.419,00000000
1456,3089.434,00000000
1457,3057.748,00000000
1458,3049.718,00000000
1459,3085.727,00000000
1460,3184.825,00000000
1461,3095.725,00000000
1462,3072.658,00000000
1463,3081.562,00000000
1464,3041.674,00000000
1465,3051.043,00000000
1466,3145.310,00000000
1467,3086.596,00000000
1468,3057.979,00000000
1469,3066.906,00000000
1470,3081.582,00000000
1471,3077.237,00000000
1472,3137.009,00000000
1473,3097.076,00000000
1474,3049.154,00000000
1475,3049.299,00000000
1476,3075.447,00000000
1477,3100.876,00000000
1478,3116.160,00000000
1479,3100.412,00000000
1480,3049.285,00000000
1481,3066.888,00000000
1482,3080.429,00000000
1483,3191.948,00000000
1484,3110.228,00000000
1485,3086.560,00000000
1486,3044.640,00000000
1487,3050.137,00000000
1488,3063.424,00000000
1489,3176.264,00000000
1490,3093.528,00000000
1491,3078.003,00000000
1492,3087.574,00000000
1493,3052.107,00000000
1494,3061.702,00000000
1495,3200.692,00000000
1496,3089.750,00000000
1497,3067.751,00000000
1498,3075.632,00000000
1499,3034.657,00000000
1500,3046.632,00000000
1501,3174.925,00000000
1502,3078.284,00000000
1503,3065.741,00000000
1504,3076.219,00000000
1505,3041.112,00000000
1506,3049.669,00000000
1507,3157.662,00000000
1508,3093.834,00000000
1509,3057.313,00000000
1510,3063.488,00000000
1511,3075.907,00000000
1512,3053.708,00000000
1513,3118.372,00000000
1514,3102.999,00000000
1515,3055.730,00000000
1516,3062.358,00000000
1517,3080.039,00000000
1518,3110.821,00000000
1519,3086.203,00000000
1520,3059.063,00000000
1521,3042.727,00000000
1522,3028.400,00000000
1523,3022.696,00000000
1524,3165.734,00000000
1525,3080.495,00000000
1526,3067.241,00000000
1527,3074.838,00000000
1528,3058.001,00000000
1529,3045.632,00000000
1530,3128.002,00000000
1531,3098.076,00000000
1532,3068.167,00000000
1533,3060.515,00000000
1534,3073.702,00000000
1535,3137.737,00000000
1536,3107.406,00000000
1537,3089.457,00000000
1538,3044.804,00000000
1539,3046.517,00000000
1540,3064.609,00000000
1541,3192.430,00000000
1542,3090.384,00000000
1543,3074.880,00000000
1544,3096.399,00000000
1545,3050.532,00000000
1546,3052.904,00000000
1547,3145.323,00000000
1548,3081.989,00000000
1549,3057.698,00000000
1550,3068.420,00000000
1551,3082.336,00000000
1552,3158.027,00000000
1553,3105.823,00000000
1554,3088.264,00000000
1555,3049.128,00000000
1556,3066.025,00000000
1557,3068.959,00000000
1558,3176.963,00000000
1559,3077.450,00000000
1560,3068.840,00000000
1561,3092.550,00000000
1562,3055.313,00000000
1563,3050.663,00000000
1564,3145.723,00000000
1565,3095.830,00000000
1566,3055.201,00000000
1567,3057.637,00000000
1568,3089.863,00000000
1569,3162.435,00000000
1570,3105.625,00000000
1571,3084.977,00000000
1572,3058.588,00000000
1573,3042.137,00000000
1574,3055.331,00000000
1575,3174.264,00000000
1576,3077.708,00000000
1577,3061.427,00000000
1578,3075.543,00000000
1579,3043.624,00000000
1580,3065.707,00000000
1581,3159.535,00000000
1582,3089.268,00000000
1583,3060.529,00000000
1584,3065.017,00000000
1585,3077.618,00000000
1586,3043.893,00000000
1587,3130.567,00000000
1588,3099.768,00000000
1589,3050.312,00000000
1590,3057.381,00000000
1591,3072.587,00000000
1592,3119.471,00000000
1593,3119.626,00000000
1594,3095.271,00000000
1595,3045.616,00000000
1596,3049.915,00000000
1597,3071.975,00000000
1598,3157.365,00000000
1599,3095.708,00000000
1600,3078.147,00000000
1601,3058.742,00000000
1602,3046.740,00000000
1603,3057.365,00000000
1604,3187.603,00000000
1605,3087.616,00000000
1606,3067.695,00000000
1607,3083.615,00000000
1608,3047.063,00000000
1609,3057.692,00000000
1610,3174.945,00000000
1611,3079.767,00000000
1612,3058.472,00000000
1613,3071.534,00000000
1614,3037.999,00000000
1615,3048.511,00000000
1616,3188.824,00000000
1617,3086.152,00000000
1618,3067.785,00000000
1619,3076.015,00000000
1620,3042.124,00000000
1621,3065.840,00000000
1622,3150.142,00000000
1623,3073.561,00000000
1624,3052.356,00000000
1625,3060.695,00000000
1626,3074.122,00000000
1627,3048.739,00000000
1628,3148.896,00000000
1629,3112.692,00000000
1630,3056.694,00000000
1631,3056.671,00000000
1632,3076.730,00000000
1633,3093.287,00000000
1634,3082.058,00000000
1635,3043.259,00000000
1636,3033.142,00000000
1637,3024.989,00000000
1638,3023.233,00000000
1639,3161.416,00000000
1640,3106.364,00000000
1641,3094.452,00000000
1642,3091.756,00000000
1643,3060.908,00000000
1644,3050.933,00000000
1645,3137.594,00000000
1646,3095.078,00000000
1647,3051.599,00000000
1648,3050.103,00000000
1649,3067.327,00000000
1650,3117.443,00000000
1651,3109.821,00000000
1652,3123.062,00000000
1653,3060.854,00000000
1654,3062.833,00000000
1655,3067.382,00000000
1656,3180.942,00000000
1657,3085.264,00000000
1658,3066.311,00000000
1659,3076.927,00000000
1660,3043.299,00000000
1661,3061.137,00000000
1662,3150.750,00000000
1663,3093.802,00000000
1664,3091.568,00000000
1665,3082.131,00000000
1666,3083.652,00000000
1667,3153.771,00000000
1668,3100.799,00000000
1669,3082.018,00000000
1670,3046.448,00000000
1671,3043.666,00000000
1672,3052.281,00000000
1673,3172.285,00000000
1674,3081.005,00000000
1675,3067.981,00000000
1676,3105.171,00000000
1677,3078.564,00000000
1678,3053.895,00000000
1679,3133.587,00000000
1680,3096.321,00000000
1681,3063.704,00000000
1682,3055.002,00000000
1683,3069.666,00000000
1684,3160.295,00000000
1685,3096.847,00000000
1686,3086.086,00000000
1687,3078.772,00000000
1688,3080.873,00000000
1689,3075.806,00000000
1690,3176.559,00000000
1691,3076.174,00000000
1692,3062.020,00000000
1693,3072.310,00000000
1694,3046.370,00000000
1695,3046.264,00000000
1696,3135.607,00000000
1697,3102.087,00000000
1698,3056.398,00000000
1699,3067.839,00000000
1700,3111.421,00000000
1701,3078.193,00000000
1702,3137.842,00000000
1703,3103.801,00000000
1704,3049.453,00000000
1705,3052.959,00000000
1706,3071.599,00000000
1707,3124.808,00000000
1708,3108.721,00000000
1709,3086.306,00000000
1710,3043.466,00000000
1711,3051.013,00000000
1712,3082.587,00000000
1713,3171.818,00000000
1714,3100.014,00000000
1715,3077.274,00000000
1716,3068.401,00000000
1717,3044.130,00000000
1718,3057.395,00000000
1719,3179.501,00000000
1720,3083.952,00000000
1721,3088.958,00000000
1722,3093.064,00000000
1723,3049.318,00000000
1724,3059.345,00000000
1725,3185.774,00000000
1726,3077.171,00000000
1727,3061.482,00000000
1728,3073.049,00000000
1729,3040.514,00000000
1730,3046.971,00000000
1731,3152.960,00000000
1732,3073.640,00000000
1733,3063.625,00000000
1734,3072.497,00000000
1735,3054.506,00000000
1736,3047.052,00000000
1737,3147.127,00000000
1738,3099.524,00000000
1739,3052.925,00000000
1740,3053.849,00000000
1741,3087.674,00000000
1742,3069.744,00000000
1743,3123.342,00000000
1744,3101.690,00000000
1745,3053.748,00000000
1746,3063.739,00000000
1747,3079.591,00000000
1748,3123.088,00000000
1749,3100.228,00000000
1750,3053.756,00000000
1751,3034.003,00000000
1752,3028.034,00000000
1753,3027.135,00000000
1754,3160.918,00000000
1755,3075.133,00000000
1756,3065.441,00000000
1757,3077.264,00000000
1758,3066.564,00000000
1759,3047.029,00000000
1760,3129.936,00000000
1761,3132.088,00000000
1762,3065.861,00000000
1763,3062.625,00000000
1764,3072.159,00000000
1765,3138.052,00000000
1766,3106.031,00000000
1767,3090.265,00000000
1768,3046.256,00000000
1769,3055.320,00000000
1770,3064.982,00000000
1771,3181.463,00000000
1772,3080.542,00000000
1773,3088.359,00000000
1774,3082.364,00000000
1775,3054.893,00000000
1776,3045.395,00000000
1777,3140.162,00000000
1778,3094.696,00000000
1779,3060.520,00000000
1780,3068.077,00000000
1781,3095.828,00000000
1782,3171.105,00000000
1783,3109.856,00000000
1784,3088.587,00000000
1785,3075.056,00000000
1786,3051.531,00000000
1787,3061.009,00000000
1788,3173.675,00000000
1789,3077.987,00000000
1790,3066.556,00000000
1791,3073.705,00000000
1792,3070.315,00000000
1793,3045.205,00000000
1794,3131.680,00000000
1795,3100.713,00000000
1796,3050.674,00000000
1797,3078.164,00000000
1798,3082.116,00000000
1799,3163.642,00000000
1800,3098.000,00000000
1801,3094.492,00000000
1802,3081.789,00000000
1803,3045.606,00000000
1804,3053.182,00000000
1805,3166.896,00000000
1806,3075.553,00000000
1807,3062.210,00000000
1808,3074.014,00000000
1809,3080.021,00000000
1810,3053.175,00000000
1811,3137.770,00000000
1812,3098.736,00000000
1813,3054.506,00000000
1814,3060.611,00000000
1815,3078.659,00000000
1816,3047.562,00000000
1817,3121.934,00000000
1818,3100.381,00000000
1819,3054.162,00000000
1820,3059.724,00000000
1821,3107.233,00000000
1822,3152.594,00000000
1823,3116.835,00000000
1824,3093.625,00000000
1825,3048.187,00000000
1826,3057.728,00000000
1827,3069.605,00000000
1828,3154.077,00000000
1829,3092.083,00000000
1830,3071.598,00000000
1831,3069.315,00000000
1832,3046.099,00000000
1833,3081.817,00000000
1834,3184.165,00000000
1835,3086.881,00000000
1836,3071.232,00000000
1837,3081.760,00000000
1838,3042.267,00000000
1839,3049.871,00000000
1840,3165.283,00000000
1841,3092.938,00000000
1842,3071.769,00000000
1843,3074.713,00000000
1844,3039.236,00000000
1845,3068.747,00000000
1846,3164.975,00000000
1847,3073.643,00000000
1848,3054.855,00000000
1849,3068.181,00000000
1850,3062.633,00000000
1851,3047.561,00000000
1852,3129.934,00000000
1853,3095.982,00000000
1854,3050.781,00000000
1855,3057.567,00000000
1856,3073.850,00000000
1857,3115.327,00000000
1858,3120.846,00000000
1859,3104.621,00000000
1860,3052.831,00000000
1861,3068.911,00000000
1862,3078.524,00000000
1863,3144.440,00000000
1864,3076.354,00000000
1865,3039.261,00000000
1866,3019.215,00000000
1867,3019.765,00000000
1868,3021.939,00000000
1869,3183.982,00000000
1870,3089.911,00000000
1871,3077.121,00000000
1872,3080.671,00000000
1873,3086.422,00000000
1874,3051.996,00000000
1875,3129.686,00000000
1876,3100.287,00000000
1877,3045.446,00000000
1878,3051.081,00000000
1879,3065.127,00000000
1880,3156.481,00000000
1881,3146.103,00000000
1882,3107.470,00000000
1883,3075.702,00000000
1884,3051.338,00000000
1885,3057.066,00000000
1886,3174.703,00000000
1887,3079.290,00000000
1888,3060.584,00000000
1889,3067.013,00000000
1890,3067.795,00000000
1891,3040.500,00000000
1892,3130.838,00000000
1893,3135.787,00000000
1894,3063.216,00000000
1895,3067.890,00000000
1896,3077.339,00000000
1897,3169.892,00000000
1898,3103.396,00000000
1899,3085.629,00000000
1900,3080.833,00000000
1901,3054.854,00000000
1902,3062.660,00000000
1903,3170.729,00000000
1904,3080.108,00000000
1905,3096.467,00000000
1906,3083.638,00000000
1907,3085.568,00000000
1908,3062.394,00000000
1909,3122.222,00000000
1910,3096.840,00000000
1911,3045.751,00000000
1912,3046.472,00000000
1913,3063.331,00000000
1914,3156.005,00000000
1915,3096.299,00000000
1916,3080.965,00000000
1917,3105.161,00000000
1918,3066.705,00000000
1919,3067.289,00000000
1920,3163.635,00000000
1921,3072.948,00000000
1922,3068.512,00000000
1923,3073.983,00000000
1924,3077.027,00000000
1925,3045.444,00000000
1926,3128.917,00000000
1927,3105.341,00000000
1928,3053.127,00000000
1929,3070.326,00000000
1930,3098.650,00000000
1931,3089.101,00000000
1932,3119.012,00000000
1933,3095.904,00000000
1934,3048.419,00000000
1935,3053.037,00000000
1936,3065.048,00000000
1937,3155.849,00000000
1938,3100.123,00000000
1939,3084.354,00000000
1940,3045.701,00000000
1941,3052.009,00000000
1942,3089.481,00000000
1943,3171.117,00000000
1944,3091.661,00000000
1945,3074.054,00000000
1946,3080.394,00000000
1947,3043.748,00000000
1948,3056.589,00000000
1949,3174.438,00000000
1950,3082.418,00000000
1951,3071.099,00000000
1952,3084.052,00000000
1953,3047.100,00000000
1954,3073.182,00000000
1955,3166.400,00000000
1956,3074.003,00000000
1957,3061.356,00000000
1958,3064.576,00000000
1959,3052.915,00000000
1960,3045.746,00000000
1961,3143.407,00000000
1962,3076.051,00000000
1963,3062.450,00000000
1964,3070.139,00000000
1965,3075.365,00000000
1966,3065.026,00000000
1967,3135.508,00000000
1968,3102.713,00000000
1969,3048.907,00000000
1970,3056.153,00000000
1971,3072.938,00000000
1972,3119.623,00000000
1973,3110.649,00000000
1974,3097.155,00000000
1975,3050.375,00000000
1976,3055.485,00000000
1977,3070.074,00000000
1978,3174.493,00000000
1979,3086.520,00000000
1980,3047.103,00000000
1981,3031.510,00000000
1982,3034.896,00000000
1983,3026.573,00000000
1984,3157.395,00000000
1985,3072.543,00000000
1986,3060.759,00000000
1987,3071.290,00000000
1988,3079.355,00000000
1989,3053.397,00000000
1990,3138.690,00000000
1991,3105.050,00000000
1992,3051.598,00000000
1993,3052.013,00000000
1994,3062.608,00000000
1995,3157.675,00000000
1996,3099.467,00000000
1997,3083.336,00000000
1998,3082.204,00000000
1999,3048.659,00000000
2000,3060.776,00000000
2001,3175.489,00000000
2002,3104.677,00000000
2003,3077.668,00000000
2004,3072.594,00000000
2005,3077.759,00000000
2006,3048.296,00000000
2007,3123.896,00000000
2008,3101.621,00000000
2009,3049.343,00000000
2010,3058.662,00000000
2011,3068.149,00000000
2012,3156.798,00000000
2013,3090.748,00000000
2014,3099.997,00000000
2015,3088.713,00000000
2016,3042.656,00000000
2017,3054.213,00000000
2018,3163.657,00000000
2019,3078.036,00000000
2020,3069.225,00000000
2021,3075.421,00000000
2022,3092.153,00000000
2023,3066.979,00000000
2024,3122.820,00000000
2025,3100.537,00000000
2026,3072.182,00000000
2027,3065.414,00000000
2028,3071.759,00000000
2029,3158.777,00000000
2030,3094.917,00000000
2031,3077.945,00000000
2032,3082.126,00000000
2033,3048.506,00000000
2034,3056.105,00000000
2035,3162.119,00000000
2036,3076.706,00000000
2037,3064.344,00000000
2038,3100.072,00000000
2039,3092.312,00000000
2040,3049.640,00000000
2041,3122.906,00000000
2042,3107.736,00000000
2043,3055.580,00000000
2044,3061.328,00000000
2045,3077.370,00000000
2046,3086.449,00000000
2047,3115.478,00000000
2048,3096.763,00000000
2049,3046.692,00000000
2050,3078.521,00000000
2051,3079.720,00000000
2052,3159.360,00000000
2053,3106.793,00000000
2054,3083.975,00000000
2055,3046.897,00000000
2056,3053.153,00000000
2057,3065.563,00000000
2058,3168.456,00000000
2059,3088.439,00000000
2060,3072.640,00000000
2061,3078.129,00000000
2062,3082.052,00000000
2063,3068.879,00000000
2064,3177.557,00000000
2065,3083.312,00000000
2066,3067.916,00000000
2067,3078.715,00000000
2068,3042.860,00000000
2069,3049.155,00000000
2070,3158.252,00000000
2071,3074.427,00000000
2072,3064.632,00000000
2073,3070.393,00000000
2074,3083.881,00000000
2075,3056.787,00000000
2076,3149.708,00000000
2077,3073.667,00000000
2078,3055.143,00000000
2079,3065.459,00000000
2080,3076.741,00000000
2081,3047.186,00000000
2082,3138.199,00000000
2083,3103.148,00000000
2084,3058.526,00000000
2085,3060.497,00000000
2086,3102.835,00000000
2087,3113.484,00000000
2088,3120.112,00000000
2089,3098.510,00000000
2090,3051.657,00000000
2091,3058.301,00000000
2092,3077.980,00000000
2093,3153.368,00000000
2094,3080.678,00000000
2095,3039.002,00000000
2096,3023.031,00000000
2097,3020.860,00000000
2098,3046.064,00000000
2099,3169.075,00000000
2100,3079.175,00000000
2101,3065.784,00000000
2102,3086.113,00000000
2103,3087.072,00000000
2104,3053.317,00000000
2105,3122.338,00000000
2106,3094.352,00000000
2107,3044.815,00000000
2108,3050.563,00000000
2109,3066.854,00000000
2110,3174.882,00000000
2111,3116.167,00000000
2112,3092.808,00000000
2113,3077.940,00000000
2114,3055.008,00000000
2115,3061.311,00000000
2116,3178.258,00000000
2117,3079.360,00000000
2118,3066.825,00000000
2119,3074.716,00000000
2120,3074.290,00000000
2121,3045.490,00000000
2122,3144.993,00000000
2123,3114.915,00000000
2124,3065.257,00000000
2125,3068.837,00000000
2126,3079.657,00000000
2127,3161.101,00000000
2128,3097.970,00000000
2129,3083.362,00000000
2130,3071.251,00000000
2131,3043.725,00000000
2132,3052.487,00000000
2133,3167.486,00000000
2134,3086.062,00000000
2135,3088.282,00000000
2136,3083.298,00000000
2137,3090.312,00000000
2138,3060.207,00000000
2139,3130.997,00000000
2140,3104.289,00000000
2141,3049.609,00000000
2142,3063.714,00000000
2143,3074.349,00000000
2144,3164.009,00000000
2145,3101.250,00000000
2146,3086.154,00000000
2147,3099.243,00000000
2148,3058.244,00000000
2149,3064.265,00000000
2150,3167.989,00000000
2151,3073.823,00000000
2152,3066.062,00000000
2153,3073.393,00000000
2154,3068.550,00000000
2155,3043.984,00000000
2156,3129.898,00000000
2157,3100.629,00000000
2158,3048.625,00000000
2159,3078.097,00000000
2160,3084.534,00000000
2161,3059.609,00000000
2162,3132.988,00000000
2163,3103.609,00000000
2164,3052.736,00000000
2165,3056.138,00000000
2166,3073.726,00000000
2167,3150.868,00000000
2168,3105.829,00000000
2169,3093.128,00000000
2170,3052.884,00000000
2171,3076.590,00000000
2172,3079.935,00000000
2173,3164.567,00000000
2174,3091.966,00000000
2175,3078.648,00000000
2176,3076.409,00000000
2177,3041.848,00000000
2178,3053.641,00000000
2179,3171.043,00000000
2180,3081.153,00000000
2181,3072.370,00000000
2182,3096.969,00000000
2183,3071.523,00000000
2184,3063.281,00000000
2185,3169.583,00000000
2186,3074.751,00000000
2187,3064.217,00000000
2188,3071.963,00000000
2189,3036.579,00000000
2190,3047.232,00000000
2191,3151.592,00000000
2192,3068.719,00000000
2193,3063.369,00000000
2194,3070.509,00000000
2195,3091.287,00000000
2196,3055.691,00000000
2197,3133.417,00000000
2198,3100.614,00000000
2199,3052.197,00000000
2200,3056.828,00000000
2201,3074.486,00000000
2202,3090.091,00000000
2203,3117.348,00000000
2204,3100.294,00000000
2205,3057.116,00000000
2206,3061.377,00000000
2207,3097.440,00000000
2208,3151.907,00000000
2209,3082.450,00000000
2210,3044.980,00000000
2211,3032.145,00000000
2212,3029.817,00000000
2213,3028.268,00000000
2214,3154.145,00000000
2215,3074.222,00000000
2216,3067.049,00000000
2217,3075.138,00000000
2218,3079.371,00000000
2219,3074.724,00000000
2220,3139.962,00000000
2221,3109.159,00000000
2222,3063.704,00000000
2223,3060.153,00000000
2224,3072.183,00000000
2225,3159.438,00000000
2226,3106.076,00000000
2227,3092.860,00000000
2228,3077.477,00000000
2229,3050.779,00000000
2230,3058.856,00000000
2231,3199.838,00000000
2232,3086.713,00000000
2233,3066.589,00000000
2234,3072.904,00000000
2235,3074.882,00000000
2236,3047.490,00000000
2237,3133.398,00000000
2238,3104.814,00000000
2239,3059.466,00000000
2240,3066.255,00000000
2241,3078.656,00000000
2242,3174.283,00000000
2243,3130.829,00000000
2244,3091.500,00000000
2245,3081.748,00000000
2246,3045.981,00000000
2247,3056.395,00000000
2248,3167.165,00000000
2249,3079.296,00000000
2250,3067.326,00000000
2251,3071.391,00000000
2252,3079.825,00000000
2253,3057.785,00000000
2254,3126.490,00000000
2255,3127.570,00000000
2256,3057.553,00000000
2257,3056.360,00000000
2258,3070.075,00000000
2259,3159.006,00000000
2260,3092.039,00000000
2261,3082.802,00000000
2262,3097.012,00000000
2263,3051.948,00000000
2264,3054.875,00000000
2265,3159.479,00000000
2266,3069.556,00000000
2267,3086.871,00000000
2268,3079.562,00000000
2269,3080.661,00000000
2270,3050.066,00000000
2271,3129.002,00000000
2272,3105.410,00000000
2273,3058.769,00000000
2274,3063.010,00000000
2275,3080.562,00000000
2276,3083.784,00000000
2277,3118.023,00000000
2278,3095.187,00000000
2279,3074.404,00000000
2280,3061.646,00000000
2281,3075.945,00000000
2282,3172.105,00000000
2283,3107.625,00000000
2284,3084.077,00000000
2285,3039.653,00000000
2286,3047.237,00000000
2287,3055.953,00000000
2288,3164.409,00000000
2289,3086.374,00000000
2290,3071.461,00000000
2291,3103.918,00000000
2292,3057.958,00000000
2293,3060.095,00000000
2294,3173.655,00000000
2295,3082.062,00000000
2296,3070.489,00000000
2297,3077.664,00000000
2298,3046.656,00000000
2299,3056.363,00000000
2300,3160.524,00000000
2301,3074.914,00000000
2302,3072.018,00000000
2303,3098.689,00000000
2304,3073.226,00000000
2305,3050.124,00000000
2306,3144.729,00000000
2307,3074.887,00000000
2308,3055.942,00000000
2309,3064.418,00000000
2310,3073.646,00000000
2311,3043.827,00000000
2312,3123.468,00000000
2313,3097.596,00000000
2314,3046.906,00000000
2315,3064.979,00000000
2316,3083.326,00000000
2317,3132.781,00000000
2318,3106.395,00000000
2319,3092.694,00000000
2320,3044.881,00000000
2321,3050.274,00000000
2322,3078.659,00000000
2323,3157.051,00000000
2324,3073.314,00000000
2325,3040.621,00000000
2326,3020.432,00000000
2327,3019.104,00000000
2328,3029.537,00000000
2329,3149.821,00000000
2330,3068.106,00000000
2331,3057.855,00000000
2332,3068.797,00000000
2333,3078.912,00000000
2334,3066.847,00000000
2335,3111.864,00000000
2336,3092.142,00000000
2337,3039.949,00000000
2338,3048.088,00000000
2339,3064.563,00000000
2340,3169.335,00000000
2341,3101.513,00000000
2342,3099.820,00000000
2343,3089.648,00000000
2344,3051.777,00000000
2345,3058.163,00000000
2346,3163.148,00000000
2347,3072.268,00000000
2348,3060.374,00000000
2349,3067.069,00000000
2350,3083.241,00000000
2351,3061.498,00000000
2352,3139.007,00000000
2353,3115.658,00000000
2354,3060.754,00000000
2355,3066.320,00000000
2356,3072.688,00000000
2357,3158.254,00000000
2358,3094.460,00000000
2359,3076.144,00000000
2360,3078.083,00000000
2361,3040.855,00000000
2362,3060.193,00000000
2363,3162.459,00000000
2364,3092.400,00000000
2365,3071.339,00000000
2366,3073.433,00000000
2367,3086.196,00000000
2368,3096.083,00000000
2369,3119.055,00000000
2370,3095.398,00000000
2371,3045.860,00000000
2372,3048.208,00000000
2373,3063.133,00000000
2374,3167.871,00000000
2375,3091.087,00000000
2376,3098.731,00000000
2377,3088.218,00000000
2378,3052.189,00000000
2379,3056.651,00000000
2380,3150.601,00000000
2381,3071.726,00000000
2382,3070.203,00000000
2383,3072.329,00000000
2384,3082.898,00000000
2385,3071.000,00000000
2386,3118.223,00000000
2387,3102.016,00000000
2388,3069.443,00000000
2389,3064.212,00000000
2390,3082.859,00000000
2391,3125.365,00000000
2392,3112.579,00000000
2393,3091.585,00000000
2394,3044.521,00000000
2395,3047.383,00000000
2396,3064.506,00000000
2397,3150.833,00000000
2398,3093.540,00000000
2399,3082.343,00000000
2400,3091.255,00000000
2401,3060.609,00000000
2402,3080.386,00000000
2403,3190.039,00000000
2404,3088.821,00000000
2405,3073.588,00000000
2406,3081.576,00000000
2407,3038.160,00000000
2408,3051.435,00000000
2409,3166.798,00000000
2410,3080.452,00000000
2411,3070.573,00000000
2412,3103.503,00000000
2413,3063.938,00000000
2414,3059.211,00000000
2415,3155.043,00000000
2416,3069.419,00000000
2417,3059.639,00000000
2418,3069.732,00000000
2419,3078.342,00000000
2420,3048.531,00000000
2421,3141.167,00000000
2422,3101.764,00000000
2423,3066.294,00000000
2424,3094.901,00000000
2425,3095.644,00000000
2426,3069.116,00000000
2427,3122.555,00000000
2428,3099.167,00000000
2429,3044.696,00000000
2430,3052.619,00000000
2431,3073.434,00000000
2432,3143.604,00000000
2433,3102.917,00000000
2434,3087.905,00000000
2435,3048.477,00000000
2436,3081.473,00000000
2437,3080.013,00000000
2438,3156.212,00000000
2439,3077.747,00000000
2440,3042.808,00000000
2441,3030.318,00000000
2442,3035.753,00000000
2443,3025.021,00000000
2444,3146.841,00000000
2445,3065.917,00000000
2446,3062.030,00000000
2447,3067.382,00000000
2448,3106.299,00000000
2449,3098.402,00000000
2450,3116.591,00000000
2451,3096.634,00000000
2452,3050.109,00000000
2453,3052.135,00000000
2454,3065.168,00000000
2455,3159.778,00000000
2456,3097.429,00000000
2457,3084.370,00000000
2458,3086.991,00000000
2459,3050.907,00000000
2460,3083.992,00000000
2461,3168.515,00000000
2462,3085.854,00000000
2463,3068.536,00000000
2464,3072.009,00000000
2465,3080.381,00000000
2466,3073.755,00000000
2467,3119.754,00000000
2468,3106.073,00000000
2469,3055.431,00000000
2470,3059.967,00000000
2471,3067.875,00000000
2472,3184.991,00000000
2473,3096.364,00000000
2474,3077.880,00000000
2475,3081.606,00000000
2476,3046.376,00000000
2477,3054.417,00000000
2478,3153.356,00000000
2479,3063.922,00000000
2480,3060.289,00000000
2481,3071.541,00000000
2482,3098.273,00000000
2483,3108.456,00000000
2484,3143.668,00000000
2485,3106.596,00000000
2486,3049.641,00000000
2487,3055.104,00000000
2488,3065.530,00000000
2489,3172.457,00000000
2490,3091.530,00000000
2491,3079.535,00000000
2492,3087.473,00000000
2493,3048.529,00000000
2494,3056.596,00000000
2495,3144.435,00000000
2496,3105.483,00000000
2497,3064.551,00000000
2498,3071.385,00000000
2499,3081.019,00000000
2500,3082.283,00000000
2501,3113.778,00000000
2502,3109.225,00000000
2503,3049.348,00000000
2504,3057.393,00000000
2505,3073.912,00000000
2506,3124.380,00000000
2507,3100.454,00000000
2508,3108.275,00000000
2509,3049.858,00000000
2510,3051.873,00000000
2511,3067.082,00000000
2512,3154.156,00000000
2513,3101.989,00000000
2514,3081.342,00000000
2515,3075.989,00000000
2516,3052.707,00000000
2517,3063.235,00000000
2518,3179.082,00000000
2519,3083.980,00000000
2520,3080.886,00000000
2521,3087.328,00000000
2522,3059.596,00000000
2523,3057.050,00000000
2524,3158.108,00000000
2525,3071.844,00000000
2526,3058.420,00000000
2527,3072.944,00000000
2528,3057.098,00000000
2529,3046.691,00000000
2530,3141.901,00000000
2531,3068.681,00000000
2532,3057.542,00000000
2533,3077.148,00000000
2534,3084.265,00000000
2535,3047.171,00000000
2536,3137.109,00000000
2537,3098.567,00000000
2538,3056.702,00000000
2539,3065.562,00000000
2540,3082.412,00000000
2541,3079.320,00000000
2542,3124.486,00000000
2543,3101.277,00000000
2544,3047.386,00000000
2545,3066.745,00000000
2546,3078.464,00000000
2547,3157.305,00000000
2548,3107.024,00000000
2549,3091.461,00000000
2550,3047.254,00000000
2551,3050.108,00000000
2552,3069.610,00000000
2553,3149.351,00000000
2554,3075.129,00000000
2555,3038.053,00000000
2556,3024.470,00000000
2557,3036.198,00000000
2558,3022.736,00000000
2559,3146.184,00000000
2560,3077.076,00000000
2561,3067.429,00000000
2562,3084.879,00000000
2563,3096.354,00000000
2564,3092.655,00000000
2565,3116.898,00000000
2566,3097.484,00000000
2567,3042.196,00000000
2568,3051.932,00000000
2569,3076.668,00000000
2570,3162.517,00000000
2571,3102.274,00000000
2572,3087.728,00000000
2573,3087.950,00000000
2574,3053.751,00000000
2575,3059.837,00000000
2576,3164.827,00000000
2577,3074.927,00000000
2578,3062.198,00000000
2579,3068.135,00000000
2580,3080.304,00000000
2581,3093.831,00000000
2582,3138.286,00000000
2583,3112.363,00000000
2584,3059.552,00000000
2585,3066.613,00000000
2586,3072.724,00000000
2587,3160.793,00000000
2588,3096.417,00000000
2589,3082.068,00000000
2590,3086.790,00000000
2591,3048.302,00000000
2592,3054.051,00000000
2593,3176.765,00000000
2594,3083.941,00000000
2595,3071.334,00000000
2596,3073.079,00000000
2597,3084.557,00000000
2598,3113.168,00000000
2599,3112.295,00000000
2600,3090.990,00000000
2601,3045.795,00000000
2602,3065.014,00000000
2603,3069.592,00000000
2604,3175.539,00000000
2605,3110.379,00000000
2606,3086.001,00000000
2607,3090.406,00000000
2608,3054.105,00000000
2609,3060.276,00000000
2610,3155.953,00000000
2611,3081.066,00000000
2612,3063.792,00000000
2613,3072.064,00000000
2614,3082.055,00000000
2615,3083.787,00000000
2616,3118.954,00000000
2617,3126.119,00000000
2618,3063.142,00000000
2619,3068.141,00000000
2620,3082.786,00000000
2621,3131.075,00000000
2622,3125.626,00000000
2623,3098.622,00000000
2624,3050.842,00000000
2625,3052.092,00000000
2626,3069.383,00000000
2627,3158.457,00000000
2628,3100.468,00000000
2629,3110.707,00000000
2630,3074.642,00000000
2631,3052.625,00000000
2632,3068.101,00000000
2633,3180.212,00000000
2634,3084.627,00000000
2635,3070.666,00000000
2636,3084.298,00000000
2637,3047.984,00000000
2638,3056.232,00000000
2639,3166.584,00000000
2640,3077.827,00000000
2641,3097.926,00000000
2642,3107.129,00000000
2643,3070.676,00000000
2644,3062.829,00000000
2645,3155.738,00000000
2646,3075.589,00000000
2647,3061.791,00000000
2648,3067.271,00000000
2649,3074.318,00000000
2650,3042.841,00000000
2651,3139.974,00000000
2652,3097.626,00000000
2653,3091.724,00000000
2654,3083.299,00000000
2655,3097.232,00000000
2656,3083.185,00000000
2657,3131.379,00000000
2658,3103.603,00000000
2659,3047.184,00000000
2660,3055.494,00000000
2661,3069.572,00000000
2662,3168.797,00000000
2663,3111.340,00000000
2664,3094.649,00000000
2665,3080.138,00000000
2666,3068.940,00000000
2667,3076.515,00000000
2668,3154.726,00000000
2669,3080.111,00000000
2670,3045.686,00000000
2671,3031.286,00000000
2672,3029.055,00000000
2673,3028.250,00000000
2674,3144.441,00000000
2675,3070.773,00000000
2676,3065.880,00000000
2677,3101.804,00000000
2678,3095.813,00000000
2679,3118.013,00000000
2680,3114.924,00000000
2681,3092.700,00000000
2682,3060.808,00000000
2683,3052.794,00000000
2684,3058.488,00000000
2685,3155.310,00000000
2686,3095.973,00000000
2687,3085.965,00000000
2688,3088.342,00000000
2689,3078.166,00000000
2690,3070.450,00000000
2691,3163.622,00000000
2692,3074.251,00000000
2693,3059.334,00000000
2694,3061.571,00000000
2695,3074.376,00000000
2696,3094.280,00000000
2697,3114.210,00000000
2698,3100.412,00000000
2699,3055.711,00000000
2700,3061.859,00000000
2701,3102.206,00000000
2702,3191.336,00000000
2703,3102.868,00000000
2704,3083.834,00000000
2705,3089.072,00000000
2706,3043.537,00000000
2707,3054.188,00000000
2708,3154.334,00000000
2709,3072.823,00000000
2710,3063.787,00000000
2711,3066.205,00000000
2712,3080.342,00000000
2713,3146.052,00000000
2714,3122.791,00000000
2715,3098.354,00000000
2716,3046.095,00000000
2717,3054.208,00000000
2718,3065.098,00000000
2719,3179.023,00000000
2720,3087.937,00000000
2721,3075.720,00000000
2722,3099.612,00000000
2723,3053.710,00000000
2724,3064.920,00000000
2725,3173.852,00000000
2726,3092.633,00000000
2727,3066.922,00000000
2728,3076.075,00000000
2729,3087.062,00000000
2730,3075.136,00000000
2731,3118.600,00000000
2732,3099.852,00000000
2733,3054.692,00000000
2734,3061.026,00000000
2735,3081.154,00000000
2736,3124.939,00000000
2737,3121.739,00000000
2738,3109.481,00000000
2739,3050.915,00000000
2740,3055.843,00000000
2741,3072.582,00000000
2742,3175.889,00000000
2743,3110.713,00000000
2744,3092.152,00000000
2745,3058.292,00000000
2746,3054.390,00000000
2747,3072.301,00000000
2748,3180.625,00000000
2749,3089.371,00000000
2750,3089.835,00000000
2751,3087.502,00000000
2752,3048.824,00000000
2753,3054.949,00000000
2754,3173.431,00000000
2755,3087.701,00000000
2756,3075.896,00000000
2757,3079.144,00000000
2758,3050.828,00000000
2759,3058.513,00000000
2760,3157.881,00000000
2761,3076.319,00000000
2762,3094.240,00000000
2763,3085.828,00000000
2764,3073.659,00000000
2765,3055.242,00000000
2766,3148.632,00000000
2767,3084.530,00000000
2768,3066.847,00000000
2769,3076.172,00000000
2770,3084.965,00000000
2771,3060.510,00000000
2772,3129.948,00000000
2773,3102.847,00000000
2774,3072.510,00000000
2775,3062.556,00000000
2776,3074.845,00000000
2777,3141.787,00000000
2778,3110.560,00000000
2779,3096.192,00000000
2780,3053.441,00000000
2781,3055.960,00000000
2782,3088.943,00000000
2783,3162.448,00000000
2784,3080.596,00000000
2785,3044.570,00000000
2786,3047.991,00000000
2787,3032.359,00000000
2788,3028.554,00000000
2789,3157.615,00000000
2790,3078.468,00000000
2791,3069.547,00000000
2792,3079.682,00000000
2793,3087.715,00000000
2794,3073.684,00000000
2795,3121.599,00000000
2796,3099.625,00000000
2797,3053.489,00000000
2798,3071.120,00000000
2799,3072.195,00000000
2800,3162.779,00000000
2801,3105.494,00000000
2802,3097.691,00000000
2803,3093.374,00000000
2804,3054.245,00000000
2805,3061.589,00000000
2806,3173.512,00000000
2807,3079.695,00000000
2808,3066.602,00000000
2809,3074.194,00000000
2810,3106.672,00000000
2811,3065.310,00000000
2812,3131.742,00000000
2813,3110.168,00000000
2814,3061.697,00000000
2815,3069.968,00000000
2816,3080.703,00000000
2817,3167.862,00000000
2818,3101.915,00000000
2819,3085.178,00000000
2820,3089.852,00000000
2821,3046.951,00000000
2822,3090.939,00000000
2823,3179.953,00000000
2824,3088.316,00000000
2825,3075.186,00000000
2826,3079.939,00000000
2827,3088.237,00000000
2828,3094.719,00000000
2829,3116.942,00000000
2830,3095.127,00000000
2831,3051.102,00000000
2832,3057.031,00000000
2833,3069.310,00000000
2834,3188.113,00000000
2835,3107.241,00000000
2836,3089.112,00000000
2837,3091.197,00000000
2838,3052.820,00000000
2839,3060.246,00000000
2840,3155.726,00000000
2841,3074.018,00000000
2842,3080.552,00000000
2843,3079.104,00000000
2844,3087.586,00000000
2845,3070.090,00000000
2846,3146.491,00000000
2847,3112.771,00000000
2848,3058.688,00000000
2849,3066.534,00000000
2850,3088.473,00000000
2851,3120.738,00000000
2852,3116.563,00000000
2853,3097.803,00000000
2854,3052.160,00000000
2855,3056.002,00000000
2856,3073.491,00000000
2857,3160.635,00000000
2858,3128.310,00000000
2859,3100.234,00000000
2860,3078.380,00000000
2861,3056.748,00000000
2862,3082.260,00000000
2863,3189.824,00000000
2864,3087.603,00000000
2865,3068.841,00000000
2866,3079.556,00000000
2867,3039.478,00000000
2868,3051.780,00000000
2869,3165.995,00000000
2870,3102.641,00000000
2871,3078.293,00000000
2872,3081.117,00000000
2873,3054.920,00000000
2874,3057.066,00000000
2875,3148.354,00000000
2876,3073.067,00000000
2877,3060.732,00000000
2878,3068.305,00000000
2879,3076.682,00000000
2880,3049.742,00000000
2881,3144.912,00000000
2882,3128.313,00000000
2883,3081.303,00000000
2884,3074.970,00000000
2885,3083.804,00000000
2886,3064.293,00000000
2887,3126.642,00000000
2888,3099.975,00000000
2889,3050.361,00000000
2890,3056.095,00000000
2891,3075.264,00000000
2892,3148.952,00000000
2893,3108.500,00000000
2894,3124.910,00000000
2895,3066.743,00000000
2896,3065.896,00000000
2897,3081.008,00000000
2898,3163.331,00000000
2899,3082.687,00000000
2900,3047.066,00000000
2901,3034.125,00000000
2902,3041.258,00000000
2903,3029.078,00000000
2904,3155.531,00000000
2905,3074.820,00000000
2906,3091.604,00000000
2907,3082.600,00000000
2908,3087.088,00000000
2909,3084.315,00000000
2910,3118.991,00000000
2911,3089.472,00000000
2912,3046.521,00000000
2913,3052.643,00000000
2914,3068.404,00000000
2915,3159.287,00000000
2916,3101.566,00000000
2917,3086.715,00000000
2918,3123.483,00000000
2919,3070.341,00000000
2920,3069.755,00000000
2921,3168.164,00000000
2922,3088.849,00000000
2923,3071.623,00000000
2924,3071.290,00000000
2925,3080.759,00000000
2926,3069.268,00000000
2927,3125.299,00000000
2928,3104.881,00000000
2929,3049.181,00000000
2930,3087.203,00000000
2931,3086.878,00000000
2932,3169.015,00000000
2933,3098.172,00000000
2934,3083.757,00000000
2935,3089.529,00000000
2936,3049.393,00000000
2937,3059.653,00000000
2938,3163.182,00000000
2939,3074.543,00000000
2940,3064.710,00000000
2941,3072.140,00000000
2942,3099.309,00000000
2943,3124.465,00000000
2944,3124.257,00000000
2945,3097.387,00000000
2946,3049.250,00000000
2947,3059.249,00000000
2948,3066.398,00000000
2949,3175.425,00000000
2950,3090.852,00000000
2951,3080.689,00000000
2952,3085.315,00000000
2953,3046.893,00000000
2954,3064.536,00000000
2955,3169.437,00000000
2956,3089.141,00000000
2957,3062.743,00000000
2958,3075.226,00000000
2959,3086.836,00000000
2960,3084.368,00000000
2961,3114.162,00000000
2962,3102.190,00000000
2963,3058.025,00000000
2964,3065.047,00000000
2965,3070.695,00000000
2966,3132.837,00000000
2967,3130.511,00000000
2968,3099.031,00000000
2969,3052.396,00000000
2970,3057.713,00000000
2971,3069.692,00000000
2972,3154.310,00000000
2973,3100.302,00000000
2974,3083.587,00000000
2975,3071.809,00000000
2976,3052.747,00000000
2977,3063.104,00000000
2978,3181.909,00000000
2979,3104.245,00000000
2980,3072.353,00000000
2981,3082.391,00000000
2982,3046.467,00000000
2983,3062.009,00000000
2984,3164.093,00000000
2985,3085.632,00000000
2986,3068.936,00000000
2987,3077.276,00000000
2988,3057.872,00000000
2989,3054.466,00000000
2990,3150.677,00000000
2991,3093.637,00000000
2992,3064.225,00000000
2993,3066.856,00000000
2994,3081.690,00000000
2995,3050.153,00000000
2996,3142.822,00000000
2997,3102.830,00000000
2998,3059.634,00000000
2999,3068.751,00000000
3000,3083.039,00000000
3001,3078.387,00000000
3002,3116.654,00000000
3003,3124.772,00000000
3004,3057.432,00000000
3005,3063.011,00000000
3006,3075.762,00000000
3007,3163.951,00000000
3008,3109.792,00000000
3009,3093.162,00000000
3010,3048.641,00000000
3011,3055.817,00000000
3012,3067.200,00000000
3013,3150.397,00000000
3014,3074.385,00000000
3015,3061.546,00000000
3016,3038.720,00000000
3017,3026.642,00000000
3018,3025.410,00000000
3019,3146.252,00000000
3020,3079.912,00000000
3021,3065.319,00000000
3022,3071.072,00000000
3023,3096.309,00000000
3024,3138.125,00000000
3025,3114.922,00000000
3026,3093.218,00000000
3027,3065.974,00000000
3028,3056.115,00000000
3029,3064.744,00000000
3030,3160.840,00000000
3031,3095.754,00000000
3032,3083.135,00000000
3033,3092.568,00000000
3034,3057.479,00000000
3035,3059.693,00000000
3036,3160.212,00000000
3037,3076.441,00000000
3038,3062.479,00000000
3039,3083.738,00000000
3040,3085.242,00000000
3041,3120.584,00000000
3042,3118.390,00000000
3043,3111.353,00000000
3044,3059.524,00000000
3045,3067.061,00000000
3046,3072.712,00000000
3047,3184.369,00000000
3048,3090.002,00000000
3049,3074.362,00000000
3050,3082.235,00000000
3051,3065.100,00000000
3052,3061.225,00000000
3053,3153.849,00000000
3054,3094.759,00000000
3055,3069.206,00000000
3056,3067.856,00000000
3057,3085.477,00000000
3058,3158.212,00000000
3059,3112.422,00000000
3060,3099.353,00000000
3061,3055.857,00000000
3062,3052.649,00000000
3063,3095.577,00000000
3064,3194.853,00000000
3065,3095.030,00000000
3066,3073.275,00000000
3067,3082.362,00000000
3068,3060.891,00000000
3069,3054.352,00000000
3070,3145.557,00000000
3071,3103.190,00000000
3072,3059.220,00000000
3073,3070.399,00000000
3074,3082.279,00000000
3075,3146.833,00000000
3076,3120.072,00000000
3077,3099.630,00000000
3078,3050.215,00000000
3079,3055.966,00000000
3080,3076.252,00000000
3081,3160.969,00000000
3082,3103.521,00000000
3083,3090.439,00000000
3084,3043.484,00000000
3085,3048.968,00000000
3086,3066.776,00000000
3087,3180.562,00000000
3088,3109.883,00000000
3089,3086.569,00000000
3090,3083.945,00000000
3091,3059.061,00000000
3092,3070.594,00000000
3093,3181.263,00000000
3094,3085.300,00000000
3095,3071.431,00000000
3096,3078.714,00000000
3097,3044.025,00000000
3098,3054.813,00000000
3099,3184.806,00000000
3100,3085.859,00000000
3101,3073.219,00000000
3102,3079.423,00000000
3103,3091.527,00000000
3104,3061.885,00000000
3105,3149.260,00000000
3106,3092.655,00000000
3107,3058.436,00000000
3108,3068.678,00000000
3109,3083.245,00000000
3110,3045.816,00000000
3111,3165.286,00000000
3112,3117.413,00000000
3113,3064.412,00000000
3114,3068.671,00000000
3115,3086.372,00000000
3116,3114.219,00000000
3117,3118.269,00000000
3118,3096.732,00000000
3119,3051.506,00000000
3120,3056.662,00000000
3121,3066.117,00000000
3122,3159.444,00000000
3123,3141.758,00000000
3124,3109.772,00000000
3125,3060.892,00000000
3126,3060.438,00000000
3127,3071.258,00000000
3128,3156.746,00000000
3129,3075.123,00000000
3130,3048.235,00000000
3131,3038.219,00000000
3132,3033.741,00000000
3133,3032.179,00000000
3134,3146.144,00000000
3135,3101.733,00000000
3136,3077.601,00000000
3137,3076.182,00000000
3138,3087.419,00000000
3139,3130.847,00000000
3140,3116.887,00000000
3141,3098.102,00000000
3142,3050.622,00000000
3143,3062.996,00000000
3144,3069.814,00000000
3145,3165.076,00000000
3146,3096.487,00000000
3147,3100.782,00000000
3148,3099.232,00000000
3149,3053.545,00000000
3150,3060.342,00000000
3151,3162.467,00000000
3152,3075.040,00000000
3153,3066.547,00000000
3154,3070.506,00000000
3155,3085.437,00000000
3156,3115.896,00000000
3157,3114.075,00000000
3158,3102.874,00000000
3159,3064.037,00000000
3160,3081.013,00000000
3161,3078.510,00000000
3162,3187.760,00000000
3163,3103.063,00000000
3164,3087.771,00000000
3165,3087.685,00000000
3166,3049.689,00000000
3167,3055.554,00000000
3168,3156.271,00000000
3169,3080.404,00000000
3170,3065.975,00000000
3171,3074.528,00000000
3172,3101.321,00000000
3173,3144.191,00000000
3174,3117.491,00000000
3175,3097.682,00000000
3176,3048.427,00000000
3177,3054.943,00000000
3178,3064.171,00000000
3179,3179.589,00000000
3180,3086.067,00000000
3181,3075.695,00000000
3182,3082.370,00000000
3183,3061.431,00000000
3184,3077.544,00000000
3185,3151.684,00000000
3186,3094.301,00000000
3187,3063.011,00000000
3188,3074.610,00000000
3189,3087.583,00000000
3190,3107.889,00000000
3191,3118.754,00000000
3192,3101.188,00000000
3193,3057.835,00000000
3194,3065.760,00000000
3195,3077.767,00000000
3196,3169.347,00000000
3197,3117.096,00000000
3198,3091.889,00000000
3199,3046.034,00000000
3200,3050.447,00000000
3201,3067.564,00000000
3202,3156.436,00000000
3203,3101.878,00000000
3204,3086.279,00000000
3205,3081.221,00000000
3206,3055.924,00000000
3207,3062.505,00000000
3208,3197.008,00000000
3209,3091.278,00000000
3210,3071.322,00000000
3211,3077.830,00000000
3212,3037.768,00000000
3213,3054.817,00000000
3214,3159.412,00000000
3215,3082.017,00000000
3216,3069.233,00000000
3217,3080.313,00000000
3218,3078.557,00000000
3219,3054.182,00000000
3220,3167.371,00000000
3221,3094.877,00000000
3222,3057.900,00000000
3223,3079.281,00000000
3224,3086.684,00000000
3225,3049.618,00000000
3226,3139.527,00000000
3227,3099.589,00000000
3228,3058.863,00000000
3229,3065.639,00000000
3230,3084.992,00000000
3231,3081.958,00000000
3232,3134.693,00000000
3233,3107.444,00000000
3234,3053.387,00000000
3235,3054.495,00000000
3236,3074.516,00000000
3237,3159.771,00000000
3238,3105.417,00000000
3239,3090.018,00000000
3240,3048.039,00000000
3241,3055.666,00000000
3242,3071.695,00000000
3243,3165.882,00000000
3244,3101.793,00000000
3245,3052.318,00000000
3246,3035.968,00000000
3247,3028.768,00000000
3248,3027.425,00000000
3249,3143.077,00000000
3250,3076.625,00000000
3251,3070.175,00000000
3252,3076.534,00000000
3253,3091.889,00000000
3254,3118.236,00000000
3255,3118.560,00000000
3256,3119.986,00000000
3257,3055.191,00000000
3258,3052.596,00000000
3259,3067.286,00000000
3260,3161.158,00000000
3261,3102.256,00000000
3262,3085.881,00000000
3263,3105.688,00000000
3264,3059.860,00000000
3265,3060.310,00000000
3266,3163.409,00000000
3267,3068.977,00000000
3268,3087.020,00000000
3269,3081.639,00000000
3270,3089.026,00000000
3271,3098.440,00000000
3272,3118.147,00000000
3273,3106.305,00000000
3274,3053.585,00000000
3275,3065.148,00000000
3276,3076.878,00000000
3277,3174.808,00000000
3278,3093.324,00000000
3279,3074.962,00000000
3280,3105.497,00000000
3281,3056.323,00000000
3282,3058.663,00000000
3283,3172.085,00000000
3284,3083.732,00000000
3285,3072.760,00000000
3286,3075.752,00000000
3287,3089.231,00000000
3288,3122.660,00000000
3289,3117.888,00000000
3290,3098.949,00000000
3291,3053.250,00000000
3292,3083.640,00000000
3293,3079.147,00000000
3294,3181.117,00000000
3295,3093.205,00000000
3296,3081.923,00000000
3297,3091.234,00000000
3298,3056.241,00000000
3299,3060.339,00000000
3300,3152.943,00000000
3301,3086.958,00000000
3302,3068.236,00000000
3303,3087.412,00000000
3304,3118.565,00000000
3305,3101.508,00000000
3306,3130.403,00000000
3307,3108.821,00000000
3308,3059.330,00000000
3309,3066.947,00000000
3310,3083.016,00000000
3311,3133.215,00000000
3312,3110.774,00000000
3313,3098.370,00000000
3314,3048.893,00000000
3315,3053.775,00000000
3316,3102.122,00000000
3317,3173.563,00000000
3318,3110.862,00000000
3319,3090.456,00000000
3320,3071.805,00000000
3321,3054.742,00000000
3322,3068.406,00000000
3323,3194.652,00000000
3324,3090.198,00000000
3325,3073.888,00000000
3326,3082.691,00000000
3327,3046.729,00000000
3328,3089.797,00000000
3329,3183.279,00000000
3330,3089.252,00000000
3331,3078.957,00000000
3332,3086.382,00000000
3333,3060.308,00000000
3334,3060.260,00000000
3335,3152.541,00000000
3336,3071.155,00000000
3337,3064.484,00000000
3338,3072.796,00000000
3339,3075.824,00000000
3340,3080.262,00000000
3341,3156.456,00000000
3342,3100.154,00000000
3343,3074.912,00000000
3344,3081.154,00000000
3345,3094.917,00000000
3346,3066.545,00000000
3347,3129.156,00000000
3348,3104.932,00000000
3349,3045.569,00000000
3350,3057.561,00000000
3351,3075.496,00000000
3352,3166.622,00000000
3353,3123.772,00000000
3354,3104.234,00000000
3355,3057.348,00000000
3356,3063.227,00000000
3357,3080.448,00000000
3358,3162.508,00000000
3359,3082.787,00000000
3360,3046.778,00000000
3361,3035.817,00000000
3362,3032.208,00000000
3363,3038.432,00000000
3364,3167.341,00000000
3365,3089.542,00000000
3366,3075.709,00000000
3367,3075.669,00000000
3368,3083.582,00000000
3369,3077.927,00000000
3370,3121.698,00000000
3371,3098.252,00000000
3372,3048.511,00000000
3373,3052.823,00000000
3374,3068.403,00000000
3375,3162.482,00000000
3376,3105.846,00000000
3377,3099.783,00000000
3378,3097.864,00000000
3379,3058.090,00000000
3380,3064.844,00000000
3381,3173.521,00000000
3382,3081.529,00000000
3383,3080.875,00000000
3384,3080.531,00000000
3385,3086.720,00000000
3386,3068.893,00000000
3387,3126.807,00000000
3388,3106.469,00000000
3389,3076.712,00000000
3390,3072.937,00000000
3391,3079.675,00000000
3392,3160.816,00000000
3393,3096.444,00000000
3394,3078.877,00000000
3395,3084.816,00000000
3396,3045.875,00000000
3397,3059.559,00000000
3398,3162.685,00000000
3399,3080.906,00000000
3400,3070.256,00000000
3401,3090.421,00000000
3402,3095.184,00000000
3403,3115.598,00000000
3404,3121.958,00000000
3405,3103.720,00000000
3406,3050.392,00000000
3407,3057.100,00000000
3408,3068.555,00000000
3409,3169.336,00000000
3410,3094.431,00000000
3411,3081.370,00000000
3412,3086.608,00000000
3413,3064.499,00000000
3414,3065.041,00000000
3415,3152.760,00000000
3416,3075.726,00000000
3417,3062.592,00000000
3418,3072.471,00000000
3419,3089.329,00000000
3420,3071.391,00000000
3421,3125.010,00000000
3422,3102.811,00000000
3423,3067.541,00000000
3424,3067.294,00000000
3425,3097.767,00000000
3426,3104.165,00000000
3427,3121.506,00000000
3428,3105.694,00000000
3429,3053.268,00000000
3430,3060.983,00000000
3431,3075.940,00000000
3432,3162.251,00000000
3433,3103.740,00000000
3434,3087.682,00000000
3435,3054.402,00000000
3436,3056.182,00000000
3437,3089.733,00000000
3438,3184.759,00000000
3439,3093.506,00000000
3440,3074.906,00000000
3441,3087.106,00000000
3442,3052.344,00000000
3443,3070.114,00000000
3444,3183.826,00000000
3445,3088.570,00000000
3446,3072.012,00000000
3447,3086.906,00000000
3448,3049.383,00000000
3449,3081.993,00000000
3450,3172.281,00000000
3451,3079.139,00000000
3452,3064.945,00000000
3453,3076.429,00000000
3454,3058.133,00000000
3455,3052.143,00000000
3456,3153.344,00000000
3457,3077.841,00000000
3458,3063.822,00000000
3459,3074.594,00000000
3460,3080.646,00000000
3461,3070.243,00000000
3462,3138.373,00000000
3463,3119.408,00000000
3464,3059.595,00000000
3465,3062.938,00000000
3466,3077.361,00000000
3467,3123.686,00000000
3468,3113.896,00000000
3469,3099.554,00000000
3470,3052.733,00000000
3471,3061.882,00000000
3472,3078.593,00000000
3473,3183.570,00000000
3474,3087.315,00000000
3475,3048.154,00000000
3476,3032.520,00000000
3477,3018.820,00000000
3478,3021.089,00000000
3479,3152.092,00000000
3480,3078.090,00000000
3481,3070.520,00000000
3482,3080.122,00000000
3483,3104.863,00000000
3484,3080.766,00000000
3485,3150.490,00000000
3486,3112.112,00000000
3487,3055.495,00000000
3488,3057.516,00000000
3489,3071.319,00000000
3490,3159.127,00000000
3491,3106.115,00000000
3492,3092.058,00000000
3493,3086.796,00000000
3494,3054.370,00000000
3495,3059.947,00000000
3496,3167.898,00000000
3497,3108.223,00000000
3498,3080.540,00000000
3499,3081.736,00000000
3500,3089.163,00000000
3501,3060.908,00000000
3502,3134.598,00000000
3503,3125.054,00000000
3504,3064.200,00000000
3505,3071.207,00000000
3506,3080.247,00000000
3507,3161.746,00000000
3508,3101.618,00000000
3509,3109.555,00000000
3510,3096.863,00000000
3511,3053.324,00000000
3512,3058.699,00000000
3513,3161.299,00000000
3514,3084.698,00000000
3515,3073.430,00000000
3516,3083.040,00000000
3517,3097.471,00000000
3518,3100.458,00000000
3519,3123.204,00000000
3520,3104.992,00000000
3521,3082.744,00000000
3522,3067.503,00000000
3523,3085.528,00000000
3524,3177.212,00000000
3525,3097.175,00000000
3526,3084.122,00000000
3527,3093.756,00000000
3528,3057.061,00000000
3529,3064.798,00000000
3530,3162.188,00000000
3531,3073.031,00000000
3532,3070.313,00000000
3533,3107.790,00000000
3534,3103.983,00000000
3535,3079.177,00000000
3536,3130.767,00000000
3537,3114.761,00000000
3538,3057.586,00000000
3539,3067.369,00000000
3540,3083.820,00000000
3541,3117.596,00000000
3542,3114.005,00000000
3543,3111.776,00000000
3544,3057.371,00000000
3545,3085.875,00000000
3546,3090.067,00000000
3547,3171.375,00000000
3548,3112.765,00000000
3549,3093.203,00000000
3550,3062.891,00000000
3551,3062.369,00000000
3552,3075.283,00000000
3553,3180.897,00000000
3554,3094.260,00000000
3555,3077.124,00000000
3556,3086.651,00000000
3557,3071.650,00000000
3558,3068.685,00000000
3559,3177.857,00000000
3560,3086.261,00000000
3561,3078.065,00000000
3562,3087.670,00000000
3563,3067.427,00000000
3564,3069.980,00000000
3565,3171.466,00000000
3566,3082.718,00000000
3567,3067.108,00000000
3568,3079.571,00000000
3569,3063.616,00000000
3570,3066.363,00000000
3571,3162.909,00000000
3572,3082.025,00000000
3573,3068.647,00000000
3574,3078.837,00000000
3575,3085.026,00000000
3576,3054.174,00000000
3577,3130.675,00000000
3578,3103.744,00000000
3579,3050.635,00000000
3580,3057.061,00000000
3581,3080.011,00000000
3582,3136.154,00000000
3583,3133.578,00000000
3584,3115.439,00000000
3585,3060.970,00000000
3586,3064.595,00000000
3587,3081.694,00000000
3588,3163.596,00000000
3589,3090.552,00000000
3590,3053.541,00000000
3591,3043.564,00000000
3592,3039.251,00000000
3593,3037.370,00000000
3594,3183.494,00000000
3595,3085.461,00000000
3596,3073.672,00000000
3597,3082.172,00000000
3598,3085.622,00000000
3599,3061.331,00000000
3600,3129.474,00000000
3601,3105.373,00000000
3602,3057.290,00000000
3603,3074.826,00000000
3604,3080.034,00000000
3605,3168.618,00000000
3606,3130.450,00000000
3607,3101.803,00000000
3608,3087.611,00000000
3609,3057.416,00000000
3610,3060.140,00000000
3611,3176.340,00000000
3612,3081.613,00000000
3613,3064.968,00000000
3614,3078.244,00000000
3615,3082.141,00000000
3616,3053.703,00000000
3617,3131.061,00000000
3618,3129.016,00000000
3619,3070.898,00000000
3620,3076.490,00000000
3621,3081.203,00000000
3622,3160.953,00000000
3623,3117.554,00000000
3624,3091.182,00000000
3625,3090.547,00000000
3626,3050.868,00000000
3627,3057.840,00000000
3628,3169.202,00000000
3629,3083.524,00000000
3630,3092.017,00000000
3631,3083.045,00000000
3632,3090.854,00000000
3633,3084.742,00000000
3634,3125.368,00000000
3635,3108.028,00000000
3636,3053.340,00000000
3637,3061.686,00000000
3638,3072.136,00000000
3639,3166.778,00000000
3640,3099.592,00000000
3641,3082.861,00000000
3642,3110.334,00000000
3643,3077.273,00000000
3644,3072.190,00000000
3645,3170.153,00000000
3646,3082.425,00000000
3647,3071.452,00000000
3648,3084.038,00000000
3649,3091.031,00000000
3650,3065.519,00000000
3651,3133.202,00000000
3652,3111.501,00000000
3653,3063.708,00000000
3654,3088.662,00000000
3655,3094.584,00000000
3656,3112.147,00000000
3657,3125.366,00000000
3658,3101.147,00000000
3659,3054.465,00000000
3660,3061.009,00000000
3661,3074.938,00000000
3662,3160.021,00000000
3663,3121.276,00000000
3664,3100.394,00000000
3665,3061.210,00000000
3666,3082.122,00000000
3667,3073.125,00000000
3668,3177.132,00000000
3669,3096.265,00000000
3670,3080.414,00000000
3671,3084.856,00000000
3672,3050.408,00000000
3673,3061.627,00000000
3674,3178.048,00000000
3675,3088.416,00000000
3676,3070.492,00000000
3677,3087.843,00000000
3678,3075.291,00000000
3679,3069.966,00000000
3680,3166.533,00000000
3681,3080.901,00000000
3682,3067.490,00000000
3683,3086.697,00000000
3684,3070.671,00000000
3685,3052.689,00000000
3686,3150.746,00000000
3687,3080.513,00000000
3688,3063.866,00000000
3689,3071.427,00000000
3690,3114.919,00000000
3691,3067.561,00000000
3692,3137.304,00000000
3693,3108.482,00000000
3694,3061.252,00000000
3695,3062.217,00000000
3696,3081.329,00000000
3697,3135.839,00000000
3698,3112.811,00000000
3699,3099.227,00000000
3700,3055.574,00000000
3701,3061.722,00000000
3702,3104.754,00000000
3703,3183.797,00000000
3704,3090.686,00000000
3705,3048.114,00000000
3706,3033.255,00000000
3707,3028.492,00000000
3708,3028.183,00000000
3709,3160.411,00000000
3710,3083.044,00000000
3711,3071.905,00000000
3712,3075.225,00000000
3713,3092.298,00000000
3714,3092.986,00000000
3715,3137.045,00000000
3716,3110.101,00000000
3717,3058.419,00000000
3718,3061.680,00000000
3719,3073.265,00000000
3720,3165.909,00000000
3721,3109.555,00000000
3722,3092.800,00000000
3723,3106.831,00000000
3724,3065.209,00000000
3725,3067.600,00000000
3726,3204.248,00000000
3727,3092.613,00000000
3728,3069.045,00000000
3729,3072.593,00000000
3730,3078.213,00000000
3731,3052.895,00000000
3732,3128.291,00000000
3733,3111.479,00000000
3734,3059.788,00000000
3735,3071.581,00000000
3736,3082.665,00000000
3737,3166.072,00000000
3738,3132.044,00000000
3739,3096.339,00000000
3740,3087.467,00000000
3741,3050.027,00000000
3742,3056.088,00000000
3743,3181.995,00000000
3744,3089.763,00000000
3745,3074.682,00000000
3746,3079.209,00000000
3747,3088.640,00000000
3748,3064.640,00000000
3749,3125.570,00000000
3750,3128.660,00000000
3751,3070.731,00000000
3752,3062.985,00000000
3753,3074.967,00000000
3754,3164.923,00000000
3755,3107.942,00000000
3756,3092.055,00000000
3757,3097.844,00000000
3758,3058.454,00000000
3759,3065.253,00000000
3760,3167.048,00000000
3761,3076.498,00000000
3762,3078.358,00000000
3763,3108.467,00000000
3764,3098.918,00000000
3765,3056.693,00000000
3766,3136.592,00000000
3767,3108.490,00000000
3768,3062.211,00000000
3769,3067.156,00000000
3770,3092.254,00000000
3771,3092.478,00000000
3772,3123.459,00000000
3773,3102.880,00000000
3774,3053.494,00000000
3775,3075.311,00000000
3776,3084.403,00000000
3777,3166.983,00000000
3778,3112.055,00000000
3779,3093.910,00000000
3780,3056.115,00000000
3781,3058.291,00000000
3782,3074.279,00000000
3783,3193.581,00000000
3784,3096.545,00000000
3785,3082.673,00000000
3786,3081.591,00000000
3787,3067.324,00000000
3788,3066.850,00000000
3789,3177.921,00000000
3790,3089.093,00000000
3791,3078.806,00000000
3792,3087.416,00000000
3793,3050.093,00000000
3794,3061.238,00000000
3795,3164.474,00000000
3796,3071.918,00000000
3797,3061.767,00000000
3798,3072.070,00000000
3799,3074.923,00000000
3800,3056.412,00000000
3801,3153.716,00000000
3802,3088.318,00000000
3803,3081.220,00000000
3804,3077.267,00000000
3805,3088.507,00000000
3806,3058.993,00000000
3807,3128.189,00000000
3808,3103.462,00000000
3809,3052.101,00000000
3810,3060.828,00000000
3811,3095.458,00000000
3812,3141.937,00000000
3813,3112.311,00000000
3814,3101.124,00000000
3815,3059.150,00000000
3816,3066.466,00000000
3817,3079.302,00000000
3818,3164.620,00000000
3819,3083.499,00000000
3820,3049.309,00000000
3821,3036.722,00000000
3822,3030.823,00000000
3823,3061.966,00000000
3824,3171.149,00000000
3825,3077.356,00000000
3826,3069.684,00000000
3827,3075.606,00000000
3828,3088.825,00000000
3829,3075.206,00000000
3830,3120.599,00000000
3831,3101.876,00000000
3832,3050.909,00000000
3833,3058.421,00000000
3834,3072.568,00000000
3835,3180.588,00000000
3836,3112.086,00000000
3837,3088.666,00000000
3838,3094.503,00000000
3839,3054.452,00000000
3840,3065.899,00000000
3841,3166.593,00000000
3842,3079.576,00000000
3843,3085.953,00000000
3844,3087.862,00000000
3845,3089.675,00000000
3846,3063.130,00000000
3847,3150.707,00000000
3848,3116.661,00000000
3849,3065.746,00000000
3850,3064.954,00000000
3851,3076.534,00000000
3852,3161.218,00000000
3853,3098.653,00000000
3854,3082.308,00000000
3855,3085.486,00000000
3856,3044.673,00000000
3857,3055.825,00000000
3858,3161.595,00000000
3859,3098.128,00000000
3860,3075.866,00000000
3861,3075.907,00000000
3862,3086.613,00000000
3863,3111.434,00000000
3864,3129.863,00000000
3865,3104.646,00000000
3866,3049.531,00000000
3867,3053.285,00000000
3868,3067.547,00000000
3869,3164.890,00000000
3870,3094.076,00000000
3871,3103.131,00000000
3872,3097.050,00000000
3873,3048.775,00000000
3874,3057.764,00000000
3875,3156.053,00000000
3876,3071.273,00000000
3877,3061.965,00000000
3878,3068.120,00000000
3879,3080.730,00000000
3880,3063.638,00000000
3881,3122.408,00000000
3882,3104.588,00000000
3883,3096.002,00000000
3884,3082.334,00000000
3885,3093.331,00000000
3886,3101.028,00000000
3887,3124.227,00000000
3888,3098.098,00000000
3889,3053.308,00000000
3890,3060.672,00000000
3891,3076.105,00000000
3892,3163.384,00000000
3893,3110.279,00000000
3894,3089.665,00000000
3895,3080.347,00000000
3896,3065.885,00000000
3897,3074.254,00000000
3898,3177.528,00000000
3899,3091.966,00000000
3900,3072.833,00000000
3901,3080.265,00000000
3902,3047.102,00000000
3903,3067.511,00000000
3904,3185.129,00000000
3905,3089.194,00000000
3906,3069.113,00000000
3907,3114.042,00000000
3908,3065.455,00000000
3909,3063.076,00000000
3910,3171.184,00000000
3911,3081.650,00000000
3912,3067.965,00000000
3913,3077.449,00000000
3914,3057.785,00000000
3915,3051.021,00000000
3916,3151.710,00000000
3917,3076.086,00000000
3918,3060.725,00000000
3919,3101.733,00000000
3920,3090.315,00000000
3921,3053.852,00000000
3922,3133.030,00000000
3923,3116.968,00000000
3924,3061.269,00000000
3925,3061.995,00000000
3926,3080.012,00000000
3927,3134.464,00000000
3928,3115.965,00000000
3929,3099.089,00000000
3930,3055.772,00000000
3931,3092.300,00000000
3932,3088.844,00000000
3933,3160.758,00000000
3934,3078.047,00000000
3935,3044.188,00000000
3936,3032.407,00000000
3937,3026.509,00000000
3938,3019.511,00000000
3939,3148.396,00000000
3940,3072.369,00000000
3941,3065.297,00000000
3942,3073.356,00000000
3943,3123.319,00000000
3944,3094.278,00000000
3945,3132.617,00000000
3946,3103.541,00000000
3947,3049.612,00000000
3948,3054.550,00000000
3949,3069.967,00000000
3950,3159.482,00000000
3951,3106.847,00000000
3952,3087.322,00000000
3953,3085.372,00000000
3954,3056.996,00000000
3955,3077.210,00000000
3956,3182.103,00000000
3957,3082.071,00000000
3958,3063.510,00000000
3959,3073.913,00000000
3960,3081.526,00000000
3961,3054.511,00000000
3962,3126.275,00000000
3963,3116.760,00000000
3964,3065.818,00000000
3965,3072.255,00000000
3966,3078.306,00000000
3967,3169.954,00000000
3968,3113.862,00000000
3969,3085.575,00000000
3970,3078.188,00000000
3971,3046.837,00000000
3972,3051.827,00000000
3973,3161.353,00000000
3974,3078.814,00000000
3975,3070.445,00000000
3976,3077.729,00000000
3977,3091.275,00000000
3978,3098.811,00000000
3979,3120.809,00000000
3980,3112.402,00000000
3981,3057.907,00000000
3982,3058.498,00000000
3983,3074.083,00000000
3984,3180.733,00000000
3985,3102.745,00000000
3986,3082.733,00000000
3987,3092.497,00000000
3988,3057.802,00000000
3989,3059.633,00000000
3990,3158.487,00000000
3991,3074.907,00000000
3992,3082.757,00000000
3993,3083.187,00000000
3994,3091.663,00000000
3995,3078.394,00000000
3996,3128.589,00000000
3997,3111.452,00000000
3998,3057.679,00000000
3999,3066.629,00000000
4000,3082.697,00000000
4001,3116.111,00000000
4002,3113.829,00000000
4003,3098.821,00000000
4004,3071.367,00000000
4005,3066.323,00000000
4006,3075.314,00000000
4007,3164.778,00000000
4008,3105.126,00000000
4009,3091.990,00000000
4010,3053.820,00000000
4011,3059.303,00000000
4012,3071.620,00000000
4013,3179.222,00000000
4014,3091.983,00000000
4015,3075.684,00000000
4016,3103.284,00000000
4017,3049.372,00000000
4018,3058.273,00000000
4019,3172.567,00000000
4020,3084.344,00000000
4021,3075.865,00000000
4022,3087.190,00000000
4023,3053.775,00000000
4024,3070.875,00000000
4025,3172.930,00000000
4026,3076.139,00000000
4027,3065.559,00000000
4028,3096.764,00000000
4029,3058.489,00000000
4030,3055.605,00000000
4031,3156.504,00000000
4032,3077.717,00000000
4033,3068.204,00000000
4034,3073.533,00000000
4035,3078.628,00000000
4036,3049.025,00000000
4037,3132.751,00000000
4038,3103.471,00000000
4039,3054.844,00000000
4040,3083.638,00000000
4041,3083.994,00000000
4042,3123.018,00000000
4043,3110.571,00000000
4044,3101.999,00000000
4045,3055.581,00000000
4046,3059.621,00000000
4047,3077.700,00000000
4048,3156.925,00000000
4049,3088.573,00000000
4050,3052.219,00000000
4051,3034.000,00000000
4052,3051.790,00000000
4053,3036.106,00000000
4054,3159.710,00000000
4055,3075.487,00000000
4056,3065.625,00000000
4057,3074.974,00000000
4058,3082.285,00000000
4059,3052.855,00000000
4060,3123.832,00000000
4061,3098.405,00000000
4062,3054.604,00000000
4063,3052.730,00000000
4064,3103.840,00000000
4065,3176.955,00000000
4066,3115.343,00000000
4067,3093.943,00000000
4068,3086.236,00000000
4069,3061.557,00000000
4070,3067.108,00000000
4071,3179.271,00000000
4072,3084.777,00000000
4073,3070.291,00000000
4074,3078.890,00000000
4075,3082.451,00000000
4076,3076.705,00000000
4077,3143.476,00000000
4078,3112.932,00000000
4079,3060.415,00000000
4080,3069.587,00000000
4081,3076.757,00000000
4082,3161.479,00000000
4083,3101.419,00000000
4084,3092.050,00000000
4085,3086.999,00000000
4086,3050.375,00000000
4087,3055.434,00000000
4088,3197.027,00000000
4089,3089.277,00000000
4090,3075.164,00000000
4091,3078.127,00000000
4092,3083.560,00000000
4093,3070.599,00000000
4094,3121.663,00000000
4095,3100.142,00000000
4096,3049.684,00000000
4097,3051.367,00000000
4098,3068.892,00000000
4099,3162.833,00000000
4100,3118.995,00000000
4101,3097.322,00000000
4102,3093.702,00000000
4103,3054.668,00000000
4104,3073.095,00000000
4105,3173.509,00000000
4106,3086.140,00000000
4107,3070.778,00000000
4108,3082.026,00000000
4109,3084.840,00000000
4110,3049.225,00000000
4111,3135.922,00000000
4112,3138.720,00000000
4113,3074.349,00000000
4114,3076.177,00000000
4115,3091.359,00000000
4116,3078.181,00000000
4117,3128.502,00000000
4118,3105.303,00000000
4119,3050.106,00000000
4120,3060.269,00000000
4121,3076.601,00000000
4122,3160.197,00000000
4123,3111.870,00000000
4124,3132.978,00000000
4125,3063.903,00000000
4126,3064.903,00000000
4127,3075.999,00000000
4128,3158.264,00000000
4129,3095.116,00000000
4130,3080.397,00000000
4131,3077.184,00000000
4132,3050.636,00000000
4133,3062.332,00000000
4134,3182.714,00000000
4135,3094.169,00000000
4136,3107.775,00000000
4137,3098.027,00000000
4138,3057.221,00000000
4139,3062.166,00000000
4140,3170.208,00000000
4141,3084.795,00000000
4142,3071.629,00000000
4143,3079.398,00000000
4144,3052.977,00000000
4145,3059.673,00000000
4146,3163.235,00000000
4147,3080.048,00000000
4148,3083.008,00000000
4149,3088.360,00000000
4150,3060.813,00000000
4151,3055.885,00000000
4152,3144.065,00000000
4153,3096.267,00000000
4154,3058.649,00000000
4155,3063.851,00000000
4156,3078.490,00000000
4157,3077.920,00000000
4158,3121.355,00000000
4159,3103.106,00000000
4160,3062.315,00000000
4161,3075.423,00000000
4162,3086.044,00000000
4163,3134.978,00000000
4164,3090.855,00000000
4165,3047.916,00000000
4166,3032.563,00000000
4167,3027.163,00000000
4168,3021.377,00000000
4169,3165.410,00000000
4170,3081.271,00000000
4171,3070.658,00000000
4172,3083.911,00000000
4173,3101.145,00000000
4174,3056.398,00000000
4175,3138.804,00000000
4176,3109.474,00000000
4177,3053.321,00000000
4178,3059.755,00000000
4179,3073.283,00000000
4180,3156.453,00000000
4181,3108.387,00000000
4182,3098.750,00000000
4183,3071.763,00000000
4184,3064.541,00000000
4185,3087.356,00000000
4186,3191.393,00000000
4187,3089.489,00000000
4188,3071.483,00000000
4189,3077.113,00000000
4190,3070.802,00000000
4191,3048.322,00000000
4192,3138.421,00000000
4193,3111.327,00000000
4194,3064.917,00000000
4195,3073.792,00000000
4196,3086.416,00000000
4197,3185.545,00000000
4198,3117.452,00000000
4199,3088.236,00000000
4200,3080.580,00000000
4201,3052.447,00000000
4202,3055.067,00000000
4203,3170.587,00000000
4204,3094.038,00000000
4205,3074.843,00000000
4206,3077.901,00000000
4207,3086.763,00000000
4208,3060.322,00000000
4209,3147.424,00000000
4210,3114.627,00000000
4211,3054.088,00000000
4212,3059.289,00000000
4213,3073.160,00000000
4214,3163.169,00000000
4215,3105.716,00000000
4216,3090.713,00000000
4217,3091.974,00000000
4218,3056.887,00000000
4219,3061.575,00000000
4220,3161.790,00000000
4221,3093.995,00000000
4222,3072.152,00000000
4223,3080.429,00000000
4224,3096.018,00000000
4225,3054.211,00000000
4226,3136.463,00000000
4227,3112.512,00000000
4228,3059.343,00000000
4229,3061.684,00000000
4230,3087.656,00000000
4231,3085.152,00000000
4232,3124.626,00000000
4233,3122.576,00000000
4234,3065.216,00000000
4235,3063.278,00000000
4236,3077.341,00000000
4237,3164.302,00000000
4238,3107.285,00000000
4239,3091.758,00000000
4240,3052.638,00000000
4241,3059.773,00000000
4242,3075.376,00000000
4243,3176.470,00000000
4244,3099.787,00000000
4245,3101.791,00000000
4246,3094.548,00000000
4247,3048.249,00000000
4248,3055.298,00000000
4249,3169.815,00000000
4250,3083.367,00000000
4251,3074.690,00000000
4252,3087.052,00000000
4253,3047.854,00000000
4254,3064.623,00000000
4255,3161.002,00000000
4256,3072.643,00000000
4257,3084.203,00000000
4258,3078.414,00000000
4259,3063.497,00000000
4260,3053.104,00000000
4261,3153.650,00000000
4262,3084.998,00000000
4263,3066.329,00000000
4264,3090.483,00000000
4265,3091.677,00000000
4266,3058.659,00000000
4267,3130.635,00000000
4268,3103.305,00000000
4269,3077.113,00000000
4270,3069.791,00000000
4271,3078.560,00000000
4272,3132.087,00000000
4273,3107.829,00000000
4274,3094.037,00000000
4275,3050.700,00000000
4276,3055.785,00000000
4277,3076.199,00000000
4278,3158.615,00000000
4279,3083.052,00000000
4280,3049.628,00000000
4281,3061.708,00000000
4282,3040.493,00000000
4283,3032.276,00000000
4284,3171.196,00000000
4285,3079.992,00000000
4286,3070.835,00000000
4287,3076.347,00000000
4288,3087.223,00000000
4289,3070.287,00000000
4290,3122.528,00000000
4291,3103.721,00000000
4292,3051.247,00000000
4293,3073.774,00000000
4294,3075.162,00000000
4295,3163.647,00000000
4296,3103.863,00000000
4297,3088.475,00000000
4298,3090.624,00000000
4299,3056.939,00000000
4300,3063.380,00000000
4301,3175.319,00000000
4302,3079.947,00000000
4303,3067.496,00000000
4304,3087.189,00000000
4305,3118.655,00000000
4306,3070.336,00000000
4307,3132.759,00000000
4308,3111.567,00000000
4309,3061.200,00000000
4310,3067.723,00000000
4311,3078.203,00000000
4312,3160.581,00000000
4313,3093.541,00000000
4314,3083.397,00000000
4315,3089.185,00000000
4316,3051.225,00000000
4317,3089.654,00000000
4318,3179.052,00000000
4319,3085.653,00000000
4320,3069.572,00000000
4321,3077.671,00000000
4322,3083.423,00000000
4323,3098.679,00000000
4324,3134.555,00000000
4325,3108.548,00000000
4326,3056.479,00000000
4327,3058.639,00000000
4328,3074.289,00000000
4329,3190.564,00000000
4330,3109.913,00000000
4331,3088.885,00000000
4332,3090.791,00000000
4333,3052.770,00000000
4334,3060.862,00000000
4335,3169.009,00000000
4336,3081.125,00000000
4337,3073.355,00000000
4338,3084.344,00000000
4339,3090.364,00000000
4340,3060.007,00000000
4341,3156.408,00000000
4342,3121.159,00000000
4343,3062.828,00000000
4344,3079.878,00000000
4345,3092.538,00000000
4346,3086.097,00000000
4347,3122.940,00000000
4348,3104.265,00000000
4349,3052.951,00000000
4350,3056.405,00000000
4351,3075.167,00000000
4352,3165.098,00000000
4353,3119.090,00000000
4354,3104.147,00000000
4355,3060.135,00000000
4356,3061.379,00000000
4357,3074.388,00000000
4358,3167.627,00000000
4359,3091.295,00000000
4360,3077.206,00000000
4361,3087.484,00000000
4362,3049.529,00000000
4363,3061.094,00000000
4364,3194.871,00000000
4365,3090.362,00000000
4366,3094.763,00000000
4367,3094.093,00000000
4368,3052.323,00000000
4369,3056.647,00000000
4370,3170.866,00000000
4371,3078.188,00000000
4372,3067.844,00000000
4373,3075.122,00000000
4374,3045.100,00000000
4375,3054.645,00000000
4376,3157.949,00000000
4377,3073.667,00000000
4378,3083.577,00000000
4379,3083.214,00000000
4380,3079.628,00000000
4381,3054.737,00000000
4382,3135.096,00000000
4383,3106.526,00000000
4384,3066.823,00000000
4385,3069.944,00000000
4386,3084.924,00000000
4387,3092.444,00000000
4388,3117.653,00000000
4389,3102.702,00000000
4390,3074.706,00000000
4391,3072.301,00000000
4392,3085.498,00000000
4393,3149.608,00000000
4394,3083.567,00000000
4395,3044.343,00000000
4396,3032.712,00000000
4397,3029.472,00000000
4398,3030.590,00000000
4399,3163.886,00000000
4400,3079.007,00000000
4401,3072.823,00000000
4402,3099.203,00000000
4403,3095.188,00000000
4404,3067.136,00000000
4405,3142.666,00000000
4406,3107.835,00000000
4407,3056.971,00000000
4408,3063.067,00000000
4409,3080.193,00000000
4410,3156.796,00000000
4411,3114.095,00000000
4412,3100.131,00000000
4413,3064.950,00000000
4414,3077.732,00000000
4415,3077.484,00000000
4416,3186.597,00000000
4417,3083.805,00000000
4418,3072.870,00000000
4419,3079.821,00000000
4420,3065.447,00000000
4421,3050.097,00000000
4422,3140.265,00000000
4423,3104.430,00000000
4424,3079.254,00000000
4425,3076.478,00000000
4426,3102.416,00000000
4427,3174.819,00000000
4428,3109.800,00000000
4429,3090.506,00000000
4430,3081.005,00000000
4431,3052.657,00000000
4432,3061.368,00000000
4433,3178.666,00000000
4434,3082.810,00000000
4435,3072.948,00000000
4436,3080.269,00000000
4437,3085.708,00000000
4438,3081.032,00000000
4439,3139.395,00000000
4440,3107.976,00000000
4441,3052.337,00000000
4442,3060.418,00000000
4443,3074.077,00000000
4444,3182.049,00000000
4445,3108.966,00000000
4446,3092.234,00000000
4447,3095.077,00000000
4448,3055.890,00000000
4449,3066.228,00000000
4450,3195.110,00000000
4451,3088.239,00000000
4452,3075.773,00000000
4453,3084.365,00000000
4454,3082.415,00000000
4455,3051.909,00000000
4456,3140.418,00000000
4457,3112.372,00000000
4458,3066.736,00000000
4459,3072.099,00000000
4460,3087.244,00000000
4461,3069.111,00000000
4462,3149.677,00000000
4463,3109.310,00000000
4464,3068.111,00000000
4465,3067.494,00000000
4466,3077.789,00000000
4467,3144.388,00000000
4468,3117.600,00000000
4469,3096.157,00000000
4470,3055.735,00000000
4471,3064.887,00000000
4472,3079.966,00000000
4473,3164.323,00000000
4474,3129.472,00000000
4475,3097.168,00000000
4476,3081.862,00000000
4477,3055.587,00000000
4478,3068.894,00000000
4479,3185.216,00000000
4480,3096.432,00000000
4481,3083.677,00000000
4482,3095.304,00000000
4483,3061.842,00000000
4484,3075.896,00000000
4485,3188.418,00000000
4486,3118.502,00000000
4487,3080.266,00000000
4488,3082.327,00000000
4489,3041.721,00000000
4490,3052.491,00000000
4491,3168.103,00000000
4492,3083.110,00000000
4493,3074.337,00000000
4494,3082.443,00000000
4495,3059.323,00000000
4496,3055.564,00000000
4497,3139.656,00000000
4498,3123.941,00000000
4499,3066.734,00000000
4500,3065.548,00000000
4501,3076.960,00000000
4502,3079.643,00000000
4503,3122.842,00000000
4504,3124.067,00000000
4505,3066.219,00000000
4506,3067.717,00000000
4507,3085.524,00000000
4508,3135.211,00000000
4509,3088.494,00000000
4510,3082.080,00000000
4511,3048.153,00000000
4512,3038.287,00000000
4513,3034.070,00000000
4514,3174.292,00000000
4515,3088.950,00000000
4516,3074.367,00000000
4517,3082.976,00000000
4518,3086.727,00000000
4519,3056.631,00000000
4520,3138.830,00000000
4521,3111.257,00000000
4522,3085.240,00000000
4523,3074.329,00000000
4524,3097.816,00000000
4525,3165.303,00000000
4526,3119.659,00000000
4527,3096.955,00000000
4528,3065.631,00000000
4529,3059.219,00000000
4530,3071.714,00000000
4531,3189.295,00000000
4532,3091.835,00000000
4533,3076.359,00000000
4534,3100.903,00000000
4535,3088.740,00000000
4536,3059.918,00000000
4537,3146.383,00000000
4538,3110.201,00000000
4539,3060.596,00000000
4540,3072.028,00000000
4541,3083.240,00000000
4542,3170.044,00000000
4543,3107.094,00000000
4544,3106.160,00000000
4545,3074.720,00000000
4546,3060.021,00000000
4547,3079.300,00000000
4548,3191.243,00000000
4549,3094.732,00000000
4550,3080.418,00000000
4551,3082.893,00000000
4552,3084.592,00000000
4553,3057.284,00000000
4554,3133.144,00000000
4555,3109.320,00000000
4556,3054.324,00000000
4557,3060.274,00000000
4558,3074.149,00000000
4559,3182.117,00000000
4560,3109.691,00000000
4561,3090.057,00000000
4562,3090.484,00000000
4563,3056.007,00000000
4564,3077.678,00000000
4565,3183.258,00000000
4566,3083.271,00000000
4567,3070.884,00000000
4568,3079.941,00000000
4569,3072.256,00000000
4570,3050.577,00000000
4571,3154.000,00000000
4572,3116.563,00000000
4573,3068.660,00000000
4574,3072.041,00000000
4575,3088.760,00000000
4576,3064.243,00000000
4577,3128.131,00000000
4578,3107.596,00000000
4579,3055.097,00000000
4580,3060.764,00000000
4581,3075.384,00000000
4582,3148.567,00000000
4583,3128.933,00000000
4584,3116.368,00000000
4585,3060.170,00000000
4586,3064.908,00000000
4587,3079.968,00000000
4588,3163.674,00000000
4589,3100.658,00000000
4590,3087.172,00000000
4591,3079.403,00000000
4592,3051.072,00000000
4593,3062.718,00000000
4594,3182.431,00000000
4595,3108.996,00000000
4596,3083.271,00000000
4597,3088.759,00000000
4598,3052.221,00000000
4599,3062.820,00000000
4600,3174.900,00000000
4601,3088.176,00000000
4602,3072.974,00000000
4603,3078.937,00000000
4604,3057.145,00000000
4605,3057.582,00000000
4606,3168.162,00000000
4607,3101.997,00000000
4608,3074.040,00000000
4609,3079.131,00000000
4610,3053.292,00000000
4611,3052.032,00000000
4612,3141.377,00000000
4613,3098.048,00000000
4614,3059.218,00000000
4615,3066.597,00000000
4616,3076.659,00000000
4617,3076.284,00000000
4618,3125.830,00000000
4619,3128.629,00000000
4620,3066.320,00000000
4621,3071.022,00000000
4622,3088.648,00000000
4623,3139.136,00000000
4624,3099.521,00000000
4625,3055.082,00000000
4626,3031.779,00000000
4627,3028.811,00000000
4628,3030.738,00000000
4629,3172.677,00000000
4630,3088.855,00000000
4631,3099.249,00000000
4632,3093.982,00000000
4633,3087.493,00000000
4634,3055.604,00000000
4635,3133.789,00000000
4636,3111.007,00000000
4637,3063.617,00000000
4638,3063.920,00000000
4639,3081.289,00000000
4640,3164.103,00000000
4641,3117.927,00000000
4642,3100.243,00000000
4643,3100.649,00000000
4644,3081.371,00000000
4645,3082.509,00000000
4646,3190.882,00000000
4647,3095.082,00000000
4648,3074.928,00000000
4649,3084.514,00000000
4650,3072.460,00000000
4651,3048.544,00000000
4652,3142.988,00000000
4653,3108.056,00000000
4654,3069.813,00000000
4655,3099.260,00000000
4656,3095.914,00000000
4657,3177.920,00000000
4658,3115.777,00000000
4659,3095.538,00000000
4660,3086.826,00000000
4661,3056.524,00000000
4662,3058.000,00000000
4663,3176.873,00000000
4664,3101.663,00000000
4665,3083.104,00000000
4666,3088.672,00000000
4667,3118.543,00000000
4668,3078.688,00000000
4669,3138.750,00000000
4670,3109.726,00000000
4671,3060.162,00000000
4672,3055.587,00000000
4673,3073.274,00000000
4674,3166.318,00000000
4675,3106.788,00000000
4676,3093.113,00000000
4677,3098.079,00000000
4678,3060.621,00000000
4679,3096.263,00000000
4680,3181.704,00000000
4681,3086.132,00000000
4682,3073.941,00000000
4683,3083.374,00000000
4684,3102.859,00000000
4685,3057.300,00000000
4686,3138.936,00000000
4687,3118.848,00000000
4688,3067.191,00000000
4689,3075.171,00000000
4690,3089.143,00000000
4691,3115.565,00000000
4692,3136.152,00000000
4693,3108.176,00000000
4694,3057.777,00000000
4695,3060.464,00000000
4696,3075.276,00000000
4697,3164.246,00000000
4698,3110.693,00000000
4699,3095.127,00000000
4700,3056.227,00000000
4701,3060.316,00000000
4702,3077.041,00000000
4703,3205.665,00000000
4704,3122.297,00000000
4705,3091.920,00000000
4706,3091.053,00000000
4707,3049.537,00000000
4708,3065.991,00000000
4709,3178.010,00000000
4710,3087.077,00000000
4711,3080.225,00000000
4712,3092.603,00000000
4713,3054.467,00000000
4714,3064.412,00000000
4715,3192.776,00000000
4716,3093.067,00000000
4717,3072.561,00000000
4718,3078.256,00000000
4719,3053.953,00000000
4720,3054.004,00000000
4721,3157.270,00000000
4722,3083.538,00000000
4723,3072.767,00000000
4724,3092.405,00000000
4725,3095.276,00000000
4726,3058.540,00000000
4727,3155.331,00000000
4728,3123.916,00000000
4729,3063.815,00000000
4730,3068.239,00000000
4731,3083.341,00000000
4732,3135.996,00000000
4733,3114.439,00000000
4734,3100.110,00000000
4735,3057.549,00000000
4736,3058.210,00000000
4737,3081.462,00000000
4738,3162.895,00000000
4739,3094.648,00000000
4740,3067.439,00000000
4741,3041.770,00000000
4742,3035.206,00000000
4743,3033.283,00000000
4744,3175.295,00000000
4745,3078.579,00000000
4746,3073.131,00000000
4747,3075.777,00000000
4748,3090.613,00000000
4749,3067.054,00000000
4750,3132.729,00000000
4751,3106.958,00000000
4752,3076.270,00000000
4753,3069.381,00000000
4754,3082.329,00000000
4755,3166.707,00000000
4756,3111.274,00000000
4757,3092.072,00000000
4758,3091.139,00000000
4759,3055.772,00000000
4760,3067.285,00000000
4761,3175.889,00000000
4762,3084.568,00000000
4763,3072.080,00000000
4764,3107.693,00000000
4765,3095.053,00000000
4766,3056.647,00000000
4767,3133.386,00000000
4768,3108.468,00000000
4769,3061.664,00000000
4770,3068.363,00000000
4771,3082.725,00000000
4772,3162.957,00000000
4773,3101.007,00000000
4774,3082.480,00000000
4775,3085.876,00000000
4776,3067.832,00000000
4777,3063.824,00000000
4778,3169.749,00000000
4779,3079.369,00000000
4780,3074.373,00000000
4781,3076.372,00000000
4782,3081.300,00000000
4783,3084.166,00000000
4784,3142.354,00000000
4785,3110.805,00000000
4786,3058.157,00000000
4787,3057.609,00000000
4788,3092.288,00000000
4789,3170.564,00000000
4790,3101.602,00000000
4791,3089.688,00000000
4792,3091.094,00000000
4793,3050.669,00000000
4794,3062.418,00000000
4795,3164.258,00000000
4796,3077.341,00000000
4797,3067.214,00000000
4798,3077.473,00000000
4799,3091.779,00000000
4800,3081.672,00000000
4801,3130.708,00000000
4802,3111.782,00000000
4803,3060.597,00000000
4804,3077.464,00000000
4805,3088.200,00000000
4806,3093.546,00000000
4807,3122.175,00000000
4808,3102.097,00000000
4809,3053.402,00000000
4810,3059.081,00000000
4811,3075.602,00000000
4812,3181.541,00000000
4813,3117.871,00000000
4814,3096.025,00000000
4815,3052.764,00000000
4816,3060.887,00000000
4817,3074.240,00000000
4818,3175.329,00000000
4819,3095.692,00000000
4820,3074.445,00000000
4821,3081.508,00000000
4822,3050.672,00000000
4823,3061.047,00000000
4824,3215.243,00000000
4825,3103.827,00000000
4826,3080.129,00000000
4827,3091.602,00000000
4828,3054.650,00000000
4829,3052.053,00000000
4830,3173.132,00000000
4831,3084.755,00000000
4832,3073.475,00000000
4833,3082.353,00000000
4834,3058.118,00000000
4835,3054.240,00000000
4836,3178.179,00000000
4837,3094.635,00000000
4838,3067.937,00000000
4839,3077.072,00000000
4840,3087.390,00000000
4841,3054.781,00000000
4842,3138.273,00000000
4843,3109.162,00000000
4844,3069.420,00000000
4845,3069.510,00000000
4846,3081.312,00000000
4847,3122.845,00000000
4848,3137.288,00000000
4849,3110.459,00000000
4850,3060.184,00000000
4851,3068.694,00000000
4852,3080.043,00000000
4853,3165.371,00000000
4854,3086.627,00000000
4855,3052.540,00000000
4856,3038.989,00000000
4857,3031.347,00000000
4858,3029.892,00000000
4859,3159.771,00000000
4860,3108.920,00000000
4861,3087.650,00000000
4862,3088.929,00000000
4863,3098.686,00000000
4864,3089.749,00000000
4865,3137.860,00000000
4866,3111.800,00000000
4867,3059.888,00000000
4868,3060.222,00000000
4869,3075.880,00000000
4870,3167.197,00000000
4871,3108.418,00000000
4872,3120.641,00000000
4873,3096.714,00000000
4874,3061.604,00000000
4875,3064.552,00000000
4876,3183.111,00000000
4877,3080.205,00000000
4878,3068.781,00000000
4879,3078.810,00000000
4880,3084.174,00000000
4881,3057.844,00000000
4882,3139.414,00000000
4883,3119.158,00000000
4884,3105.409,00000000
4885,3091.278,00000000
4886,3095.547,00000000
4887,3177.813,00000000
4888,3110.801,00000000
4889,3093.981,00000000
4890,3088.821,00000000
4891,3053.841,00000000
4892,3060.365,00000000
4893,3170.185,00000000
4894,3081.031,00000000
4895,3075.100,00000000
4896,3110.511,00000000
4897,3104.674,00000000
4898,3092.884,00000000
4899,3122.032,00000000
4900,3102.147,00000000
4901,3054.024,00000000
4902,3059.088,00000000
4903,3067.346,00000000
4904,3178.110,00000000
4905,3112.242,00000000
4906,3096.621,00000000
4907,3099.288,00000000
4908,3092.094,00000000
4909,3081.493,00000000
4910,3171.850,00000000
4911,3081.308,00000000
4912,3071.601,00000000
4913,3082.133,00000000
4914,3085.413,00000000
4915,3063.676,00000000
4916,3133.141,00000000
4917,3116.208,00000000
4918,3069.687,00000000
4919,3074.675,00000000
4920,3111.915,00000000
4921,3117.904,00000000
4922,3120.776,00000000
4923,3102.056,00000000
4924,3065.778,00000000
4925,3064.873,00000000
4926,3076.073,00000000
4927,3167.557,00000000
4928,3113.328,00000000
4929,3098.106,00000000
4930,3055.916,00000000
4931,3061.127,00000000
4932,3085.648,00000000
4933,3188.875,00000000
4934,3101.331,00000000
4935,3081.563,00000000
4936,3085.010,00000000
4937,3050.375,00000000
4938,3059.085,00000000
4939,3174.284,00000000
4940,3088.422,00000000
4941,3074.873,00000000
4942,3086.990,00000000
4943,3055.004,00000000
4944,3080.699,00000000
4945,3193.825,00000000
4946,3091.583,00000000
4947,3071.309,00000000
4948,3079.047,00000000
4949,3042.849,00000000
4950,3055.463,00000000
4951,3154.959,00000000
4952,3077.810,00000000
4953,3069.213,00000000
4954,3082.145,00000000
4955,3084.821,00000000
4956,3059.385,00000000
4957,3152.560,00000000
4958,3112.510,00000000
4959,3060.818,00000000
4960,3063.451,00000000
4961,3082.752,00000000
4962,3119.196,00000000
4963,3117.443,00000000
4964,3116.354,00000000
4965,3067.143,00000000
4966,3069.154,00000000
4967,3084.434,00000000
4968,3159.640,00000000
4969,3105.191,00000000
4970,3060.774,00000000
4971,3042.117,00000000
4972,3032.633,00000000
4973,3030.071,00000000
4974,3161.751,00000000
4975,3079.108,00000000
4976,3063.347,00000000
4977,3079.753,00000000
4978,3090.923,00000000
4979,3065.269,00000000
4980,3132.088,00000000
4981,3119.487,00000000
4982,3065.494,00000000
4983,3062.875,00000000
4984,3088.132,00000000
4985,3176.214,00000000
4986,3109.588,00000000
4987,3095.553,00000000
4988,3086.328,00000000
4989,3058.109,00000000
4990,3064.943,00000000
4991,3176.421,00000000
4992,3083.148,00000000
4993,3089.366,00000000
4994,3084.515,00000000
4995,3085.780,00000000
4996,3052.724,00000000
4997,3131.371,00000000
4998,3104.056,00000000
4999,3058.690,00000000
5000,3068.149,00000000
5001,3080.362,00000000
5002,3171.213,00000000
5003,3105.175,00000000
5004,3087.127,00000000
5005,3110.910,00000000
5006,3062.661,00000000
5007,3064.505,00000000
5008,3176.118,00000000
5009,3084.046,00000000
5010,3074.775,00000000
5011,3081.508,00000000
5012,3085.761,00000000
5013,3069.802,00000000
5014,3128.985,00000000
5015,3106.850,00000000
5016,3059.806,00000000
5017,3085.391,00000000
5018,3084.177,00000000
5019,3166.655,00000000
5020,3103.085,00000000
5021,3086.270,00000000
5022,3094.501,00000000
5023,3050.577,00000000
5024,3066.238,00000000
5025,3171.460,00000000
5026,3082.517,00000000
5027,3073.531,00000000
5028,3081.581,00000000
5029,3115.362,00000000
5030,3066.200,00000000
5031,3139.316,00000000
5032,3115.649,00000000
5033,3063.635,00000000
5034,3068.710,00000000
5035,3086.605,00000000
5036,3098.954,00000000
5037,3123.229,00000000
5038,3102.016,00000000
5039,3057.846,00000000
5040,3061.156,00000000
5041,3102.333,00000000
5042,3173.838,00000000
5043,3110.868,00000000
5044,3096.914,00000000
5045,3060.742,00000000
5046,3065.336,00000000
5047,3072.922,00000000
5048,3173.982,00000000
5049,3097.627,00000000
5050,3079.120,00000000
5051,3087.906,00000000
5052,3053.470,00000000
5053,3092.110,00000000
5054,3192.394,00000000
5055,3095.258,00000000
5056,3080.159,00000000
5057,3094.204,00000000
5058,3055.394,00000000
5059,3064.917,00000000
5060,3162.937,00000000
5061,3082.481,00000000
5062,3070.757,00000000
5063,3078.596,00000000
5064,3070.311,00000000
5065,3089.626,00000000
5066,3168.718,00000000
5067,3085.601,00000000
5068,3067.230,00000000
5069,3076.677,00000000
5070,3081.801,00000000
5071,3052.738,00000000
5072,3134.831,00000000
5073,3109.307,00000000
5074,3059.729,00000000
5075,3069.216,00000000
5076,3085.632,00000000
5077,3156.985,00000000
5078,3125.433,00000000
5079,3108.263,00000000
5080,3057.830,00000000
5081,3068.271,00000000
5082,3082.045,00000000
5083,3161.647,00000000
5084,3085.000,00000000
5085,3052.015,00000000
5086,3034.192,00000000
5087,3026.612,00000000
5088,3024.435,00000000
5089,3190.614,00000000
5090,3091.993,00000000
5091,3074.778,00000000
5092,3082.378,00000000
5093,3091.797,00000000
5094,3062.397,00000000
5095,3135.797,00000000
5096,3106.714,00000000
5097,3055.654,00000000
5098,3058.457,00000000
5099,3073.310,00000000
5100,3165.036,00000000
5101,3138.306,00000000
5102,3107.505,00000000
5103,3090.457,00000000
5104,3060.208,00000000
5105,3073.881,00000000
5106,3180.359,00000000
5107,3084.776,00000000
5108,3069.417,00000000
5109,3078.328,00000000
5110,3088.046,00000000
5111,3054.647,00000000
5112,3135.019,00000000
5113,3139.189,00000000
5114,3073.718,00000000
5115,3076.541,00000000
5116,3085.052,00000000
5117,3169.867,00000000
5118,3106.961,00000000
5119,3088.828,00000000
5120,3088.730,00000000
5121,3054.491,00000000
5122,3059.910,00000000
5123,3168.403,00000000
5124,3084.514,00000000
5125,3088.442,00000000
5126,3092.208,00000000
5127,3094.925,00000000
5128,3075.791,00000000
5129,3134.211,00000000
5130,3110.630,00000000
5131,3063.364,00000000
5132,3063.673,00000000
5133,3073.732,00000000
5134,3163.727,00000000
5135,3106.125,00000000
5136,3090.045,00000000
5137,3097.183,00000000
5138,3074.215,00000000
5139,3073.371,00000000
5140,3169.232,00000000
5141,3080.240,00000000
5142,3064.747,00000000
5143,3076.603,00000000
5144,3089.247,00000000
5145,3065.018,00000000
5146,3142.303,00000000
5147,3118.022,00000000
5148,3067.016,00000000
5149,3073.636,00000000
5150,3106.474,00000000
5151,3092.792,00000000
5152,3128.654,00000000
5153,3109.579,00000000
5154,3055.869,00000000
5155,3063.483,00000000
5156,3080.071,00000000
5157,3168.178,00000000
5158,3117.035,00000000
5159,3096.704,00000000
5160,3055.988,00000000
5161,3063.675,00000000
5162,3094.213,00000000
5163,3179.575,00000000
5164,3099.941,00000000
5165,3094.490,00000000
5166,3087.520,00000000
5167,3051.857,00000000
5168,3062.134,00000000
5169,3181.335,00000000
5170,3085.199,00000000
5171,3076.212,00000000
5172,3091.316,00000000
5173,3056.592,00000000
5174,3080.424,00000000
5175,3174.114,00000000
5176,3083.111,00000000
5177,3064.941,00000000
5178,3076.554,00000000
5179,3057.167,00000000
5180,3048.894,00000000
5181,3153.745,00000000
5182,3079.140,00000000
5183,3066.631,00000000
5184,3076.371,00000000
5185,3097.813,00000000
5186,3081.158,00000000
5187,3145.847,00000000
5188,3116.149,00000000
5189,3054.550,00000000
5190,3065.739,00000000
5191,3078.998,00000000
5192,3127.598,00000000
5193,3115.363,00000000
5194,3099.513,00000000
5195,3058.841,00000000
5196,3061.385,00000000
5197,3080.335,00000000
5198,3181.305,00000000
5199,3095.770,00000000
5200,3056.220,00000000
5201,3043.180,00000000
5202,3039.925,00000000
5203,3039.445,00000000
5204,3159.360,00000000
5205,3088.219,00000000
5206,3075.612,00000000
5207,3078.401,00000000
5208,3087.834,00000000
5209,3079.488,00000000
5210,3144.228,00000000
5211,3116.464,00000000
5212,3064.605,00000000
5213,3061.047,00000000
5214,3074.461,00000000
5215,3162.793,00000000
5216,3103.025,00000000
5217,3089.351,00000000
5218,3094.444,00000000
5219,3056.913,00000000
5220,3067.097,00000000
5221,3175.404,00000000
5222,3108.910,00000000
5223,3078.654,00000000
5224,3077.939,00000000
5225,3099.091,00000000
5226,3072.279,00000000
5227,3135.644,00000000
5228,3112.994,00000000
5229,3066.519,00000000
5230,3070.488,00000000
5231,3078.946,00000000
5232,3166.721,00000000
5233,3101.904,00000000
5234,3109.862,00000000
5235,3098.040,00000000
5236,3056.355,00000000
5237,3061.712,00000000
5238,3163.688,00000000
5239,3079.745,00000000
5240,3071.282,00000000
5241,3074.078,00000000
5242,3092.405,00000000
5243,3103.281,00000000
5244,3118.324,00000000
5245,3110.721,00000000
5246,3078.336,00000000
5247,3065.963,00000000
5248,3074.144,00000000
5249,3175.974,00000000
5250,3101.475,00000000
5251,3085.377,00000000
5252,3098.586,00000000
5253,3055.188,00000000
5254,3062.746,00000000
5255,3158.315,00000000
5256,3085.578,00000000
5257,3068.343,00000000
5258,3104.638,00000000
5259,3101.833,00000000
5260,3088.035,00000000
5261,3125.172,00000000
5262,3107.036,00000000
5263,3060.056,00000000
5264,3067.694,00000000
5265,3094.896,00000000
5266,3139.793,00000000
5267,3117.676,00000000
5268,3100.953,00000000
5269,3052.783,00000000
5270,3087.404,00000000
5271,3086.573,00000000
5272,3170.315,00000000
5273,3111.058,00000000
5274,3092.763,00000000
5275,3078.420,00000000
5276,3057.856,00000000
5277,3069.437,00000000
5278,3185.096,00000000
5279,3089.405,00000000
5280,3070.971,00000000
5281,3079.700,00000000
5282,3082.424,00000000
5283,3073.727,00000000
5284,3173.034,00000000
5285,3092.814,00000000
5286,3078.389,00000000
5287,3086.011,00000000
5288,3069.104,00000000
5289,3052.688,00000000
5290,3151.680,00000000
5291,3083.921,00000000
5292,3062.629,00000000
5293,3071.684,00000000
5294,3113.774,00000000
5295,3060.734,00000000
5296,3147.136,00000000
5297,3108.621,00000000
5298,3064.150,00000000
5299,3072.767,00000000
5300,3089.493,00000000
5301,3094.390,00000000
5302,3124.455,00000000
5303,3104.211,00000000
5304,3053.343,00000000
5305,3069.750,00000000
5306,3104.285,00000000
5307,3174.241,00000000
5308,3116.310,00000000
5309,3099.315,00000000
5310,3056.087,00000000
5311,3064.479,00000000
5312,3079.040,00000000
5313,3158.470,00000000
5314,3079.599,00000000
5315,3045.753,00000000
5316,3033.282,00000000
5317,3026.323,00000000
5318,3035.452,00000000
5319,3161.527,00000000
5320,3083.725,00000000
5321,3076.137,00000000
5322,3082.434,00000000
5323,3095.303,00000000
5324,3123.389,00000000
5325,3129.243,00000000
5326,3107.856,00000000
5327,3052.342,00000000
5328,3057.862,00000000
5329,3069.397,00000000
5330,3157.692,00000000
5331,3122.050,00000000
5332,3095.857,00000000
5333,3096.076,00000000
5334,3061.331,00000000
5335,3066.029,00000000
5336,3169.215,00000000
5337,3081.680,00000000
5338,3068.556,00000000
5339,3075.672,00000000
5340,3087.576,00000000
5341,3079.082,00000000
5342,3125.491,00000000
5343,3129.218,00000000
5344,3065.149,00000000
5345,3077.415,00000000
5346,3083.057,00000000
5347,3163.753,00000000
5348,3107.395,00000000
5349,3081.315,00000000
5350,3088.004,00000000
5351,3051.062,00000000
5352,3061.276,00000000
5353,3167.309,00000000
5354,3087.410,00000000
5355,3090.086,00000000
5356,3085.146,00000000
5357,3094.297,00000000
5358,3096.730,00000000
5359,3120.387,00000000
5360,3104.696,00000000
5361,3053.064,00000000
5362,3056.257,00000000
5363,3069.669,00000000
5364,3166.167,00000000
5365,3107.499,00000000
5366,3090.511,00000000
5367,3112.191,00000000
5368,3059.410,00000000
5369,3065.914,00000000
5370,3162.125,00000000
5371,3081.177,00000000
5372,3066.054,00000000
5373,3079.052,00000000
5374,3090.943,00000000
5375,3079.352,00000000
5376,3126.506,00000000
5377,3109.381,00000000
5378,3063.814,00000000
5379,3091.749,00000000
5380,3095.454,00000000
5381,3128.615,00000000
5382,3121.203,00000000
5383,3097.426,00000000
5384,3054.697,00000000
5385,3070.225,00000000
5386,3082.959,00000000
5387,3167.537,00000000
5388,3108.783,00000000
5389,3094.512,00000000
5390,3072.401,00000000
5391,3080.925,00000000
5392,3082.345,00000000
5393,3192.794,00000000
5394,3098.115,00000000
5395,3081.306,00000000
5396,3090.316,00000000
5397,3053.991,00000000
5398,3062.805,00000000
5399,3172.163,00000000
5400,3083.838,00000000
5401,3076.406,00000000
5402,3087.181,00000000
5403,3084.427,00000000
5404,3065.790,00000000
5405,3172.676,00000000
5406,3081.416,00000000
5407,3068.113,00000000
5408,3077.093,00000000
5409,3071.601,00000000
5410,3045.855,00000000
5411,3150.669,00000000
5412,3092.511,00000000
5413,3071.130,00000000
5414,3075.572,00000000
5415,3114.296,00000000
5416,3076.753,00000000
5417,3131.513,00000000
5418,3111.390,00000000
5419,3054.172,00000000
5420,3063.458,00000000
5421,3082.022,00000000
5422,3155.415,00000000
5423,3116.645,00000000
5424,3102.883,00000000
5425,3071.643,00000000
5426,3067.117,00000000
5427,3103.747,00000000
5428,3174.321,00000000
5429,3086.948,00000000
5430,3049.114,00000000
5431,3039.756,00000000
5432,3037.727,00000000
5433,3036.352,00000000
5434,3158.187,00000000
5435,3076.587,00000000
5436,3067.933,00000000
5437,3076.238,00000000
5438,3087.733,00000000
5439,3122.050,00000000
5440,3124.424,00000000
5441,3104.076,00000000
5442,3056.480,00000000
5443,3058.394,00000000
5444,3072.670,00000000
5445,3172.402,00000000
5446,3107.232,00000000
5447,3086.380,00000000
5448,3088.647,00000000
5449,3054.521,00000000
5450,3063.661,00000000
5451,3202.394,00000000
5452,3092.913,00000000
5453,3075.511,00000000
5454,3077.490,00000000
5455,3086.678,00000000
5456,3079.533,00000000
5457,3122.206,00000000
5458,3101.135,00000000
5459,3059.580,00000000
5460,3067.020,00000000
5461,3075.400,00000000
5462,3168.760,00000000
5463,3125.521,00000000
5464,3093.660,00000000
5465,3097.887,00000000
5466,3056.205,00000000
5467,3062.736,00000000
5468,3169.824,00000000
5469,3082.372,00000000
5470,3076.129,00000000
5471,3081.739,00000000
5472,3090.095,00000000
5473,3110.976,00000000
5474,3121.291,00000000
5475,3131.639,00000000
5476,3063.340,00000000
5477,3061.988,00000000
5478,3073.309,00000000
5479,3174.821,00000000
5480,3093.814,00000000
5481,3081.664,00000000
5482,3089.764,00000000
5483,3048.390,00000000
5484,3058.731,00000000
5485,3170.022,00000000
5486,3085.716,00000000
5487,3092.415,00000000
5488,3087.947,00000000
5489,3094.088,00000000
5490,3080.531,00000000
5491,3123.120,00000000
5492,3106.189,00000000
5493,3057.649,00000000
5494,3066.820,00000000
5495,3083.337,00000000
5496,3129.176,00000000
5497,3115.456,00000000
5498,3103.058,00000000
5499,3073.443,00000000
5500,3071.911,00000000
5501,3080.269,00000000
5502,3164.179,00000000
5503,3106.147,00000000
5504,3087.680,00000000
5505,3084.991,00000000
5506,3061.896,00000000
5507,3070.822,00000000
5508,3183.874,00000000
5509,3094.198,00000000
5510,3078.740,00000000
5511,3092.949,00000000
5512,3062.987,00000000
5513,3064.577,00000000
5514,3174.872,00000000
5515,3082.189,00000000
5516,3077.091,00000000
5517,3084.454,00000000
5518,3062.024,00000000
5519,3056.882,00000000
5520,3157.255,00000000
5521,3079.801,00000000
5522,3070.019,00000000
5523,3075.686,00000000
5524,3103.729,00000000
5525,3072.766,00000000
5526,3159.724,00000000
5527,3106.571,00000000
5528,3069.125,00000000
5529,3077.384,00000000
5530,3090.471,00000000
5531,3077.398,00000000
5532,3126.987,00000000
5533,3106.166,00000000
5534,3056.826,00000000
5535,3060.424,00000000
5536,3093.423,00000000
5537,3168.362,00000000
5538,3121.510,00000000
5539,3098.700,00000000
5540,3055.680,00000000
5541,3064.313,00000000
5542,3081.532,00000000
5543,3163.186,00000000
5544,3086.806,00000000
5545,3062.375,00000000
5546,3045.191,00000000
5547,3036.075,00000000
5548,3048.545,00000000
5549,3163.113,00000000
5550,3083.716,00000000
5551,3072.895,00000000
5552,3077.625,00000000
5553,3090.299,00000000
5554,3103.829,00000000
5555,3120.574,00000000
5556,3096.749,00000000
5557,3052.504,00000000
5558,3055.701,00000000
5559,3072.373,00000000
5560,3175.165,00000000
5561,3114.479,00000000
5562,3088.427,00000000
5563,3091.899,00000000
5564,3060.454,00000000
5565,3083.257,00000000
5566,3174.197,00000000
5567,3082.938,00000000
5568,3069.637,00000000
5569,3074.656,00000000
5570,3087.399,00000000
5571,3086.151,00000000
5572,3146.658,00000000
5573,3116.325,00000000
5574,3065.106,00000000
5575,3070.580,00000000
5576,3080.830,00000000
5577,3177.526,00000000
5578,3100.684,00000000
5579,3083.128,00000000
5580,3089.757,00000000
5581,3051.378,00000000
5582,3061.344,00000000
5583,3161.640,00000000
5584,3101.928,00000000
5585,3091.590,00000000
5586,3085.462,00000000
5587,3098.742,00000000
5588,3135.922,00000000
5589,3119.576,00000000
5590,3101.884,00000000
5591,3058.247,00000000
5592,3058.898,00000000
5593,3064.600,00000000
5594,3186.434,00000000
5595,3098.899,00000000
5596,3107.967,00000000
5597,3101.539,00000000
5598,3064.171,00000000
5599,3068.706,00000000
5600,3155.150,00000000
5601,3097.000,00000000
5602,3062.594,00000000
5603,3070.407,00000000
5604,3089.400,00000000
5605,3126.157,00000000
5606,3133.060,00000000
5607,3111.988,00000000
5608,3086.244,00000000
5609,3076.403,00000000
5610,3089.005,00000000
5611,3163.672,00000000
5612,3110.613,00000000
5613,3094.263,00000000
5614,3052.173,00000000
5615,3054.937,00000000
5616,3074.110,00000000
5617,3164.448,00000000
5618,3107.406,00000000
5619,3091.835,00000000
5620,3120.126,00000000
5621,3068.550,00000000
5622,3077.177,00000000
5623,3192.083,00000000
5624,3089.854,00000000
5625,3091.619,00000000
5626,3093.531,00000000
5627,3051.065,00000000
5628,3059.084,00000000
5629,3159.005,00000000
5630,3080.755,00000000
5631,3071.682,00000000
5632,3107.109,00000000
5633,3092.813,00000000
5634,3058.911,00000000
5635,3151.491,00000000
5636,3102.765,00000000
5637,3065.502,00000000
5638,3070.342,00000000
5639,3080.454,00000000
5640,3044.895,00000000
5641,3136.976,00000000
5642,3109.161,00000000
5643,3063.845,00000000
5644,3096.810,00000000
5645,3110.080,00000000
5646,3132.001,00000000
5647,3123.783,00000000
5648,3104.354,00000000
5649,3050.637,00000000
5650,3057.312,00000000
5651,3075.787,00000000
5652,3162.881,00000000
5653,3106.861,00000000
5654,3092.818,00000000
5655,3062.754,00000000
5656,3083.342,00000000
5657,3084.040,00000000
5658,3156.798,00000000
5659,3080.734,00000000
5660,3049.810,00000000
5661,3041.015,00000000
5662,3038.544,00000000
5663,3034.252,00000000
5664,3145.747,00000000
5665,3102.175,00000000
5666,3072.233,00000000
5667,3072.148,00000000
5668,3114.931,00000000
5669,3166.510,00000000
5670,3116.069,00000000
5671,3093.543,00000000
5672,3058.772,00000000
5673,3054.283,00000000
5674,3068.189,00000000
5675,3182.073,00000000
5676,3091.724,00000000
5677,3085.823,00000000
5678,3089.738,00000000
5679,3056.515,00000000
5680,3090.014,00000000
5681,3169.732,00000000
5682,3086.322,00000000
5683,3066.919,00000000
5684,3072.351,00000000
5685,3100.126,00000000
5686,3141.615,00000000
5687,3120.221,00000000
5688,3105.565,00000000
5689,3057.343,00000000
5690,3062.755,00000000
5691,3072.972,00000000
5692,3206.739,00000000
5693,3102.829,00000000
5694,3080.680,00000000
5695,3080.706,00000000
5696,3049.323,00000000
5697,3052.946,00000000
5698,3148.194,00000000
5699,3101.739,00000000
5700,3069.674,00000000
5701,3071.969,00000000
5702,3083.056,00000000
5703,3169.153,00000000
5704,3118.502,00000000
5705,3121.322,00000000
5706,3077.605,00000000
5707,3057.706,00000000
5708,3064.639,00000000
5709,3179.968,00000000
5710,3084.064,00000000
5711,3075.351,00000000
5712,3085.908,00000000
5713,3079.814,00000000
5714,3056.906,00000000
5715,3143.463,00000000
5716,3115.859,00000000
5717,3078.493,00000000
5718,3077.012,00000000
5719,3087.912,00000000
5720,3157.682,00000000
5721,3106.954,00000000
5722,3093.866,00000000
5723,3053.439,00000000
5724,3060.352,00000000
5725,3090.992,00000000
5726,3176.671,00000000
5727,3111.420,00000000
5728,3091.936,00000000
5729,3068.116,00000000
5730,3059.440,00000000
5731,3064.701,00000000
5732,3176.990,00000000
5733,3094.056,00000000
5734,3083.044,00000000
5735,3087.857,00000000
5736,3054.644,00000000
5737,3061.147,00000000
5738,3173.319,00000000
5739,3082.017,00000000
5740,3063.527,00000000
5741,3089.377,00000000
5742,3050.015,00000000
5743,3058.620,00000000
5744,3152.276,00000000
5745,3110.852,00000000
5746,3073.656,00000000
5747,3083.105,00000000
5748,3095.599,00000000
5749,3058.359,00000000
5750,3137.834,00000000
5751,3110.140,00000000
5752,3062.984,00000000
5753,3091.220,00000000
5754,3095.350,00000000
5755,3068.791,00000000
5756,3131.080,00000000
5757,3111.246,00000000
5758,3058.844,00000000
5759,3063.036,00000000
5760,3088.441,00000000
5761,3162.503,00000000
5762,3113.543,00000000
5763,3095.738,00000000
5764,3050.428,00000000
5765,3088.196,00000000
5766,3085.725,00000000
5767,3166.118,00000000
5768,3107.103,00000000
5769,3088.324,00000000
5770,3088.905,00000000
5771,3063.486,00000000
5772,3077.266,00000000
5773,3150.517,00000000
5774,3073.477,00000000
5775,3043.654,00000000
5776,3033.316,00000000
5777,3053.043,00000000
5778,3034.753,00000000
5779,3133.588,00000000
5780,3106.912,00000000
5781,3058.884,00000000
5782,3067.273,00000000
5783,3082.484,00000000
5784,3165.794,00000000
5785,3120.228,00000000
5786,3095.487,00000000
5787,3078.987,00000000
5788,3049.302,00000000
5789,3084.153,00000000
5790,3194.325,00000000
5791,3097.969,00000000
5792,3083.782,00000000
5793,3090.493,00000000
5794,3074.563,00000000
5795,3060.735,00000000
5796,3147.432,00000000
5797,3107.127,00000000
5798,3062.936,00000000
5799,3069.955,00000000
5800,3081.063,00000000
5801,3187.595,00000000
5802,3117.693,00000000
5803,3100.244,00000000
5804,3085.545,00000000
5805,3080.781,00000000
5806,3078.117,00000000
5807,3187.992,00000000
5808,3091.071,00000000
5809,3073.792,00000000
5810,3078.383,00000000
5811,3077.441,00000000
5812,3052.647,00000000
5813,3162.770,00000000
5814,3120.241,00000000
5815,3067.989,00000000
5816,3067.273,00000000
5817,3078.861,00000000
5818,3170.020,00000000
5819,3104.894,00000000
5820,3094.725,00000000
5821,3090.326,00000000
5822,3047.193,00000000
5823,3060.424,00000000
5824,3168.401,00000000
5825,3129.251,00000000
5826,3096.135,00000000
5827,3091.695,00000000
5828,3092.835,00000000
5829,3063.418,00000000
5830,3139.988,00000000
5831,3114.961,00000000
5832,3063.581,00000000
5833,3068.747,00000000
5834,3082.356,00000000
5835,3163.974,00000000
5836,3109.256,00000000
5837,3122.014,00000000
5838,3064.180,00000000
5839,3064.550,00000000
5840,3078.887,00000000
5841,3165.897,00000000
5842,3101.764,00000000
5843,3080.966,00000000
5844,3066.276,00000000
5845,3062.562,00000000
5846,3071.161,00000000
5847,3185.366,00000000
5848,3097.320,00000000
5849,3110.457,00000000
5850,3099.375,00000000
5851,3055.302,00000000
5852,3066.162,00000000
5853,3171.441,00000000
5854,3080.536,00000000
5855,3069.891,00000000
5856,3079.626,00000000
5857,3049.430,00000000
5858,3054.980,00000000
5859,3151.128,00000000
5860,3100.480,00000000
5861,3098.924,00000000
5862,3086.784,00000000
5863,3096.134,00000000
5864,3061.234,00000000
5865,3154.132,00000000
5866,3117.877,00000000
5867,3063.976,00000000
5868,3069.258,00000000
5869,3082.412,00000000
5870,3072.683,00000000
5871,3123.955,00000000
5872,3107.716,00000000
5873,3090.668,00000000
5874,3081.083,00000000
5875,3090.971,00000000
5876,3167.038,00000000
5877,3111.097,00000000
5878,3094.357,00000000
5879,3049.323,00000000
5880,3049.501,00000000
5881,3068.920,00000000
5882,3158.193,00000000
5883,3103.152,00000000
5884,3085.990,00000000
5885,3121.371,00000000
5886,3074.259,00000000
5887,3076.418,00000000
5888,3150.351,00000000
5889,3077.264,00000000
5890,3043.983,00000000
5891,3037.422,00000000
5892,3033.398,00000000
5893,3029.318,00000000
5894,3130.896,00000000
5895,3102.439,00000000
5896,3058.663,00000000
5897,3068.683,00000000
5898,3092.458,00000000
5899,3168.491,00000000
5900,3107.329,00000000
5901,3088.037,00000000
5902,3082.332,00000000
5903,3048.936,00000000
5904,3065.261,00000000
5905,3197.631,00000000
5906,3097.798,00000000
5907,3085.475,00000000
5908,3091.196,00000000
5909,3053.562,00000000
5910,3075.367,00000000
5911,3157.742,00000000
5912,3097.869,00000000
5913,3068.617,00000000
5914,3071.085,00000000
5915,3083.255,00000000
5916,3158.686,00000000
5917,3115.365,00000000
5918,3100.563,00000000
5919,3065.716,00000000
5920,3063.489,00000000
5921,3072.992,00000000
5922,3205.069,00000000
5923,3099.717,00000000
5924,3079.248,00000000
5925,3095.979,00000000
5926,3074.121,00000000
5927,3056.470,00000000
5928,3144.992,00000000
5929,3102.736,00000000
5930,3068.795,00000000
5931,3072.654,00000000
5932,3086.687,00000000
5933,3174.894,00000000
5934,3134.979,00000000
5935,3105.055,00000000
5936,3085.392,00000000
5937,3055.573,00000000
5938,3065.260,00000000
5939,3180.510,00000000
5940,3084.050,00000000
5941,3073.381,00000000
5942,3081.991,00000000
5943,3085.432,00000000
5944,3054.782,00000000
5945,3150.039,00000000
5946,3131.800,00000000
5947,3069.129,00000000
5948,3072.567,00000000
5949,3083.808,00000000
5950,3162.318,00000000
5951,3115.949,00000000
5952,3099.605,00000000
5953,3055.928,00000000
5954,3062.369,00000000
5955,3077.194,00000000
5956,3164.516,00000000
5957,3106.684,00000000
5958,3112.628,00000000
5959,3078.365,00000000
5960,3060.760,00000000
5961,3071.412,00000000
5962,3188.434,00000000
5963,3101.239,00000000
5964,3085.582,00000000
5965,3106.490,00000000
5966,3060.508,00000000
5967,3067.522,00000000
5968,3173.622,00000000
5969,3085.355,00000000
5970,3091.281,00000000
5971,3089.692,00000000
5972,3057.582,00000000
5973,3058.856,00000000
5974,3150.400,00000000
5975,3102.850,00000000
5976,3063.507,00000000
5977,3079.094,00000000
5978,3097.656,00000000
5979,3060.822,00000000
5980,3136.885,00000000
5981,3113.402,00000000
5982,3083.925,00000000
5983,3077.823,00000000
5984,3087.252,00000000
5985,3077.937,00000000
5986,3136.610,00000000
5987,3113.341,00000000
5988,3063.619,00000000
5989,3070.443,00000000
5990,3087.521,00000000
5991,3158.315,00000000
5992,3111.686,00000000
5993,3089.106,00000000
5994,3075.414,00000000
5995,3064.210,00000000
5996,3073.397,00000000
5997,3161.717,00000000
5998,3103.352,00000000
5999,3091.593,00000000
6000,3090.276,00000000
6001,3058.367,00000000
6002,3070.634,00000000
6003,3150.473,00000000
6004,3077.672,00000000
6005,3057.777,00000000
6006,3063.169,00000000
6007,3038.692,00000000
6008,3030.163,00000000
6009,3139.964,00000000
6010,3109.259,00000000
6011,3066.310,00000000
6012,3074.671,00000000
6013,3086.089,00000000
6014,3172.694,00000000
6015,3111.830,00000000
6016,3091.683,00000000
6017,3077.689,00000000
6018,3079.861,00000000
6019,3073.948,00000000
6020,3191.314,00000000
6021,3093.577,00000000
6022,3079.963,00000000
6023,3091.140,00000000
6024,3068.569,00000000
6025,3070.763,00000000
6026,3156.259,00000000
6027,3105.636,00000000
6028,3061.037,00000000
6029,3064.665,00000000
6030,3103.035,00000000
6031,3170.013,00000000
6032,3116.075,00000000
6033,3099.931,00000000
6034,3073.913,00000000
6035,3062.693,00000000
6036,3074.232,00000000
6037,3190.410,00000000
6038,3088.014,00000000
6039,3078.211,00000000
6040,3078.127,00000000
6041,3077.462,00000000
6042,3082.013,00000000
6043,3150.808,00000000
6044,3117.081,00000000
6045,3078.990,00000000
6046,3082.594,00000000
6047,3088.729,00000000
6048,3175.872,00000000
6049,3102.660,00000000
6050,3087.135,00000000
6051,3085.810,00000000
6052,3051.268,00000000
6053,3065.564,00000000
6054,3204.597,00000000
6055,3103.549,00000000
6056,3083.253,00000000
6057,3086.764,00000000
6058,3096.622,00000000
6059,3067.460,00000000
6060,3130.097,00000000
6061,3108.704,00000000
6062,3060.230,00000000
6063,3072.078,00000000
6064,3081.174,00000000
6065,3176.508,00000000
6066,3140.288,00000000
6067,3112.626,00000000
6068,3060.326,00000000
6069,3064.497,00000000
6070,3078.431,00000000
6071,3165.987,00000000
6072,3103.743,00000000
6073,3087.012,00000000
6074,3075.245,00000000
6075,3052.370,00000000
6076,3063.099,00000000
6077,3178.979,00000000
6078,3105.291,00000000
6079,3093.508,00000000
6080,3095.579,00000000
6081,3058.385,00000000
6082,3070.169,00000000
6083,3167.187,00000000
6084,3080.001,00000000
6085,3070.934,00000000
6086,3086.658,00000000
6087,3056.493,00000000
6088,3058.068,00000000
6089,3151.608,00000000
6090,3105.693,00000000
6091,3079.962,00000000
6092,3076.471,00000000
6093,3093.423,00000000
6094,3058.801,00000000
6095,3138.365,00000000
6096,3103.264,00000000
6097,3058.381,00000000
6098,3066.334,00000000
6099,3083.870,00000000
6100,3087.091,00000000
6101,3128.381,00000000
6102,3109.643,00000000
6103,3077.282,00000000
6104,3075.243,00000000
6105,3084.011,00000000
6106,3168.389,00000000
6107,3113.844,00000000
6108,3095.127,00000000
6109,3046.801,00000000
6110,3050.839,00000000
6111,3067.721,00000000
6112,3161.225,00000000
6113,3099.967,00000000
6114,3088.144,00000000
6115,3107.953,00000000
6116,3062.280,00000000
6117,3069.702,00000000
6118,3141.965,00000000
6119,3072.549,00000000
6120,3044.915,00000000
6121,3033.494,00000000
6122,3031.348,00000000
6123,3028.912,00000000
6124,3128.453,00000000
6125,3103.624,00000000
6126,3065.642,00000000
6127,3083.672,00000000
6128,3087.152,00000000
6129,3168.404,00000000
6130,3105.372,00000000
6131,3089.750,00000000
6132,3087.492,00000000
6133,3050.781,00000000
6134,3060.967,00000000
6135,3183.115,00000000
6136,3089.721,00000000
6137,3078.005,00000000
6138,3086.461,00000000
6139,3093.019,00000000
6140,3066.589,00000000
6141,3142.445,00000000
6142,3106.761,00000000
6143,3062.537,00000000
6144,3067.159,00000000
6145,3078.374,00000000
6146,3172.090,00000000
6147,3110.651,00000000
6148,3094.552,00000000
6149,3085.486,00000000
6150,3058.888,00000000
6151,3089.349,00000000
6152,3189.846,00000000
6153,3091.093,00000000
6154,3075.771,00000000
6155,3078.974,00000000
6156,3085.143,00000000
6157,3051.473,00000000
6158,3136.576,00000000
6159,3113.200,00000000
6160,3066.520,00000000
6161,3060.233,00000000
6162,3076.584,00000000
6163,3189.176,00000000
6164,3112.453,00000000
6165,3091.957,00000000
6166,3099.768,00000000
6167,3061.319,00000000
6168,3066.338,00000000
6169,3178.009,00000000
6170,3086.711,00000000
6171,3076.362,00000000
6172,3080.231,00000000
6173,3089.641,00000000
6174,3078.038,00000000
6175,3150.202,00000000
6176,3117.434,00000000
6177,3060.934,00000000
6178,3070.942,00000000
6179,3083.669,00000000
6180,3164.936,00000000
6181,3107.826,00000000
6182,3092.000,00000000
6183,3064.826,00000000
6184,3059.607,00000000
6185,3074.646,00000000
6186,3175.454,00000000
6187,3129.090,00000000
6188,3093.259,00000000
6189,3089.049,00000000
6190,3051.253,00000000
6191,3063.620,00000000
6192,3182.748,00000000
6193,3091.910,00000000
6194,3077.029,00000000
6195,3082.964,00000000
6196,3047.392,00000000
6197,3063.334,00000000
6198,3155.101,00000000
6199,3102.448,00000000
6200,3076.664,00000000
6201,3074.599,00000000
6202,3079.745,00000000
6203,3055.668,00000000
6204,3140.336,00000000
6205,3115.015,00000000
6206,3073.761,00000000
6207,3079.099,00000000
6208,3089.741,00000000
6209,3076.588,00000000
6210,3125.909,00000000
6211,3133.741,00000000
6212,3068.200,00000000
6213,3065.356,00000000
6214,3083.590,00000000
6215,3118.040,00000000
6216,3121.901,00000000
6217,3103.307,00000000
6218,3057.996,00000000
6219,3063.380,00000000
6220,3080.055,00000000
6221,3171.284,00000000
6222,3105.474,00000000
6223,3117.996,00000000
6224,3075.631,00000000
6225,3057.731,00000000
6226,3079.676,00000000
6227,3180.518,00000000
6228,3091.075,00000000
6229,3078.754,00000000
6230,3086.906,00000000
6231,3054.408,00000000
6232,3065.970,00000000
6233,3136.974,00000000
6234,3068.748,00000000
6235,3072.180,00000000
6236,3047.386,00000000
6237,3033.584,00000000
6238,3037.888,00000000
6239,3124.535,00000000
6240,3111.185,00000000
6241,3063.139,00000000
6242,3068.522,00000000
6243,3082.779,00000000
6244,3165.639,00000000
6245,3101.881,00000000
6246,3095.112,00000000
6247,3121.823,00000000
6248,3069.055,00000000
6249,3064.375,00000000
6250,3180.287,00000000
6251,3091.620,00000000
6252,3078.479,00000000
6253,3085.458,00000000
6254,3092.176,00000000
6255,3065.047,00000000
6256,3132.098,00000000
6257,3110.381,00000000
6258,3057.628,00000000
6259,3089.870,00000000
6260,3087.473,00000000
6261,3165.451,00000000
6262,3106.578,00000000
6263,3091.686,00000000
6264,3097.135,00000000
6265,3061.354,00000000
6266,3080.626,00000000
6267,3182.618,00000000
6268,3090.430,00000000
6269,3073.056,00000000
6270,3079.423,00000000
6271,3108.549,00000000
6272,3083.829,00000000
6273,3141.598,00000000
6274,3117.306,00000000
6275,3065.863,00000000
6276,3070.163,00000000
6277,3083.647,00000000
6278,3166.642,00000000
6279,3103.888,00000000
6280,3085.186,00000000
6281,3091.104,00000000
6282,3050.744,00000000
6283,3065.512,00000000
6284,3183.429,00000000
6285,3095.309,00000000
6286,3087.705,00000000
6287,3088.922,00000000
6288,3096.640,00000000
6289,3100.426,00000000
6290,3128.434,00000000
6291,3109.905,00000000
6292,3059.509,00000000
6293,3066.419,00000000
6294,3082.107,00000000
6295,3167.147,00000000
6296,3125.919,00000000
6297,3100.249,00000000
6298,3074.350,00000000
6299,3056.529,00000000
6300,3075.100,00000000
6301,3168.390,00000000
6302,3094.000,00000000
6303,3077.211,00000000
6304,3085.996,00000000
6305,3048.889,00000000
6306,3073.708,00000000
6307,3190.393,00000000
6308,3109.138,00000000
6309,3085.553,00000000
6310,3087.841,00000000
6311,3054.093,00000000
6312,3063.160,00000000
6313,3164.745,00000000
6314,3079.609,00000000
6315,3070.100,00000000
6316,3080.142,00000000
6317,3075.004,00000000
6318,3056.993,00000000
6319,3145.633,00000000
6320,3129.123,00000000
6321,3075.962,00000000
6322,3085.376,00000000
6323,3097.725,00000000
6324,3080.170,00000000
6325,3130.308,00000000
6326,3118.216,00000000
6327,3061.601,00000000
6328,3065.481,00000000
6329,3082.990,00000000
6330,3111.430,00000000
6331,3123.618,00000000
6332,3127.738,00000000
6333,3068.948,00000000
6334,3067.807,00000000
6335,3086.292,00000000
6336,3172.764,00000000
6337,3112.068,00000000
6338,3093.777,00000000
6339,3057.344,00000000
6340,3058.896,00000000
6341,3068.579,00000000
6342,3180.121,00000000
6343,3096.676,00000000
6344,3104.965,00000000
6345,3101.762,00000000
6346,3068.294,00000000
6347,3074.508,00000000
6348,3146.570,00000000
6349,3077.037,00000000
6350,3052.119,00000000
6351,3042.525,00000000
6352,3039.803,00000000
6353,3034.720,00000000
6354,3126.444,00000000
6355,3109.272,00000000
6356,3080.959,00000000
6357,3073.423,00000000
6358,3081.042,00000000
6359,3162.341,00000000
6360,3102.015,00000000
6361,3082.579,00000000
6362,3089.286,00000000
6363,3050.700,00000000
6364,3061.159,00000000
6365,3178.231,00000000
6366,3097.051,00000000
6367,3075.872,00000000
6368,3106.802,00000000
6369,3091.837,00000000
6370,3059.073,00000000
6371,3143.958,00000000
6372,3111.094,00000000
6373,3065.121,00000000
6374,3068.914,00000000
6375,3079.879,00000000
6376,3171.117,00000000
6377,3106.174,00000000
6378,3092.425,00000000
6379,3094.591,00000000
6380,3081.775,00000000
6381,3077.003,00000000
6382,3182.122,00000000
6383,3080.860,00000000
6384,3072.590,00000000
6385,3081.002,00000000
6386,3095.979,00000000
6387,3058.782,00000000
6388,3141.934,00000000
6389,3118.225,00000000
6390,3065.190,00000000
6391,3064.659,00000000
6392,3104.267,00000000
6393,3176.757,00000000
6394,3111.748,00000000
6395,3089.182,00000000
6396,3088.635,00000000
6397,3052.040,00000000
6398,3060.063,00000000
6399,3170.213,00000000
6400,3085.284,00000000
6401,3077.100,00000000
6402,3080.281,00000000
6403,3088.833,00000000
6404,3109.338,00000000
6405,3136.798,00000000
6406,3126.339,00000000
6407,3060.410,00000000
6408,3067.302,00000000
6409,3080.865,00000000
6410,3171.208,00000000
6411,3111.860,00000000
6412,3095.894,00000000
6413,3066.256,00000000
6414,3051.007,00000000
6415,3072.490,00000000
6416,3192.262,00000000
6417,3108.781,00000000
6418,3087.005,00000000
6419,3087.021,00000000
6420,3050.225,00000000
6421,3067.666,00000000
6422,3184.387,00000000
6423,3093.244,00000000
6424,3077.883,00000000
6425,3086.075,00000000
6426,3060.353,00000000
6427,3067.879,00000000
6428,3194.191,00000000
6429,3092.595,00000000
6430,3073.183,00000000
6431,3080.426,00000000
6432,3080.255,00000000
6433,3049.465,00000000
6434,3143.088,00000000
6435,3118.001,00000000
6436,3069.235,00000000
6437,3079.468,00000000
6438,3093.864,00000000
6439,3075.147,00000000
6440,3162.649,00000000
6441,3124.482,00000000
6442,3062.350,00000000
6443,3066.391,00000000
6444,3085.052,00000000
6445,3113.795,00000000
6446,3128.475,00000000
6447,3108.707,00000000
6448,3058.583,00000000
6449,3063.642,00000000
6450,3078.103,00000000
6451,3171.439,00000000
6452,3127.120,00000000
6453,3103.835,00000000
6454,3058.375,00000000
6455,3057.857,00000000
6456,3073.616,00000000
6457,3175.630,00000000
6458,3100.255,00000000
6459,3082.178,00000000
6460,3091.932,00000000
6461,3054.419,00000000
6462,3060.180,00000000
6463,3137.052,00000000
6464,3083.637,00000000
6465,3056.849,00000000
6466,3050.221,00000000
6467,3033.224,00000000
6468,3030.765,00000000
6469,3135.283,00000000
6470,3115.415,00000000
6471,3060.042,00000000
6472,3071.469,00000000
6473,3082.927,00000000
6474,3170.110,00000000
6475,3106.993,00000000
6476,3090.321,00000000
6477,3096.125,00000000
6478,3058.080,00000000
6479,3066.836,00000000
6480,3184.009,00000000
6481,3092.401,00000000
6482,3076.123,00000000
6483,3084.396,00000000
6484,3084.148,00000000
6485,3053.956,00000000
6486,3152.657,00000000
6487,3113.123,00000000
6488,3059.274,00000000
6489,3070.118,00000000
6490,3075.560,00000000
6491,3164.176,00000000
6492,3112.695,00000000
6493,3099.280,00000000
6494,3093.032,00000000
6495,3064.600,00000000
6496,3070.115,00000000
6497,3180.067,00000000
6498,3085.981,00000000
6499,3067.663,00000000
6500,3079.577,00000000
6501,3105.193,00000000
6502,3063.766,00000000
6503,3135.298,00000000
6504,3111.984,00000000
6505,3059.610,00000000
6506,3075.802,00000000
6507,3084.306,00000000
6508,3163.394,00000000
6509,3102.199,00000000
6510,3082.257,00000000
6511,3086.904,00000000
6512,3048.316,00000000
6513,3077.841,00000000
6514,3174.516,00000000
6515,3083.530,00000000
6516,3075.232,00000000
6517,3077.913,00000000
6518,3097.209,00000000
6519,3087.504,00000000
6520,3131.077,00000000
6521,3112.823,00000000
6522,3058.569,00000000
6523,3070.492,00000000
6524,3081.000,00000000
6525,3187.987,00000000
6526,3129.487,00000000
6527,3100.239,00000000
6528,3073.719,00000000
6529,3062.549,00000000
6530,3075.932,00000000
6531,3166.536,00000000
6532,3099.210,00000000
6533,3085.296,00000000
6534,3085.640,00000000
6535,3054.958,00000000
6536,3062.683,00000000
6537,3206.272,00000000
6538,3104.774,00000000
6539,3086.143,00000000
6540,3094.042,00000000
6541,3058.691,00000000
6542,3070.463,00000000
6543,3161.603,00000000
6544,3081.012,00000000
6545,3066.505,00000000
6546,3087.004,00000000
6547,3082.651,00000000
6548,3052.732,00000000
6549,3160.518,00000000
6550,3120.188,00000000
6551,3069.418,00000000
6552,3082.529,00000000
6553,3095.800,00000000
6554,3086.394,00000000
6555,3128.985,00000000
6556,3107.753,00000000
6557,3058.059,00000000
6558,3059.922,00000000
6559,3082.224,00000000
6560,3122.581,00000000
6561,3146.478,00000000
6562,3118.050,00000000
6563,3065.586,00000000
6564,3070.093,00000000
6565,3083.476,00000000
6566,3182.380,00000000
6567,3113.217,00000000
6568,3090.237,00000000
6569,3060.330,00000000
6570,3055.273,00000000
6571,3068.402,00000000
6572,3178.591,00000000
6573,3113.469,00000000
6574,3091.889,00000000
6575,3097.817,00000000
6576,3060.114,00000000
6577,3073.420,00000000
6578,3142.594,00000000
6579,3074.411,00000000
6580,3051.553,00000000
6581,3045.096,00000000
6582,3040.110,00000000
6583,3038.017,00000000
6584,3121.956,00000000
6585,3134.389,00000000
6586,3083.276,00000000
6587,3077.606,00000000
6588,3083.556,00000000
6589,3166.170,00000000
6590,3101.239,00000000
6591,3084.478,00000000
6592,3086.319,00000000
6593,3053.380,00000000
6594,3063.793,00000000
6595,3180.795,00000000
6596,3090.939,00000000
6597,3107.760,00000000
6598,3095.285,00000000
6599,3099.026,00000000
6600,3069.190,00000000
6601,3138.725,00000000
6602,3110.384,00000000
6603,3060.597,00000000
6604,3066.266,00000000
6605,3077.130,00000000
6606,3180.094,00000000
6607,3114.056,00000000
6608,3095.069,00000000
6609,3126.572,00000000
6610,3071.375,00000000
6611,3071.832,00000000
6612,3180.344,00000000
6613,3087.768,00000000
6614,3074.679,00000000
6615,3074.817,00000000
6616,3087.015,00000000
6617,3075.903,00000000
6618,3126.461,00000000
6619,3108.049,00000000
6620,3061.367,00000000
6621,3098.517,00000000
6622,3092.701,00000000
6623,3180.519,00000000
6624,3107.973,00000000
6625,3087.027,00000000
6626,3105.231,00000000
6627,3055.524,00000000
6628,3063.866,00000000
6629,3161.119,00000000
6630,3077.011,00000000
6631,3071.962,00000000
6632,3075.472,00000000
6633,3120.430,00000000
6634,3139.240,00000000
6635,3130.701,00000000
6636,3110.413,00000000
6637,3056.642,00000000
6638,3065.364,00000000
6639,3077.261,00000000
6640,3162.887,00000000
6641,3103.884,00000000
6642,3086.837,00000000
6643,3088.614,00000000
6644,3056.914,00000000
6645,3090.468,00000000
6646,3194.458,00000000
6647,3107.304,00000000
6648,3081.906,00000000
6649,3086.972,00000000
6650,3055.521,00000000
6651,3064.506,00000000
6652,3176.871,00000000
6653,3086.430,00000000
6654,3075.123,00000000
6655,3090.287,00000000
6656,3052.337,00000000
6657,3069.940,00000000
6658,3171.140,00000000
6659,3082.952,00000000
6660,3069.229,00000000
6661,3078.352,00000000
6662,3080.054,00000000
6663,3053.476,00000000
6664,3140.265,00000000
6665,3111.667,00000000
6666,3078.459,00000000
6667,3079.294,00000000
6668,3093.552,00000000
6669,3085.467,00000000
6670,3142.524,00000000
6671,3110.221,00000000
6672,3057.283,00000000
6673,3060.540,00000000
6674,3083.933,00000000
6675,3114.056,00000000
6676,3115.404,00000000
6677,3104.521,00000000
6678,3055.886,00000000
6679,3065.531,00000000
6680,3081.198,00000000
6681,3168.290,00000000
6682,3120.955,00000000
6683,3095.116,00000000
6684,3066.253,00000000
6685,3052.219,00000000
6686,3081.181,00000000
6687,3188.261,00000000
6688,3103.159,00000000
6689,3085.419,00000000
6690,3090.536,00000000
6691,3056.798,00000000
6692,3068.604,00000000
6693,3141.865,00000000
6694,3087.999,00000000
6695,3053.164,00000000
6696,3039.962,00000000
6697,3036.709,00000000
6698,3037.816,00000000
6699,3124.433,00000000
6700,3111.240,00000000
6701,3063.147,00000000
6702,3073.647,00000000
6703,3083.487,00000000
6704,3164.612,00000000
6705,3102.423,00000000
6706,3119.102,00000000
6707,3105.931,00000000
6708,3056.504,00000000
6709,3064.746,00000000
6710,3177.452,00000000
6711,3088.408,00000000
6712,3077.399,00000000
6713,3080.590,00000000
6714,3094.379,00000000
6715,3067.010,00000000
6716,3136.572,00000000
6717,3114.427,00000000
6718,3081.621,00000000
6719,3071.450,00000000
6720,3081.969,00000000
6721,3166.970,00000000
6722,3111.867,00000000
6723,3092.675,00000000
6724,3099.175,00000000
6725,3061.693,00000000
6726,3085.029,00000000
6727,3182.843,00000000
6728,3087.733,00000000
6729,3068.154,00000000
6730,3095.960,00000000
6731,3097.003,00000000
6732,3079.970,00000000
6733,3137.042,00000000
6734,3116.968,00000000
6735,3068.530,00000000
6736,3074.977,00000000
6737,3087.301,00000000
6738,3175.074,00000000
6739,3103.289,00000000
6740,3089.707,00000000
6741,3091.080,00000000
6742,3072.938,00000000
6743,3069.604,00000000
6744,3165.014,00000000
6745,3082.316,00000000
6746,3090.690,00000000
6747,3088.792,00000000
6748,3102.835,00000000
6749,3132.450,00000000
6750,3130.734,00000000
6751,3107.584,00000000
6752,3059.780,00000000
6753,3066.454,00000000
6754,3100.229,00000000
6755,3172.195,00000000
6756,3113.089,00000000
6757,3094.171,00000000
6758,3092.657,00000000
6759,3061.118,00000000
6760,3073.735,00000000
6761,3179.701,00000000
6762,3092.639,00000000
6763,3080.299,00000000
6764,3091.088,00000000
6765,3051.444,00000000
6766,3103.629,00000000
6767,3195.669,00000000
6768,3100.649,00000000
6769,3076.782,00000000
6770,3089.287,00000000
6771,3056.433,00000000
6772,3065.292,00000000
6773,3156.688,00000000
6774,3091.835,00000000
6775,3066.671,00000000
6776,3069.645,00000000
6777,3087.045,00000000
6778,3093.917,00000000
6779,3135.000,00000000
6780,3115.938,00000000
6781,3064.774,00000000
6782,3070.009,00000000
6783,3089.917,00000000
6784,3130.921,00000000
6785,3116.931,00000000
6786,3116.035,00000000
6787,3059.688,00000000
6788,3064.337,00000000
6789,3083.336,00000000
6790,3178.506,00000000
6791,3127.375,00000000
6792,3111.071,00000000
6793,3065.521,00000000
6794,3067.257,00000000
6795,3080.595,00000000
6796,3166.734,00000000
6797,3103.500,00000000
6798,3089.738,00000000
6799,3080.194,00000000
6800,3052.182,00000000
6801,3068.254,00000000
6802,3213.092,00000000
6803,3104.226,00000000
6804,3088.948,00000000
6805,3089.771,00000000
6806,3069.013,00000000
6807,3074.128,00000000
6808,3141.645,00000000
6809,3071.763,00000000
6810,3051.352,00000000
6811,3043.066,00000000
6812,3037.684,00000000
6813,3063.859,00000000
6814,3151.683,00000000
6815,3114.912,00000000
6816,3066.241,00000000
6817,3067.949,00000000
6818,3079.130,00000000
6819,3176.718,00000000
6820,3095.220,00000000
6821,3087.944,00000000
6822,3093.992,00000000
6823,3054.073,00000000
6824,3062.322,00000000
6825,3176.357,00000000
6826,3127.054,00000000
6827,3095.244,00000000
6828,3090.271,00000000
6829,3094.800,00000000
6830,3072.738,00000000
6831,3130.792,00000000
6832,3105.095,00000000
6833,3055.417,00000000
6834,3059.968,00000000
6835,3076.017,00000000
6836,3165.502,00000000
6837,3106.502,00000000
6838,3109.434,00000000
6839,3113.272,00000000
6840,3067.440,00000000
6841,3068.481,00000000
6842,3171.121,00000000
6843,3083.365,00000000
6844,3073.990,00000000
6845,3079.612,00000000
6846,3107.964,00000000
6847,3088.220,00000000
6848,3131.200,00000000
6849,3113.862,00000000
6850,3070.420,00000000
6851,3082.109,00000000
6852,3082.543,00000000
6853,3174.329,00000000
6854,3103.253,00000000
6855,3088.710,00000000
6856,3095.164,00000000
6857,3055.173,00000000
6858,3067.871,00000000
6859,3166.572,00000000
6860,3084.287,00000000
6861,3074.360,00000000
6862,3077.868,00000000
6863,3109.125,00000000
6864,3131.827,00000000
6865,3122.708,00000000
6866,3120.181,00000000
6867,3061.328,00000000
6868,3068.419,00000000
6869,3077.059,00000000
6870,3165.962,00000000
6871,3103.539,00000000
6872,3092.438,00000000
6873,3092.755,00000000
6874,3061.895,00000000
6875,3089.581,00000000
6876,3190.397,00000000
6877,3100.090,00000000
6878,3081.829,00000000
6879,3088.282,00000000
6880,3056.154,00000000
6881,3064.714,00000000
6882,3177.867,00000000
6883,3089.681,00000000
6884,3074.911,00000000
6885,3087.553,00000000
6886,3070.816,00000000
6887,3089.352,00000000
6888,3166.062,00000000
6889,3092.443,00000000
6890,3066.828,00000000
6891,3077.118,00000000
6892,3089.676,00000000
6893,3057.907,00000000
6894,3135.191,00000000
6895,3114.192,00000000
6896,3067.739,00000000
6897,3070.027,00000000
6898,3094.018,00000000
6899,3123.720,00000000
6900,3133.635,00000000
6901,3112.261,00000000
6902,3061.772,00000000
6903,3069.534,00000000
6904,3084.278,00000000
6905,3152.319,00000000
6906,3136.184,00000000
6907,3112.072,00000000
6908,3060.254,00000000
6909,3066.651,00000000
6910,3080.357,00000000
6911,3189.136,00000000
6912,3112.819,00000000
6913,3091.611,00000000
6914,3075.575,00000000
6915,3057.230,00000000
6916,3070.753,00000000
6917,3185.420,00000000
6918,3096.628,00000000
6919,3087.095,00000000
6920,3097.056,00000000
6921,3064.466,00000000
6922,3070.851,00000000
6923,3156.805,00000000
6924,3078.889,00000000
6925,3048.583,00000000
6926,3050.480,00000000
6927,3037.722,00000000
6928,3050.961,00000000
6929,3127.501,00000000
6930,3107.419,00000000
6931,3060.817,00000000
6932,3070.437,00000000
6933,3082.181,00000000
6934,3170.676,00000000
6935,3122.865,00000000
6936,3093.042,00000000
6937,3092.170,00000000
6938,3052.358,00000000
6939,3058.692,00000000
6940,3173.411,00000000
6941,3089.040,00000000
6942,3080.258,00000000
6943,3084.854,00000000
6944,3089.271,00000000
6945,3075.365,00000000
6946,3149.281,00000000
6947,3141.285,00000000
6948,3067.439,00000000
6949,3071.293,00000000
6950,3081.068,00000000
6951,3167.800,00000000
6952,3111.789,00000000
6953,3097.928,00000000
6954,3100.021,00000000
6955,3062.078,00000000
6956,3070.870,00000000
6957,3172.064,00000000
6958,3084.139,00000000
6959,3098.019,00000000
6960,3083.167,00000000
6961,3099.207,00000000
6962,3102.835,00000000
6963,3128.042,00000000
6964,3106.259,00000000
6965,3063.730,00000000
6966,3080.353,00000000
6967,3086.670,00000000
6968,3176.899,00000000
6969,3096.777,00000000
6970,3084.333,00000000
6971,3115.944,00000000
6972,3063.106,00000000
6973,3063.966,00000000
6974,3164.535,00000000
6975,3080.344,00000000
6976,3071.854,00000000
6977,3082.221,00000000
6978,3097.840,00000000
6979,3135.424,00000000
6980,3122.446,00000000
6981,3104.128,00000000
6982,3056.147,00000000
6983,3093.709,00000000
6984,3083.255,00000000
6985,3168.088,00000000
6986,3118.936,00000000
6987,3104.152,00000000
6988,3099.338,00000000
6989,3067.041,00000000
6990,3073.237,00000000
6991,3185.977,00000000
6992,3090.346,00000000
6993,3074.897,00000000
6994,3090.234,00000000
6995,3082.861,00000000
6996,3078.758,00000000
6997,3186.551,00000000
6998,3095.167,00000000
6999,3084.877,00000000
7000,3090.684,00000000
7001,3059.202,00000000
7002,3062.130,00000000
7003,3149.530,00000000
7004,3096.996,00000000
7005,3062.383,00000000
7006,3081.922,00000000
7007,3126.008,00000000
7008,3083.081,00000000
7009,3139.431,00000000
7010,3111.682,00000000
7011,3064.600,00000000
7012,3074.437,00000000
7013,3091.632,00000000
7014,3129.484,00000000
7015,3121.362,00000000
7016,3103.250,00000000
7017,3056.823,00000000
7018,3059.265,00000000
7019,3106.044,00000000
7020,3168.049,00000000
7021,3122.409,00000000
7022,3106.537,00000000
7023,3064.519,00000000
7024,3067.142,00000000
7025,3083.352,00000000
7026,3181.062,00000000
7027,3106.395,00000000
7028,3082.427,00000000
7029,3083.882,00000000
7030,3052.884,00000000
7031,3086.640,00000000
7032,3196.532,00000000
7033,3100.392,00000000
7034,3087.537,00000000
7035,3094.866,00000000
7036,3058.303,00000000
7037,3072.974,00000000
7038,3131.374,00000000
7039,3073.658,00000000
7040,3048.561,00000000
7041,3043.702,00000000
7042,3034.982,00000000
7043,3098.424,00000000
7044,3129.702,00000000
7045,3109.264,00000000
7046,3070.959,00000000
7047,3067.891,00000000
7048,3072.206,00000000
7049,3178.281,00000000
7050,3092.905,00000000
7051,3077.707,00000000
7052,3086.103,00000000
7053,3047.480,00000000
7054,3057.271,00000000
7055,3168.334,00000000
7056,3100.605,00000000
7057,3080.904,00000000
7058,3082.817,00000000
7059,3091.878,00000000
7060,3105.379,00000000
7061,3126.887,00000000
7062,3102.319,00000000
7063,3054.452,00000000
7064,3062.687,00000000
7065,3073.180,00000000
7066,3169.081,00000000
7067,3106.433,00000000
7068,3105.789,00000000
7069,3102.777,00000000
7070,3064.572,00000000
7071,3067.949,00000000
7072,3168.250,00000000
7073,3082.817,00000000
7074,3071.971,00000000
7075,3076.724,00000000
7076,3092.022,00000000
7077,3113.246,00000000
7078,3119.609,00000000
7079,3104.858,00000000
7080,3077.150,00000000
7081,3072.536,00000000
7082,3079.512,00000000
7083,3185.579,00000000
7084,3090.788,00000000
7085,3082.241,00000000
7086,3094.488,00000000
7087,3058.814,00000000
7088,3065.678,00000000
7089,3162.510,00000000
7090,3101.460,00000000
7091,3074.433,00000000
7092,3094.696,00000000
7093,3098.750,00000000
7094,3165.494,00000000
7095,3117.204,00000000
7096,3105.072,00000000
7097,3058.932,00000000
7098,3062.386,00000000
7099,3071.645,00000000
7100,3181.355,00000000
7101,3102.566,00000000
7102,3088.702,00000000
7103,3088.972,00000000
7104,3079.331,00000000
7105,3074.948,00000000
7106,3195.320,00000000
7107,3096.165,00000000
7108,3078.621,00000000
7109,3088.690,00000000
7110,3046.095,00000000
7111,3059.454,00000000
7112,3168.353,00000000
7113,3080.976,00000000
7114,3070.529,00000000
7115,3083.081,00000000
7116,3089.167,00000000
7117,3070.199,00000000
7118,3146.604,00000000
7119,3106.602,00000000
7120,3062.329,00000000
7121,3069.545,00000000
7122,3084.143,00000000
7123,3095.776,00000000
7124,3122.453,00000000
7125,3100.914,00000000
7126,3060.285,00000000
7127,3071.870,00000000
7128,3103.815,00000000
7129,3160.388,00000000
7130,3118.024,00000000
7131,3098.219,00000000
7132,3057.323,00000000
7133,3061.233,00000000
7134,3075.241,00000000
7135,3165.738,00000000
7136,3111.680,00000000
7137,3095.240,00000000
7138,3060.617,00000000
7139,3062.261,00000000
7140,3094.739,00000000
7141,3186.725,00000000
7142,3104.250,00000000
7143,3082.471,00000000
7144,3093.796,00000000
7145,3055.228,00000000
7146,3065.302,00000000
7147,3188.857,00000000
7148,3091.212,00000000
7149,3079.627,00000000
7150,3084.509,00000000
7151,3051.326,00000000
7152,3090.622,00000000
7153,3136.026,00000000
7154,3073.399,00000000
7155,3048.361,00000000
7156,3038.586,00000000
7157,3037.282,00000000
7158,3115.584,00000000
7159,3107.737,00000000
7160,3100.520,00000000
7161,3060.329,00000000
7162,3063.541,00000000
7163,3073.778,00000000
7164,3216.012,00000000
7165,3098.174,00000000
7166,3076.002,00000000
7167,3092.884,00000000
7168,3062.152,00000000
7169,3056.078,00000000
7170,3156.866,00000000
7171,3086.072,00000000
7172,3072.152,00000000
7173,3080.979,00000000
7174,3091.637,00000000
7175,3150.632,00000000
7176,3148.677,00000000
7177,3112.768,00000000
7178,3053.952,00000000
7179,3057.388,00000000
7180,3068.582,00000000
7181,3189.667,00000000
7182,3096.683,00000000
7183,3089.173,00000000
7184,3097.716,00000000
7185,3068.983,00000000
7186,3066.422,00000000
7187,3163.882,00000000
7188,3126.569,00000000
7189,3075.960,00000000
7190,3073.177,00000000
7191,3082.041,00000000
7192,3159.344,00000000
7193,3115.649,00000000
7194,3098.605,00000000
7195,3065.824,00000000
7196,3058.440,00000000
7197,3069.498,00000000
7198,3188.443,00000000
7199,3089.270,00000000
7200,3104.278,00000000
7201,3096.169,00000000
7202,3082.245,00000000
7203,3057.635,00000000
7204,3146.291,00000000
7205,3113.210,00000000
7206,3068.453,00000000
7207,3081.570,00000000
7208,3088.479,00000000
7209,3176.445,00000000
7210,3114.471,00000000
7211,3097.314,00000000
7212,3115.221,00000000
7213,3077.390,00000000
7214,3073.926,00000000
7215,3190.329,00000000
7216,3092.899,00000000
7217,3081.422,00000000
7218,3090.520,00000000
7219,3053.850,00000000
7220,3067.408,00000000
7221,3179.828,00000000
7222,3085.971,00000000
7223,3069.757,00000000
7224,3097.801,00000000
7225,3059.116,00000000
7226,3057.983,00000000
7227,3165.538,00000000
7228,3090.899,00000000
7229,3070.003,00000000
7230,3076.379,00000000
7231,3089.305,00000000
7232,3063.843,00000000
7233,3129.738,00000000
7234,3105.125,00000000
7235,3055.033,00000000
7236,3068.702,00000000
7237,3095.653,00000000
7238,3157.051,00000000
7239,3121.231,00000000
7240,3106.698,00000000
7241,3060.866,00000000
7242,3069.038,00000000
7243,3081.847,00000000
7244,3169.625,00000000
7245,3107.135,00000000
7246,3094.189,00000000
7247,3069.497,00000000
7248,3063.517,00000000
7249,3090.094,00000000
7250,3165.302,00000000
7251,3105.604,00000000
7252,3085.059,00000000
7253,3086.169,00000000
7254,3063.496,00000000
7255,3074.577,00000000
7256,3191.421,00000000
7257,3091.571,00000000
7258,3077.648,00000000
7259,3089.038,00000000
7260,3048.304,00000000
7261,3074.807,00000000
7262,3170.305,00000000
7263,3085.140,00000000
7264,3073.444,00000000
7265,3081.420,00000000
7266,3081.283,00000000
7267,3065.772,00000000
7268,3116.288,00000000
7269,3065.101,00000000
7270,3043.705,00000000
7271,3038.760,00000000
7272,3035.466,00000000
7273,3167.137,00000000
7274,3117.599,00000000
7275,3101.803,00000000
7276,3090.755,00000000
7277,3059.627,00000000
7278,3072.382,00000000
7279,3179.833,00000000
7280,3089.158,00000000
7281,3074.767,00000000
7282,3080.970,00000000
7283,3093.051,00000000
7284,3057.899,00000000
7285,3167.906,00000000
7286,3119.990,00000000
7287,3079.663,00000000
7288,3078.726,00000000
7289,3084.098,00000000
7290,3173.871,00000000
7291,3112.104,00000000
7292,3095.145,00000000
7293,3084.293,00000000
7294,3059.610,00000000
7295,3062.326,00000000
7296,3178.420,00000000
7297,3110.897,00000000
7298,3086.083,00000000
7299,3089.434,00000000
7300,3092.679,00000000
7301,3061.984,00000000
7302,3136.943,00000000
7303,3108.350,00000000
7304,3060.101,00000000
7305,3065.904,00000000
7306,3080.519,00000000
7307,3177.706,00000000
7308,3109.237,00000000
7309,3115.381,00000000
7310,3098.294,00000000
7311,3062.012,00000000
7312,3064.863,00000000
7313,3174.455,00000000
7314,3082.136,00000000
7315,3067.364,00000000
7316,3071.440,00000000
7317,3085.131,00000000
7318,3066.741,00000000
7319,3132.656,00000000
7320,3110.558,00000000
7321,3086.758,00000000
7322,3076.313,00000000
7323,3083.345,00000000
7324,3170.198,00000000
7325,3103.064,00000000
7326,3091.694,00000000
7327,3107.928,00000000
7328,3059.801,00000000
7329,3066.758,00000000
7330,3178.307,00000000
7331,3092.396,00000000
7332,3080.750,00000000
7333,3111.811,00000000
7334,3061.020,00000000
7335,3066.252,00000000
7336,3167.752,00000000
7337,3076.926,00000000
7338,3068.359,00000000
7339,3076.131,00000000
7340,3065.233,00000000
7341,3049.630,00000000
7342,3140.378,00000000
7343,3106.507,00000000
7344,3066.193,00000000
7345,3088.660,00000000
7346,3102.011,00000000
7347,3124.081,00000000
7348,3127.249,00000000
7349,3103.207,00000000
7350,3057.315,00000000
7351,3062.485,00000000
7352,3079.605,00000000
7353,3169.265,00000000
7354,3110.444,00000000
7355,3094.251,00000000
7356,3059.030,00000000
7357,3088.202,00000000
7358,3083.288,00000000
7359,3166.000,00000000
7360,3099.616,00000000
7361,3084.832,00000000
7362,3078.626,00000000
7363,3049.184,00000000
7364,3063.005,00000000
7365,3177.914,00000000
7366,3094.705,00000000
7367,3092.206,00000000
7368,3094.776,00000000
7369,3087.580,00000000
7370,3077.535,00000000
7371,3183.396,00000000
7372,3089.761,00000000
7373,3073.213,00000000
7374,3083.263,00000000
7375,3050.703,00000000
7376,3064.019,00000000
7377,3152.717,00000000
7378,3088.256,00000000
7379,3070.443,00000000
7380,3077.469,00000000
7381,3118.690,00000000
7382,3068.202,00000000
7383,3110.521,00000000
7384,3058.872,00000000
7385,3041.722,00000000
7386,3037.672,00000000
7387,3040.186,00000000
7388,3150.368,00000000
7389,3105.244,00000000
7390,3092.823,00000000
7391,3094.398,00000000
7392,3058.066,00000000
7393,3091.000,00000000
7394,3180.209,00000000
7395,3085.103,00000000
7396,3066.496,00000000
7397,3071.164,00000000
7398,3085.209,00000000
7399,3055.827,00000000
7400,3135.436,00000000
7401,3110.654,00000000
7402,3068.668,00000000
7403,3071.678,00000000
7404,3082.873,00000000
7405,3195.707,00000000
7406,3114.350,00000000
7407,3103.144,00000000
7408,3098.084,00000000
7409,3055.800,00000000
7410,3056.689,00000000
7411,3171.053,00000000
7412,3085.398,00000000
7413,3080.256,00000000
7414,3085.746,00000000
7415,3093.508,00000000
7416,3090.840,00000000
7417,3139.799,00000000
7418,3118.071,00000000
7419,3055.927,00000000
7420,3059.491,00000000
7421,3073.741,00000000
7422,3165.530,00000000
7423,3104.315,00000000
7424,3086.403,00000000
7425,3095.962,00000000
7426,3062.841,00000000
7427,3076.699,00000000
7428,3174.093,00000000
7429,3080.645,00000000
7430,3086.135,00000000
7431,3079.139,00000000
7432,3088.708,00000000
7433,3118.936,00000000
7434,3121.367,00000000
7435,3109.368,00000000
7436,3062.055,00000000
7437,3065.958,00000000
7438,3077.692,00000000
7439,3184.162,00000000
7440,3097.427,00000000
7441,3084.536,00000000
7442,3112.274,00000000
7443,3060.355,00000000
7444,3063.896,00000000
7445,3164.699,00000000
7446,3078.040,00000000
7447,3080.804,00000000
7448,3086.099,00000000
7449,3076.192,00000000
7450,3057.558,00000000
7451,3150.384,00000000
7452,3090.078,00000000
7453,3065.653,00000000
7454,3089.489,00000000
7455,3090.608,00000000
7456,3066.176,00000000
7457,3131.774,00000000
7458,3115.738,00000000
7459,3068.260,00000000
7460,3073.263,00000000
7461,3087.760,00000000
7462,3162.575,00000000
7463,3112.342,00000000
7464,3094.937,00000000
7465,3049.017,00000000
7466,3073.230,00000000
7467,3088.722,00000000
7468,3173.375,00000000
7469,3111.512,00000000
7470,3095.997,00000000
7471,3090.028,00000000
7472,3067.194,00000000
7473,3075.325,00000000
7474,3176.882,00000000
7475,3092.005,00000000
7476,3082.455,00000000
7477,3087.466,00000000
7478,3072.784,00000000
7479,3070.478,00000000
7480,3188.168,00000000
7481,3098.620,00000000
7482,3086.981,00000000
7483,3095.705,00000000
7484,3062.029,00000000
7485,3067.346,00000000
7486,3166.347,00000000
7487,3091.555,00000000
7488,3072.544,00000000
7489,3080.402,00000000
7490,3089.383,00000000
7491,3064.674,00000000
7492,3151.474,00000000
7493,3116.174,00000000
7494,3067.618,00000000
7495,3074.993,00000000
7496,3088.796,00000000
7497,3067.771,00000000
7498,3103.638,00000000
7499,3060.623,00000000
7500,3043.164,00000000
7501,3037.677,00000000
7502,3054.915,00000000
7503,3168.355,00000000
7504,3095.810,00000000
7505,3078.133,00000000
7506,3094.296,00000000
7507,3070.112,00000000
7508,3070.505,00000000
7509,3164.196,00000000
7510,3092.302,00000000
7511,3067.339,00000000
7512,3067.725,00000000
7513,3082.600,00000000
7514,3117.525,00000000
7515,3136.935,00000000
7516,3115.501,00000000
7517,3059.544,00000000
7518,3068.683,00000000
7519,3077.431,00000000
7520,3176.444,00000000
7521,3093.001,00000000
7522,3083.441,00000000
7523,3088.961,00000000
7524,3054.182,00000000
7525,3061.330,00000000
7526,3186.882,00000000
7527,3102.754,00000000
7528,3080.820,00000000
7529,3085.544,00000000
7530,3093.591,00000000
7531,3139.115,00000000
7532,3120.460,00000000
7533,3102.875,00000000
7534,3055.713,00000000
7535,3061.041,00000000
7536,3072.078,00000000
7537,3185.719,00000000
7538,3125.748,00000000
7539,3094.065,00000000
7540,3093.157,00000000
7541,3059.196,00000000
7542,3061.120,00000000
7543,3150.128,00000000
7544,3094.409,00000000
7545,3059.708,00000000
7546,3062.987,00000000
7547,3095.244,00000000
7548,3164.481,00000000
7549,3112.668,00000000
7550,3126.749,00000000
7551,3074.690,00000000
7552,3065.262,00000000
7553,3074.706,00000000
7554,3188.269,00000000
7555,3088.993,00000000
7556,3074.654,00000000
7557,3087.084,00000000
7558,3051.983,00000000
7559,3058.278,00000000
7560,3150.803,00000000
7561,3091.050,00000000
7562,3096.575,00000000
7563,3094.365,00000000
7564,3095.965,00000000
7565,3058.458,00000000
7566,3142.716,00000000
7567,3115.834,00000000
7568,3064.674,00000000
7569,3064.842,00000000
7570,3078.924,00000000
7571,3097.171,00000000
7572,3121.394,00000000
7573,3104.644,00000000
7574,3087.500,00000000
7575,3076.415,00000000
7576,3087.478,00000000
7577,3173.470,00000000
7578,3104.863,00000000
7579,3089.716,00000000
7580,3059.649,00000000
7581,3054.505,00000000
7582,3072.203,00000000
7583,3179.912,00000000
7584,3095.734,00000000
7585,3079.753,00000000
7586,3118.999,00000000
7587,3079.802,00000000
7588,3072.050,00000000
7589,3185.500,00000000
7590,3088.404,00000000
7591,3076.958,00000000
7592,3089.677,00000000
7593,3050.972,00000000
7594,3060.812,00000000
7595,3177.666,00000000
7596,3087.469,00000000
7597,3078.135,00000000
7598,3109.315,00000000
7599,3062.251,00000000
7600,3065.740,00000000
7601,3159.681,00000000
7602,3088.843,00000000
7603,3069.047,00000000
7604,3077.643,00000000
7605,3079.191,00000000
7606,3055.638,00000000
7607,3144.266,00000000
7608,3118.173,00000000
7609,3068.034,00000000
7610,3089.931,00000000
7611,3107.300,00000000
7612,3090.252,00000000
7613,3102.396,00000000
7614,3055.427,00000000
7615,3039.831,00000000
7616,3036.043,00000000
7617,3031.946,00000000
7618,3169.890,00000000
7619,3096.313,00000000
7620,3085.730,00000000
7621,3094.050,00000000
7622,3063.493,00000000
7623,3082.963,00000000
7624,3162.733,00000000
7625,3101.102,00000000
7626,3065.161,00000000
7627,3078.687,00000000
7628,3090.817,00000000
7629,3097.984,00000000
7630,3128.576,00000000
7631,3110.634,00000000
7632,3065.904,00000000
7633,3066.577,00000000
7634,3080.277,00000000
7635,3191.369,00000000
7636,3105.415,00000000
7637,3088.737,00000000
7638,3093.206,00000000
7639,3052.969,00000000
7640,3060.066,00000000
7641,3161.965,00000000
7642,3081.535,00000000
7643,3078.343,00000000
7644,3080.471,00000000
7645,3093.583,00000000
7646,3140.805,00000000
7647,3151.821,00000000
7648,3116.796,00000000
7649,3062.976,00000000
7650,3065.813,00000000
7651,3071.528,00000000
7652,3187.078,00000000
7653,3101.674,00000000
7654,3090.239,00000000
7655,3095.660,00000000
7656,3061.408,00000000
7657,3064.319,00000000
7658,3153.224,00000000
7659,3114.217,00000000
7660,3065.380,00000000
7661,3066.724,00000000
7662,3080.849,00000000
7663,3159.837,00000000
7664,3117.102,00000000
7665,3104.260,00000000
7666,3071.397,00000000
7667,3079.189,00000000
7668,3085.292,00000000
7669,3193.746,00000000
7670,3094.489,00000000
7671,3097.475,00000000
7672,3099.572,00000000
7673,3055.730,00000000
7674,3062.334,00000000
7675,3159.408,00000000
7676,3087.516,00000000
7677,3071.861,00000000
7678,3082.859,00000000
7679,3093.645,00000000
7680,3063.708,00000000
7681,3149.331,00000000
7682,3109.969,00000000
7683,3081.012,00000000
7684,3078.453,00000000
7685,3093.940,00000000
7686,3099.316,00000000
7687,3139.055,00000000
7688,3119.286,00000000
7689,3064.961,00000000
7690,3068.742,00000000
7691,3088.276,00000000
7692,3169.579,00000000
7693,3115.594,00000000
7694,3095.807,00000000
7695,3072.008,00000000
7696,3066.526,00000000
7697,3072.964,00000000
7698,3166.620,00000000
7699,3097.078,00000000
7700,3088.125,00000000
7701,3095.277,00000000
7702,3063.547,00000000
7703,3071.266,00000000
7704,3185.809,00000000
7705,3091.333,00000000
7706,3076.456,00000000
7707,3119.736,00000000
7708,3060.644,00000000
7709,3063.061,00000000
7710,3184.630,00000000
7711,3095.800,00000000
7712,3080.253,00000000
7713,3090.576,00000000
7714,3058.948,00000000
7715,3067.370,00000000
7716,3158.718,00000000
7717,3077.660,00000000
7718,3066.735,00000000
7719,3102.257,00000000
7720,3087.731,00000000
7721,3061.762,00000000
7722,3144.427,00000000
7723,3119.579,00000000
7724,3070.971,00000000
7725,3076.796,00000000
7726,3093.770,00000000
7727,3102.223,00000000
7728,3103.285,00000000
7729,3058.971,00000000
7730,3041.898,00000000
7731,3064.902,00000000
7732,3045.458,00000000
7733,3178.634,00000000
7734,3094.607,00000000
7735,3082.048,00000000
7736,3088.996,00000000
7737,3055.598,00000000
7738,3060.230,00000000
7739,3151.870,00000000
7740,3099.947,00000000
7741,3064.987,00000000
7742,3066.446,00000000
7743,3110.981,00000000
7744,3119.980,00000000
7745,3121.366,00000000
7746,3109.454,00000000
7747,3073.830,00000000
7748,3070.171,00000000
7749,3076.890,00000000
7750,3175.565,00000000
7751,3099.229,00000000
7752,3083.274,00000000
7753,3083.286,00000000
7754,3051.438,00000000
7755,3086.879,00000000
7756,3173.387,00000000
7757,3089.024,00000000
7758,3073.401,00000000
7759,3080.351,00000000
7760,3096.248,00000000
7761,3145.635,00000000
7762,3119.516,00000000
7763,3102.225,00000000
7764,3052.236,00000000
7765,3061.895,00000000
7766,3070.666,00000000
7767,3223.029,00000000
7768,3114.641,00000000
7769,3089.615,00000000
7770,3098.026,00000000
7771,3055.749,00000000
7772,3059.667,00000000
7773,3154.811,00000000
7774,3086.000,00000000
7775,3069.134,00000000
7776,3070.135,00000000
7777,3087.978,00000000
7778,3154.497,00000000
7779,3147.385,00000000
7780,3117.230,00000000
7781,3061.139,00000000
7782,3062.325,00000000
7783,3073.560,00000000
7784,3191.520,00000000
7785,3095.306,00000000
7786,3084.129,00000000
7787,3109.038,00000000
7788,3059.850,00000000
7789,3065.196,00000000
7790,3167.022,00000000
7791,3105.511,00000000
7792,3086.844,00000000
7793,3084.894,00000000
7794,3083.176,00000000
7795,3058.535,00000000
7796,3149.524,00000000
7797,3094.407,00000000
7798,3059.347,00000000
7799,3068.991,00000000
7800,3090.130,00000000
7801,3069.309,00000000
7802,3135.452,00000000
7803,3124.953,00000000
7804,3079.844,00000000
7805,3077.856,00000000
7806,3091.048,00000000
7807,3182.310,00000000
7808,3126.222,00000000
7809,3101.122,00000000
7810,3058.611,00000000
7811,3062.252,00000000
7812,3079.335,00000000
7813,3166.528,00000000
7814,3108.003,00000000
7815,3091.741,00000000
7816,3110.159,00000000
7817,3072.472,00000000
7818,3076.090,00000000
7819,3193.040,00000000
7820,3098.592,00000000
7821,3083.710,00000000
7822,3091.775,00000000
7823,3057.186,00000000
7824,3065.400,00000000
7825,3182.259,00000000
7826,3089.881,00000000
7827,3092.478,00000000
7828,3111.115,00000000
7829,3063.343,00000000
7830,3067.397,00000000
7831,3165.234,00000000
7832,3080.845,00000000
7833,3070.834,00000000
7834,3076.183,00000000
7835,3076.517,00000000
7836,3053.074,00000000
7837,3143.804,00000000
7838,3115.838,00000000
7839,3071.414,00000000
7840,3091.793,00000000
7841,3101.663,00000000
7842,3081.481,00000000
7843,3102.438,00000000
7844,3053.035,00000000
7845,3038.785,00000000
7846,3035.644,00000000
7847,3049.929,00000000
7848,3167.916,00000000
7849,3100.325,00000000
7850,3084.877,00000000
7851,3098.575,00000000
7852,3080.621,00000000
7853,3074.339,00000000
7854,3161.979,00000000
7855,3090.316,00000000
7856,3067.706,00000000
7857,3069.571,00000000
7858,3086.692,00000000
7859,3091.477,00000000
7860,3130.206,00000000
7861,3114.230,00000000
7862,3057.224,00000000
7863,3066.512,00000000
7864,3098.180,00000000
7865,3186.762,00000000
7866,3105.142,00000000
7867,3102.325,00000000
7868,3101.052,00000000
7869,3058.475,00000000
7870,3061.454,00000000
7871,3164.511,00000000
7872,3086.330,00000000
7873,3073.002,00000000
7874,3086.220,00000000
7875,3093.769,00000000
7876,3162.194,00000000
7877,3130.245,00000000
7878,3105.494,00000000
7879,3053.219,00000000
7880,3056.495,00000000
7881,3068.472,00000000
7882,3186.929,00000000
7883,3103.386,00000000
7884,3089.133,00000000
7885,3091.738,00000000
7886,3061.780,00000000
7887,3074.451,00000000
7888,3189.811,00000000
7889,3104.280,00000000
7890,3070.664,00000000
7891,3072.516,00000000
7892,3087.229,00000000
7893,3161.068,00000000
7894,3118.723,00000000
7895,3103.882,00000000
7896,3063.383,00000000
7897,3064.275,00000000
7898,3073.456,00000000
7899,3186.375,00000000
7900,3109.906,00000000
7901,3090.418,00000000
7902,3094.062,00000000
7903,3055.921,00000000
7904,3065.024,00000000
7905,3162.895,00000000
7906,3090.605,00000000
7907,3085.557,00000000
7908,3083.541,00000000
7909,3097.738,00000000
7910,3065.697,00000000
7911,3151.402,00000000
7912,3136.618,00000000
7913,3081.353,00000000
7914,3077.777,00000000
7915,3091.429,00000000
7916,3098.640,00000000
7917,3130.804,00000000
7918,3113.559,00000000
7919,3067.850,00000000
7920,3072.246,00000000
7921,3090.173,00000000
7922,3175.822,00000000
7923,3112.835,00000000
7924,3124.584,00000000
7925,3067.156,00000000
7926,3060.802,00000000
7927,3087.504,00000000
7928,3184.767,00000000
7929,3104.463,00000000
7930,3089.323,00000000
7931,3102.667,00000000
7932,3063.887,00000000
7933,3070.950,00000000
7934,3189.362,00000000
7935,3089.343,00000000
7936,3106.281,00000000
7937,3099.113,00000000
7938,3056.635,00000000
7939,3066.437,00000000
7940,3184.395,00000000
7941,3094.861,00000000
7942,3083.168,00000000
7943,3093.362,00000000
7944,3058.439,00000000
7945,3066.070,00000000
7946,3154.863,00000000
7947,3100.905,00000000
7948,3104.179,00000000
7949,3087.731,00000000
7950,3087.906,00000000
7951,3057.956,00000000
7952,3135.698,00000000
7953,3116.705,00000000
7954,3069.022,00000000
7955,3076.637,00000000
7956,3093.725,00000000
7957,3110.334,00000000
7958,3100.655,00000000
7959,3061.659,00000000
7960,3074.096,00000000
7961,3054.050,00000000
7962,3042.988,00000000
7963,3179.825,00000000
7964,3090.493,00000000
7965,3083.018,00000000
7966,3092.535,00000000
7967,3082.385,00000000
7968,3070.716,00000000
7969,3157.291,00000000
7970,3113.517,00000000
7971,3067.672,00000000
7972,3094.681,00000000
7973,3098.134,00000000
7974,3139.603,00000000
7975,3121.168,00000000
7976,3104.245,00000000
7977,3060.535,00000000
7978,3069.233,00000000
7979,3074.681,00000000
7980,3191.716,00000000
7981,3096.957,00000000
7982,3084.138,00000000
7983,3085.629,00000000
7984,3065.300,00000000
7985,3073.516,00000000
7986,3161.922,00000000
7987,3121.395,00000000
7988,3079.180,00000000
7989,3083.385,00000000
7990,3091.366,00000000
7991,3168.975,00000000
7992,3120.621,00000000
7993,3102.326,00000000
7994,3066.024,00000000
7995,3062.510,00000000
7996,3072.216,00000000
7997,3203.245,00000000
7998,3099.570,00000000
7999,3083.597,00000000
8000,3092.983,00000000
8001,3083.455,00000000
8002,3057.038,00000000
8003,3137.964,00000000
8004,3110.119,00000000
8005,3060.014,00000000
8006,3064.292,00000000
8007,3093.942,00000000
8008,3175.160,00000000
8009,3127.338,00000000
8010,3102.891,00000000
8011,3090.833,00000000
8012,3062.201,00000000
8013,3074.826,00000000
8014,3185.317,00000000
8015,3088.831,00000000
8016,3076.580,00000000
8017,3088.252,00000000
8018,3070.143,00000000
8019,3057.335,00000000
8020,3147.709,00000000
8021,3128.876,00000000
8022,3076.441,00000000
8023,3084.631,00000000
8024,3098.398,00000000
8025,3067.415,00000000
8026,3143.189,00000000
8027,3129.361,00000000
8028,3065.610,00000000
8029,3069.434,00000000
8030,3086.688,00000000
8031,3140.461,00000000
8032,3116.535,00000000
8033,3121.495,00000000
8034,3061.584,00000000
8035,3066.612,00000000
8036,3083.333,00000000
8037,3173.234,00000000
8038,3105.406,00000000
8039,3090.964,00000000
8040,3084.298,00000000
8041,3059.371,00000000
8042,3072.158,00000000
8043,3189.281,00000000
8044,3097.497,00000000
8045,3102.236,00000000
8046,3098.407,00000000
8047,3072.983,00000000
8048,3076.237,00000000
8049,3185.719,00000000
8050,3095.698,00000000
8051,3079.406,00000000
8052,3086.116,00000000
8053,3053.077,00000000
8054,3060.764,00000000
8055,3168.859,00000000
8056,3087.559,00000000
8057,3088.290,00000000
8058,3085.678,00000000
8059,3070.443,00000000
8060,3062.765,00000000
8061,3147.102,00000000
8062,3108.788,00000000
8063,3067.471,00000000
8064,3072.759,00000000
8065,3086.021,00000000
8066,3084.698,00000000
8067,3129.115,00000000
8068,3116.129,00000000
8069,3082.196,00000000
8070,3077.264,00000000
8071,3091.324,00000000
8072,3130.863,00000000
8073,3096.232,00000000
8074,3053.264,00000000
8075,3038.449,00000000
8076,3031.833,00000000
8077,3030.547,00000000
8078,3166.938,00000000
8079,3087.872,00000000
8080,3075.820,00000000
8081,3104.306,00000000
8082,3089.948,00000000
8083,3058.738,00000000
8084,3141.213,00000000
8085,3114.193,00000000
8086,3063.272,00000000
8087,3077.901,00000000
8088,3090.548,00000000
8089,3164.951,00000000
8090,3119.967,00000000
8091,3104.346,00000000
8092,3064.526,00000000
8093,3087.015,00000000
8094,3078.924,00000000
8095,3194.763,00000000
8096,3095.335,00000000
8097,3078.181,00000000
8098,3084.616,00000000
8099,3074.964,00000000
8100,3053.846,00000000
8101,3146.142,00000000
8102,3113.729,00000000
8103,3069.660,00000000
8104,3076.350,00000000
8105,3115.074,00000000
8106,3179.806,00000000
8107,3119.751,00000000
8108,3098.403,00000000
8109,3074.464,00000000
8110,3050.717,00000000
8111,3058.258,00000000
8112,3175.794,00000000
8113,3085.030,00000000
8114,3076.436,00000000
8115,3086.247,00000000
8116,3092.441,00000000
8117,3087.780,00000000
8118,3146.753,00000000
8119,3115.197,00000000
8120,3061.800,00000000
8121,3067.409,00000000
8122,3080.696,00000000
8123,3170.725,00000000
8124,3112.112,00000000
8125,3095.029,00000000
8126,3097.698,00000000
8127,3063.946,00000000
8128,3076.878,00000000
8129,3207.529,00000000
8130,3095.559,00000000
8131,3080.065,00000000
8132,3086.998,00000000
8133,3078.877,00000000
8134,3050.150,00000000
8135,3143.797,00000000
8136,3116.813,00000000
8137,3067.689,00000000
8138,3077.011,00000000
8139,3091.602,00000000
8140,3067.103,00000000
8141,3159.249,00000000
8142,3123.409,00000000
8143,3063.028,00000000
8144,3070.749,00000000
8145,3085.937,00000000
8146,3156.949,00000000
8147,3118.502,00000000
8148,3109.888,00000000
8149,3060.827,00000000
8150,3066.789,00000000
8151,3083.169,00000000
8152,3165.502,00000000
8153,3128.986,00000000
8154,3095.725,00000000
8155,3091.871,00000000
8156,3055.616,00000000
8157,3064.599,00000000
8158,3183.449,00000000
8159,3095.076,00000000
8160,3083.383,00000000
8161,3095.437,00000000
8162,3058.950,00000000
8163,3065.034,00000000
8164,3172.690,00000000
8165,3108.587,00000000
8166,3083.356,00000000
8167,3086.393,00000000
8168,3057.508,00000000
8169,3060.160,00000000
8170,3166.025,00000000
8171,3083.556,00000000
8172,3072.097,00000000
8173,3082.548,00000000
8174,3073.631,00000000
8175,3058.556,00000000
8176,3145.673,00000000
8177,3122.135,00000000
8178,3073.565,00000000
8179,3074.554,00000000
8180,3088.319,00000000
8181,3098.420,00000000
8182,3125.148,00000000
8183,3112.269,00000000
8184,3062.117,00000000
8185,3071.771,00000000
8186,3089.707,00000000
8187,3156.519,00000000
8188,3098.187,00000000
8189,3058.796,00000000
8190,3054.989,00000000
8191,3041.139,00000000
8192,3037.489,00000000
8193,3171.673,00000000
8194,3087.003,00000000
8195,3073.641,00000000
8196,3086.848,00000000
8197,3090.631,00000000
8198,3059.942,00000000
8199,3139.537,00000000
8200,3114.420,00000000
8201,3066.741,00000000
8202,3084.995,00000000
8203,3087.820,00000000
8204,3169.663,00000000
8205,3117.102,00000000
8206,3101.085,00000000
8207,3080.257,00000000
8208,3071.089,00000000
8209,3073.110,00000000
8210,3188.615,00000000
8211,3088.530,00000000
8212,3074.709,00000000
8213,3084.000,00000000
8214,3100.734,00000000
8215,3063.864,00000000
8216,3147.656,00000000
8217,3121.175,00000000
8218,3071.458,00000000
8219,3078.064,00000000
8220,3090.746,00000000
8221,3168.748,00000000
8222,3106.564,00000000
8223,3091.595,00000000
8224,3086.515,00000000
8225,3057.857,00000000
8226,3086.631,00000000
8227,3186.193,00000000
8228,3099.502,00000000
8229,3086.603,00000000
8230,3084.829,00000000
8231,3092.998,00000000
8232,3060.992,00000000
8233,3136.735,00000000
8234,3111.058,00000000
8235,3059.238,00000000
8236,3066.623,00000000
8237,3081.066,00000000
8238,3190.605,00000000
8239,3110.100,00000000
8240,3099.822,00000000
8241,3095.224,00000000
8242,3061.988,00000000
8243,3070.099,00000000
8244,3176.695,00000000
8245,3085.269,00000000
8246,3074.023,00000000
8247,3084.153,00000000
8248,3082.971,00000000
8249,3059.098,00000000
8250,3167.657,00000000
8251,3121.732,00000000
8252,3071.470,00000000
8253,3077.458,00000000
8254,3098.191,00000000
8255,3065.722,00000000
8256,3132.055,00000000
8257,3110.977,00000000
8258,3055.197,00000000
8259,3062.678,00000000
8260,3082.557,00000000
8261,3147.870,00000000
8262,3138.063,00000000
8263,3105.569,00000000
8264,3057.407,00000000
8265,3068.603,00000000
8266,3081.578,00000000
8267,3162.252,00000000
8268,3112.007,00000000
8269,3088.829,00000000
8270,3084.061,00000000
8271,3052.568,00000000
8272,3068.456,00000000
8273,3186.801,00000000
8274,3117.811,00000000
8275,3093.918,00000000
8276,3093.818,00000000
8277,3060.093,00000000
8278,3066.699,00000000
8279,3174.552,00000000
8280,3083.998,00000000
8281,3072.914,00000000
8282,3083.612,00000000
8283,3057.459,00000000
8284,3061.505,00000000
8285,3160.091,00000000
8286,3111.411,00000000
8287,3081.256,00000000
8288,3094.512,00000000
8289,3078.427,00000000
8290,3056.589,00000000
8291,3141.983,00000000
8292,3107.216,00000000
8293,3061.810,00000000
8294,3064.883,00000000
8295,3085.575,00000000
8296,3108.949,00000000
8297,3125.515,00000000
8298,3135.858,00000000
8299,3073.921,00000000
8300,3070.999,00000000
8301,3084.553,00000000
8302,3158.670,00000000
8303,3086.013,00000000
8304,3048.527,00000000
8305,3036.153,00000000
8306,3030.658,00000000
8307,3030.465,00000000
8308,3173.968,00000000
8309,3086.580,00000000
8310,3106.948,00000000
8311,3097.921,00000000
8312,3098.729,00000000
8313,3057.256,00000000
8314,3139.659,00000000
8315,3112.401,00000000
8316,3060.484,00000000
8317,3066.107,00000000
8318,3077.553,00000000
8319,3167.588,00000000
8320,3116.084,00000000
8321,3098.011,00000000
8322,3104.633,00000000
8323,3074.808,00000000
8324,3077.519,00000000
8325,3192.638,00000000
8326,3092.909,00000000
8327,3074.943,00000000
8328,3093.456,00000000
8329,3085.088,00000000
8330,3053.429,00000000
8331,3142.450,00000000
8332,3116.107,00000000
8333,3067.479,00000000
8334,3104.104,00000000
8335,3100.698,00000000
8336,3176.781,00000000
8337,3110.323,00000000
8338,3092.304,00000000
8339,3088.476,00000000
8340,3059.210,00000000
8341,3059.488,00000000
8342,3172.718,00000000
8343,3090.576,00000000
8344,3077.557,00000000
8345,3087.447,00000000
8346,3121.360,00000000
8347,3084.599,00000000
8348,3145.731,00000000
8349,3114.487,00000000
8350,3057.759,00000000
8351,3060.002,00000000
8352,3077.070,00000000
8353,3167.705,00000000
8354,3111.760,00000000
8355,3093.901,00000000
8356,3097.405,00000000
8357,3056.496,00000000
8358,3084.818,00000000
8359,3178.837,00000000
8360,3084.520,00000000
8361,3074.280,00000000
8362,3087.094,00000000
8363,3094.867,00000000
8364,3058.872,00000000
8365,3134.975,00000000
8366,3113.848,00000000
8367,3062.575,00000000
8368,3078.921,00000000
8369,3093.938,00000000
8370,3100.677,00000000
8371,3141.981,00000000
8372,3111.071,00000000
8373,3061.720,00000000
8374,3063.254,00000000
8375,3081.471,00000000
8376,3171.022,00000000
8377,3113.455,00000000
8378,3096.255,00000000
8379,3058.809,00000000
8380,3061.682,00000000
8381,3078.145,00000000
8382,3180.322,00000000
8383,3116.621,00000000
8384,3089.799,00000000
8385,3096.317,00000000
8386,3058.350,00000000
8387,3068.609,00000000
8388,3195.015,00000000
8389,3089.621,00000000
8390,3084.427,00000000
8391,3097.165,00000000
8392,3063.415,00000000
8393,3071.264,00000000
8394,3175.500,00000000
8395,3103.754,00000000
8396,3081.813,00000000
8397,3085.017,00000000
8398,3065.498,00000000
8399,3059.515,00000000
8400,3156.504,00000000
8401,3084.505,00000000
8402,3071.981,00000000
8403,3079.246,00000000
8404,3092.363,00000000
8405,3056.806,00000000
8406,3136.780,00000000
8407,3126.513,00000000
8408,3074.205,00000000
8409,3069.436,00000000
8410,3086.145,00000000
8411,3136.721,00000000
8412,3118.048,00000000
8413,3104.908,00000000
8414,3060.992,00000000
8415,3064.827,00000000
8416,3084.776,00000000
8417,3167.860,00000000
8418,3095.668,00000000
8419,3076.836,00000000
8420,3053.772,00000000
8421,3042.971,00000000
8422,3038.770,00000000
8423,3160.522,00000000
8424,3080.838,00000000
8425,3069.010,00000000
8426,3077.280,00000000
8427,3095.944,00000000
8428,3093.448,00000000
8429,3133.618,00000000
8430,3110.502,00000000
8431,3080.119,00000000
8432,3074.158,00000000
8433,3082.654,00000000
8434,3170.764,00000000
8435,3109.774,00000000
8436,3093.030,00000000
8437,3092.626,00000000
8438,3060.259,00000000
8439,3067.875,00000000
8440,3180.777,00000000
8441,3087.659,00000000
8442,3077.961,00000000
8443,3098.967,00000000
8444,3098.959,00000000
8445,3067.184,00000000
8446,3135.381,00000000
8447,3111.477,00000000
8448,3071.573,00000000
8449,3074.914,00000000
8450,3087.521,00000000
8451,3173.588,00000000
8452,3110.300,00000000
8453,3090.753,00000000
8454,3091.753,00000000
8455,3076.967,00000000
8456,3071.933,00000000
8457,3175.634,00000000
8458,3088.968,00000000
8459,3084.046,00000000
8460,3082.379,00000000
8461,3095.050,00000000
8462,3087.112,00000000
8463,3128.042,00000000
8464,3108.452,00000000
8465,3055.276,00000000
8466,3058.074,00000000
8467,3097.948,00000000
8468,3190.198,00000000
8469,3112.424,00000000
8470,3093.381,00000000
8471,3098.590,00000000
8472,3057.563,00000000
8473,3066.950,00000000
8474,3164.800,00000000
8475,3081.739,00000000
8476,3073.528,00000000
8477,3084.370,00000000
8478,3097.208,00000000
8479,3094.487,00000000
8480,3146.696,00000000
8481,3115.183,00000000
8482,3067.298,00000000
8483,3075.402,00000000
8484,3090.262,00000000
8485,3110.729,00000000
8486,3119.562,00000000
8487,3105.988,00000000
8488,3062.024,00000000
8489,3067.338,00000000
8490,3079.935,00000000
8491,3198.158,00000000
8492,3124.058,00000000
8493,3099.289,00000000
8494,3056.353,00000000
8495,3059.554,00000000
8496,3072.289,00000000
8497,3181.806,00000000
8498,3096.933,00000000
8499,3076.554,00000000
8500,3087.161,00000000
8501,3053.764,00000000
8502,3065.690,00000000
8503,3205.955,00000000
8504,3102.038,00000000
8505,3078.743,00000000
8506,3090.415,00000000
8507,3053.287,00000000
8508,3065.238,00000000
8509,3173.191,00000000
8510,3086.738,00000000
8511,3072.819,00000000
8512,3078.135,00000000
8513,3062.625,00000000
8514,3054.812,00000000
8515,3186.145,00000000
8516,3095.371,00000000
8517,3075.547,00000000
8518,3080.049,00000000
8519,3089.842,00000000
8520,3058.389,00000000
8521,3137.733,00000000
8522,3107.143,00000000
8523,3055.300,00000000
8524,3066.153,00000000
8525,3085.741,00000000
8526,3138.357,00000000
8527,3140.916,00000000
8528,3123.104,00000000
8529,3066.059,00000000
8530,3069.543,00000000
8531,3080.067,00000000
8532,3157.687,00000000
8533,3086.183,00000000
8534,3053.804,00000000
8535,3037.962,00000000
8536,3034.393,00000000
8537,3027.857,00000000
8538,3156.393,00000000
8539,3107.784,00000000
8540,3084.834,00000000
8541,3090.002,00000000
8542,3099.703,00000000
8543,3084.333,00000000
8544,3130.814,00000000
8545,3105.485,00000000
8546,3052.726,00000000
8547,3060.811,00000000
8548,3088.516,00000000
8549,3172.180,00000000
8550,3114.317,00000000
8551,3112.164,00000000
8552,3109.737,00000000
8553,3064.548,00000000
8554,3068.842,00000000
8555,3180.725,00000000
8556,3090.678,00000000
8557,3073.935,00000000
8558,3080.153,00000000
8559,3091.335,00000000
8560,3065.809,00000000
8561,3131.187,00000000
8562,3112.640,00000000
8563,3066.708,00000000
8564,3081.894,00000000
8565,3087.909,00000000
8566,3174.835,00000000
8567,3109.883,00000000
8568,3100.459,00000000
8569,3095.704,00000000
8570,3060.522,00000000
8571,3066.159,00000000
8572,3178.367,00000000
8573,3092.024,00000000
8574,3078.472,00000000
8575,3085.929,00000000
8576,3113.435,00000000
8577,3094.305,00000000
8578,3131.766,00000000
8579,3106.790,00000000
8580,3057.146,00000000
8581,3059.627,00000000
8582,3073.788,00000000
8583,3165.794,00000000
8584,3100.893,00000000
8585,3087.648,00000000
8586,3096.911,00000000
8587,3062.558,00000000
8588,3096.700,00000000
8589,3179.489,00000000
8590,3084.088,00000000
8591,3076.674,00000000
8592,3083.343,00000000
8593,3087.246,00000000
8594,3060.336,00000000
8595,3136.594,00000000
8596,3119.047,00000000
8597,3070.258,00000000
8598,3074.248,00000000
8599,3092.157,00000000
8600,3125.211,00000000
8601,3121.867,00000000
8602,3101.696,00000000
8603,3059.144,00000000
8604,3061.509,00000000
8605,3082.611,00000000
8606,3171.784,00000000
8607,3110.676,00000000
8608,3105.702,00000000
8609,3070.909,00000000
8610,3067.120,00000000
8611,3073.751,00000000
8612,3201.231,00000000
8613,3101.497,00000000
8614,3079.592,00000000
8615,3088.894,00000000
8616,3051.827,00000000
8617,3059.589,00000000
8618,3176.146,00000000
8619,3088.303,00000000
8620,3076.972,00000000
8621,3092.347,00000000
8622,3060.029,00000000
8623,3066.735,00000000
8624,3186.274,00000000
8625,3086.732,00000000
8626,3072.198,00000000
8627,3075.951,00000000
8628,3087.677,00000000
8629,3054.100,00000000
8630,3150.281,00000000
8631,3092.439,00000000
8632,3072.022,00000000
8633,3075.353,00000000
8634,3089.049,00000000
8635,3066.004,00000000
8636,3150.460,00000000
8637,3117.709,00000000
8638,3059.116,00000000
8639,3060.822,00000000
8640,3079.894,00000000
8641,3154.586,00000000
8642,3113.668,00000000
8643,3099.389,00000000
8644,3060.784,00000000
8645,3067.921,00000000
8646,3082.858,00000000
8647,3164.438,00000000
8648,3121.198,00000000
8649,3065.595,00000000
8650,3047.047,00000000
8651,3036.148,00000000
8652,3035.780,00000000
8653,3157.049,00000000
8654,3079.082,00000000
8655,3068.839,00000000
8656,3079.344,00000000
8657,3094.001,00000000
8658,3103.255,00000000
8659,3120.322,00000000
8660,3124.614,00000000
8661,3064.019,00000000
8662,3061.203,00000000
8663,3069.998,00000000
8664,3163.233,00000000
8665,3103.651,00000000
8666,3091.195,00000000
8667,3095.011,00000000
8668,3069.576,00000000
8669,3071.060,00000000
8670,3175.936,00000000
8671,3084.011,00000000
8672,3096.334,00000000
8673,3089.875,00000000
8674,3091.450,00000000
8675,3068.874,00000000
8676,3131.128,00000000
8677,3107.355,00000000
8678,3061.027,00000000
8679,3065.011,00000000
8680,3077.183,00000000
8681,3166.167,00000000
8682,3096.802,00000000
8683,3081.064,00000000
8684,3118.448,00000000
8685,3059.935,00000000
8686,3062.505,00000000
8687,3164.416,00000000
8688,3095.363,00000000
8689,3080.495,00000000
8690,3080.260,00000000
8691,3094.674,00000000
8692,3114.959,00000000
8693,3125.238,00000000
8694,3099.004,00000000
8695,3059.235,00000000
8696,3091.958,00000000
8697,3087.462,00000000
8698,3189.502,00000000
8699,3101.354,00000000
8700,3091.563,00000000
8701,3096.626,00000000
8702,3056.503,00000000
8703,3066.251,00000000
8704,3158.587,00000000
8705,3088.578,00000000
8706,3069.635,00000000
8707,3080.450,00000000
8708,3136.764,00000000
8709,3105.010,00000000
8710,3129.001,00000000
8711,3111.319,00000000
8712,3057.107,00000000
8713,3065.216,00000000
8714,3088.386,00000000
8715,3140.220,00000000
8716,3118.624,00000000
8717,3101.866,00000000
8718,3055.380,00000000
8719,3062.293,00000000
8720,3103.752,00000000
8721,3176.649,00000000
8722,3110.022,00000000
8723,3094.681,00000000
8724,3081.419,00000000
8725,3062.132,00000000
8726,3075.684,00000000
8727,3185.964,00000000
8728,3106.742,00000000
8729,3083.872,00000000
8730,3091.996,00000000
8731,3052.461,00000000
8732,3086.145,00000000
8733,3182.905,00000000
8734,3092.873,00000000
8735,3077.927,00000000
8736,3085.787,00000000
8737,3068.234,00000000
8738,3060.692,00000000
8739,3158.268,00000000
8740,3089.830,00000000
8741,3067.338,00000000
8742,3074.575,00000000
8743,3087.485,00000000
8744,3072.177,00000000
8745,3154.823,00000000
8746,3114.950,00000000
8747,3065.039,00000000
8748,3083.142,00000000
8749,3095.418,00000000
8750,3089.992,00000000
8751,3124.724,00000000
8752,3101.900,00000000
8753,3055.606,00000000
8754,3062.973,00000000
8755,3079.677,00000000
8756,3171.792,00000000
8757,3123.870,00000000
8758,3101.546,00000000
8759,3060.791,00000000
8760,3063.670,00000000
8761,3078.784,00000000
8762,3155.595,00000000
8763,3078.947,00000000
8764,3048.686,00000000
8765,3037.095,00000000
8766,3034.341,00000000
8767,3034.256,00000000
8768,3158.670,00000000
8769,3095.905,00000000
8770,3078.844,00000000
8771,3081.413,00000000
8772,3093.529,00000000
8773,3114.274,00000000
8774,3124.465,00000000
8775,3104.107,00000000
8776,3054.925,00000000
8777,3062.031,00000000
8778,3073.375,00000000
8779,3162.114,00000000
8780,3105.135,00000000
8781,3105.792,00000000
8782,3106.320,00000000
8783,3063.589,00000000
8784,3069.779,00000000
8785,3172.708,00000000
8786,3085.260,00000000
8787,3072.623,00000000
8788,3088.612,00000000
8789,3096.992,00000000
8790,3103.381,00000000
8791,3127.805,00000000
8792,3110.372,00000000
8793,3077.389,00000000
8794,3076.683,00000000
8795,3081.339,00000000
8796,3176.939,00000000
8797,3098.304,00000000
8798,3079.496,00000000
8799,3087.302,00000000
8800,3050.209,00000000
8801,3058.432,00000000
8802,3157.729,00000000
8803,3086.679,00000000
8804,3075.937,00000000
8805,3100.318,00000000
8806,3100.277,00000000
8807,3149.833,00000000
8808,3132.469,00000000
8809,3110.133,00000000
8810,3057.426,00000000
8811,3060.161,00000000
8812,3067.837,00000000
8813,3186.331,00000000
8814,3096.845,00000000
8815,3082.188,00000000
8816,3087.982,00000000
8817,3076.005,00000000
8818,3069.254,00000000
8819,3154.954,00000000
8820,3097.540,00000000
8821,3066.689,00000000
8822,3078.366,00000000
8823,3090.610,00000000
8824,3112.989,00000000
8825,3121.410,00000000
8826,3108.478,00000000
8827,3063.524,00000000
8828,3081.385,00000000
8829,3115.168,00000000
8830,3159.560,00000000
8831,3118.556,00000000
8832,3097.915,00000000
8833,3056.178,00000000
8834,3060.774,00000000
8835,3072.240,00000000
8836,3167.655,00000000
8837,3109.126,00000000
8838,3090.221,00000000
8839,3092.424,00000000
8840,3059.700,00000000
8841,3094.597,00000000
8842,3191.187,00000000
8843,3093.291,00000000
8844,3075.425,00000000
8845,3085.222,00000000
8846,3048.715,00000000
8847,3057.946,00000000
8848,3179.618,00000000
8849,3090.928,00000000
8850,3078.686,00000000
8851,3089.615,00000000
8852,3072.829,00000000
8853,3083.433,00000000
8854,3166.559,00000000
8855,3086.126,00000000
8856,3066.997,00000000
8857,3072.273,00000000
8858,3083.954,00000000
8859,3049.178,00000000
8860,3144.844,00000000
8861,3106.896,00000000
8862,3070.008,00000000
8863,3074.264,00000000
8864,3093.687,00000000
8865,3118.283,00000000
8866,3139.701,00000000
8867,3109.989,00000000
8868,3072.889,00000000
8869,3071.299,00000000
8870,3079.258,00000000
8871,3164.656,00000000
8872,3103.849,00000000
8873,3095.227,00000000
8874,3057.067,00000000
8875,3063.020,00000000
8876,3076.732,00000000
8877,3189.258,00000000
8878,3093.142,00000000
8879,3052.823,00000000
8880,3037.642,00000000
8881,3034.253,00000000
8882,3029.635,00000000
8883,3147.597,00000000
8884,3076.691,00000000
8885,3071.501,00000000
8886,3076.922,00000000
8887,3090.173,00000000
8888,3141.148,00000000
8889,3152.343,00000000
8890,3114.323,00000000
8891,3055.314,00000000
8892,3061.789,00000000
8893,3071.203,00000000
8894,3162.623,00000000
8895,3104.159,00000000
8896,3089.090,00000000
8897,3097.787,00000000
8898,3057.279,00000000
8899,3065.359,00000000
8900,3170.129,00000000
8901,3107.375,00000000
8902,3081.770,00000000
8903,3080.295,00000000
8904,3089.806,00000000
8905,3104.971,00000000
8906,3124.941,00000000
8907,3105.396,00000000
8908,3075.223,00000000
8909,3075.605,00000000
8910,3078.315,00000000
8911,3183.019,00000000
8912,3095.229,00000000
8913,3109.459,00000000
8914,3101.461,00000000
8915,3052.410,00000000
8916,3060.152,00000000
8917,3158.678,00000000
8918,3083.741,00000000
8919,3069.617,00000000
8920,3071.364,00000000
8921,3084.983,00000000
8922,3149.337,00000000
8923,3115.704,00000000
8924,3098.057,00000000
8925,3080.196,00000000
8926,3069.135,00000000
8927,3072.233,00000000
8928,3199.430,00000000
8929,3093.382,00000000
8930,3082.415,00000000
8931,3090.949,00000000
8932,3054.989,00000000
8933,3059.960,00000000
8934,3155.611,00000000
8935,3100.033,00000000
8936,3067.729,00000000
8937,3098.675,00000000
8938,3101.548,00000000
8939,3109.735,00000000
8940,3122.129,00000000
8941,3103.639,00000000
8942,3058.490,00000000
8943,3067.301,00000000
8944,3081.653,00000000
8945,3150.459,00000000
8946,3112.238,00000000
8947,3094.097,00000000
8948,3061.871,00000000
8949,3067.154,00000000
8950,3089.072,00000000
8951,3166.247,00000000
8952,3104.871,00000000
8953,3092.132,00000000
8954,3086.468,00000000
8955,3057.047,00000000
8956,3069.119,00000000
8957,3185.355,00000000
8958,3090.108,00000000
8959,3076.216,00000000
8960,3084.574,00000000
8961,3047.991,00000000
8962,3070.715,00000000
8963,3167.293,00000000
8964,3083.896,00000000
8965,3073.588,00000000
8966,3083.472,00000000
8967,3078.129,00000000
8968,3071.588,00000000
8969,3161.948,00000000
8970,3095.602,00000000
8971,3064.907,00000000
8972,3072.761,00000000
8973,3086.381,00000000
8974,3068.684,00000000
8975,3152.709,00000000
8976,3113.122,00000000
8977,3061.900,00000000
8978,3073.433,00000000
8979,3086.813,00000000
8980,3103.994,00000000
8981,3120.245,00000000
8982,3100.952,00000000
8983,3053.011,00000000
8984,3059.667,00000000
8985,3078.285,00000000
8986,3183.172,00000000
8987,3111.319,00000000
8988,3108.897,00000000
8989,3058.550,00000000
8990,3060.983,00000000
8991,3071.757,00000000
8992,3157.106,00000000
8993,3076.591,00000000
8994,3046.431,00000000
8995,3029.802,00000000
8996,3029.392,00000000
8997,3029.237,00000000
8998,3161.531,00000000
8999,3087.155,00000000
9000,3070.880,00000000
9001,3078.041,00000000
9002,3089.145,00000000
9003,3142.166,00000000
9004,3111.675,00000000
9005,3096.386,00000000
9006,3052.303,00000000
9007,3056.021,00000000
9008,3078.275,00000000
9009,3165.633,00000000
9010,3124.661,00000000
9011,3095.588,00000000
9012,3094.146,00000000
9013,3058.696,00000000
9014,3060.241,00000000
9015,3166.059,00000000
9016,3079.639,00000000
9017,3065.229,00000000
9018,3070.607,00000000
9019,3086.134,00000000
9020,3100.496,00000000
9021,3121.699,00000000
9022,3130.218,00000000
9023,3064.046,00000000
9024,3072.043,00000000
9025,3078.721,00000000
9026,3185.736,00000000
9027,3097.672,00000000
9028,3095.493,00000000
9029,3098.784,00000000
9030,3053.641,00000000
9031,3062.134,00000000
9032,3162.010,00000000
9033,3084.356,00000000
9034,3096.312,00000000
9035,3087.460,00000000
9036,3096.071,00000000
9037,3128.305,00000000
9038,3118.123,00000000
9039,3096.297,00000000
9040,3051.250,00000000
9041,3057.203,00000000
9042,3069.840,00000000
9043,3188.152,00000000
9044,3097.217,00000000
9045,3087.011,00000000
9046,3118.784,00000000
9047,3068.730,00000000
9048,3078.932,00000000
9049,3160.303,00000000
9050,3089.350,00000000
9051,3063.804,00000000
9052,3076.081,00000000
9053,3087.600,00000000
9054,3103.080,00000000
9055,3129.671,00000000
9056,3114.042,00000000
9057,3062.097,00000000
9058,3094.621,00000000
9059,3093.721,00000000
9060,3153.296,00000000
9061,3110.526,00000000
9062,3098.421,00000000
9063,3057.856,00000000
9064,3060.732,00000000
9065,3071.398,00000000
9066,3164.369,00000000
9067,3104.380,00000000
9068,3101.796,00000000
9069,3096.830,00000000
9070,3082.447,00000000
9071,3084.672,00000000
9072,3191.723,00000000
9073,3093.806,00000000
9074,3078.176,00000000
9075,3085.812,00000000
9076,3047.523,00000000
9077,3061.123,00000000
9078,3168.075,00000000
9079,3087.119,00000000
9080,3071.375,00000000
9081,3086.821,00000000
9082,3106.315,00000000
9083,3072.515,00000000
9084,3160.138,00000000
9085,3092.323,00000000
9086,3067.170,00000000
9087,3071.490,00000000
9088,3098.826,00000000
9089,3060.717,00000000
9090,3152.183,00000000
9091,3106.688,00000000
9092,3071.264,00000000
9093,3078.097,00000000
9094,3122.022,00000000
9095,3093.644,00000000
9096,3126.633,00000000
9097,3105.545,00000000
9098,3049.457,00000000
9099,3057.962,00000000
9100,3073.991,00000000
9101,3157.791,00000000
9102,3111.529,00000000
9103,3097.977,00000000
9104,3059.003,00000000
9105,3069.225,00000000
9106,3112.293,00000000
9107,3178.616,00000000
9108,3100.544,00000000
9109,3055.916,00000000
9110,3040.488,00000000
9111,3037.064,00000000
9112,3037.456,00000000
9113,3158.723,00000000
9114,3077.718,00000000
9115,3068.506,00000000
9116,3077.403,00000000
9117,3089.633,00000000
9118,3141.993,00000000
9119,3136.337,00000000
9120,3108.488,00000000
9121,3061.885,00000000
9122,3061.492,00000000
9123,3077.090,00000000
9124,3164.541,00000000
9125,3105.225,00000000
9126,3090.997,00000000
9127,3097.035,00000000
9128,3064.733,00000000
9129,3074.548,00000000
9130,3192.514,00000000
9131,3090.646,00000000
9132,3071.696,00000000
9133,3074.672,00000000
9134,3087.869,00000000
9135,3103.062,00000000
9136,3123.792,00000000
9137,3109.901,00000000
9138,3061.653,00000000
9139,3074.011,00000000
9140,3082.052,00000000
9141,3181.730,00000000
9142,3110.670,00000000
9143,3099.524,00000000
9144,3097.494,00000000
9145,3056.529,00000000
9146,3064.802,00000000
9147,3162.598,00000000
9148,3089.625,00000000
9149,3081.026,00000000
9150,3086.088,00000000
9151,3094.610,00000000
9152,3125.920,00000000
9153,3122.180,00000000
9154,3102.373,00000000
9155,3066.365,00000000
9156,3060.818,00000000
9157,3067.048,00000000
9158,3180.335,00000000
9159,3096.917,00000000
9160,3085.186,00000000
9161,3093.175,00000000
9162,3061.542,00000000
9163,3066.216,00000000
9164,3148.658,00000000
9165,3094.231,00000000
9166,3065.095,00000000
9167,3092.244,00000000
9168,3105.337,00000000
9169,3103.759,00000000
9170,3130.385,00000000
9171,3113.312,00000000
9172,3066.325,00000000
9173,3074.395,00000000
9174,3084.396,00000000
9175,3148.991,00000000
9176,3117.934,00000000
9177,3101.980,00000000
9178,3057.390,00000000
9179,3077.184,00000000
9180,3080.215,00000000
9181,3169.112,00000000
9182,3110.612,00000000
9183,3089.861,00000000
9184,3085.412,00000000
9185,3061.047,00000000
9186,3073.907,00000000
9187,3190.846,00000000
9188,3098.227,00000000
9189,3089.318,00000000
9190,3090.397,00000000
9191,3073.143,00000000
9192,3071.083,00000000
9193,3172.990,00000000
9194,3086.162,00000000
9195,3076.132,00000000
9196,3085.376,00000000
9197,3070.028,00000000
9198,3058.537,00000000
9199,3153.063,00000000
9200,3086.341,00000000
9201,3064.870,00000000
9202,3076.618,00000000
9203,3105.458,00000000
9204,3062.588,00000000
9205,3150.021,00000000
9206,3111.156,00000000
9207,3061.887,00000000
9208,3071.217,00000000
9209,3093.794,00000000
9210,3086.577,00000000
9211,3123.625,00000000
9212,3101.937,00000000
9213,3056.564,00000000
9214,3061.618,00000000
9215,3100.396,00000000
9216,3175.289,00000000
9217,3118.185,00000000
9218,3100.407,00000000
9219,3059.326,00000000
9220,3058.662,00000000
9221,3080.646,00000000
9222,3162.898,00000000
9223,3080.523,00000000
9224,3046.908,00000000
9225,3036.084,00000000
9226,3030.878,00000000
9227,3049.269,00000000
9228,3159.021,00000000
9229,3094.250,00000000
9230,3073.805,00000000
9231,3075.990,00000000
9232,3090.639,00000000
9233,3128.624,00000000
9234,3116.251,00000000
9235,3099.825,00000000
9236,3049.494,00000000
9237,3056.631,00000000
9238,3067.197,00000000
9239,3181.603,00000000
9240,3106.826,00000000
9241,3089.344,00000000
9242,3092.502,00000000
9243,3058.007,00000000
9244,3064.055,00000000
9245,3166.574,00000000
9246,3083.681,00000000
9247,3068.050,00000000
9248,3070.082,00000000
9249,3096.768,00000000
9250,3114.160,00000000
9251,3154.009,00000000
9252,3123.407,00000000
9253,3066.246,00000000
9254,3077.637,00000000
9255,3084.430,00000000
9256,3187.539,00000000
9257,3100.804,00000000
9258,3080.817,00000000
9259,3085.610,00000000
9260,3051.810,00000000
9261,3061.526,00000000
9262,3158.103,00000000
9263,3113.397,00000000
9264,3082.908,00000000
9265,3080.517,00000000
9266,3092.957,00000000
9267,3149.622,00000000
9268,3118.586,00000000
9269,3106.990,00000000
9270,3057.000,00000000
9271,3058.497,00000000
9272,3073.787,00000000
9273,3192.569,00000000
9274,3099.480,00000000
9275,3111.707,00000000
9276,3102.802,00000000
9277,3068.217,00000000
9278,3060.580,00000000
9279,3147.987,00000000
9280,3099.840,00000000
9281,3062.099,00000000
9282,3072.146,00000000
9283,3091.159,00000000
9284,3123.398,00000000
9285,3120.465,00000000
9286,3103.926,00000000
9287,3089.942,00000000
9288,3082.028,00000000
9289,3099.250,00000000
9290,3169.740,00000000
9291,3116.792,00000000
9292,3098.029,00000000
9293,3050.591,00000000
9294,3055.659,00000000
9295,3073.428,00000000
9296,3161.294,00000000
9297,3102.677,00000000
9298,3085.127,00000000
9299,3117.896,00000000
9300,3069.241,00000000
9301,3077.263,00000000
9302,3184.005,00000000
9303,3084.826,00000000
9304,3073.659,00000000
9305,3083.646,00000000
9306,3049.894,00000000
9307,3060.793,00000000
9308,3165.373,00000000
9309,3089.956,00000000
9310,3076.193,00000000
9311,3113.493,00000000
9312,3094.832,00000000
9313,3062.307,00000000
9314,3152.406,00000000
9315,3087.278,00000000
9316,3061.433,00000000
9317,3073.130,00000000
9318,3089.744,00000000
9319,3057.404,00000000
9320,3147.807,00000000
9321,3116.301,00000000
9322,3071.741,00000000
9323,3091.293,00000000
9324,3102.851,00000000
9325,3110.514,00000000
9326,3123.438,00000000
9327,3104.832,00000000
9328,3055.860,00000000
9329,3071.941,00000000
9330,3081.349,00000000
9331,3166.736,00000000
9332,3111.987,00000000
9333,3100.083,00000000
9334,3060.310,00000000
9335,3065.979,00000000
9336,3090.944,00000000
9337,3169.167,00000000
9338,3089.351,00000000
9339,3056.797,00000000
9340,3043.136,00000000
9341,3036.475,00000000
9342,3038.073,00000000
9343,3150.280,00000000
9344,3080.500,00000000
9345,3073.572,00000000
9346,3077.902,00000000
9347,3093.492,00000000
9348,3148.931,00000000
9349,3134.024,00000000
9350,3104.969,00000000
9351,3055.568,00000000
9352,3054.981,00000000
9353,3071.364,00000000
9354,3164.140,00000000
9355,3104.860,00000000
9356,3093.513,00000000
9357,3100.604,00000000
9358,3061.603,00000000
9359,3071.308,00000000
9360,3183.364,00000000
9361,3087.445,00000000
9362,3072.527,00000000
9363,3078.522,00000000
9364,3091.479,00000000
9365,3113.164,00000000
9366,3123.833,00000000
9367,3106.923,00000000
9368,3061.723,00000000
9369,3072.949,00000000
9370,3083.634,00000000
9371,3189.479,00000000
9372,3116.187,00000000
9373,3089.986,00000000
9374,3093.397,00000000
9375,3052.885,00000000
9376,3059.419,00000000
9377,3155.079,00000000
9378,3086.307,00000000
9379,3070.209,00000000
9380,3074.330,00000000
9381,3080.300,00000000
9382,3145.813,00000000
9383,3114.768,00000000
9384,3116.911,00000000
9385,3062.763,00000000
9386,3060.716,00000000
9387,3071.007,00000000
9388,3187.694,00000000
9389,3101.942,00000000
9390,3091.106,00000000
9391,3092.059,00000000
9392,3057.499,00000000
9393,3065.350,00000000
9394,3153.240,00000000
9395,3100.558,00000000
9396,3086.142,00000000
9397,3084.348,00000000
9398,3093.767,00000000
9399,3114.390,00000000
9400,3126.269,00000000
9401,3106.826,00000000
9402,3065.931,00000000
9403,3068.684,00000000
9404,3086.230,00000000
9405,3157.701,00000000
9406,3116.627,00000000
9407,3099.664,00000000
9408,3075.816,00000000
9409,3073.424,00000000
9410,3081.392,00000000
9411,3165.714,00000000
9412,3109.145,00000000
9413,3090.790,00000000
9414,3079.650,00000000
9415,3059.323,00000000
9416,3070.123,00000000
9417,3184.527,00000000
9418,3091.515,00000000
9419,3072.982,00000000
9420,3109.782,00000000
9421,3060.428,00000000
9422,3064.946,00000000
9423,3172.689,00000000
9424,3090.684,00000000
9425,3077.566,00000000
9426,3086.971,00000000
9427,3078.303,00000000
9428,3059.699,00000000
9429,3170.384,00000000
9430,3083.050,00000000
9431,3070.359,00000000
9432,3104.299,00000000
9433,3095.885,00000000
9434,3060.844,00000000
9435,3152.619,00000000
9436,3100.867,00000000
9437,3065.436,00000000
9438,3073.734,00000000
9439,3091.723,00000000
9440,3081.705,00000000
9441,3130.142,00000000
9442,3107.730,00000000
9443,3057.804,00000000
9444,3087.376,00000000
9445,3090.085,00000000
9446,3162.916,00000000
9447,3117.975,00000000
9448,3096.002,00000000
9449,3067.702,00000000
9450,3068.426,00000000
9451,3084.000,00000000
9452,3170.648,00000000
9453,3091.033,00000000
9454,3056.397,00000000
9455,3039.126,00000000
9456,3062.492,00000000
9457,3044.658,00000000
9458,3165.349,00000000
9459,3084.656,00000000
9460,3075.915,00000000
9461,3081.719,00000000
9462,3095.406,00000000
9463,3084.874,00000000
9464,3127.115,00000000
9465,3106.768,00000000
9466,3059.751,00000000
9467,3058.010,00000000
9468,3102.855,00000000
9469,3188.044,00000000
9470,3124.329,00000000
9471,3099.988,00000000
9472,3100.294,00000000
9473,3066.435,00000000
9474,3070.538,00000000
9475,3184.063,00000000
9476,3089.729,00000000
9477,3070.777,00000000
9478,3081.823,00000000
9479,3090.761,00000000
9480,3087.582,00000000
9481,3146.650,00000000
9482,3122.660,00000000
9483,3070.459,00000000
9484,3078.884,00000000
9485,3088.331,00000000
9486,3171.918,00000000
9487,3106.104,00000000
9488,3087.860,00000000
9489,3098.075,00000000
9490,3057.615,00000000
9491,3063.332,00000000
9492,3204.123,00000000
9493,3100.017,00000000
9494,3085.956,00000000
9495,3092.166,00000000
9496,3095.792,00000000
9497,3076.407,00000000
9498,3133.774,00000000
9499,3111.094,00000000
9500,3064.506,00000000
9501,3066.804,00000000
9502,3079.808,00000000
9503,3167.716,00000000
9504,3130.092,00000000
9505,3106.982,00000000
9506,3107.929,00000000
9507,3068.764,00000000
9508,3072.561,00000000
9509,3189.809,00000000
9510,3090.349,00000000
9511,3080.770,00000000
9512,3087.207,00000000
9513,3081.355,00000000
9514,3056.421,00000000
9515,3144.360,00000000
9516,3120.835,00000000
9517,3083.323,00000000
9518,3085.217,00000000
9519,3099.994,00000000
9520,3070.883,00000000
9521,3132.408,00000000
9522,3108.413,00000000
9523,3058.398,00000000
9524,3061.695,00000000
9525,3076.853,00000000
9526,3151.961,00000000
9527,3116.161,00000000
9528,3101.036,00000000
9529,3085.621,00000000
9530,3076.286,00000000
9531,3089.799,00000000
9532,3169.346,00000000
9533,3108.816,00000000
9534,3084.816,00000000
9535,3081.624,00000000
9536,3058.662,00000000
9537,3073.376,00000000
9538,3191.272,00000000
9539,3100.290,00000000
9540,3088.269,00000000
9541,3117.140,00000000
9542,3067.662,00000000
9543,3074.954,00000000
9544,3183.482,00000000
9545,3087.064,00000000
9546,3073.129,00000000
9547,3080.303,00000000
9548,3048.053,00000000
9549,3069.455,00000000
9550,3172.067,00000000
9551,3085.557,00000000
9552,3075.185,00000000
9553,3101.521,00000000
9554,3067.244,00000000
9555,3065.377,00000000
9556,3148.004,00000000
9557,3104.780,00000000
9558,3064.371,00000000
9559,3068.156,00000000
9560,3084.596,00000000
9561,3084.186,00000000
9562,3122.318,00000000
9563,3111.864,00000000
9564,3065.311,00000000
9565,3089.906,00000000
9566,3096.670,00000000
9567,3151.202,00000000
9568,3097.608,00000000
9569,3066.708,00000000
9570,3045.275,00000000
9571,3035.918,00000000
9572,3028.674,00000000
9573,3172.215,00000000
9574,3089.113,00000000
9575,3078.494,00000000
9576,3084.208,00000000
9577,3101.558,00000000
9578,3068.172,00000000
9579,3146.303,00000000
9580,3115.134,00000000
9581,3059.685,00000000
9582,3066.335,00000000
9583,3082.427,00000000
9584,3161.982,00000000
9585,3117.073,00000000
9586,3102.805,00000000
9587,3068.347,00000000
9588,3063.362,00000000
9589,3099.379,00000000
9590,3201.334,00000000
9591,3095.976,00000000
9592,3076.495,00000000
9593,3084.514,00000000
9594,3068.853,00000000
9595,3055.375,00000000
9596,3144.676,00000000
9597,3111.035,00000000
9598,3067.262,00000000
9599,3073.440,00000000
9600,3086.324,00000000
9601,3194.358,00000000
9602,3118.368,00000000
9603,3094.033,00000000
9604,3084.793,00000000
9605,3059.443,00000000
9606,3068.761,00000000
9607,3180.708,00000000
9608,3093.164,00000000
9609,3091.091,00000000
9610,3092.212,00000000
9611,3089.931,00000000
9612,3060.131,00000000
9613,3167.352,00000000
9614,3122.263,00000000
9615,3069.372,00000000
9616,3068.886,00000000
9617,3078.794,00000000
9618,3170.888,00000000
9619,3106.894,00000000
9620,3090.914,00000000
9621,3090.082,00000000
9622,3058.999,00000000
9623,3066.767,00000000
9624,3177.555,00000000
9625,3108.525,00000000
9626,3080.583,00000000
9627,3088.883,00000000
9628,3078.130,00000000
9629,3065.302,00000000
9630,3157.044,00000000
9631,3114.223,00000000
9632,3073.482,00000000
9633,3079.409,00000000
9634,3095.431,00000000
9635,3065.316,00000000
9636,3136.642,00000000
9637,3138.314,00000000
9638,3065.124,00000000
9639,3069.387,00000000
9640,3088.163,00000000
9641,3143.446,00000000
9642,3120.786,00000000
9643,3101.240,00000000
9644,3055.838,00000000
9645,3061.835,00000000
9646,3079.134,00000000
9647,3162.675,00000000
9648,3101.454,00000000
9649,3127.746,00000000
9650,3079.074,00000000
9651,3063.237,00000000
9652,3075.318,00000000
9653,3187.172,00000000
9654,3098.035,00000000
9655,3085.388,00000000
9656,3091.015,00000000
9657,3052.769,00000000
9658,3068.889,00000000
9659,3186.370,00000000
9660,3092.953,00000000
9661,3111.395,00000000
9662,3097.509,00000000
9663,3055.495,00000000
9664,3060.851,00000000
9665,3171.928,00000000
9666,3078.922,00000000
9667,3072.952,00000000
9668,3087.296,00000000
9669,3061.485,00000000
9670,3065.718,00000000
9671,3164.332,00000000
9672,3085.002,00000000
9673,3094.903,00000000
9674,3087.179,00000000
9675,3091.887,00000000
9676,3058.541,00000000
9677,3134.385,00000000
9678,3108.975,00000000
9679,3059.358,00000000
9680,3067.474,00000000
9681,3085.552,00000000
9682,3100.936,00000000
9683,3092.959,00000000
9684,3054.969,00000000
9685,3061.301,00000000
9686,3047.259,00000000
9687,3039.456,00000000
9688,3173.170,00000000
9689,3101.785,00000000
9690,3081.216,00000000
9691,3089.078,00000000
9692,3062.177,00000000
9693,3060.679,00000000
9694,3143.819,00000000
9695,3104.801,00000000
9696,3066.439,00000000
9697,3085.111,00000000
9698,3096.779,00000000
9699,3134.347,00000000
9700,3124.337,00000000
9701,3107.189,00000000
9702,3061.817,00000000
9703,3067.965,00000000
9704,3073.304,00000000
9705,3189.534,00000000
9706,3090.973,00000000
9707,3080.687,00000000
9708,3087.610,00000000
9709,3064.738,00000000
9710,3073.983,00000000
9711,3159.862,00000000
9712,3096.801,00000000
9713,3066.620,00000000
9714,3076.913,00000000
9715,3089.915,00000000
9716,3163.893,00000000
9717,3115.557,00000000
9718,3098.755,00000000
9719,3056.461,00000000
9720,3059.291,00000000
9721,3070.137,00000000
9722,3203.864,00000000
9723,3098.798,00000000
9724,3087.855,00000000
9725,3090.202,00000000
9726,3073.907,00000000
9727,3059.639,00000000
9728,3146.989,00000000
9729,3120.742,00000000
9730,3064.430,00000000
9731,3066.626,00000000
9732,3079.062,00000000
9733,3172.264,00000000
9734,3134.981,00000000
9735,3105.240,00000000
9736,3089.657,00000000
9737,3063.931,00000000
9738,3079.608,00000000
9739,3190.261,00000000
9740,3094.534,00000000
9741,3079.130,00000000
9742,3089.822,00000000
9743,3058.805,00000000
9744,3054.769,00000000
9745,3147.108,00000000
9746,3117.617,00000000
9747,3071.678,00000000
9748,3079.262,00000000
9749,3110.443,00000000
9750,3058.132,00000000
9751,3142.476,00000000
9752,3112.884,00000000
9753,3062.270,00000000
9754,3070.700,00000000
9755,3086.333,00000000
9756,3129.076,00000000
9757,3125.475,00000000
9758,3125.908,00000000
9759,3067.590,00000000
9760,3063.837,00000000
9761,3084.068,00000000
9762,3169.751,00000000
9763,3107.826,00000000
9764,3090.299,00000000
9765,3070.752,00000000
9766,3057.816,00000000
9767,3070.204,00000000
9768,3186.965,00000000
9769,3114.733,00000000
9770,3111.929,00000000
9771,3110.575,00000000
9772,3067.993,00000000
9773,3072.522,00000000
9774,3184.770,00000000
9775,3094.692,00000000
9776,3076.878,00000000
9777,3087.536,00000000
9778,3046.707,00000000
9779,3056.763,00000000
9780,3170.839,00000000
9781,3082.217,00000000
9782,3094.459,00000000
9783,3097.280,00000000
9784,3059.837,00000000
9785,3066.435,00000000
9786,3153.567,00000000
9787,3089.547,00000000
9788,3059.231,00000000
9789,3084.619,00000000
9790,3088.261,00000000
9791,3060.902,00000000
9792,3140.246,00000000
9793,3117.423,00000000
9794,3088.639,00000000
9795,3082.452,00000000
9796,3095.779,00000000
9797,3100.980,00000000
9798,3091.347,00000000
9799,3051.246,00000000
9800,3038.939,00000000
9801,3040.344,00000000
9802,3036.420,00000000
9803,3173.497,00000000
9804,3094.023,00000000
9805,3078.622,00000000
9806,3114.767,00000000
9807,3071.049,00000000
9808,3062.340,00000000
9809,3160.656,00000000
9810,3115.646,00000000
9811,3062.982,00000000
9812,3062.009,00000000
9813,3081.068,00000000
9814,3132.169,00000000
9815,3122.387,00000000
9816,3105.796,00000000
9817,3056.839,00000000
9818,3090.087,00000000
9819,3083.123,00000000
9820,3193.665,00000000
9821,3096.940,00000000
9822,3081.074,00000000
9823,3088.579,00000000
9824,3058.936,00000000
9825,3059.581,00000000
9826,3152.601,00000000
9827,3099.784,00000000
9828,3070.954,00000000
9829,3088.358,00000000
9830,3120.886,00000000
9831,3174.397,00000000
9832,3118.599,00000000
9833,3097.854,00000000
9834,3059.368,00000000
9835,3058.864,00000000
9836,3069.517,00000000
9837,3187.239,00000000
9838,3094.389,00000000
9839,3082.116,00000000
9840,3088.856,00000000
9841,3076.642,00000000
9842,3082.867,00000000
9843,3154.076,00000000
9844,3111.946,00000000
9845,3063.859,00000000
9846,3064.369,00000000
9847,3076.469,00000000
9848,3169.522,00000000
9849,3123.534,00000000
9850,3102.681,00000000
9851,3084.295,00000000
9852,3061.370,00000000
9853,3070.688,00000000
9854,3215.461,00000000
9855,3094.906,00000000
9856,3081.394,00000000
9857,3090.624,00000000
9858,3061.527,00000000
9859,3057.512,00000000
9860,3151.476,00000000
9861,3112.455,00000000
9862,3068.502,00000000
9863,3079.821,00000000
9864,3096.055,00000000
9865,3059.846,00000000
9866,3167.557,00000000
9867,3123.526,00000000
9868,3064.848,00000000
9869,3078.765,00000000
9870,3092.817,00000000
9871,3132.299,00000000
9872,3123.417,00000000
9873,3106.557,00000000
9874,3056.877,00000000
9875,3061.361,00000000
9876,3078.344,00000000
9877,3164.559,00000000
9878,3132.987,00000000
9879,3103.378,00000000
9880,3076.675,00000000
9881,3058.286,00000000
9882,3072.199,00000000
9883,3184.220,00000000
9884,3095.557,00000000
9885,3083.606,00000000
9886,3098.704,00000000
9887,3055.913,00000000
9888,3064.817,00000000
9889,3195.580,00000000
9890,3099.808,00000000
9891,3088.176,00000000
9892,3087.072,00000000
9893,3044.780,00000000
9894,3055.539,00000000
9895,3168.713,00000000
9896,3081.093,00000000
9897,3073.074,00000000
9898,3083.269,00000000
9899,3054.351,00000000
9900,3059.819,00000000
9901,3149.252,00000000
9902,3102.545,00000000
9903,3078.651,00000000
9904,3075.709,00000000
9905,3089.655,00000000
9906,3078.412,00000000
9907,3124.530,00000000
9908,3105.209,00000000
9909,3080.237,00000000
9910,3074.467,00000000
9911,3085.118,00000000
9912,3133.630,00000000
9913,3091.055,00000000
9914,3052.680,00000000
9915,3056.388,00000000
9916,3044.213,00000000
9917,3034.356,00000000
9918,3171.243,00000000
9919,3089.991,00000000
9920,3075.572,00000000
9921,3088.465,00000000
9922,3081.823,00000000
9923,3055.891,00000000
9924,3136.607,00000000
9925,3108.295,00000000
9926,3061.040,00000000
9927,3078.323,00000000
9928,3085.124,00000000
9929,3171.375,00000000
9930,3118.166,00000000
9931,3101.646,00000000
9932,3063.165,00000000
9933,3059.751,00000000
9934,3071.612,00000000
9935,3183.968,00000000
9936,3086.647,00000000
9937,3075.234,00000000
9938,3078.752,00000000
9939,3081.421,00000000
9940,3061.166,00000000
9941,3149.007,00000000
9942,3109.354,00000000
9943,3068.520,00000000
9944,3078.692,00000000
9945,3093.026,00000000
9946,3177.023,00000000
9947,3109.431,00000000
9948,3093.846,00000000
9949,3078.037,00000000
9950,3062.986,00000000
9951,3088.913,00000000
9952,3192.712,00000000
9953,3095.407,00000000
9954,3081.114,00000000
9955,3089.024,00000000
9956,3082.314,00000000
9957,3056.380,00000000
9958,3140.885,00000000
9959,3107.271,00000000
9960,3061.749,00000000
9961,3062.878,00000000
9962,3081.156,00000000
9963,3189.720,00000000
9964,3117.507,00000000
9965,3102.568,00000000
9966,3091.811,00000000
9967,3059.557,00000000
9968,3073.836,00000000
9969,3196.999,00000000
9970,3093.112,00000000
9971,3077.476,00000000
9972,3091.679,00000000
9973,3060.875,00000000
9974,3055.971,00000000
9975,3172.905,00000000
9976,3110.561,00000000
9977,3071.808,00000000
9978,3077.951,00000000
9979,3093.872,00000000
9980,3064.846,00000000
9981,3142.510,00000000
9982,3114.589,00000000
9983,3060.633,00000000
9984,3065.778,00000000
9985,3084.057,00000000
9986,3117.957,00000000
9987,3147.828,00000000
9988,3116.711,00000000
9989,3081.534,00000000
9990,3079.258,00000000
9991,3088.068,00000000
9992,3175.429,00000000
9993,3107.660,00000000
9994,3086.221,00000000
9995,3060.151,00000000
9996,3053.582,00000000
9997,3065.595,00000000
9998,3182.792,00000000
9999,3120.278,00000000
10000,3094.930,00000000
10001,3104.759,00000000
10002,3067.796,00000000
10003,3070.502,00000000
10004,3186.623,00000000
10005,3091.718,00000000
10006,3076.974,00000000
10007,3084.690,00000000
10008,3047.074,00000000
10009,3072.420,00000000
10010,3183.888,00000000
10011,3120.860,00000000
10012,3087.444,00000000
10013,3092.361,00000000
10014,3059.888,00000000
10015,3066.047,00000000
10016,3152.787,00000000
10017,3091.927,00000000
10018,3061.290,00000000
10019,3071.192,00000000
10020,3080.951,00000000
10021,3059.955,00000000
10022,3131.385,00000000
10023,3140.901,00000000
10024,3073.479,00000000
10025,3074.426,00000000
10026,3092.552,00000000
10027,3122.961,00000000
10028,3092.861,00000000
10029,3068.926,00000000
10030,3045.772,00000000
10031,3040.177,00000000
10032,3038.086,00000000
10033,3179.370,00000000
10034,3089.908,00000000
10035,3106.063,00000000
10036,3099.054,00000000
10037,3075.631,00000000
10038,3057.842,00000000
10039,3140.331,00000000
10040,3109.026,00000000
10041,3058.201,00000000
10042,3065.131,00000000
10043,3079.548,00000000
10044,3152.531,00000000
10045,3119.282,00000000
10046,3106.896,00000000
10047,3091.373,00000000
10048,3079.338,00000000
10049,3090.787,00000000
10050,3198.463,00000000
10051,3095.635,00000000
10052,3083.087,00000000
10053,3086.704,00000000
10054,3066.222,00000000
10055,3057.949,00000000
10056,3149.169,00000000
10057,3107.400,00000000
10058,3069.979,00000000
10059,3104.838,00000000
10060,3099.260,00000000
10061,3182.093,00000000
10062,3118.675,00000000
10063,3097.543,00000000
10064,3068.741,00000000
10065,3057.201,00000000
10066,3067.317,00000000
10067,3186.273,00000000
10068,3092.181,00000000
10069,3096.779,00000000
10070,3099.439,00000000
10071,3105.982,00000000
10072,3077.258,00000000
10073,3155.191,00000000
10074,3117.437,00000000
10075,3069.086,00000000
10076,3068.995,00000000
10077,3081.297,00000000
10078,3173.405,00000000
10079,3116.442,00000000
10080,3102.034,00000000
10081,3092.888,00000000
10082,3064.550,00000000
10083,3079.152,00000000
10084,3199.139,00000000
10085,3092.841,00000000
10086,3084.091,00000000
10087,3089.687,00000000
10088,3067.335,00000000
10089,3068.382,00000000
10090,3159.561,00000000
10091,3114.440,00000000
10092,3071.951,00000000
10093,3079.045,00000000
10094,3096.373,00000000
10095,3059.614,00000000
10096,3150.509,00000000
10097,3117.321,00000000
10098,3063.683,00000000
10099,3068.511,00000000
10100,3080.673,00000000
10101,3134.226,00000000
10102,3120.526,00000000
10103,3101.927,00000000
10104,3056.201,00000000
10105,3063.870,00000000
10106,3081.811,00000000
10107,3167.154,00000000
10108,3117.863,00000000
10109,3106.771,00000000
10110,3085.857,00000000
10111,3059.383,00000000
10112,3070.566,00000000
10113,3186.415,00000000
10114,3089.943,00000000
10115,3083.837,00000000
10116,3098.139,00000000
10117,3060.036,00000000
10118,3067.711,00000000
10119,3179.735,00000000
10120,3097.987,00000000
10121,3080.459,00000000
10122,3082.672,00000000
10123,3049.487,00000000
10124,3058.968,00000000
10125,3172.987,00000000
10126,3088.670,00000000
10127,3078.492,00000000
10128,3087.650,00000000
10129,3075.425,00000000
10130,3068.602,00000000
10131,3155.597,00000000
10132,3122.754,00000000
10133,3070.362,00000000
10134,3075.162,00000000
10135,3088.007,00000000
10136,3077.882,00000000
10137,3123.698,00000000
10138,3106.216,00000000
10139,3058.647,00000000
10140,3065.348,00000000
10141,3080.964,00000000
10142,3131.351,00000000
10143,3089.483,00000000
10144,3071.132,00000000
10145,3047.609,00000000
10146,3040.387,00000000
10147,3036.622,00000000
10148,3173.523,00000000
10149,3096.892,00000000
10150,3084.533,00000000
10151,3089.973,00000000
10152,3081.387,00000000
10153,3058.162,00000000
10154,3141.577,00000000
10155,3110.177,00000000
10156,3082.809,00000000
10157,3069.277,00000000
10158,3083.340,00000000
10159,3157.790,00000000
10160,3113.512,00000000
10161,3100.125,00000000
10162,3068.412,00000000
10163,3064.729,00000000
10164,3074.091,00000000
10165,3189.366,00000000
10166,3092.205,00000000
10167,3077.600,00000000
10168,3109.651,00000000
10169,3075.195,00000000
10170,3065.500,00000000
10171,3160.290,00000000
10172,3105.694,00000000
10173,3074.968,00000000
10174,3079.725,00000000
10175,3092.474,00000000
10176,3171.944,00000000
10177,3117.172,00000000
10178,3095.001,00000000
10179,3064.679,00000000
10180,3080.210,00000000
10181,3074.853,00000000
10182,3191.590,00000000
10183,3094.029,00000000
10184,3082.507,00000000
10185,3088.956,00000000
10186,3088.896,00000000
10187,3064.347,00000000
10188,3146.935,00000000
10189,3117.414,00000000
10190,3070.322,00000000
10191,3068.823,00000000
10192,3112.406,00000000
10193,3183.900,00000000
10194,3115.814,00000000
10195,3101.426,00000000
10196,3094.858,00000000
10197,3058.763,00000000
10198,3073.823,00000000
10199,3187.220,00000000
10200,3092.624,00000000
10201,3080.098,00000000
10202,3091.878,00000000
10203,3070.291,00000000
10204,3085.319,00000000
10205,3157.623,00000000
10206,3114.412,00000000
10207,3068.732,00000000
10208,3073.800,00000000
10209,3093.659,00000000
10210,3065.415,00000000
10211,3134.442,00000000
10212,3111.315,00000000
10213,3060.163,00000000
10214,3067.868,00000000
10215,3084.389,00000000
10216,3168.863,00000000
10217,3129.685,00000000
10218,3108.744,00000000
10219,3063.872,00000000
10220,3070.232,00000000
10221,3086.251,00000000
10222,3173.036,00000000
10223,3110.457,00000000
10224,3093.425,00000000
10225,3081.445,00000000
10226,3056.288,00000000
10227,3066.698,00000000
10228,3218.397,00000000
10229,3107.497,00000000
10230,3091.966,00000000
10231,3101.331,00000000
10232,3058.752,00000000
10233,3064.469,00000000
10234,3178.329,00000000
10235,3087.218,00000000
10236,3076.287,00000000
10237,3085.872,00000000
10238,3051.908,00000000
10239,3062.627,00000000
10240,3199.656,00000000
10241,3103.003,00000000
10242,3081.317,00000000
10243,3083.513,00000000
10244,3072.823,00000000
10245,3059.545,00000000
10246,3142.917,00000000
10247,3107.370,00000000
10248,3061.242,00000000
10249,3064.023,00000000
10250,3090.330,00000000
10251,3091.954,00000000
10252,3152.519,00000000
10253,3122.898,00000000
10254,3068.305,00000000
10255,3073.936,00000000
10256,3092.262,00000000
10257,3153.117,00000000
10258,3090.171,00000000
10259,3050.036,00000000
10260,3038.748,00000000
10261,3036.598,00000000
10262,3036.405,00000000
10263,3170.405,00000000
10264,3095.332,00000000
10265,3090.398,00000000
10266,3090.323,00000000
10267,3097.128,00000000
10268,3061.006,00000000
10269,3142.022,00000000
10270,3127.102,00000000
10271,3068.582,00000000
10272,3064.911,00000000
10273,3076.643,00000000
10274,3167.888,00000000
10275,3117.916,00000000
10276,3101.594,00000000
10277,3097.373,00000000
10278,3068.819,00000000
10279,3077.928,00000000
10280,3191.637,00000000
10281,3094.741,00000000
10282,3077.505,00000000
10283,3080.407,00000000
10284,3082.942,00000000
10285,3056.864,00000000
10286,3146.514,00000000
10287,3116.833,00000000
10288,3064.808,00000000
10289,3089.166,00000000
10290,3103.246,00000000
10291,3185.627,00000000
10292,3112.885,00000000
10293,3098.530,00000000
10294,3087.659,00000000
10295,3059.125,00000000
10296,3068.451,00000000
10297,3179.139,00000000
10298,3088.490,00000000
10299,3076.971,00000000
10300,3083.845,00000000
10301,3105.540,00000000
10302,3069.604,00000000
10303,3137.495,00000000
10304,3112.882,00000000
10305,3065.678,00000000
10306,3065.660,00000000
10307,3079.417,00000000
10308,3169.900,00000000
10309,3110.444,00000000
10310,3102.711,00000000
10311,3095.666,00000000
10312,3059.465,00000000
10313,3084.802,00000000
10314,3183.013,00000000
10315,3087.761,00000000
10316,3080.001,00000000
10317,3085.189,00000000
10318,3088.495,00000000
10319,3052.634,00000000
10320,3137.649,00000000
10321,3114.710,00000000
10322,3064.025,00000000
10323,3075.943,00000000
10324,3094.063,00000000
10325,3103.724,00000000
10326,3137.132,00000000
10327,3111.007,00000000
10328,3058.076,00000000
10329,3059.291,00000000
10330,3086.308,00000000
10331,3161.888,00000000
10332,3114.656,00000000
10333,3100.012,00000000
10334,3058.807,00000000
10335,3061.490,00000000
10336,3080.824,00000000
10337,3191.323,00000000
10338,3107.477,00000000
10339,3088.243,00000000
10340,3086.441,00000000
10341,3053.309,00000000
10342,3069.066,00000000
10343,3184.152,00000000
10344,3090.445,00000000
10345,3080.149,00000000
10346,3091.360,00000000
10347,3057.135,00000000
10348,3064.495,00000000
10349,3191.600,00000000
10350,3096.436,00000000
10351,3075.980,00000000
10352,3080.090,00000000
10353,3056.733,00000000
10354,3055.271,00000000
10355,3162.323,00000000
10356,3078.042,00000000
10357,3070.397,00000000
10358,3077.924,00000000
10359,3083.428,00000000
10360,3056.432,00000000
10361,3164.631,00000000
10362,3120.687,00000000
10363,3065.993,00000000
10364,3071.829,00000000
10365,3085.987,00000000
10366,3124.623,00000000
10367,3116.320,00000000
10368,3100.084,00000000
10369,3063.185,00000000
10370,3076.209,00000000
10371,3089.633,00000000
10372,3154.484,00000000
10373,3115.375,00000000
10374,3064.893,00000000
10375,3044.259,00000000
10376,3038.474,00000000
10377,3031.688,00000000
10378,3168.502,00000000
10379,3086.824,00000000
10380,3076.149,00000000
10381,3086.173,00000000
10382,3088.636,00000000
10383,3060.246,00000000
10384,3140.439,00000000
10385,3139.209,00000000
10386,3073.529,00000000
10387,3065.862,00000000
10388,3081.397,00000000
10389,3169.243,00000000
10390,3122.157,00000000
10391,3106.104,00000000
10392,3069.590,00000000
10393,3065.049,00000000
10394,3076.883,00000000
10395,3196.440,00000000
10396,3095.401,00000000
10397,3105.294,00000000
10398,3096.164,00000000
10399,3069.045,00000000
10400,3055.149,00000000
10401,3146.009,00000000
10402,3112.076,00000000
10403,3065.906,00000000
10404,3072.565,00000000
10405,3087.275,00000000
10406,3167.192,00000000
10407,3111.696,00000000
10408,3093.127,00000000
10409,3102.427,00000000
10410,3073.399,00000000
10411,3075.672,00000000
10412,3188.882,00000000
10413,3093.590,00000000
10414,3081.572,00000000
10415,3088.613,00000000
10416,3077.263,00000000
10417,3058.484,00000000
10418,3146.021,00000000
10419,3108.451,00000000
10420,3058.546,00000000
10421,3089.698,00000000
10422,3092.238,00000000
10423,3176.094,00000000
10424,3114.549,00000000
10425,3096.872,00000000
10426,3089.814,00000000
10427,3062.187,00000000
10428,3074.694,00000000
10429,3187.122,00000000
10430,3098.519,00000000
10431,3083.272,00000000
10432,3087.679,00000000
10433,3083.891,00000000
10434,3069.334,00000000
10435,3152.927,00000000
10436,3108.720,00000000
10437,3069.124,00000000
10438,3077.780,00000000
10439,3096.438,00000000
10440,3057.165,00000000
10441,3138.352,00000000
10442,3114.094,00000000
10443,3061.931,00000000
10444,3065.506,00000000
10445,3093.685,00000000
10446,3140.155,00000000
10447,3122.442,00000000
10448,3104.667,00000000
10449,3055.803,00000000
10450,3071.245,00000000
10451,3087.558,00000000
10452,3172.895,00000000
10453,3102.459,00000000
10454,3085.564,00000000
10455,3068.512,00000000
10456,3055.178,00000000
10457,3070.079,00000000
10458,3201.998,00000000
10459,3105.019,00000000
10460,3091.554,00000000
10461,3100.759,00000000
10462,3063.643,00000000
10463,3072.443,00000000
10464,3181.836,00000000
10465,3090.730,00000000
10466,3077.760,00000000
10467,3085.528,00000000
10468,3049.528,00000000
10469,3057.463,00000000
10470,3201.848,00000000
10471,3096.572,00000000
10472,3080.340,00000000
10473,3087.302,00000000
10474,3061.212,00000000
10475,3066.099,00000000
10476,3152.483,00000000
10477,3094.172,00000000
10478,3061.781,00000000
10479,3068.129,00000000
10480,3082.935,00000000
10481,3065.992,00000000
10482,3145.786,00000000
10483,3116.744,00000000
10484,3063.790,00000000
10485,3073.536,00000000
10486,3090.244,00000000
10487,3127.075,00000000
10488,3093.060,00000000
10489,3055.370,00000000
10490,3049.294,00000000
10491,3035.200,00000000
10492,3034.953,00000000
10493,3175.410,00000000
10494,3110.875,00000000
10495,3087.940,00000000
10496,3091.434,00000000
10497,3071.531,00000000
10498,3060.240,00000000
10499,3145.983,00000000
10500,3108.078,00000000
10501,3060.727,00000000
10502,3066.766,00000000
10503,3083.343,00000000
10504,3144.428,00000000
10505,3119.259,00000000
10506,3122.796,00000000
10507,3066.772,00000000
10508,3067.472,00000000
10509,3071.308,00000000
10510,3201.317,00000000
10511,3097.696,00000000
10512,3079.909,00000000
10513,3088.148,00000000
10514,3055.872,00000000
10515,3060.180,00000000
10516,3158.403,00000000
10517,3105.815,00000000
10518,3094.616,00000000
10519,3088.155,00000000
10520,3095.487,00000000
10521,3176.610,00000000
10522,3118.121,00000000
10523,3099.755,00000000
10524,3066.993,00000000
10525,3059.249,00000000
10526,3068.385,00000000
10527,3184.885,00000000
10528,3091.770,00000000
10529,3076.168,00000000
10530,3118.450,00000000
10531,3091.285,00000000
10532,3062.427,00000000
10533,3147.400,00000000
10534,3108.103,00000000
10535,3061.865,00000000
10536,3069.302,00000000
10537,3081.319,00000000
10538,3173.561,00000000
10539,3110.850,00000000
10540,3101.423,00000000
10541,3086.346,00000000
10542,3083.721,00000000
10543,3077.396,00000000
10544,3183.406,00000000
10545,3090.797,00000000
10546,3075.762,00000000
10547,3081.738,00000000
10548,3062.552,00000000
10549,3056.297,00000000
10550,3159.420,00000000
10551,3112.989,00000000
10552,3067.385,00000000
10553,3076.513,00000000
10554,3120.034,00000000
10555,3071.800,00000000
10556,3141.985,00000000
10557,3112.999,00000000
10558,3060.901,00000000
10559,3066.813,00000000
10560,3085.731,00000000
10561,3138.971,00000000
10562,3121.722,00000000
10563,3106.473,00000000
10564,3061.042,00000000
10565,3065.430,00000000
10566,3109.839,00000000
10567,3179.176,00000000
10568,3110.208,00000000
10569,3091.786,00000000
10570,3085.268,00000000
10571,3059.594,00000000
10572,3072.500,00000000
10573,3191.162,00000000
10574,3097.829,00000000
10575,3084.417,00000000
10576,3094.401,00000000
10577,3055.063,00000000
10578,3092.045,00000000
10579,3196.229,00000000
10580,3089.975,00000000
10581,3077.966,00000000
10582,3087.103,00000000
10583,3047.875,00000000
10584,3061.673,00000000
10585,3169.756,00000000
10586,3083.884,00000000
10587,3069.490,00000000
10588,3080.661,00000000
10589,3052.068,00000000
10590,3092.944,00000000
10591,3162.208,00000000
10592,3109.405,00000000
10593,3065.752,00000000
10594,3073.447,00000000
10595,3088.106,00000000
10596,3077.226,00000000
10597,3128.945,00000000
10598,3109.463,00000000
10599,3064.134,00000000
10600,3067.376,00000000
10601,3083.498,00000000
10602,3159.795,00000000
10603,3106.632,00000000
10604,3055.564,00000000
10605,3039.583,00000000
10606,3038.579,00000000
10607,3034.422,00000000
10608,3173.916,00000000
10609,3086.768,00000000
10610,3091.930,00000000
10611,3094.889,00000000
10612,3084.174,00000000
10613,3062.083,00000000
10614,3170.247,00000000
10615,3123.182,00000000
10616,3066.485,00000000
10617,3066.521,00000000
10618,3083.620,00000000
10619,3154.916,00000000
10620,3115.616,00000000
10621,3101.155,00000000
10622,3065.347,00000000
10623,3062.695,00000000
10624,3074.044,00000000
10625,3187.664,00000000
10626,3098.252,00000000
10627,3088.264,00000000
10628,3091.918,00000000
10629,3065.866,00000000
10630,3067.858,00000000
10631,3154.980,00000000
10632,3114.519,00000000
10633,3071.015,00000000
10634,3076.354,00000000
10635,3087.731,00000000
10636,3174.154,00000000
10637,3112.342,00000000
10638,3098.454,00000000
10639,3092.446,00000000
10640,3064.765,00000000
10641,3069.699,00000000
10642,3183.126,00000000
10643,3097.883,00000000
10644,3084.171,00000000
10645,3091.830,00000000
10646,3092.356,00000000
10647,3061.129,00000000
10648,3142.974,00000000
10649,3113.418,00000000
10650,3069.255,00000000
10651,3087.455,00000000
10652,3090.334,00000000
10653,3172.925,00000000
10654,3113.878,00000000
10655,3099.636,00000000
10656,3095.030,00000000
10657,3063.043,00000000
10658,3073.824,00000000
10659,3187.162,00000000
10660,3091.925,00000000
10661,3077.003,00000000
10662,3089.031,00000000
10663,3084.332,00000000
10664,3065.994,00000000
10665,3146.835,00000000
10666,3110.808,00000000
10667,3069.125,00000000
10668,3076.929,00000000
10669,3091.260,00000000
10670,3066.543,00000000
10671,3138.437,00000000
10672,3112.729,00000000
10673,3059.166,00000000
10674,3067.940,00000000
10675,3101.249,00000000
10676,3144.712,00000000
10677,3120.583,00000000
10678,3102.226,00000000
10679,3057.057,00000000
10680,3066.288,00000000
10681,3075.380,00000000
10682,3169.293,00000000
10683,3107.309,00000000
10684,3091.205,00000000
10685,3077.779,00000000
10686,3057.756,00000000
10687,3090.083,00000000
10688,3194.629,00000000
10689,3099.093,00000000
10690,3098.932,00000000
10691,3103.575,00000000
10692,3061.021,00000000
10693,3067.080,00000000
10694,3178.371,00000000
10695,3088.108,00000000
10696,3076.234,00000000
10697,3085.134,00000000
10698,3051.447,00000000
10699,3084.125,00000000
10700,3176.494,00000000
10701,3089.997,00000000
10702,3075.967,00000000
10703,3089.091,00000000
10704,3067.774,00000000
10705,3066.843,00000000
10706,3147.147,00000000
10707,3103.218,00000000
10708,3062.018,00000000
10709,3069.942,00000000
10710,3099.979,00000000
10711,3107.891,00000000
10712,3136.753,00000000
10713,3113.076,00000000
10714,3065.259,00000000
10715,3071.456,00000000
10716,3089.793,00000000
10717,3141.135,00000000
10718,3090.241,00000000
10719,3049.146,00000000
10720,3035.994,00000000
10721,3033.212,00000000
10722,3033.814,00000000
10723,3193.915,00000000
10724,3096.388,00000000
10725,3080.379,00000000
10726,3088.808,00000000
10727,3091.503,00000000
10728,3060.253,00000000
10729,3143.925,00000000
10730,3128.520,00000000
10731,3069.647,00000000
10732,3067.955,00000000
10733,3081.985,00000000
10734,3165.431,00000000
10735,3141.755,00000000
10736,3108.488,00000000
10737,3072.564,00000000
10738,3060.847,00000000
10739,3071.211,00000000
10740,3188.468,00000000
10741,3090.584,00000000
10742,3078.245,00000000
10743,3086.212,00000000
10744,3077.217,00000000
10745,3055.516,00000000
10746,3144.818,00000000
10747,3142.347,00000000
10748,3075.236,00000000
10749,3079.043,00000000
10750,3101.997,00000000
10751,3178.100,00000000
10752,3114.124,00000000
10753,3092.708,00000000
10754,3080.551,00000000
10755,3057.774,00000000
10756,3068.184,00000000
10757,3184.690,00000000
10758,3091.467,00000000
10759,3106.799,00000000
10760,3096.502,00000000
10761,3096.629,00000000
10762,3065.378,00000000
10763,3140.306,00000000
10764,3111.008,00000000
10765,3061.554,00000000
10766,3062.071,00000000
10767,3074.722,00000000
10768,3163.354,00000000
10769,3105.953,00000000
10770,3105.018,00000000
10771,3130.094,00000000
10772,3074.401,00000000
10773,3074.844,00000000
10774,3180.209,00000000
10775,3084.050,00000000
10776,3075.535,00000000
10777,3081.019,00000000
10778,3083.234,00000000
10779,3055.393,00000000
10780,3139.576,00000000
10781,3115.910,00000000
10782,3070.887,00000000
10783,3107.765,00000000
10784,3105.771,00000000
10785,3078.831,00000000
10786,3132.007,00000000
10787,3103.325,00000000
10788,3057.398,00000000
10789,3060.048,00000000
10790,3095.118,00000000
10791,3167.560,00000000
10792,3119.606,00000000
10793,3100.703,00000000
10794,3057.371,00000000
10795,3092.605,00000000
10796,3093.609,00000000
10797,3171.990,00000000
10798,3102.530,00000000
10799,3084.197,00000000
10800,3085.515,00000000
10801,3052.337,00000000
10802,3066.717,00000000
10803,3185.221,00000000
10804,3092.693,00000000
10805,3079.619,00000000
10806,3090.266,00000000
10807,3077.727,00000000
10808,3076.838,00000000
10809,3175.780,00000000
10810,3093.198,00000000
10811,3077.455,00000000
10812,3084.472,00000000
10813,3044.991,00000000
10814,3057.240,00000000
10815,3165.152,00000000
10816,3083.199,00000000
10817,3075.999,00000000
10818,3081.990,00000000
10819,3075.623,00000000
10820,3067.486,00000000
10821,3151.074,00000000
10822,3111.070,00000000
10823,3068.956,00000000
10824,3064.313,00000000
10825,3085.394,00000000
10826,3095.450,00000000
10827,3123.148,00000000
10828,3107.667,00000000
10829,3059.252,00000000
10830,3080.826,00000000
10831,3091.438,00000000
10832,3155.332,00000000
10833,3096.067,00000000
10834,3055.036,00000000
10835,3033.260,00000000
10836,3032.177,00000000
10837,3035.972,00000000
10838,3168.489,00000000
10839,3089.609,00000000
10840,3082.781,00000000
10841,3087.498,00000000
10842,3086.030,00000000
10843,3060.764,00000000
10844,3153.677,00000000
10845,3114.313,00000000
10846,3062.428,00000000
10847,3064.675,00000000
10848,3080.452,00000000
10849,3164.269,00000000
10850,3130.740,00000000
10851,3107.201,00000000
10852,3074.635,00000000
10853,3060.802,00000000
10854,3071.832,00000000
10855,3187.743,00000000
10856,3105.714,00000000
10857,3083.605,00000000
10858,3087.322,00000000
10859,3075.292,00000000
10860,3052.065,00000000
10861,3143.046,00000000
10862,3107.283,00000000
10863,3071.725,00000000
10864,3074.842,00000000
10865,3087.608,00000000
10866,3174.208,00000000
10867,3111.303,00000000
10868,3109.985,00000000
10869,3088.740,00000000
10870,3068.434,00000000
10871,3067.384,00000000
10872,3182.142,00000000
10873,3089.521,00000000
10874,3082.819,00000000
10875,3088.042,00000000
10876,3092.479,00000000
10877,3063.775,00000000
10878,3136.974,00000000
10879,3113.198,00000000
10880,3082.072,00000000
10881,3072.932,00000000
10882,3084.024,00000000
10883,3170.535,00000000
10884,3113.630,00000000
10885,3096.040,00000000
10886,3096.631,00000000
10887,3058.613,00000000
10888,3065.701,00000000
10889,3178.497,00000000
10890,3099.072,00000000
10891,3080.292,00000000
10892,3104.982,00000000
10893,3088.844,00000000
10894,3054.905,00000000
10895,3144.129,00000000
10896,3116.917,00000000
10897,3068.500,00000000
10898,3074.026,00000000
10899,3096.050,00000000
10900,3069.896,00000000
10901,3125.630,00000000
10902,3108.279,00000000
10903,3059.028,00000000
10904,3086.177,00000000
10905,3093.529,00000000
10906,3160.687,00000000
10907,3121.134,00000000
10908,3103.248,00000000
10909,3058.640,00000000
10910,3074.686,00000000
10911,3085.371,00000000
10912,3168.969,00000000
10913,3110.417,00000000
10914,3088.574,00000000
10915,3086.004,00000000
10916,3080.068,00000000
10917,3073.318,00000000
10918,3191.367,00000000
10919,3097.459,00000000
10920,3084.803,00000000
10921,3097.207,00000000
10922,3063.756,00000000
10923,3068.126,00000000
10924,3177.679,00000000
10925,3087.179,00000000
10926,3073.789,00000000
10927,3078.571,00000000
10928,3071.836,00000000
10929,3063.774,00000000
10930,3183.741,00000000
10931,3096.499,00000000
10932,3079.033,00000000
10933,3083.342,00000000
10934,3069.090,00000000
10935,3060.597,00000000
10936,3152.188,00000000
10937,3100.356,00000000
10938,3064.727,00000000
10939,3070.252,00000000
10940,3108.552,00000000
10941,3096.177,00000000
10942,3128.677,00000000
10943,3109.715,00000000
10944,3062.205,00000000
10945,3072.667,00000000
10946,3090.194,00000000
10947,3149.261,00000000
10948,3093.178,00000000
10949,3056.737,00000000
10950,3057.199,00000000
10951,3042.273,00000000
10952,3063.038,00000000
10953,3187.728,00000000
10954,3093.414,00000000
10955,3080.669,00000000
10956,3086.763,00000000
10957,3084.184,00000000
10958,3054.894,00000000
10959,3139.689,00000000
10960,3112.671,00000000
10961,3065.874,00000000
10962,3068.317,00000000
10963,3083.371,00000000
10964,3195.835,00000000
10965,3129.502,00000000
10966,3104.932,00000000
10967,3078.788,00000000
10968,3056.893,00000000
10969,3074.122,00000000
10970,3207.304,00000000
10971,3101.104,00000000
10972,3081.163,00000000
10973,3089.718,00000000
10974,3084.931,00000000
10975,3053.657,00000000
10976,3172.910,00000000
10977,3128.237,00000000
10978,3071.790,00000000
10979,3080.417,00000000
10980,3088.538,00000000
10981,3171.840,00000000
10982,3109.545,00000000
10983,3090.371,00000000
10984,3085.361,00000000
10985,3056.370,00000000
10986,3067.857,00000000
10987,3179.649,00000000
10988,3115.909,00000000
10989,3089.971,00000000
10990,3107.269,00000000
10991,3099.478,00000000
10992,3066.920,00000000
10993,3131.126,00000000
10994,3111.310,00000000
10995,3058.290,00000000
10996,3062.263,00000000
10997,3078.401,00000000
10998,3167.851,00000000
10999,3104.699,00000000
11000,3107.455,00000000
11001,3101.591,00000000
11002,3060.330,00000000
11003,3068.402,00000000
11004,3172.301,00000000
11005,3080.948,00000000
11006,3070.747,00000000
11007,3081.396,00000000
11008,3091.091,00000000
11009,3054.936,00000000
11010,3151.433,00000000
11011,3117.727,00000000
11012,3066.817,00000000
11013,3087.210,00000000
11014,3097.818,00000000
11015,3092.858,00000000
11016,3125.854,00000000
11017,3106.612,00000000
11018,3056.534,00000000
11019,3060.673,00000000
11020,3081.744,00000000
11021,3167.205,00000000
11022,3115.135,00000000
11023,3100.012,00000000
11024,3058.087,00000000
11025,3081.145,00000000
11026,3083.712,00000000
11027,3180.072,00000000
11028,3097.364,00000000
11029,3085.164,00000000
11030,3102.688,00000000
11031,3056.611,00000000
11032,3069.743,00000000
11033,3179.565,00000000
11034,3086.300,00000000
11035,3081.235,00000000
11036,3091.564,00000000
11037,3070.619,00000000
11038,3072.653,00000000
11039,3168.295,00000000
11040,3087.412,00000000
11041,3072.472,00000000
11042,3079.183,00000000
11043,3062.871,00000000
11044,3056.043,00000000
11045,3156.191,00000000
11046,3080.642,00000000
11047,3067.639,00000000
11048,3075.406,00000000
11049,3106.770,00000000
11050,3081.098,00000000
11051,3152.084,00000000
11052,3119.857,00000000
11053,3061.541,00000000
11054,3064.682,00000000
11055,3082.453,00000000
11056,3128.820,00000000
11057,3118.853,00000000
11058,3099.627,00000000
11059,3059.882,00000000
11060,3064.830,00000000
11061,3102.728,00000000
11062,3174.528,00000000
11063,3090.976,00000000
11064,3053.679,00000000
11065,3037.702,00000000
11066,3035.276,00000000
11067,3035.212,00000000
11068,3161.530,00000000
11069,3084.280,00000000
11070,3093.240,00000000
11071,3093.918,00000000
11072,3100.957,00000000
11073,3097.766,00000000
11074,3134.412,00000000
11075,3109.447,00000000
11076,3058.133,00000000
11077,3060.221,00000000
11078,3078.199,00000000
11079,3171.088,00000000
11080,3117.701,00000000
11081,3095.818,00000000
11082,3090.155,00000000
11083,3062.455,00000000
11084,3070.951,00000000
11085,3202.574,00000000
11086,3091.616,00000000
11087,3073.075,00000000
11088,3075.275,00000000
11089,3089.521,00000000
11090,3078.903,00000000
11091,3147.049,00000000
11092,3116.783,00000000
11093,3066.955,00000000
11094,3074.187,00000000
11095,3084.995,00000000
11096,3170.105,00000000
11097,3129.715,00000000
11098,3097.955,00000000
11099,3099.285,00000000
11100,3053.943,00000000
11101,3063.473,00000000
11102,3170.077,00000000
11103,3082.386,00000000
11104,3075.036,00000000
11105,3075.256,00000000
11106,3092.246,00000000
11107,3095.947,00000000
11108,3131.322,00000000
11109,3137.440,00000000
11110,3086.387,00000000
11111,3074.938,00000000
11112,3080.622,00000000
11113,3174.485,00000000
11114,3104.403,00000000
11115,3091.081,00000000
11116,3097.301,00000000
11117,3055.557,00000000
11118,3067.845,00000000
11119,3166.830,00000000
11120,3085.268,00000000
11121,3100.917,00000000
11122,3096.301,00000000
11123,3099.764,00000000
11124,3073.767,00000000
11125,3128.695,00000000
11126,3112.356,00000000
11127,3066.004,00000000
11128,3070.564,00000000
11129,3093.818,00000000
11130,3116.785,00000000
11131,3132.006,00000000
11132,3109.313,00000000
11133,3085.879,00000000
11134,3070.198,00000000
11135,3081.458,00000000
11136,3170.065,00000000
11137,3119.090,00000000
11138,3103.248,00000000
11139,3058.356,00000000
11140,3068.116,00000000
11141,3078.065,00000000
11142,3171.119,00000000
11143,3095.451,00000000
11144,3081.221,00000000
11145,3117.953,00000000
11146,3068.051,00000000
11147,3074.173,00000000
11148,3187.887,00000000
