:020000040100F9
:10880000F07800219D510201B3DC0201895102017F
:1088100089510201895102018951020100000000C1
:1088200000000000000000000000000001530201F1
:108830008951020100000000995202018951020190
:10884000B9540201B9540201B9540201B9540201E8
:10885000B9540201B9540201B9540201B9540201D8
:108860005FE20201B9540201B9540201B954020194
:108870002BE20201B9540201B9540201B9540201B8
:10888000B954020145E20201B9540201B95402018E
:10889000B9540201B9540201B9540201B954020198
:1088A000B9540201B9540201B9540201B954020188
:1088B000B9540201B9540201000000000000000098
:1088C00000000000000000000000000000000000A8
:1088D0000000000000000000000000000000000098
:1088E0000000000000000000000000000000000088
:1088F0000000000000000000000000000000000078
:108900000000000000000000000000000000000067
:108910000000000000000000000000000000000057
:108920000000000000000000000000000000000047
:108930000000000000000000000000000000000037
:108940000000000000000000000000000000000027
:108950000000000000000000000000000000000017
:108960000000000000000000000000000000000007
:1089700000000000000000000000000000000000F7
:1089800000000000000000000000000000000000E7
:1089900000000000000000000000000000000000D7
:1089A00000000000000000000000000000000000C7
:1089B00000000000000000000000000000000000B7
:1089C00000000000000000000000000000000000A7
:1089D0000000000000000000000000000000000097
:1089E0000000000000000000000000000000000087
:1089F0000000000000000000000000000000000077
:108A0000DEE61E284CBBCE8F023500003C00000085
:108A1000B89A0200010000000088000100880001EF
:108A2000FFFF0291000000000000000000000000B5
:0C8A30000000000000000000000000003A
:108A3C00084B1B78002B4FF00003836018BF0222F9
:108A4C00036008BF0122044B4360FF23C271037211
:108A5C00704700BFD809002128010800064A074BBF
:108A6C009B7802604FF41272C3710023828008223B
:108A7C0003728271704700BF433A0201D80900218A
:108A8C00064A074BDB7802604FF43272C371002345
:108A9C008280082203728271704700BF593802012C
:108AAC00D8090021064A074B1B7902604FF4B472B7
:108ABC00C371FF238280082203728271704700BF4A
:108ACC0013340201D80900212DE9F341C41D0028FB
:108ADC00064624F007040CBF0020204600F040FDA1
:108AEC00071E04DA6FF00B0002B0BDE8F0810EB97E
:108AFC00FC42F7D4364D6989288903316B7B0330EE
:108B0C002A7B89B280B217F013F80028EADB3C44C8
:108B1C00A978EB78002E04F10304194424F0030423
:108B2C0000FB01F10CBF0020204600F0A3FE204406
:108B3C000EB90028D6DB2B790446B3B1697D1944F4
:108B4C006B791944FF29CDDC0330002E2A8AC9B277
:108B5C0020F003040CBF0020204600F0FBFE002890
:108B6C00C0DB04440EB9002CBCDB012000F0EEFC91
:108B7C00C8B1A97BB9B195F82C300734002B24F07F
:108B8C00070415BF402325234FF481722822002EA1
:108B9C0014BF2046002006F03DFC0028A2DB044454
:108BAC000EB9002C9EDBAB7CDBB12B7993B1073477
:108BBC00002EA97C24F007040CBF002020460CF0EA
:108BCC00C5FF00288EDB04445EB9002C09DA89E766
:108BDC00D8090021012000F0B9FC10B1AB7B002BAF
:108BEC00E5D1724B1B6893B1A97981B10334002E86
:108BFC00EA7C24F003040CBF002020469847002890
:108C0C00FFF670AF044416B9002CFFF66BAF684B3F
:108C1C001B688BB1297D79B10334002E24F0030439
:108C2C000CBF0020204698470028FFF65BAF044499
:108C3C0016B9002CFFF656AF5E4B1F68B7B1697DB5
:108C4C00A1B10334002E2B7E24F0030408BF0020B6
:108C5C00009318BF2046EB7DAA7DB8470028FFF68D
:108C6C0041AF044416B9002CFFF63CAF072000F0CE
:108C7C006DFC98B1A97989B10334002EAA7E24F039
:108C8C0003040CBF0020204600F052FF0028FFF622
:108C9C0029AF044416B9002CFFF624AFB6FA86F7B8
:108CAC0095F825007F09A0B10334EB7F297F24F0D0
:108CBC00070419443B4644F00404C9B2224600F0B0
:108CCC0079FF0028FFF60EAF044416B9002CFFF60E
:108CDC0009AF95F82610002959D00734002E2A8D9B
:108CEC0024F007080CBF0020404616F036FF041E87
:108CFC00FFF6F8AE444416B9002CFFF6F3AE1EB1E5
:108D0C00298D404612F0DCF995F82010002940D04E
:108D1C0095F82430002B3CD06A8C0734002E24F0BC
:108D2C00070802F124020CBF0020404692B216F054
:108D3C0014FF041EFFF6D6AE444416B9002CFFF601
:108D4C00D1AE0334AB7F297F24F0070495F82400BF
:108D5C0019443B4644F00404C9B2224600F01CFFFF
:108D6C000028FFF6BFAE044416B9002CFFF6BAAECD
:108D7C003EB16A8C404695F82010083292B212F03F
:108D8C00A5F92B6B5BB176B12C630020ACE6884661
:108D9C00B5E7002EF5D0002211461046EFE7002E65
:108DAC00F3D12046A0E62834FBD59BE658000021E1
:108DBC00600000215C0000211FB572B6194B5D6B81
:108DCC00E5B9BFF34F8F1849184BCA6802F4E0623B
:108DDC001343CB60BFF34F8F00BFFDE7B4FBF6F43A
:108DEC00D3B20132002CF9D103F110026A4402F81B
:108DFC000C4C0A2233B901A8A847E2E7044600222A
:108E0C000A26EDE7013BDBB203F110040DEB04067F
:108E1C00B0FBF2F402FB1400303006F80C0C2046C8
:108E2C00E8E700BFD809002100ED00E00400FA05D6
:108E3C0013B5114C6846637B8DF80130237B8DF89C
:108E4C0000306389ADF804302389ADF802300AF0A4
:108E5C00F1FB18B1DB210320FFF7AEFF207E0AF0F7
:108E6C004DFC08B1DE21F6E7E07D0AF041FC08B1CB
:108E7C00DF21F0E702B010BDD809002138B5054656
:108E8C0000283ED015F06AFB10B94FF0FF3038BD0A
:108E9C0012F094FCB0F5FA7FF7D81C4C1C486563B3
:108EAC00002500F0CFFA2A222946A01C84F838505D
:108EBC00257084F82C50256315F062FE1B2240F2BD
:108ECC0001132281628140F2032263800123A2817B
:108EDC0003222371A2731F22A376F72322824FF45D
:108EEC0002726384FB23628244F601122385E282C0
:108EFC00EFF3108472B600F06DFE2CB962B620460A
:108F0C00C5E76FF01500C2E72846C0E7D809002175
:108F1C003D8E000138B51446002840F0B9805E4DF6
:108F2C0095F83830032B00F0B080B1B112B96FF066
:108F3C00150038BD0139142900F2AA80DFE801F0D0
:108F4C000B1C1F345E67853A6A6D7F404654598B03
:108F5C008E9C9FA294001378AB700020FFF7B4FD99
:108F6C000028B7BF012302236FF00B0085F83830BF
:108F7C00A8BF85F83830DCE71378EB70EDE7137990
:108F8C00002BD4D05379002BD1D01288FB2ACED809
:108F9C001A2A6388CBD91B3BE02BC8D82368A2883C
:108FAC00AB603E4B9A80D8E713786A799342BED374
:108FBC002B71D2E713782A799342B8D86B71CCE72E
:108FCC0013782A799342B2D86B75C6E71378002BC5
:108FDC00ADD05378013BDBB2F82BA8D8138892782C
:108FEC00EB822F4B9A70B8E71078687610F02CFA59
:108FFC00B3E71378002B9AD0AB76AEE7012000F0E4
:10900C00A5FA237808B1012B91D9AB73A5E7138886
:10901C002B82A2E71378AB719FE7072000F096FA3A
:10902C0010B92378012B82D9072000F08FFA18B1E0
:10903C002378002B3FF47BAF2378EB748DE7137808
:10904C00082B3FF674AF2B7587E71388FF2B3FF681
:10905C006EAFAB7481E71378EB767EE713780E2B4B
:10906C003FF665AF2B7778E723680E4A2B6263686F
:10907C0053602389138170E713786B776DE713784E
:10908C00EB776AE71378AB7767E74FF0FF3050E781
:10909C006FF02C004DE700BFD8090021E00900213A
:1090AC00EE090021F8090021F8B50D46064630B34B
:1090BC0029B311F0070422D1124F97F83830012B45
:1090CC0002D16FF00B00F8BD032B02D14FF0FF3033
:1090DC00F9E700F0E7F80028F8D02846FFF7F4FC91
:1090EC000028EEDB10F0B6F93046396B0AF0DEFBE7
:1090FC00FFF79EFE0323204687F83830E3E76FF036
:10910C001500E0E7D809002110B5074C94F8383069
:10911C00032B03D10AF0E6FB0BF03AFD16F065FECB
:10912C00002084F8380010BDD809002150B1074B3D
:10913C0003F1140253F8041B934240F8041BF9D1B9
:10914C00002070476FF01500704700BFAB1803018B
:10915C00074B10B593F838403CB90AF039FB0320A3
:10916C00044900F0EBF9204610BD4FF0FF30FBE74F
:10917C00D8090021B18A0001074B10B593F838408B
:10918C003CB90AF039FB0220044900F0D7F920461B
:10919C0010BD4FF0FF30FBE7D80900218D8A00018C
:1091AC0008B50C4B93F838208AB993F82C305BB186
:1091BC000AF060FB0849012000F0C0F900200749C3
:1091CC0000F0BCF9002008BD0AF038FBF2E74FF0C4
:1091DC00FF30F8E7D80900213D8A0001698A0001B7
:1091EC00054B10B593F838401CB90AF0A3FA204689
:1091FC0010BD4FF0FF30FBE7D8090021054B10B52F
:10920C0093F838401CB90AF087FA204610BD4FF08D
:10921C00FF30FBE7D8090021054B10B593F8384017
:10922C001CB917F04DFF204610BD4FF0FF30FBE787
:10923C00D8090021054B10B593F838401CB917F02C
:10924C0042FF204610BD4FF0FF30FBE7D80900214C
:10925C00054B10B593F838401CB917F037FF204672
:10926C0010BD4FF0FF30FBE7D8090021054B10B5BE
:10927C0093F838401CB917F02BFF204610BD4FF067
:10928C00FF30FBE7D809002102680020014B1A606F
:10929C00704700BF140A0021014B1B68184700BF20
:1092AC00140A0021024B1868003818BF01207047BF
:1092BC00140A0021F7B504462D4E071D2C483760C3
:1092CC000BF086FC0228054606D12949204615F0EC
:1092DC00B8FD284603B0F0BD042842D13378092BE1
:1092EC000AD0262B1ED03146204615F024FEB0F5B0
:1092FC00817F2DD3722112E005213E2015F074FDE3
:10930C000028F0D1F37801A93279684643EA0223A8
:10931C00ADF8003016F0CCF90028CFD0532108203E
:10932C00FFF74AFD1A213E2015F05EFD0028DAD128
:10933C007368694601A8C3F30F23ADF804301123F9
:10934C008DF8063016F0D6F90028B7D06521E6E77F
:10935C000028B3D0A178207815F046FD0028B8D1AC
:10936C00ACE70828B5D10249204615F0A2FDB0E7BC
:10937C00180A0021074B4FF0FF3141F6FF72C3E989
:10938C00001205490022C1E900221F21C3E9021283
:10939C00704700BF000000211C0B00213F280CD897
:1093AC0001380B4BC0F3421200F01F0053F822306F
:1093BC0023FA00F000F001007047FF2806D0403877
:1093CC00044BC0F3421200F01F00EFE7012070477E
:1093DC00000000211C0B0021074B01460068496866
:1093EC001A4603C240F48C221A6041F0107242F407
:1093FC00FF625A60704700BF000000210246024B1A
:10940C000068516803C370471C0B00210246024BD5
:10941C000068516803C3704708000021FD28084B01
:10942C0016BF00F1FF303F20C0B2420900F01F0010
:10943C0003EB82039B6823FA00F000F001007047F5
:10944C0000000021014B1860704700BF240B002165
:10945C0010B5FFF78FFF17F049F8034B04461B6854
:10946C0003B19847204610BD240B002170B50C8821
:10947C00C27CA6B2C4F30E04931C058804F1180236
:10948C001D44825AADB21A4443882A44013AB2FBB5
:10949C00F5F202FB054292B29342044B8BBF334070
:1094AC00B34313439BB20B8070BD00BF0080FFFF22
:1094BC004A1E062A08B50346084604D84FF4D17153
:1094CC001520FFF779FC094A914202D940F2A31109
:1094DC00F6E711B903B1196008BD2BB11B68002266
:1094EC00C3E901211A1D1A600430F5E7FAFFFF7F6A
:1094FC0010B5114B00EB41041A786389B3FBF2F3FE
:10950C0003FB0223013A1A44B2F5706F027928BFAB
:10951C0000231A448378B2FBF3F0194403FB1020A8
:10952C00091AB1FBF3F003FB101313446FEA434326
:10953C006FEA5343638110BD280B0021024B03EBF0
:10954C0080035960704700BF280B0021034B03EBCD
:10955C0080035868003818BF01207047280B002181
:10956C002DE9F04F10F0070A85B0054604D040F203
:10957C0061111720FFF720FC544F04464FF0010BEC
:10958C0007F14006B146B04657F8043B8DF80BA0E6
:10959C003BB101A898479DF80A30082B01D9E82166
:1095AC00E7E79DF80B1081BB05B13160B94506F1B9
:1095BC000406E9D12DB30023DFF814E10F221E4677
:1095CC008EF8003058F82200013A60B190F804A0EF
:1095DC008178BAF1FF0F64D14FF000078E4207710A
:1095EC003CBFCEB20123511CECD10BB18EF8006004
:1095FC000F2640F6FF6A58F82670002F63D1013E03
:10960C00F9D2601B05B0BDE8F08F9DF80AC04A1D69
:10961C00BCF1020FE64604EB420438BF4FF0020ED9
:10962C0053000EF1FF300444CEF100002040BDF891
:10963C0008406444CCF1000C013C04EA0C04B4F581
:10964C00803F01D3F82194E775B1C31A3360997048
:10965C001C8083F803B09DF80C201A71019A4FEA14
:10966C00124C1A81A3F806C004FB01049EE758F8BB
:10967C002C90B9F1000F06D099F804B0D34504BF73
:10968C0099F802904F440CF1FF3CBCF1000FEEDA5C
:10969C003944FF29A2D90BB18EF8006040F2271192
:1096AC0067E794460027F0E707EB410309F101094E
:1096BC003846A3F80AA0FFF71BFF5FFA89F1BB78C5
:1096CC008B42F1D89BE74FF00009F6E72C0B0021F9
:1096DC00280B0021F8B54FF6FF7305460380184B95
:1096EC0003EB8103586CB8B186780379B3FBF6F2BF
:1096FC0006FB1233DBB219460A1D00EB4202B2F92B
:10970C0002705488002F09DB0131B1FBF6F206FB25
:10971C001211C9B28B42EFD10020F8BDFF29FBD04A
:10972C00C4F30E03C4782B8024B94FF4D5711720E1
:10973C00FFF742FB5380BDE8F84016F0D8B900BFE4
:10974C00280B00211D4B03EB810370B55C6C0546A7
:10975C0044B3030404D54FF4DC711720FFF72CFB42
:10976C000146204616F0A6F9FF28014604D02046F3
:10977C00BDE8704016F0BBB9A078B5FBF0F300FB68
:10978C001353DBB219460A1D04EB4206B6F902600C
:10979C00002E09DB0131B1FBF0F200FB1211C9B252
:1097AC008B42F0D1002070BDFF29FBD08B4204EB23
:1097BC0042021CBF0023E3705580D8E7280B002120
:1097CC00094B03EB8103014610B55C6C204616F087
:1097DC0071F9FF28014604D02046BDE8104016F070
:1097EC0086B9002010BD00BF280B0021F8B5104B26
:1097FC00074603EB810301465C6C204616F05AF9D0
:10980C00FF28054611D0E688238953EA064606D080
:10981C000146204616F06BF901463846B047204603
:10982C002946FFF765FE0020F8BD0520FCE700BFC8
:10983C00280B002138B50E4B0446827903EB8203CA
:10984C00586C08B9052038BD8278E1799142F9D27B
:10985C004B1CE37100EB41035D89B3F90A30002B1B
:10986C00F3DBA58016F043F920600020EBE700BF86
:10987C00280B002170B5044610F003000E4603D0EF
:10988C004F211820FFF798FAFFF712FE054624B176
:10989C00034831460460FFF70BFE284670BD00BF3D
:1098AC00AC0B00212DE9F14FDFF870B01E460746D6
:1098BC000D46DBF8003090469DF828A09DF82C90C2
:1098CC001BB961211820FFF777FA5246092140464F
:1098DC0015F061FF4A4684B20921304615F05BFF52
:1098EC0081B2DBF80000214416F0B9F8386018B9E1
:1098FC00286001B0BDE8F08F04445346414609226C
:10990C002C60386815F000FF4B4609223146286858
:10991C0001B0BDE8F04F15F0F7BE00BFAC0B002155
:10992C0070B50E46044615F049FF0546304615F055
:10993C0045FF044B2A1821461868BDE8704016F004
:10994C00B2B800BFAC0B0021014B186816F07BB805
:10995C00AC0B00211F2AF8B5044613460ED8920012
:10996C00033222F00303B3F5803F2DD2184DACB176
:10997C00A00710D05F210920FFF71EFAFF2B4FEA3A
:10998C00420204D9FF339A42A8BF1A46E8E77C2A60
:10999C00B8BF7C22E4E729706C602B8122F00302B3
:1099AC0028230127120403FB01F06B680025120C1D
:1099BC00EEB28E4200D3F8BD14B126181F705E6053
:1099CC00104401352833F3E74FF0FF30F3E700BFC5
:1099DC00B00B0021144A002138B553681478C8B272
:1099EC00844203D8AB210920FFF7E6F91846013170
:1099FC0028330578002DF2D00021817001241289C2
:109A0C008161051D44709208C16100F12001446818
:109A1C0021F8022B994245F8044B1444F8D1002349
:109A2C004361037038BD00BFB00B00210A4B1B898A
:109A3C00B3F5FF7F4FEA930006D25A089B1A9BB2EC
:109A4C00984238BF18467047B3F5EE6F01D8FF2225
:109A5C00F4E740F27263F3E7B00B00212DE9F84311
:109A6C004B7880460C4602F0040602F0FB07D3B19B
:109A7C00DFB12E4BD4F804901D89B7BB0123AD0880
:109A8C004A46211D637004F1280004F12003A761EC
:109A9C00E76123F8025B984241F8042B2A44F8D181
:109AAC000023636101E0002FE3D0FF23A370002E9D
:109ABC0018BF0226A3191B7D032B03D1022F1CBF39
:109ACC000136F6B2A31901221A7506F10C02002315
:109ADC0004EB860624F812307268A3704046C8F86E
:109AEC000020A8F80430BDE8F8830021142261702E
:109AFC00A01815F045F8B5F5FF7F0FD26B08ED1ADD
:109B0C00ADB209EB0502C4F804902584A26063840D
:109B1C00C4F80C90A5842261E384C6E7B5F5EE6F1A
:109B2C004FF0FF03EBD940F27265EAE7B00B00216E
:109B3C002DE9F84305460C46F7200521914615F012
:109B4C002AFE061E22DB1DB906FB04F0BDE8F883D5
:109B5C0015F0030703D098211920FFF72DF9DFF832
:109B6C003480C8F81050A5B2A8F81460BBB29D425E
:109B7C00EAD9B8F814C04B46D8F810000522F721E2
:109B8C0007FB0C00013715F0BFFDEFE74FF0FF307E
:109B9C00DCE700BFC40B002107B5CDE900230B4661
:109BAC0003490246081D16F0FAF803B05DF804FBF1
:109BBC00DC0B002113B5064CCDE900230B46024605
:109BCC0004F1080104F10C0016F0E9F802B010BD24
:109BDC00DC0B0021144B012200214FF0FF309A6066
:109BEC00C3F80012C3F80803C3F80015C3F8042522
:109BFC009A60C3F808034FF48040C3F80015C3F80B
:109C0C00042503F5805341F6F8720849C3F808257A
:109C1C00C1F88000BFF34F8FBFF36F8FC1F8800185
:109C2C00C3F80825704700BF00E0004100E100E0E8
:109C3C008C463222064B00B50CF8032B8E4607CB14
:109C4C00CEF80300CCF80410CCF808205DF804FB27
:109C5C00F80B002110B5154C10F084FC0FF0A4FD8E
:109C6C000021636A608C9847237E9BB9104B628CF1
:109C7C0093E803000BF0F4FFE36A18880BF01AFF6B
:109C8C00636B94F8301094F831009847002384F8F3
:109C9C00383010BD94E8070004F10C0383E807008A
:109CAC00044904F1190018F02AFBDFE7EC0B002142
:109CBC00140C00213D9C0001034B93F8383003B980
:109CCC007047FFF7C7BF00BFEC0B002140F26741A4
:109CDC00062008B5FFF770F808B5094B93F8382043
:109CEC00022A07D1DA7A42F00102DA72BDE80840A2
:109CFC00FFF7B0BF40F22D212720FFF75DF800BF22
:109D0C00EC0B002138B5364D044695F828300BB1D4
:109D1C00C2071FD4012924D82B6C2046984700B3C6
:109D2C0095F83000E8B995F82820E2B18CB995F88F
:109D3C004430D806C3F300142ED4EB6C23B30123A8
:109D4C00AAB16A8F910713D5EB6BD878023818BF7C
:109D5C00012038BD6B8F1B07DCD5EB6BDB78022B3E
:109D6C00D8D1012038BD002CE1D1204638BD6A8FF6
:109D7C00002AF6D16A6D107803EA10102043C0F166
:109D8C00010000F0010038BDB5F85030B3FA83F390
:109D9C005B09002AEBD0D4E7E96B0B7803F00303E3
:109DAC00032B02D1CB78022B18D0A86C15F08EFDAA
:109DBC0048B9EB6B1B7803F00303032B06D195F822
:109DCC0028200446B9E795F82820B6E709F0A6FF45
:109DDC0080F0010095F82820C4B2AEE70024ACE76F
:109DEC00EC0B002170B5234C0646E56A636D95F8C3
:109DFC008C2094F85C00A3650AB1031DD8B2FF282F
:109E0C0095F86D1004D11EB995F86C308B4203D0C7
:109E1C0010F062F895F88C2032B3206E10F0BAFC7A
:109E2C0094F82830D5F8E820003B216E626718BF03
:109E3C000123D5F8EC20A06D84F87C30A2670FF0DC
:109E4C0051FC46B995F86D30033B012B94BF28208B
:109E5C00002010F03DFD95F86C10002010F09CFDDA
:109E6C00022384F8383070BDA06D10F093FC0FF015
:109E7C009BFCE6E7EC0B00212DE9F0413D4C82B058
:109E8C0094F83830E56A012B6CD15FFA83F895F8B9
:109E9C007C3006460F4673B1638F0021042043F0DB
:109EAC00040385F87C106387636A984794F828301C
:109EBC000BB185F87E80E16B0B7803F00303032B69
:109ECC0037D04B788BB3022385F8823095F88C30E1
:109EDC00F3B1E36A94F8282093F86D30003A03F15B
:109EEC00FF3318BF0122DBB284F87C20D5F8E820C0
:109EFC00032B6267D5F8EC20A26794F85C2036D867
:109F0C001D490020CB5C009001201C490FF080FB08
:109F1C00012F05D126B931463046FFF7F3FEE0B1EB
:109F2C0002B0BDE8F041FFF795BE012385F8823001
:109F3C00CCE795F8823063B9638F022043F00203BB
:109F4C006387636A9847E16B0B7803F00303032B79
:109F5C00B7D1032385F88230B8E702B0BDE8F041F1
:109F6C00FFF740BF40F29D412720FEF725FFFFF78A
:109F7C00ADFE00BFEC0B002164F60201500C002179
:109F8C0070B5804C002282B0E56A8DF8052095F8FA
:109F9C008C2094F85C300AB10433DBB2FF2B95F8BB
:109FAC006C1004D118B995F86D308B4202D0FF209B
:109FBC000FF092FF95F88230032B00F2DE80DFE881
:109FCC0003F0021C817194F8BA306F48ADF806307A
:109FDC00A5F85C3009F07CFE002840F098800DF16B
:109FEC0005020DF10601A06C15F010FCE06320B128
:109FFC0095F8C730002B00F0A280644B1846E36341
:10A00C0095F883200378D20003F0F30302F00802E2
:10A01C00134395F88420920002F00402134303F0DA
:10A02C00EF0203F00303032B027002D1C378022B5F
:10A03C0011D0A06C15F04AFC48B9E06B027802F024
:10A04C000303032B07D009F069FE002870D1E06BE5
:10A05C00027842F01002027095F88B3013B14378FD
:10A06C00002B41D110F096FB0FF09EFBE66B0AF033
:10A07C00B1FE20B1337803F00303032B5BD095F8CA
:10A08C006D10012010F088FCE26B01234049108810
:10A09C00927884F8BC30A4F8440084F838308A7084
:10A0AC0002B070BD384809F013FE00285BD0E06B9D
:10A0BC00C3781B2B14D1012105F110000FF03EFFCA
:10A0CC00E06B0DE0B5F85C300DF105020DF1060109
:10A0DC00A06CADF8063015F099FBE063002847D072
:10A0EC00012384F8BB308BE7206E10F053FB94F8FF
:10A0FC002830206EB3FA83F3D5E938125B09C4E932
:10A10C001D12E16B84F87C300FF0ECFAAEE7638F34
:10A11C004FF48070E16B43F48073626A63879047FD
:10A12C000121E06B85F87D10C3781B2BD8D1C3E7D8
:10A13C00E06B02788FE7012011F0C2FC9FE79DF8DD
:10A14C00053043B1BDF8061018F080F80123E06B20
:10A15C0084F8BB3054E7038001218370E06B17F067
:10A16C0063FFE06BEEE740F2D7212720FEF724FED9
:10A17C0040F2CD212720FEF71FFE40F2E5212720DB
:10A18C00FEF71AFEEC0B0021280C0021740C0021A8
:10A19C00300C00212DE9F04FB84C87B0002294F818
:10A1AC003830E76A022B049240F01482638C0D461F
:10A1BC00804613F0400106D1636A40209847638CB7
:10A1CC0043F040036384B8F1000F5CD097F88C30F7
:10A1DC00002B40F05B81D4F858A09AF8013099B26A
:10A1EC00A4F85010002940F067810023E3649AF82A
:10A1FC000060638C97F88310C6F3800243F40073FD
:10A20C009142638400F0F780D4F82C9099F8822066
:10A21C00FAB1022A00F0B881002194F8283089F8AC
:10A22C00821023B199F87E30002B40F0A38199F86D
:10A23C007D30002B40F0808199F88330D4F858A001
:10A24C00012B0CBF0023012389F88330638C9AF80F
:10A25C00006097F88410C6F3C00243F400634FF01B
:10A26C0000099142638400F0CE8000260AF0B2FD12
:10A27C0030B39AF8003003F00303032B20D10120F4
:10A28C0011F01EFC1CE097F88C20002A40F01C8179
:10A29C0043F4806394F8C6206384013297F86D30E0
:10A2AC0084F8C620033B012B05D90AF093FD8146A7
:10A2BC00002800F0D6800026012011F001FCB146E8
:10A2CC0097F88B3013B394F8283097F87620B3FABC
:10A2DC0083F3002AD7F8E0204FEA531314BF04206D
:10A2EC00002084F87C3097F86C306267013BD7F81B
:10A2FC00E420DBB2A267032B00F27181604A614952
:10A30C00D35C00220092FB220FF082F945B994F83D
:10A31C00C6100120FFF7F6FC0546002800F0D88097
:10A32C00012510F089FB002E3BD1B9F1000F09D0AB
:10A33C0094F82830002B40F09680B4F809300133A3
:10A34C00A4F80930B8F1000F4AD0B4F80530002257
:10A35C00013384F8C620A4F805304B480BF098FB69
:10A36C00049830B115F04FFBE16A002202720AF03A
:10A37C0079FC36B1E16A002333720C2230460AF0C4
:10A38C003FFC002D32D1638C1B0607D4636A29462F
:10A39C0080209847638C43F08003638407B0BDE84A
:10A3AC00F08FA16DE36C4E78002B00F01A81B4F89D
:10A3BC0050201846033214F079FC0DF10E0205A959
:10A3CC00A065D4F8C00015F034FB059815F01BFB04
:10A3DC00314601220646D4F8C00015F0C1FAA4E7B4
:10A3EC00B4F807300133A4F80730B6E7FFF732FCB6
:10A3FC0007B0BDE8F08F97F88410C6F3C002C146D1
:10A40C0091427FF432AF06F00306D4F82CB0032E41
:10A41C0064D143F480530120514600266384638F3A
:10A42C008BF87C0043F001036387636A9847D4F888
:10A43C0058A09BF88430013B18BF01238BF8843063
:10A44C009AF80130002B3FF411AFDBF8E830013300
:10A45C00CBF8E830DBF8EC3043F10003CBF8EC3010
:10A46C0004E706462CE7B4F80530B4F80710B7F843
:10A47C0080200B4313433FF465AF5EE7EC0B0021E8
:10A48C0064F60201500C0021140C00210FF0B4F9F9
:10A49C00D4F858A09AF8013000287FF4A0AE002B15
:10A4AC0065D09AF8002097F88410C2F3C00291424C
:10A4BC007BD099B2A4F85010D4F8C00015F027FA4C
:10A4CC00D4F858A0E06492E60FF0D6F9638CDFE67E
:10A4DC00FFF756FD002E3FF428AF62E7002EA8D000
:10A4EC009AF80160002EA4D043F480539BF88C6042
:10A4FC0063840FF07FFC042894F8C43006D1002E3E
:10A50C0014BF1B221F22934228BF1346D4F858A015
:10A51C009AF801209A424ED8E66C002E3FF4A6AE73
:10A52C0094F8C530002B53D0636A002120200026FC
:10A53C009847D4F858A099E6002689F87D6009F070
:10A54C00D7FB002852D0638F3146082043F0080314
:10A55C006387636A9847D9F8E0300133C9F8E03073
:10A56C00D9F8E43043F10003C9F8E43064E6A4F808
:10A57C0050303AE6638F102089F87E1043F01003B8
:10A58C006387636A984752E604A9A06C15F060F9DA
:10A59C0088B3D9F8E0300133C9F8E030D9F8E430A9
:10A5AC0043F10003C9F8E43036E6012384F8313076
:10A5BC00FFF750FBF2E694F830300120002643F010
:10A5CC00100384F8303011F07BFAD4F858A04DE623
:10A5DC0046462EE740F211512720FEF7EDFBFFF720
:10A5EC0075FB40F28E412720FEF7E6FB40F21C4142
:10A5FC002720FEF7E1FB40F205412720FEF7DCFBAC
:10A60C000D4B0E4A70B50E4C1A6094F838301BB1D5
:10A61C00DE212720FEF7D0FB03F0FF0206460D4695
:10A62C0022760BF015FB012104F1880017F0FCFCDD
:10A63C006665256670BD00BF64000021CCAA0001D0
:10A64C00EC0B0021074A10B592F8383013B10C24EA
:10A65C00204610BD03F0FF0414760BF0F9FA2046E7
:10A66C0010BD00BFEC0B0021024B012283F8C5206A
:10A67C00704700BFEC0B0021F0B585B0C24C02ADA9
:10A68C0085E8030094F838100A98002940F0778187
:10A69C00002B18BF002A00F07281B0FA80F1490932
:10A6AC00002800F06C81236404F12803606384F8B3
:10A6BC00C51084F8301084F8C61084F8311084F872
:10A6CC00BC1084F8BB1061876184626295E803005A
:10A6DC0083E80300E56A0FF065FC0FF065F895F967
:10A6EC0074000FF05FFDA86A10F038F8286A0FF0BC
:10A6FC005FFD95F89C000FF065FD95F87630002B0A
:10A70C0040F0C58096200FF05FFB94F828000028DD
:10A71C0040F0C58095F86C209C4B03EB4203998864
:10A72C009B4B01F5FA71A3FB013189097D310FF0C7
:10A73C00BDFE984B984E186810F016F8D5F8F0003E
:10A74C00D5F8F410E76AD5E90523A264C4F8C03043
:10A75C00D5F8F820D5F8FC300FC6D5F80031D5F86F
:10A76C000421C4F87D3097F88630C6F80D20A3F18B
:10A77C002602012A40F29A8097F88720262A00F0B8
:10A78C009580213B012B00F2E280242A40F0D180FD
:10A79C0094F82830002B00F0DD8097F8652097F8AE
:10A7AC00263197F86C6013405A0700F1CC8013F0F7
:10A7BC00010240F0DD809B0700F1D28005F13407E7
:10A7CC003146384617F05AFE314617F0A0F8B5F866
:10A7DC004030024695F86D103846934228BF134618
:10A7EC0084F8BA3017F010FE95F86D1095F88C704F
:10A7FC000429B5F8486008BF032117F088F80FB991
:10A80C00043080B2B04228BF3046C6B284F8C4606F
:10A81C000AF0E0FA00287ED194F8280084F85C60F5
:10A82C0000285AD195F88B30E3B195F86C300122A1
:10A83C0095F87610013B84F87C200029D5F8E020AF
:10A84C00DBB218BF04206267032BD5F8E420A267A3
:10A85C0000F2A4804D4A0021D35CFB2200914E49AA
:10A86C000EF0D6FE0120FFF78BFB0023B5F880001D
:10A87C0095F89C20A360C4E900332B6F2988608075
:10A88C00218022710BB101221A6005B0F0BD4D2060
:10A89C000FF09AFA94F8280000283FF43BAF95F893
:10A8AC006D209C2101200FF001FE42E794F8283026
:10A8BC00002B37D197F8FA3197F86C60002B3FF4E6
:10A8CC007DAFF21E012A3ED9DA1E012A3BD9012E98
:10A8DC003BD0012B39D0022670E795F88C30B3B100
:10A8EC00D5F8E83001206367D5F8EC3084F87C00AB
:10A8FC00A36795F86D30013BDBB2032B4ED823498F
:10A90C003246CB5C0021009123490EF081FE0120E0
:10A91C00FFF768FAA9E70AF063FAB04238BF30468D
:10A92C00C6B279E797F8923297F86C60002BC8D1D1
:10A93C0044E794F828306BB197F8263197F86C609F
:10A94C0059077FF534AF042638E7012636E7242A69
:10A95C003FF41EAF97F86C60032E08BF04262DE75A
:10A96C00F31EDBB2012BEED9012E18BF022625E710
:10A97C00F31EDBB2012B8CBF164604261EE740F2F9
:10A98C006D112720FEF718FAEC0B002164F602017A
:10A99C00D34D621064000021500C0021FFF796F992
:10A9AC0008B5124B93F8382092B193F8282022B9AD
:10A9BC0093F83830012B14D108BD93F83820022AB3
:10A9CC000AD1DB6AD3F8D001BDE808400FF052BFC2
:10A9DC00BDE80840FFF73EB940F20F212720FEF7F3
:10A9EC00EBF940F20B212720FEF7E6F9EC0B0021E6
:10A9FC00FFF730B9014B1876704700BFEC0B002104
:10AA0C00014B93F8BC007047EC0B0021034B93F8FF
:10AA1C00BB0010B9588CC0F300307047EC0B002110
:10AA2C00024B588CC0F3C020704700BFEC0B0021C8
:10AA3C00014B93F8C6007047EC0B00212DE9F04157
:10AA4C0082071E4F82B00446FE6A13D4E3070ED56C
:10AA5C0096F88410D6E93A32013342F1000201290A
:10AA6C00C6E93A320CBF0023012386F8843002B0C9
:10AA7C00BDE8F081FB6CE3B1B7F850200D46B96D21
:10AA8C001846033291F8018014F010F90DF102020E
:10AA9C0001A9B865D7F8C00014F0CBFF019814F0E9
:10AAAC00B2FF012228604146D7F8C00014F058FFCD
:10AABC00CCE740F28E412720FEF77EF9EC0B00210B
:10AACC00E59C0001A1A10001859E0001C59C00012F
:10AADC002DE9F843002800F0E4800446072900F231
:10AAEC00D380DFE801F0AB2525A7D1209ECD014610
:10AAFC00204618F092FCD4F8443100F1F6059D4242
:10AB0C0040F2C780E81A0321402838BF402013F0D8
:10AB1C0095F90346C4F8445120461D4618F044FDEF
:10AB2C00002D00F09C802046BDE8F84318F03DBD98
:10AB3C0018F0B4FC0023D4F8142105460E4684F812
:10AB4C00403184F84931BAB150EA010314D0CA003B
:10AB5C00C30042EA50721B1A62EB0102D4F83011A6
:10AB6C005B18D4F8341142EB0102D4E9540183424E
:10AB7C0072EB0103C0F09380022304F5A07784F8F4
:10AB8C004831384612F0B4FB002800F08E8094F85F
:10AB9C00603103F0FF01002B6AD16FF00043D4E960
:10ABAC0056029A4208BFB0F1FF3F12D02046D4E9BA
:10ABBC00549818F032FCD4F85831F630D4F85C21A3
:10ABCC00B3EB090362EB08021B1A62F10002002AC4
:10ABDC004BDB394694F8100112F076FC00286ED04D
:10ABEC00D4E95401D4E94A32834272EB01071FD2F3
:10ABFC0055EA06071CD0C01A334661EB02012A46FF
:10AC0C0013F000FF05FB01F1A5FB005300FB06163A
:10AC1C00D4E94A213344551943EB0103C4E94A539F
:10AC2C0006E090F8100112F03DFB002384F8383157
:10AC3C00BDE8F883BDE8F8430FF012BF0BF0F8FF46
:10AC4C00D4F84401DC3813F067F898B3204618F0B8
:10AC5C0062FC00283FF44BAF204618F0A5FCD4E969
:10AC6C005423C4E94C23BDE8F88320460BF0E8FFDD
:10AC7C0094F8100112F016FB002384F83831AFE77A
:10AC8C00FD213020FEF798F840F201113020FEF73C
:10AC9C0093F82046C4F8445118F086FCDFE70123F2
:10ACAC006BE7E0213020FEF787F84FF4D3613020BA
:10ACBC00FEF782F840F25A213020FEF77DF840F280
:10ACCC009C613020FEF778F82DE9F04F044689B0EE
:10ACDC0000201F460E46914694F86DA0049016F085
:10ACEC00CBFA94F8B8310B2B00F24B83824A32F832
:10ACFC00135094F887302844442B85B200F0878297
:10AD0C0094F886800E2B18BFB8F1440F0CBF4FF08F
:10AD1C0001084FF0000889F001030293B9F1000F0C
:10AD2C001AD0B4F8481204F50679B4F880B0711A48
:10AD3C00A6EB0B0B09B20FFA8BFB0029C0F25D825C
:10AD4C00384694F8FC31032B00F23A83DFE813F019
:10AD5C00D2019801DA00470094F8FC31032BE0D1C2
:10AD6C00B8F1000FDDD0B4F89032B342D9D1B4F8B9
:10AD7C00D4212046B4F84A3241F64B5B1344C4F854
:10AD8C00F831D4F80432C4F8F031E369C4F8F43182
:10AD9C000DF05AF9D4F8982294F8A4325A458CBF85
:10ADAC004FF0000B4FF0010B002B40F0D582E36904
:10ADBC009A4204D0208818F0F1FED4F89832E3615E
:10ADCC00D4F8943284F876B0E362B4F892322386E5
:10ADDC00D4F89C326362022384F8FC31A1E7E26967
:10ADEC0002FB01F30493002F00F01482B4F8D45149
:10ADFC00002D40F00F8284F81352D4F804C20CFBDF
:10AE0C00113194F88630262B049100F0168294F8B8
:10AE1C008730262B00F0118200283CD0002D3AD12F
:10AE2C00D4E98EE0D4E98C237245834180F0C3824F
:10AE3C0094F86D00C31E012B40F28382039110F035
:10AE4C0051F84AF2A13CD4F838322C4D8444A3F189
:10AE5C00830194F86D00A5FB0C3CA0F1030ED4E922
:10AE6C008C23BEF1010FA1EB020303991944A1EB52
:10AE7C009C1140F29A82039110F034F800F2E73002
:10AE8C00D4F804C20399A5FB0030B4F8D45180095E
:10AE9C00014410390491AB44AAF103030CFB0BFBE6
:10AEAC00DBB20BF1300B012B4FEA4B0B40F20E8255
:10AEBC005046124D10F016F84AF2A1330344A5FB8C
:10AECC0003239D09504610F005F80BF173031D4444
:10AEDC0094F8763028440A4D2860002B00F0088145
:10AEEC0004AB2A465946E06916F055FD049B84F8DC
:10AEFC001302E26928686EE074F60201D34D621009
:10AF0C00B40C0021E36A2946D4F8F401184410F07B
:10AF1C0019FC2946C4F80002E06910F013FC94F8FF
:10AF2C007630002B40F0878194F86DA0C4F80402B1
:10AF3C005046AAF1030A0FF0D5FF4DF64171BAF154
:10AF4C00010FC44D01442046A5FB013194BF2823B9
:10AF5C00002303EB9111803117F0F4FAB4F8D431DB
:10AF6C0013B9002F40F0B481D4F8F431E26A94F8AC
:10AF7C006DB01344D4F80002ABF103011B1AC9B233
:10AF8C000493D4F8F0310129D4F8F821B4F830A0A6
:10AF9C0002FB03050AF1730A05F130054FEA45057A
:10AFAC0040F2428158460FF09DFF4AF2A133034410
:10AFBC00A848A0FB03239B095846039355440FF064
:10AFCC0089FF039BE2691D44A34B284418600123AD
:10AFDC0084F8FC31049BD4F80452D4F84012551B6D
:10AFEC006FF4B3721544854228BF0546C918D4F8CE
:10AFFC00443204F13400C4F8D05143F10003C4F8D6
:10B00C002812C4F82C32002384F8183217F0FAF9FD
:10B01C002844A4F84862C4F81C02D4E98A23C4E981
:10B02C0090230CF093FA20B1D4F81C321E33C4F8E0
:10B03C001C32B4F8C01100238E1B84F8203236B2B7
:10B04C009E4202DD022384F82032B8F1000F40F05A
:10B05C000581002F40F0058194F8FC31002B40F065
:10B06C002081494694F8140212F02EFA002800F0C0
:10B07C008D81029B84F81032002009B0BDE8F08F5E
:10B08C00D4F80402E269D4F8F851B4F8D431121AA5
:10B09C00B4F830A09B4402FB01F1D4F80032EA432F
:10B0AC000AF1730A049130339344D4F8F02102FB73
:10B0BC00053594F86D20D31E00FB0B55012B4FEA80
:10B0CC00450540F2B380104603920FF00BFF4AF295
:10B0DC00A13303445F48A0FB0323039A4FEA931B5D
:10B0EC00554410460FF0F6FE5B4B5D442844186047
:10B0FC00049B80E094F86D1094F8CE0116F02EFCB1
:10B10C008246E06A2946504410F01CFB2946C4F8DC
:10B11C000002E06910F016FB94F87630002B40F03A
:10B12C00888005A9C4F8040206A8DFF828B10FF03E
:10B13C008BFC059B0093DDE90623D4E9900113F009
:10B14C00D7F894F86D300546184603930FF0CAFEF5
:10B15C00039B4DF64171033B01442046012BABFB95
:10B16C00013194BF2823002303EB9111803117F098
:10B17C00E9F9D4F84C32E26A94F86D000493039226
:10B18C000FF0B0FE4AF2A133039AC318D4F80002B0
:10B19C00ABFB0331049B933B13441B1A5344B4F88D
:10B1AC0030A05B1B00F130050AF1950AA3EB91135B
:10B1BC006D00049394F86D30DA1E012A31D91846CB
:10B1CC0003930FF08FFE00F52340A130ABFB003B47
:10B1DC00039B4FEA9B1B184655440FF07BFE049BC8
:10B1EC00D4F84C225D441C499A1A2844B2F5A07F2D
:10B1FC000860C0F0D080E269EDE6002359460120DA
:10B20C0084F81332D4E98C23C4E9902399E54FF0E8
:10B21C00010880E594F81352002D54D00E490868AB
:10B22C00D9E64FF0650BD6E76523C5E64FF0650B05
:10B23C0056E7023075E7023076E6B4F89032F31A2E
:10B24C001B043FF5E9AD94F89332002B18BF9A46D6
:10B25C00E2E500BFD34D6210B40C0021002F3FF487
:10B26C0000AFB4F8E821CAB1B4F8EA0194F8EC11D3
:10B27C0000FB011101308A427FF7F3AE002B3FF443
:10B28C00F0AE0023A4F8EA0184F8203209F0AEFDF8
:10B29C0000F00700013084F8EC01E2E6A4F8EA21A2
:10B2AC00DFE6D4F804324846E169C91A16F0FEFA12
:10B2BC0083B2002B3FF4D5AE129A0120002A3FF442
:10B2CC00DCAE1380D9E6B4F8D45196E56525F9E5E2
:10B2DC00E26AD4F8F43194F86D0003EB020A0FF033
:10B2EC0001FE4AF2A13394F86DB0AAF1930A03441B
:10B2FC00ABF10301D4F80002A5FB0323C9B2D4F8C7
:10B30C003822AAEB000A9B09012992440393D4E941
:10B31C008C23AAEB020A1DD958460FF0E3FD94F8D2
:10B32C006DB000F2E732D4F80002ABF10301A5FBDB
:10B33C000235C9B2AD09039BAAEB03022A4404925D
:10B34C001FE6AEF1E80E3C20D4E98C23AEEB020EE6
:10B35C0071449DE53C25EEE7208818F01CFCF8B103
:10B36C00B4F8A022CB46B4F890326286B4F8A2228C
:10B37C004381013B82810382A0F80E90D4F898326D
:10B38C001DE540F2F2310620FDF716FD40F2875123
:10B39C003020FDF711FD40F2D2413020FDF70CFDBD
:10B3AC0040F232713020FDF707FDB4F8D4513C2047
:10B3BC00D4F804C26CE540F226513020FDF7FCFCB9
:10B3CC0040F23E513020FDF7F7FC00BFF0B585B0E0
:10B3DC00002800F00C810446072900F2FC80DFE80D
:10B3EC0011F07B00080008006C00FA009900710055
:10B3FC00F60010F063FBD4E98C23801A61EB030197
:10B40C00012871F10003C0F204816FF001020023E6
:10B41C0082428B41C0F2F480E3690BB1B0FBF3F3D1
:10B42C0094F88710442905D094F88620433A012AD1
:10B43C0000F28480B4F80E12013189B2A4F80E1215
:10B44C00B4F8BA0002ADB4F88030B4F84A22034420
:10B45C00B4F8B800714E0132013BA4F84A221B1A11
:10B46C009FB2336853B101390022204689B2984704
:10B47C00B4F80E12014489B2A4F80E127B1A180407
:10B48C007ED40023204600951A46FFF71DFC08B316
:10B49C00012840F0B080B4F80E12B4F8C031CA1ACA
:10B4AC00120400F18A80BDF80830194489B233685F
:10B4BC00A4F80E12002BD6D1E0E705B0BDE8F040A1
:10B4CC000FF0CEBA90F8FC31042B40F09E80002394
:10B4DC0080F8FC3105B0F0BD90F8103213B3B0F821
:10B4EC000E32B0F88020934279D09A1AA0F88030AE
:10B4FC00A0F8C6212046D4E98A23C4E98C230CF099
:10B50C00C3FC94F8CB31002BE4D005B0BDE8F0407F
:10B51C0018F0C1B9012010F0D3FA05B0BDE8F04025
:10B52C00FFF766BAB0F80C32B0F88010B0F80C2205
:10B53C005B1AA0F88020A0F8C631DBE70E293FF497
:10B54C0079AFB4F88010B4F80E220B449BB2D11A28
:10B55C000D0454BF531C01339BB2A4F80E3294F863
:10B56C001132B4F80E12002B7FF46AAFB4F8C43168
:10B57C008B427FF465AF013189B2A4F80E125FE7FC
:10B58C0094F88A20012328460394002A8DF8083069
:10B59C000CBF3E23082384F8A9300AF00DF820468E
:10B5AC0018F07BF9002394F8140284F8FC3111F0A4
:10B5BC0079FE202384F814328CE7BDF8082011445E
:10B5CC0089B27A1A12F4004F18BF19466FE7D421CA
:10B5DC003020FDF7F1FBD8213020FDF7EDFBB0F862
:10B5EC00C421D31AA0F88020A0F8C63182E7A82184
:10B5FC003020FDF7E1FB40F26A613020FDF7DCFB07
:10B60C0040F213613020FDF7D7FBCE213020FDF73F
:10B61C00D3FB40F212613020FDF7CEFB6800002115
:10B62C002DE9F043D0F81431002683B0054680F89C
:10B63C0018610F46D0E9548983F8CE2180F838611F
:10B64C000121D0F8140108F08BFFD5F814413246D3
:10B65C0031462046C4E98C8995F81031C4F84C72F7
:10B66C0084F81432334684F8FC61A4F84862C4E9C7
:10B67C0090890096FFF728FBD0B90123C4F8F80194
:10B68C00C4F8F00184F8FC31A4F80E02A4F80C0202
:10B69C0084F81102B4F88030A4F84A02013BA4F8F3
:10B6AC0080300EF0EFFF03B0BDE8F04311F070BC3A
:10B6BC004FF4FE713020FDF77FFB00BFD0F8140172
:10B6CC00704700BF2DE9F043002385B00322FF260D
:10B6DC00CDE900338DF806206846FEF7ABF804463A
:10B6EC0020BB009D95F83831002BF5D085F86061B2
:10B6FC000121284617F05BFF95F83831002BEBD071
:10B70C0095F8100112F03CF995F8100112F0BAFC02
:10B71C0095F8100111F0C6FD00283CD085F8384191
:10B72C006846FEF787F804460028DAD0DFF87C80FC
:10B73C000123002502264FF6FF7788F804301AE023
:10B74C00029BE3B193F81422202A18D01888B8422F
:10B75C001BD00221FEF734F8814608B390F814028E
:10B76C0012F090FC99F8140289F8FC4111F09AFD42
:10B77C00202389F81432CDE902558DF80E6002A809
:10B78C00FEF758F804460028DAD0002388F8043075
:10B79C0005B0BDE8F0834FF4F4713020FDF70CFBDD
:10B7AC004FF49A713020FDF707FB00BFB40C002159
:10B7BC00044B002242F210715A71D9801A71FFF7B2
:10B7CC0081BF00BFB40C00212DE9F84390F838314B
:10B7DC00002B76D10446884601465648154603F0A0
:10B7EC00FF0711F02BFD202806466AD05822394657
:10B7FC0004F5887013F0C4F984F81061C4F814814E
:10B80C00FF2384F83831B8F1000F06D009F006FB9D
:10B81C0000F00700013088F8EC0102234FF000081B
:10B82C00A4F8483184F840810FF0D2FF00F1BC0637
:10B83C002046B6B217F06FFE002846D015F01CFD5E
:10B84C0000F5CD6128464FF0010989B20FF07AFF5F
:10B85C002844C4F8440110F031F93018A4F82680BB
:10B86C0041F10001C4F8500184F818912046C4F845
:10B87C00541117F066FE002845D0A5F2F245494652
:10B88C00204617F0CAFD2D1AC4F81C514FF0FF3298
:10B89C006FF00043C4E9562304F5A07194F810012D
:10B8AC0011F012FE00283FD020460021D4E9542389
:10B8BC00C4E94A23C4E94C2317F079FE3846BDE8A5
:10B8CC00F8830C273846BDE8F8830146204617F06C
:10B8DC00A4FDDFF86480F630C4F84401B8F8060023
:10B8EC0008B1E08CB8B9064410F0E8F8361841F10C
:10B8FC000001C4E95461002DC8D0AE1941F100011A
:10B90C00C4E95661C8E7F63D484617F0EDFE2D1A1E
:10B91C00C4F81C51BAE709F081FAB8F80630B0FB4C
:10B92C00F3F202FB1300DEE74FF4E5713020FDF774
:10B93C0043FA00BFDDAA0001B40C002190F83831A5
:10B94C000BB90020704710B50446FF2380F8603116
:10B95C00012117F02CFE94F838310BB9002010BDE2
:10B96C0094F8100112F00CF894F8100112F08AFB04
:10B97C0094F8100111F096FC20B1002384F83831B2
:10B98C00002010BD4FF4F4713020FDF715FA00BF04
:10B99C00014B5871704700BFB40C002190F8602126
:10B9AC0082B910B502F0FF0490F8182112B90122E7
:10B9BC00104610BDD0E947319942F9D90BF040F946
:10B9CC002246F5E700221046704700BF08B50EF07E
:10B9DC0035FA054B9A68824203D3187980F001003E
:10B9EC0008BD002008BD00BFB40C002140F20B21A3
:10B9FC0008B516F0AFFDB0F5296F28BF4FF42960DC
:10BA0C0080B208BD90F8CB31002B73D1F0B503F0A8
:10BA1C00FF0590F8FC3185B00446032B01D005B02E
:10BA2C00F0BD10F04BF8D4E98C23801A61EB0301C4
:10BA3C00012871F10003F2DB6FF00103834275EB17
:10BA4C0001035ADBE369B4F88020002B53D0B0FB20
:10BA5C00F3F080B20132B4F8C431104480B2A4F8CF
:10BA6C000C02B4F80C229B1A1BB2002BD7DD94F8F5
:10BA7C00140211F085FF0028D1D0FF2384F8113275
:10BA8C00B4F880500DF10E06B4F8BA20B4F8B83002
:10BA9C0015441F4F013DED1A3B68ADB263B1B4F8CC
:10BAAC000C1200222046013989B29847B4F80C32A6
:10BABC00184480B2A4F80C02B4F80C32EB1A1B0434
:10BACC00ADD4B4F80C1200230122204689B20096A2
:10BADC00FFF7FAF80028A2D0012813D1B4F80C32E1
:10BAEC00BDF80E2013449BB2A4F80C323B68002B1B
:10BAFC00D5D1E1E770471846ACE740F2BB51302096
:10BB0C00FDF75AF940F202613020FDF755F900BFFC
:10BB1C00680000212DE9B043044682B0062900F2EA
:10BB2C009780DFE801F0041D0A1A232A6D004B4BA5
:10BB3C001B7903F0FF02002B7CD0042384F8FC312A
:10BB4C000EF0A0FD11F024FA0023B4F88020A4F824
:10BB5C004A32A4F80E2284F8113202B0BDE8B08348
:10BB6C00032380F8FC3102B0BDE8B0830EF094F9E9
:10BB7C00C4E98E0102B0BDE8B08390F86D30C569A0
:10BB8C00033BD0F80412DFF8D480012B98F8053071
:10BB9C0094BF4FF4BD794FF4A9798D428CBF6D1AC7
:10BBAC0000251BB9436B9D4228BF1D46D4F8D071AC
:10BBBC0004F1340016F026FC0744022012F0EAF8D7
:10BBCC000221ED1B25EAE575854228BF054628466E
:10BBDC0012F034F900B92F444A463946204616F083
:10BBEC009FFCE269D4F8D031C8F80800D01812F0E4
:10BBFC0093F80028B1D140F27E313020FDF7DCF80B
:10BC0C0090F86D502846033D0FF06CF94DF64171DC
:10BC1C000246134B012D20461144A3FB013194BF66
:10BC2C002823002303EB9111803102B0BDE8B0430F
:10BC3C0016F088BCB0F8C41101230092FFF744F849
:10BC4C0000283FF47DAF4FF4DA613020FDF7B4F8F3
:10BC5C0040F284713020FDF7AFF800BFB40C002126
:10BC6C00D34D6210012A70B5064609D0022A14463B
:10BC7C000D461ED04AB140F2AE713020FDF79CF853
:10BC8C000EF0DCF8C6F84C0270BD0EF0D7F8224668
:10BC9C0001462846FFF7C4FC32460F4995F81001BF
:10BCAC000FF0F8FE0028EFD140F297713020FDF72D
:10BCBC0083F8D0F84C1201222846FFF7B1FC32462B
:10BCCC00054995F810010FF0E5FE0028DCD14FF482
:10BCDC00F5613020FDF770F8D9B30001F8B50446D2
:10BCEC0051B1012960D1002380F818310EF0CAFC43
:10BCFC00BDE8F84011F04CB9C58C002D4CD1204654
:10BD0C00D4E94A7617F0CAFB40194FF0000341F111
:10BD1C000001C01984F840314FF0020346EB0101D9
:10BD2C00C4F85001C4F82801C4F85411A4F84831DF
:10BD3C00C4F82C1194F8603103F0FF01002BD5D11D
:10BD4C006FF00043D4E956029A4208BFB0F1FF3FAE
:10BD5C000CD104F5A07194F8100111F0B5FB00287A
:10BD6C00C4D140F2EF613020FDF726F82046D4E92B
:10BD7C00545617F052FBD4F85831F630D4F85C21F5
:10BD8C005B1B62EB06021B1A62F10002002AE0DA6E
:10BD9C0020460AF055FFA9E709F028F8E58CB0FB1E
:10BDAC00F5F303FB1505AAE740F2BE713020FDF751
:10BDBC0003F800BF90F83801003818BF0120704715
:10BDCC00014BD880704700BFB40C002106220B46F3
:10BDDC0003F8032BB0F809C0C27AA1F803C09A701B
:10BDEC00704700BF40F2C321322008B5FCF7E4FFD6
:10BDFC0010B582B090F8DE3073B903F0FF02ADF8E5
:10BE0C0004209DF8042000209DF8053062F3070003
:10BE1C0063F30F2002B010BD36380C4604F06CF9F9
:10BE2C00182204232270ADF80430EAE770B500281C
:10BE3C0065D0437A04460D46002B3FD00021408943
:10BE4C00FDF7BEFC064600285ED0008807F000FF18
:10BE5C0000213088FDF7CAFC00285AD194F85460B0
:10BE6C0094F8A6302BB194F8A7301E43002384F825
:10BE7C00A630204604F040F9B30730D113212B46ED
:10BE8C0004F10902293403F8031BD2F800C0103264
:10BE9C0052F80C6C103352F8080C52F8041CA242E5
:10BEAC0043F810CC43F80C6C43F8080C43F8041C12
:10BEBC00EBD1117800221970AA7170BD036DD0F806
:10BECC000E20C3F80320428AA3F80720427B036D9F
:10BEDC0012F0FD0F14BF012200229A70BEE700225F
:10BEEC0026F004062046114684F8546004F0BAFF8C
:10BEFC000028C3D14FF44B713220FCF75DFF4FF497
:10BF0C0043713220FCF758FF4FF446713220FCF796
:10BF1C0053FF4FF447713220FCF74EFF044B0022C5
:10BF2C001B68A3F8212183F8232183F87020704724
:10BF3C00C00C002108B508F0D1FB034B18700EF0B3
:10BF4C0011FB032008BD00BF1000002108B508F04C
:10BF5C00C5FB024B024601201A7008BD10000021DF
:10BF6C0038B5114C20686C3003F0C6FA656803F0E4
:10BF7C0073FA63682860186858B103F09BFA68B1CB
:10BF8C000EF008FC00200EF0A3FC636804221A716A
:10BF9C0038BD40F2F7413220FCF70EFF40F2F94178
:10BFAC003220FCF709FF00BFC00C002108B508F0D7
:10BFBC0095FB04490246044B48681A7003F00EFBCB
:10BFCC00012008BDC00C002110000021F0B5534C1D
:10BFDC0000220E460546236841F2707083B0196D3D
:10BFEC005A72CA69B1F800C0A3F80AC0A2F57A7CEB
:10BFFC00844540F286804A48A0FB0202C2F38F229D
:10C00C001A848A8C5A84CA8C9A844FF47F42DA84BC
:10C01C004FF6FF721A85002D69D00121304615F0BC
:10C02C0008FF3278D209236893F8481009B1002A26
:10C03C003DD1207B002108285961198343D003F19D
:10C04C000E0203F10D0108F0F5F8002861D0236809
:10C05C005A7B03F11A0742F002025A73002D40D1A9
:10C06C0003F1780002683A608288BA8093F958101C
:10C07C00186D08F017FB20682A4916F037F9236869
:10C08C0029491A6D1088A3F8330003F12A0092F89D
:10C09C008E2083F8352016F032F92068022105F045
:10C0AC0091F820686C3003F027FA03B0F0BD4279A8
:10C0BC0002F0C002402ABCD102685A618288207BFF
:10C0CC001A830828BBD193F87E109A6FB3F87C00C2
:10C0DC0059730021C3F80E205882C3F81A10D98363
:10C0EC00C4E70021304615F0A4FE2368BAE7A06827
:10C0FC00694615F051FDA36868461A78C2F38012A0
:10C10C0091E70A48A0FB0202920902F5506292B232
:10C11C0076E741F2EA313220FCF74EFEC00C0021EA
:10C12C005917B7D139BE0001D9BD0001D34D6210EA
:10C13C0040F29D31322008B5FCF73EFE10B5047874
:10C14C008CB004F00F0402A9224603F0E1FC08F0C5
:10C15C00C5FA234A042C107002D003200CB010BD79
:10C16C00204C0399236891F800E093F878C0E645D9
:10C17C00F3D191F801E093F879C0E645EDD191F84F
:10C18C0002E093F87AC0E645E7D191F803E093F822
:10C19C007BC0E645E1D191F804E093F87CC0E6451C
:10C1AC00DBD191F805C093F87D108C45D5D193F86F
:10C1BC007E309DF819109942CFD17F280DD04FF0C9
:10C1CC007F0C009002A9606882F800C0237C227B5F
:10C1DC0003F008FC03200CB010BDFFF7A9FF00BF53
:10C1EC0010000021C00C00212DE9F04F054687B04E
:10C1FC0006290BD8DFE801F0A630100A0A0A040061
:10C20C00B04C60688379002B40F0C5800EF0AAF921
:10C21C00032007B0BDE8F08F0EF0A4F9A94A13680B
:10C22C0093F854108F07F3D0506881790029EFD020
:10C23C00A54C94F900107F2900F0EF81029129465A
:10C24C00127B7F2542330192FF220092022225703D
:10C25C0003F020FB0320DCE79A4CAE7C606821687D
:10C26C00012E837990F80790059391F8483083F06C
:10C27C00010B00F0AB80002691F85420374612F0E9
:10C28C00040300F0AB8091F84DE0BEF1000F00F01C
:10C29C00A58091F84E80B8F1080F40F0A28091F87B
:10C2AC0041800027404623B36A6891F85BC092F83E
:10C2BC0000E0E64500F04B814FF0000A62685279CD
:10C2CC00082A05D091F84EC0944508BF4FF0010ADA
:10C2DC00002F40F0E280BBF1000F40F03281384675
:10C2EC00B9F1000F40F0DB800EF03CF9236893F8B5
:10C2FC00542093078CD00EF035F9059B002B87D07A
:10C30C002068AB6800F14201AA7C90F8410015F05E
:10C31C0043FA17B9002800F058816B4E96F900309B
:10C32C007F2B00F07A8102932946237B0122CDE9F1
:10C33C000083D4E900307F244233347003F0AAFA2E
:10C34C00032066E75F4C2368606893F85420570716
:10C35C0019D5C279002A56D06A6893F85B10167802
:10C36C008E4200F0C98093F85620012A00F0A68076
:10C37C0093F84E30082B03D042799A4200F09E80FD
:10C38C000EF0F0F860688379002B40D1C379002B54
:10C39C007FF43EAF3AE7236893F85420960760D5B4
:10C3AC00494A92F900107F2900F037810291294601
:10C3BC00257B42330195FF2500957F2515700622BC
:10C3CC0003F068FA00230920237422E7AA68527943
:10C3DC0002F0C002402A7FF44EAF4DE790F8058082
:10C3EC0059E7404607F034FE002818BF8346002F5B
:10C3FC0040F0DB80216891F8418091F85420404650
:10C40C0002F004034FE78379002B3FF4FFAE23685F
:10C41C0093F85420960759D4D0077FF5F9AE5107FD
:10C42C0000F1F480284B93F900207F2A00F0F5806E
:10C43C007F200292227B29461870FF2023680192EC
:10C44C00002200904233606803F024FA03206368F2
:10C45C00DA79002A7FF4DDAE9B79002B7FF4D9AE1C
:10C46C00D4E6D1077FF5D2AE530700F1CC80164B42
:10C47C0093F900207F2A00F0D0807F200292227B4B
:10C48C0029461870D4E90030FF2401924233062269
:10C49C00009403F0FFF90320BBE6012020E723689A
:10C4AC0093F85630012B06D0002B7FF41DAFBAF158
:10C4BC00000F3FF419AF00283FF416AF0A2007B065
:10C4CC00BDE8F08FC00C002110000021544A92F9F5
:10C4DC0000107F2900F0A18002912946257B423370
:10C4EC000195FF2500957F251570002203F0D2F9E8
:10C4FC00012309202374AAE7567893F85C108E4226
:10C50C007FF431AF967893F85D108E427FF42BAFA9
:10C51C00D67893F85E108E427FF425AF167993F897
:10C52C005F108E427FF41FAF517993F860209142D7
:10C53C007FF419AF697C93F85A2091427FF413AFC2
:10C54C00BCE74231AB68AA7C15F026F9C8E692F834
:10C55C0001E091F85CC0E6457FF4AEAE92F802E0E3
:10C56C0091F85DC0E6457FF4A7AE92F803E091F830
:10C57C005EC0E6457FF4A0AE92F804E091F85FC08F
:10C58C00E6457FF499AE92F805C091F86020944589
:10C59C007FF492AE95F811A091F85A20AAEB020202
:10C5AC00D2F1000A4AEB020A88E6A968404607F075
:10C5BC0031FF2168074691F8542091F8410047B3A8
:10C5CC0040F0020802F004036DE6236893F855204E
:10C5DC00023A012A3FF61CAE002E3FF419AE104E63
:10C5EC0096F900207F2A18D002924233227B2946EA
:10C5FC0060687F240192FE2200920122347003F0C5
:10C60C0049F9032005E60DF0ADFF30E70DF0AAFF68
:10C61C0008E7804602F0040345E6FFF789FD00BFFA
:10C62C00100000210E4A536810B5197902290CD953
:10C63C00197908290ED8197952690A4B92680B445A
:10C64C00BDE8104052F82330184741F29341322094
:10C65C00FCF7B2FB41F294413220FCF7ADFB00BF7A
:10C66C00C00C0021FDFFFF3F38B5194D6B681B79DD
:10C67C00022B28D82B680446027C83F8A4201A4489
:10C68C00C168996692F8242183F820214268C3F886
:10C69C008820037A022B0ED00DF084FC0EF062F988
:10C6AC000CF022FF0B480EF05FF80B480EF056F81A
:10C6BC000A480DF07DFD637C23B12B685B6E0BB1DA
:10C6CC0001221A6038BD40F6EA013220FCF774FBF7
:10C6DC00C00C00218401002155555500D6BE898E11
:10C6EC0070B53A4C064663681A79032A30D01A7929
:10C6FC00042A2DD0226892F8542092072DD1A568D7
:10C70C00002D40D0236893F85430002B40D03EB11C
:10C71C00284615F052FC28BB284615F069FC08BBCE
:10C72C0063681A79022A3DD91A79082A3FD81979EF
:10C73C006269274B52690B4452F8233098470C28F6
:10C74C002BD86369DB68BDE8704053F8203018477C
:10C75C00186802F0AFFE0546D2E7186802F0ACFE8E
:10C76C000546CDE763681A79022A25D91A79082A71
:10C77C0027D8197928466269154B12690B4452F86F
:10C78C0023309847DBE741F29B313220FCF714FB56
:10C79C0041F2A1313220FCF70FFB41F2B4313220CF
:10C7AC00FCF70AFB41F281313220FCF705FB41F228
:10C7BC0082313220FCF700FB41F221313220FCF7B0
:10C7CC00FBFA41F222313220FCF7F6FAC00C0021C0
:10C7DC00FDFFFF3F1B4B2DE9F04793F9008084B020
:10C7EC00B8F17F0F2CD0184C7F2281460E4667681B
:10C7FC001A703B79032B1AD03B79062B0CBF4FF0E8
:10C80C00030A4FF0010A236803F142050DF0F2FA16
:10C81C00324600902B46257B494638460195CDE99A
:10C82C00028A02F02BFF28B904B0BDE8F0874FF064
:10C83C00000AE8E7606804B0BDE8F04702F08EBE7D
:10C84C00FFF776FC10000021C00C002138B505461E
:10C85C000C4607F091F8420704D4A37803F0E003E8
:10C86C00402B0DD007F088F8830704D4A37803F08D
:10C87C00E003202B04D0237803F03F03242B01D9B1
:10C88C00002038BD0DF0BCFA94F9003094F802C0C9
:10C89C00002B62780CF01F03ACBF1E214FF4967175
:10C8AC0042EA032301FB03F31A1AB2F5877FE7D39D
:10C8BC009842E5D8054A294623881068A0F821310A
:10C8CC0080F823C1BDE8384003F09CBCC00C0021AB
:10C8DC002DE9F047344E84B07568AB796BB3D6F85C
:10C8EC0000A0044689469AF8953033B90378002B9A
:10C8FC000CBF012302238AF8953028790628C3B28D
:10C90C003ED0072B14BF4FF001084FF00208274808
:10C91C0090F900707F2F45D07F2303700DF06AFAD9
:10C92C00317B0AF1420300904A4601912846214688
:10C93C00CDE9027802F0A2FE20B90025284604B009
:10C94C00BDE8F087657815F010051CD0A1690220B0
:10C95C00FFF77CFF0546E8B10023326882F8963079
:10C96C006369DBB15978C1F3031182F897105978D8
:10C97C001B7801F00F0143EA0123A2F89830DDE7A0
:10C98C004FF00308C3E7706802F0E8FD284604B0D6
:10C99C00BDE8F087706802F021FECFE7FF2382F834
:10C9AC009730CBE7FFF7C4FBC00C0021100000212F
:10C9BC0010B504468AB007F091FE194A237810701E
:10C9CC0003F00F03072B02D001200AB010BD204644
:10C9DC00694603F03BF9684603F026FA9DF80030EF
:10C9EC00002BF1D19DF80130DB07EDD50D4C0199F1
:10C9FC0022689DF8110002F1780392F87E2014F061
:10CA0C00CBFE0028E0D020680121A03014F003FCFC
:10CA1C00FF216846FFF75CFF0028D5D00220D4E741
:10CA2C0010000021C00C00212DE9F04304468BB00E
:10CA3C0007F054FE404A2378107003F00F03082BC4
:10CA4C0004D0012528460BB0BDE8F083694620468A
:10CA5C0003F092F89DF80050002DF2D19DF80130B2
:10CA6C0003F00303032BECD1344E376897F84D30A9
:10CA7C008BB397F84E90737B8BBB4FF0000807F18C
:10CA8C00780397F87E2001999DF8110014F084FE2C
:10CA9C0010B9B8F1000FD4D097F84820376897F840
:10CAAC0041804237002A36D19DF8120002990128A4
:10CABC0021D03B46424614F06FFE0028C1D03068AE
:10CACC000121A03014F0A7FB737B6BBB2146012026
:10CADC00FFF77CFAB6E7736893F80590CBE714F090
:10CAEC009FFE0828C9D0A0EB09083073B8FA88F863
:10CAFC004FEA5818C3E74B7903F0C003402BD8D149
:10CB0C003B46424614F048FE0028D8D102994846CC
:10CB1C0007F080FCD1E7484607F0B6FC0028C3D0EC
:10CB2C0007464FF00108BFE70DF01CFF0CF0DCFCD2
:10CB3C0000237373CAE700BF10000021C00C002152
:10CB4C002DE9F04FDFF8E8A09346847C83B0DAF847
:10CB5C0000200646012C894692F84870984687F0CA
:10CB6C00010738D000249AF80D502346E5B192F80D
:10CB7C005410490721D47268A2B3DAF8042055790D
:10CB8C00082D22D02846019307F062FA019B002859
:10CB9C0018BF0746EBB19AF80F307BB314F04AFE7E
:10CBAC00002305468AF80F308BF8005089F80040B6
:10CBBC0088F8007003B0BDE8F08F92F84D10002992
:10CBCC00D9D092F84E50082DDCD113B19AF80E1032
:10CBDC00D1B10025E8E783685B7903F0C003402BF3
:10CBEC00C0D1C0E7DAF804200193106802F072FF9C
:10CBFC00019B0028C1D1002BEBD0E7E72846B16898
:10CC0C0007F008FC0546CFE7B068019107F02AFB56
:10CC1C0005468AF80D000028C6D014F001FE08283D
:10CC2C00019903D0DAF804305871BDE70D46BBE723
:10CC3C00C00C002108B5054B586802F08FFC07F0BA
:10CC4C004DFD034B024601201A7008BDC00C00219B
:10CC5C00100000212DE9F843774C002205460F46C1
:10CC6C00A368D4F8009018461A800DF0C9FD06464A
:10CC7C00002836D0032D4ED0052D56D0A06809F1D2
:10CC8C00780114F090FF99F87E10A06814F09FFFC3
:10CC9C00236893F8482003F1420793F8418092B936
:10CCAC00A068394614F071FF4146A06814F082FF69
:10CCBC00624BD3F80431002B40F0B980052D1DD008
:10CCCC003046BDE8F88393F8542052070FD46368BC
:10CCDC00587907F0D9FB0028E2D007464FF001083D
:10CCEC00DEE7032007F0ACFF3046BDE8F88393F88D
:10CCFC004D20002AEBD093F84E00EAE7236830462B
:10CD0C0039681A6DC2F80A10B988D1811B6D83F885
:10CD1C000980BDE8F883A0680C234370037823F0E6
:10CD2C000F0343F003030370A9E7D4F80880222310
:10CD3C00226898F8001088F8013021F02F0141EAA0
:10CD4C00471747F0050788F80070136D1B6AC8F881
:10CD5C000F30116D8B6A180A88F813301B0C88F889
:10CD6C00140088F8153091F87630088E002B4BD1D2
:10CD7C00334FA7FB0030CB6AA7FB0373800AC3F3C6
:10CD8C008F2388F817301B0A88F8160041F2707050
:10CD9C0088F81830CB69A3F57A7787423FD92848B1
:10CDAC00A0FB0303C3F38F2388F819301B0A88F800
:10CDBC001A308B8C88F81B301B0A88F81C30CB8CF3
:10CDCC0088F81D301B0A88F81E30D1F88F30C8F84F
:10CDDC001F3091F8933088F82330136D98F8242085
:10CDEC0093F89A3022F01F0203F01F03134388F8C4
:10CDFC00243006F0E7FD98F8243003F01F0343EAD3
:10CE0C00401388F8243039E70E4FA7FB0030CB6A6B
:10CE1C00A7FB0373C0F34710C3F34F13B1E70A48E2
:10CE2C00A0FB03039B0903F550639BB2BCE740F2E4
:10CE3C003F613220FBF7C0FFC00C00210080004195
:10CE4C005917B7D11F85EB51D34D621038B5154C1E
:10CE5C00236893F854309B0718D1A568E5B1236873
:10CE6C00FF2093F820110DF037F828460DF092FCB6
:10CE7C00236893F82031033B012B94BF282000201A
:10CE8C000DF026FD636807221A7138BD63681868B7
:10CE9C0002F012FB0546E1E740F21E513220FBF78F
:10CEAC008BFF00BFC00C002138B51E4C0E20236830
:10CEBC0093F820110DF010F8236893F854309B0769
:10CECC0024D1A56845B328460DF064FC236893F87B
:10CEDC002031033B012B94BF282000200DF0F8FCDF
:10CEEC002368681D93F8205107F0EAF9607348B184
:10CEFC00033D012D94BF552550250CF0D9FA284639
:10CF0C000DF024FD636808221A7138BD6368186837
:10CF1C0002F0D2FA0546D5E740F20B513220FBF76E
:10CF2C004BFF00BFC00C002170B50D4D0222D5E99E
:10CF3C0000031A7103F0BEFF00B170BD2E680446E9
:10CF4C0006F16C0002F04AFB2868A6F8214186F82D
:10CF5C00234186F87040BDE8704004F009B900BF69
:10CF6C00C00C002110B50A4C07F0B8FB094A637BD2
:10CF7C0010701BB90DF0F6FA032010BD0DF0F2FC89
:10CF8C000CF0B2FA002363730DF0ECFA032010BD21
:10CF9C00C00C00211000002170B52D4C05462368F3
:10CFAC0093F823215F2A2CD851092A4A565C93F80E
:10CFBC00210100F03F000DF005F9236893F95800AA
:10CFCC000DF0F0F8FDB1236832460120996E0DF09A
:10CFDC006DFA2368314693F89630022B0CBF402033
:10CFEC00FF200CF079FF236893F85420920710D19E
:10CFFC0093F89530A568B3B12846BDE870400DF0A4
:10D00C00C9BB0026D3E73246732101200DF04EFA3E
:10D01C00DFE76368186802F04FFA2368054693F857
:10D02C009530002BE8D1681D07F04AF96073002891
:10D03C00E2D0033E012E94BF552450240CF038FA54
:10D04C0020460DF083FC2846BDE870400DF0A2BBD5
:10D05C00C00C00218CF60201F0B52F4C83B00646B3
:10D06C00236893F823215F2A30D851092B4A575C47
:10D07C009A6E7ABBD3F888000DF0FCFB256895F806
:10D08C0054309A0703D595F89620022A33D05B07C3
:10D09C002DD46368186816BB02F01CFD6368064645
:10D0AC00186802F01DFD024605F19A00256831460C
:10D0BC0095F8963095F82051009502F05DFE2268A7
:10D0CC00002382F82071A37303B0F0BD9A6E002781
:10D0DC00002ACFD00120FFF75FFF2368CAE702F0D8
:10D0EC000BFD014605F19A0002F03CFEE7E795F8CE
:10D0FC009630012BCDD1FB1E012B05D939460020D2
:10D10C000DF04AFC2568C4E795F85930012B14BF83
:10D11C0039460321F3E700BFC00C00218CF6020155
:10D12C0010B50B4C637B63B9A1680020FEF74EFF72
:10D13C0023680022A3F8212183F8232183F870208F
:10D14C0010BD0DF00FFC0CF0CFF900236373EBE76F
:10D15C00C00C002110B50E4C637B8BB90022012052
:10D16C00D4E90031087103F16C00A3F8212183F894
:10D17C00232102F0C1F92068BDE8104003F0F8BF8C
:10D18C000DF0F0FB0CF0B0F900236373E6E700BF81
:10D19C00C00C002107292DE9F04F0D4687B004463D
:10D1AC009146476803D12FB9002A00F0BD80002FAB
:10D1BC0000F08480637CDFF8A482012B44D0D8F883
:10D1CC000430587908285AD00DF10F0104AA07F041
:10D1DC0031F8002800F0388104A99DF80F0015F0F3
:10D1EC007DFE0746D8F8001091F854C01CF0030AD5
:10D1FC006DD1D8F8046086F806A091F8543013F07D
:10D20C00040340F0BA80F371954B1B682BB149466F
:10D21C00204698473072D8F8046063684BB1617C43
:10D22C00D8F8002082F87E10196891679B88A2F8C4
:10D23C007C30337A002B00F00C81072DA06800D1D4
:10D24C0088BB07B0BDE8F08F7B7903F0C003402B9F
:10D25C00B5D1072D98F80D3000F0BC80002BAED066
:10D26C00D8F8046014F0DCFAD8F8043070715879EE
:10D27C000123082888F80C0088F80E30A4D16168C6
:10D28C00607C15F02BFED8F8042007466168053247
:10D29C00607C06F005FF03460028A3D1D8F8046093
:10D2AC00F0803072C9E771790829CAD0002BC8D038
:10D2BC0006F0F6FF012388F80F30C2E7DFF89C81F7
:10D2CC00D8F8001091F854C01CF0030A91D0062D28
:10D2DC0091F84CA0D8F804606AD9082D6DD896F84E
:10D2EC0006B08BF00103B9F1000F0CBF002303F063
:10D2FC000103002B61D16268002A59D1B9F1000FEA
:10D30C0040F08D806278D00640F1898001201CF0BD
:10D31C00040FB0713FF477AF91F84D3096F807A039
:10D32C00D2066ED501236EE7DFF83081D8E9001004
:10D33C0091F8543013F0030218BF012213F00403C8
:10D34C00827105D02378A3F10103B3FA83F35B094F
:10D35C00C37191F89430002B3FF473AFD8F80030C0
:10D36C00D3F89000503016F0E4FB00287FF469AF3E
:10D37C00D8F8043001221A7263E7062D91F84D306B
:10D38C0004D8002B7FF43FAF3B463CE796F807A050
:10D39C00082D1DD8BAF1010F02D0B9F1000F17D129
:10D3AC006268002AEDD1B9F1000F2AD16278B7E793
:10D3BC00BAF1000F08BFBA461DE70023B3711CF089
:10D3CC0004033FF420AF91F84D3096F807A0DFE747
:10D3DC00002318E7002B3FF4F2AEB9F1000F7FF4F5
:10D3EC003FAFD8F8003093F8201101297FF438AF03
:10D3FC00384606F037FF88F80D0000283FF4DFAE02
:10D40C002EE73068019302F065FB1AEA000702D19F
:10D41C00019B9BB11F46D8F804603B46F3E630688D
:10D42C0002F058FB1BEA000B0CD1BAF1000F02D131
:10D43C0006F030FE8246D8E90016DCE606F02AFE3D
:10D44C000746E8E7DA46F6E740F693313220FBF779
:10D45C00B3FCF388003B18BF0123EEE6C00C00219F
:10D46C006C00002170B5194E8AB0054607F036F9EC
:10D47C003368174A93F85430107013F0060F16D116
:10D48C002C782846694604F00F04224602F040FB33
:10D49C00214600226846FFF77DFE21466846FEF7CE
:10D4AC00A3FE737B044643B920460AB070BD01222B
:10D4BC00962100200DF010F8E2E70DF053FA0CF075
:10D4CC0013F80023204673730AB070BDC00C002102
:10D4DC001000002110B50F4C606802F07FF8637BE0
:10D4EC008BB900220120D4E90031087103F16C00E2
:10D4FC00A3F8212183F8232101F0FEFF2068BDE869
:10D50C00104003F035BE0DF02DFA0BF0EDFF0023AB
:10D51C006373E6E7C00C002110B5104C07F0DEF881
:10D52C000F4A637B10708BB900220120D4E90031C3
:10D53C00087103F16C00A3F8212183F8232101F079
:10D54C00DBFF2068BDE8104003F012BE0DF00AFAB4
:10D55C000BF0CAFF00236373E6E700BFC00C002189
:10D56C001000002110B5114C606802F037F807F07C
:10D57C00B5F80F4A637B10708BB900220120D4E9F7
:10D58C000031087103F16C00A3F8212183F82321E9
:10D59C0001F0B2FF2068BDE8104003F0E9BD0DF0CA
:10D5AC00E1F90BF0A1FF00236373E6E7C00C002147
:10D5BC001000002110B5134C07F090F8124A00210E
:10D5CC002368107003F1A00013F025FE637B8BB968
:10D5DC0000220120D4E90031087103F16C00A3F89A
:10D5EC00212183F8232101F087FF2068BDE810403A
:10D5FC0003F0BEBD0DF0B6F90BF076FF002363739C
:10D60C00E6E700BFC00C00211000002110B5144C3F
:10D61C00606801F0A3FF07F061F802462068002162
:10D62C00104BA0301A7013F0F6FD637B8BB90022FF
:10D63C000120D4E90031087103F16C00A3F8212119
:10D64C0083F8232101F058FF2068BDE8104003F057
:10D65C008FBD0DF087F90BF047FF00236373E6E7EE
:10D66C00C00C00211000002110B500210320164C25
:10D67C00FFF7F0FA20B10321206802F0C3FD98B93E
:10D68C00637BCBB900220120D4E90031087103F18E
:10D69C006C00A3F8212183F8232101F02DFF2068D1
:10D6AC00BDE8104003F064BD012108460DF074F98B
:10D6BC00636809221A7110BD0DF054F90BF014FFB8
:10D6CC0000236373DEE700BFC00C002110B51C4CB7
:10D6DC000C220121D4E900031A7103F073FD00211F
:10D6EC000520FFF7B7FA20B10621206802F08AFD69
:10D6FC0098B9637BEBB900220120D4E900310871A1
:10D70C0003F16C00A3F8212183F8232101F0F4FE2E
:10D71C002068BDE8104003F02BBD2368012093F86E
:10D72C0020110DF039F9236801221B6D83F88E202E
:10D73C0010BD0DF017F90BF0D7FE00236373DAE779
:10D74C00C00C002170B5244C236893F823215F2A68
:10D75C0029D85109214A565C9A6E42BBD3F88800ED
:10D76C000DF088F8256895F854309A0703D595F88C
:10D77C009620022A20D05B0703D595F89630012B12
:10D78C001AD06368186802F0B7F9014605F19A00DF
:10D79C0002F0E8FA002221686368A273062281F87D
:10D7AC0020611A7170BD9A6E0026002AD6D0012015
:10D7BC00FFF7F2FB2368D1E7F31E012B05D93146A5
:10D7CC0000200DF0E9F82568DBE795F85930012BBE
:10D7DC0014BF31460321F3E7C00C00218CF6020183
:10D7EC0038B5154C0521206802F00CFD48B12368B2
:10D7FC00012093F820110DF0CFF863680B221A71F9
:10D80C0038BD637B8BB900220120D4E9003108714B
:10D81C0003F16C00A3F8212183F8232101F06CFEA5
:10D82C002068BDE8384003F0A3BC05460DF09AF81B
:10D83C000BF05AFE6573E6E7C00C002138B5234C9B
:10D84C006368186801F036FE00283AD063680A2233
:10D85C00054600211A71206803F0B4FC22682B786D
:10D86C000520126D92F88E5005EA531505F001054E
:10D87C002946FFF7EFF948B10421206802F0C2FCF9
:10D88C0020B123681B6D83F88E5038BD637B8BB938
:10D89C0000220120D4E90031087103F16C00A3F8D7
:10D8AC00212183F8232101F027FE2068BDE83840B0
:10D8BC0003F05EBC0DF056F80BF016FE00236373FC
:10D8CC00E6E740F263513220FBF776FAC00C0021F8
:10D8DC00F0B52C4C83B0236893F823215F2A37D8FA
:10D8EC005109294A575C9A6E002A35D1D3F8880021
:10D8FC000CF0C0FF256895F854309A0703D595F8BD
:10D90C009620022A2DD05B0703D595F89630012B73
:10D91C0027D06368186802F0DDF86368064618685B
:10D92C0002F0DEF8024605F19A002568314695F8BA
:10D93C00963095F82051009502F01EFA00222168CD
:10D94C006368A273052281F820711A7103B0F0BDCF
:10D95C009A6E0027002AC9D00120FFF71DFB23680F
:10D96C00C4E7FB1E012B05D9394600200DF014F835
:10D97C002568CEE795F85930012B14BF39460321A1
:10D98C00F3E700BFC00C00218CF60201012910B591
:10D99C0012D188B91D4A5368197908292BD91979DC
:10D9AC000C292DD819795269194B52680B44BDE8D2
:10D9BC00104052F823301847144C606801F00EFEEA
:10D9CC00637B8BB900220120D4E90031087103F18B
:10D9DC006C00A3F8212183F8232101F08DFD206830
:10D9EC00BDE8104003F0C4BB0CF0BCFF0BF07CFD99
:10D9FC0000236373E6E741F263413220FBF7DCF965
:10DA0C0041F264413220FBF7D7F900BFC00C002172
:10DA1C00F7FFFF3FF0B55A4C83B020686C3001F033
:10DA2C006BFD656801F018FD6368286018680028B4
:10DA3C0000F0A18001F03EFD0546002800F0968024
:10DA4C00236893F8A630002B54D1D4E9000290F847
:10DA5C00A430034493F8247180F82071137913B126
:10DA6C001379012B5FD190F8A520464B13441879FC
:10DA7C000CF0A8FB236893F8A420134493F82461BA
:10DA8C00022E4ED02FD9F31E012B2ED801F0DEFC26
:10DA9C0031460CF021FA28460CF07CFE3146012070
:10DAAC000CF096FB012F34D0681D06F009FC607356
:10DABC0048B1033F012F94BF552550250BF0F8FCBE
:10DACC0028460CF043FF626808210023206851713E
:10DADC0021730321D3801372E38180F89530237472
:10DAEC00117103B0F0BD012ED0D040F2FE71322086
:10DAFC00FBF762F9236893F8542093F8A700196D8B
:10DB0C000243C3F8101183F85420002283F8A62096
:10DB1C009BE7E81C06F0D4FB60730028D3D04025AB
:10DB2C00CCE70D20B4E7002102F06CFB08B12068B3
:10DB3C0099E7637B93B900220120D4E90031087185
:10DB4C0003F16C00A3F8212183F8232101F0D4FC0C
:10DB5C00206803B0BDE8F04003F00ABB01900CF064
:10DB6C0001FF0BF0C1FC01986073E4E740F25641F1
:10DB7C003220FBF721F940F254413220FBF71CF91B
:10DB8C00C00C00218CF6020108B506F0A7FD044B71
:10DB9C0018700CF0E7FCBDE80840FFF73BBF00BF76
:10DBAC001000002110B50C4C06F098FD0B4A637B5D
:10DBBC0010702BB90CF0D6FCBDE81040FFF72ABF53
:10DBCC000CF0D0FE0BF090FC002363730CF0CAFC3D
:10DBDC00BDE81040FFF71EBFC00C00211000002153
:10DBEC0038B50446FEF740FD237A032B75D03D4D26
:10DBFC00002B48D12A683C4992F8A53092F84B008A
:10DC0C000133A1FB034C0CF4FF7404EB5C041B1BF1
:10DC1C0040FA03FCDCB21CF0010F16D10133A1FB5E
:10DC2C00034C2CF0010404EB5C041B1B40FA03FCBA
:10DC3C00DCB21CF0010F08D10133A1FB034121F030
:10DC4C00010404EB51015B1ADCB282F8A54092F995
:10DC5C0058000CF0A7FAFFF7DDFE2C6894F848305A
:10DC6C0083B16FF00043D4E920129A4208BFB1F19E
:10DC7C00FF3F07D00DF022FFD4E92023904271EB37
:10DC8C00030302D238BD2A68E1E7012006F08EFBBF
:10DC9C000028F7D02D6806F0C7FA04460DF00EFFE9
:10DCAC006301E20E1B1B62F10002520242EAD352E4
:10DCBC005B021B1942F1000C9A014FEA8C1ED21A1E
:10DCCC004EEA936E6EEB0C0C13194CF100021B1800
:10DCDC0042EB0101C5E9203138BD40F61911322063
:10DCEC00FBF76AF8C00C0021ABAAAAAA38B5044607
:10DCFC00FEF7BAFC237A032B62D0012B69D051D8E2
:10DD0C004D4C4E49226892F8A53092F84B000133E5
:10DD1C00A1FB035C0CF4FF7505EB5C055B1B40FA87
:10DD2C0003FCDDB21CF0010F16D10133A1FB035C27
:10DD3C002CF0010505EB5C055B1B40FA03FCDDB226
:10DD4C001CF0010F08D10133A1FB035121F0010597
:10DD5C0005EB51015B1ADDB282F8A55092F958001F
:10DD6C000CF020FA2368002283F89520FFF752FE6E
:10DD7C00256895F84830A3B16FF00043D5E920121F
:10DD8C009A4208BFB1F1FF3F0BD00DF097FED5E9D9
:10DD9C002023904271EB030303D3012006F006FB12
:10DDAC0008BB38BD023B012BFBD8234C236893F8EE
:10DDBC00950088B9FFF750F9636805221A7138BDD0
:10DDCC001D4B1B68986E88BBFFF7E6F8237A012B76
:10DDDC0095D1194C2268C1E70120FFF73DF9636822
:10DDEC0006221A7138BD256806F01EFA04460DF09D
:10DDFC0065FE6301E20E1B1B62F10002520242EA55
:10DE0C00D3525B021B1942F1000C9A014FEA8C1E93
:10DE1C00D21A4EEA936E6EEB0C0C13194CF10002F5
:10DE2C001B1842EB0101C5E9203138BD40F62F111A
:10DE3C003220FAF7C1FF00BFC00C0021ABAAAAAA7E
:10DE4C002DE9F047A64F86B0D7F8008098F85730E8
:10DE5C005BB17E680546B37963B12C78012C12D086
:10DE6C00022C00F0E080002C54D00324204606B095
:10DE7C00BDE8F087F279002AEFD1327A002AF4D08B
:10DE8C002C78012CECD198F82031022B6B7800F017
:10DE9C00018103F01803182BE7D198F85430590777
:10DEAC0000F1FE809A0718D08E4B93F900407F2C1E
:10DEBC0000F07B817F221A700BF09CFF397B08F1FC
:10DECC0042030090FF2201910021304602940391FD
:10DEDC00294601F0D3FB0028C7D0A9690120FEF721
:10DEEC00B5FC0028C1D001233A6882F896306B69E2
:10DEFC00002B00F0E88059780224C1F3031182F85A
:10DF0C00971059781B7801F00F0143EA0123A2F80E
:10DF1C009830ABE798F854209007A6D013B9337A11
:10DF2C00002BA2D06B7813F0100FC3F3001614BFA4
:10DF3C000822012232EA030397D10023AA688DF844
:10DF4C0015308DF816308DF81730002A00F0EB8064
:10DF5C000DF117030DF116010DF115022846FEF710
:10DF6C00EFFD39689DF8153091F84180002B40F099
:10DF7C0009814231AB68AA7C404613F00DFC90B984
:10DF8C003B6893F85530023B012B3FF66EAF9DF882
:10DF9C001630002B3FF469AF9DF81530002B7FF441
:10DFAC0064AF4FF0FE08002E00F0C0804D4A92F98D
:10DFBC0000607F2E00F0F9803B684FF00009D7F825
:10DFCC0004A003F142047F2313700BF013FF397B81
:10DFDC002346009042460191504629460296CDF8C0
:10DFEC000C9001F04BFB00283FF43FAFA9690120D6
:10DFFC00FEF72CFC00283FF438AF3B6883F8969072
:10E00C006A69002A00F0CC8051780224C1F3031114
:10E01C0083F897105178127801F00F0142EA01222F
:10E02C00A3F8982022E798F854309B073FF41DAFD3
:10E03C006B7803F01803182B7FF417AF294B93F967
:10E04C000090B9F17F0F00F0B0807F221A700BF0B6
:10E05C00D1FE3A7B08F1420300902946019200223E
:10E06C003046CDF808900392FF2201F007FB002800
:10E07C003FF4FBAEA9690120FEF7E8FB00283FF452
:10E08C00F4AE3A6882F896406B69002B00F08480FD
:10E09C00597832E703F01903192B3FF4FEAEE4E68E
:10E0AC006B680BBBAB68002B7FF4DFAEAB699B7866
:10E0BC0013F0E0030CD198F84930002B3FF4D5AEA7
:10E0CC0098F85430EEE6FF23022482F89730CDE620
:10E0DC00402BF5D198F84A30002BF1D1C5E600BFA2
:10E0EC00C00C00211000002108F15B0398F85A20A5
:10E0FC0008F1780198F87E0013F04EFB7E68D7F893
:10E10C0000807379082B03D098F84E209A423CD0AB
:10E11C0098F85630012BC5D0002B7FF4A6AE002802
:10E12C003FF4A3AEBEE74FF0FF083CE7204B93F95A
:10E13C0000A0BAF17F0F38D0D7F804907F221A7064
:10E14C0099F80430032B05D099F80430062B0CBF3A
:10E15C00032401243B6803F142060BF04BFE4246BC
:10E16C000090334629464846CDE902A43C7B0194F5
:10E17C0001F084FA00283FF478AE7868032401F0AB
:10E18C00EDF973E648F002080DE798F85630012BCC
:10E19C0088D0002B86D068E6FF2382F8973065E69E
:10E1AC00FF22022483F8972060E6FDF7C1FF00BF31
:10E1BC001000002130B505468BB006F08FFA414BAC
:10E1CC002C7802466946284604F00F041A7001F0B8
:10E1DC003DFD3D4D072C51D02B6893F8542012F087
:10E1EC00060210D121466846FEF7D4FF2B6893F83F
:10E1FC002031042B1BD8022B1ED903246B7B6BBB49
:10E20C0020460BB030BD93F8A420134493F824217E
:10E21C00012A52D0002221466846FEF7BBFF2B682C
:10E22C0093F82031012B0CD0023B022BE5D941F2A3
:10E23C001C213220FAF7C0FD012B02D0022BDCD0BE
:10E24C00F5E7062C02D012D8022C32D821466846AB
:10E25C00FDF7CAFF6B7B0446002BD1D00CF082FB80
:10E26C000BF042F9002320466B730BB030BD072C2A
:10E27C001FD16846FFF7E4FD0446BFE72B686846EC
:10E28C0093F8201101F01EFD002221466846FEF78E
:10E29C0081FF2B6893F82031042BC8D8022BE8D8C7
:10E2AC00012BE6D0022BC2D19DF80030012BA4D15A
:10E2BC00DFE703240CF056F9A0E7962100200CF0C0
:10E2CC000BF9A7E710000021C00C00212DE9F04F3D
:10E2DC0093B0A34C0D4608A901F0B8FC206808A91E
:10E2EC009A3001F073FD23689DF8201093F8962066
:10E2FC00914205D1032D17D09DF82120110752D43E
:10E30C006068012501F06AF9637B1BB9284613B0DC
:10E31C00BDE8F08F0CF026FB0BF0E6F80023284646
:10E32C00637313B0BDE8F08F93F89720FF2AE3D105
:10E33C0008A82A460721FEF72DFF6068C3881BB981
:10E34C00037A002B00F0E58000230A9E8DF81D3027
:10E35C008DF81E308DF81F30B6B30DF11F030DF183
:10E36C001D020DF11E0108A8FEF7EAFB23689DF8BB
:10E37C001D8093F84170B8F1000F01D047F00207EF
:10E38C009DF820509DF81E90012D9DF81F6022D005
:10E39C00022D00F0B280002D00F094806068012501
:10E3AC0001F01CF9B0E70D9993F897004A78B0EB9F
:10E3BC00121FA5D1097802F00F02B3F8983041EA88
:10E3CC0002229A429CD1B3E79DF82050B146B04648
:10E3DC00FF27012DDCD19DF82130206803F00902C4
:10E3EC0090F89A10092A05D0002900F090801A079D
:10E3FC0040F18D8090F8543062685B0719D5D37961
:10E40C00BBB1002900F038810A9B002B00F02C8155
:10E41C00B8F1000F40F028815EB100F142019DF887
:10E42C00322090F8410013F0B7F9002840F01B811E
:10E43C0062689379002B6AD0266896F854309B0753
:10E44C0065D09DF8213013F0020A00F0E680B8F197
:10E45C00000F0AD10A9B06F142019DF8322096F872
:10E46C00410013F099F900286BD03E4B93F90090C2
:10E47C00B9F17F0F00F0BE81D4F804807F221A70AE
:10E48C0098F80430032B00F04A8198F80430062BDE
:10E49C000CBF4FF0030A4FF0010A236803F1420648
:10E4AC000BF0A8FC3A4600903346267B08A9404660
:10E4BC000196CDE9029A01F0E1F840B3606801F0F1
:10E4CC004DF821E7206890F854309D071FD09DF837
:10E4DC00213099074AD4FF2763681B7A33B1224B4A
:10E4EC001B681BB10F9808B111999847394608A8B9
:10E4FC00FEF7EEF958B1022506E7256895F8543079
:10E50C009A0704D0D4F804A09AF806202AB9012559
:10E51C00FAE6012501F062F8F6E69DF8212002F0FA
:10E52C0009010929F3D113F0020B38D012F00201C2
:10E53C0000F0C380B8F1000F40F02381002E40F0B2
:10E54C001481236893F85530023B012BDFD8B9F1C5
:10E55C00000FDCD0FE2108A80125FEF73BF9D3E61D
:10E56C00C00C00211000002150010021B8F1000F57
:10E57C00B2D100F142010A9B9DF8322090F8410083
:10E58C0013F00AF90028A7D1236893F85530023B01
:10E59C00012BBCD8B9F1000FB9D0FE279CE712F0C3
:10E5AC00020600F0BF80B8F1000F0AD10A9B05F1FA
:10E5BC0042019DF8322095F8410013F0EDF8002847
:10E5CC00BFD08D4B93F90080B8F17F0F00F0128112
:10E5DC0066687F221A703379032B06D03379062BA9
:10E5EC000CBF4FF0030B4FF0010B236803F14205F6
:10E5FC000BF000FC3A4600902B46257B08A93046D0
:10E60C000195CDE9028B01F039F800283FF47FAF7A
:10E61C006068012500F0A2FF76E6774B93F9007055
:10E62C007F2F00F0E7807F2119701379032B06D020
:10E63C001379062B0CBF4FF0030A4FF0010A059219
:10E64C000BF0D8FB059A06F14203009008A910467E
:10E65C00227BCDE9027A0192FF2201F00FF800280B
:10E66C003FF455AF2AE72068A03012F0F6FD0028E1
:10E67C003FF4DEAE0C2547E600F15B0390F85A2020
:10E68C0000F1780190F87E0013F086F8626803467A
:10E69C0020685179082904D090F84EC08C4500F0C0
:10E6AC00A08090F8561001293FF4AEAE00297FF4FB
:10E6BC00C0AE002B3FF4BDAEA6E64F4B93F90080E5
:10E6CC00B8F17F0F00F096807F2203201A70FEF7BE
:10E6DC00C1FA23680546D4F8049003F142060BF006
:10E6EC0089FB3A4600903346267B08A9484601969A
:10E6FC000126CDF80880039600F0C0FF002D3FF4F2
:10E70C0006AF00283FF403AF2068A03012F0A5FD3F
:10E71C00002864D16068354600F020FFF4E54FF026
:10E72C00000ABAE6344B93F900707F2F62D07F2237
:10E73C001A709AF80430032B05D09AF80430062B83
:10E74C000CBF032601260BF055FB05F14203257B7C
:10E75C00FF22009008A950460195CDE9027600F001
:10E76C008DFF00283FF4D3AE52E70A9B05F142011E
:10E77C009DF8322095F8410013F00EF800283FF474
:10E78C00E0AE1D4B93F90080B8F17F0F32D07F22A1
:10E79C00002103201A70FEF75DFA23680546D4F8B1
:10E7AC00049003F142060BF025FB3A4600903346E9
:10E7BC00267B08A9484601960126CDF808800396C9
:10E7CC0000F05CFF002D3FF4A2AE00283FF49FAE9A
:10E7DC002068A03012F041FD00283FF498AE0B25C4
:10E7EC0092E590F85630012B3FF40EAE002B3FF41F
:10E7FC000BAE1EE6FDF79CFC1000002110B5044684
:10E80C0005F06CFF094A2378107003F00F03072BF7
:10E81C0005D120460121BDE81040FFF757BD044B40
:10E82C00586800F0DBFE012010BD00BF1000002175
:10E83C00C00C002110B5044605F050FF094A23789E
:10E84C00107003F00F03072B05D120460321BDE800
:10E85C001040FFF73BBD044B586800F0BFFE012091
:10E86C0010BD00BF10000021C00C002190F83E002C
:10E87C00003818BF01207047007A003818BF0120FB
:10E88C00704700BF036D10B583B10222FF2104460F
:10E89C0042721A884FF6FF7380F8271003850649D9
:10E8AC00428113F023FD0023236510BD40F2633138
:10E8BC003220FAF781FA00BF39BE000138B50121C8
:10E8CC0005460020FAF77CFF20B3044601F002FC59
:10E8DC0002E094F870301BB194F87030012BF8D131
:10E8EC003F220021204610F04BF9002340F2011189
:10E8FC00072284F8543084F8A530A4F84C1084F81E
:10E90C00585084F84B20636684F89430C4F89030E7
:10E91C0084F8A63001210846FAF752FF044618B3D2
:10E92C0001F0D8FB02E094F870301BB194F8703011
:10E93C00012BF8D13F220021204610F021F90023B1
:10E94C0040F20111072284F8543084F8A530A4F861
:10E95C004C1084F8585084F84B20636684F894303B
:10E96C00C4F8903084F8A630BDE8384000F064BD9F
:10E97C00F8B503461C4E0F4600200121B360FAF790
:10E98C00E1FE38B34FF494720021044610F0F8F80D
:10E99C0001210846FAF7D6FE054688B14FF4947269
:10E9AC00002110F0EDF87369CBB13846FFF786FF04
:10E9BC00204601F071FB2846BDE8F84001F06CBB25
:10E9CC00736963B13846FFF779FF2046BDE8F8401C
:10E9DC0001F062BB40F687013220FAF7EDF940F600
:10E9EC0091013220FAF7E8F9C00C0021014B024AE0
:10E9FC005A617047C00C00216C010021014B024A86
:10EA0C005A617047C00C002154010021036810B5F5
:10EA1C004BB1074A03F16C045169C2E900340B682D
:10EA2C00BDE81040184740F65E113220FAF7C4F9E1
:10EA3C00C00C002110B50F4C606800F0CFFD637B5B
:10EA4C008BB900220120D4E90031087103F16C006C
:10EA5C00A3F8212183F8232100F04EFD2068BDE8A6
:10EA6C00104002F085BB0BF07DFF0AF03DFD00234A
:10EA7C006373E6E7C00C002180F84B10704700BFB1
:10EA8C0011F001031FD04FF0010C0222634680F8F5
:10EA9C0024C111F0020F0ED000EB030C490700B596
:10EAAC004FF0020E8CF824E103D51044042380F8B7
:10EABC0024315DF804FB4A0704D51844042380F87C
:10EACC002431704770470122E3E700BF80F85710EC
:10EADC00704700BF38B5054690F84000A0F1020C15
:10EAEC00BCF1010F98BF00290CBF0124002408D0F1
:10EAFC0010F0FD0FBDE8384014BF0120002005F0D8
:10EB0C004BB912F0FD0F194614BF0120002012F072
:10EB1C007DFE082801D0204638BD95F84000E7E777
:10EB2C0090F8403013F0FD0F14BF0120002005F0C9
:10EB3C0033B900BF90F8A6303BBB10B5044603F0C8
:10EB4C00FF0094F85430022B07D0012B08BF042986
:10EB5C000CBF0120002002D010BD0429FCD1D4F838
:10EB6C001031A3B9236DBBB103F09AF8216D04F1F8
:10EB7C00E80001F0AFFB03F099F8042384F8A73008
:10EB8C00FF2384F8A630012010BD0020704740F60A
:10EB9C00DD113220FAF710F940F6DE113220FAF7C7
:10EBAC000BF900BF80F84010704700BF38B590F8E3
:10EBBC004030044600F1420113F0FD0F14BF012058
:10EBCC00002084F8410005F0CFF894F84030023B67
:10EBDC00DBB2012B94BF0123002384F8483000D909
:10EBEC0038BD05F021FB05460CF068FF6B01EA0E01
:10EBFC005B1B62F10002520242EAD3525B025B19C8
:10EC0C0042F1000C9A014FEA8C1ED21A4EEA936E16
:10EC1C006EEB0C0C53194CF100021B184FF000005A
:10EC2C0042EB0101C4E9203105F0C0FB0028D7D12B
:10EC3C0040F602213220FAF7BFF800BFB1F1000C08
:10EC4C004FF0080110B504460CBF0120002084F8D9
:10EC5C0056C084F84D0084F84E1009D112F0FD0F07
:10EC6C00194614BF0120002012F0D0FD84F84E008C
:10EC7C0010BD00BF08B5A2B180F85A10D2F800C080
:10EC8C00036DC0F85BC090F841109288A0F85F202B
:10EC9C005972D0F84220C3F80A20B0F84620DA8125
:10ECAC0008BD4FF422613220FAF786F880F849103B
:10ECBC00704700BF80F84A10704700BFF0B5D0F81D
:10ECCC00C8409DF814E0944203D190F840208A4249
:10ECDC0001D00020F0BD1EF0020190F81D5123D090
:10ECEC000024A4462146224611E0314300EB820267
:10ECFC0053F82C600CF101070134D2F8CC205FFAE8
:10ED0C0087FC7632B242E4D1E2B2954228D386181F
:10ED1C0096F82461F71E012FE7D80CF1010C41F095
:10ED2C0004015FFA8CFCE1E70E460A4601E09542CD
:10ED3C0016D38418013694F82441E71E012F53F89A
:10ED4C00227088BF214300EB820498BF41F004017C
:10ED5C00F2B2D4F8CC4004F1760C6745E7D0B8E7B2
:10ED6C000EF00500401AB0FA80F04009F0BD00BF6B
:10ED7C0090F85430024659070DD413F0030000D11B
:10ED8C00704792F8550000F0FD00A0F10100B0FAB8
:10ED9C0080F04009704790F85600A0F10100B0FADD
:10EDAC0080F04009704700BF012938B5044610D0E7
:10EDBC0094F8543004F16C059B071AD1284600F0E6
:10EDCC009BFB0023A4F8213184F8233184F87030A4
:10EDDC0038BD0A4D6B7B002BEAD00BF0C3FD0AF05B
:10EDEC0083FB00236B7304F16C0594F854309B0780
:10EDFC00E4D0284600F0F2FBE0E700BFC00C002195
:10EE0C00A03012F033BA00BF0149363013F071BA9A
:10EE1C00FDBD000110B5012104460020FAF7D0FC1D
:10EE2C0078B3637880F85430227812F0010323D140
:10EE3C00012112F0020F05D000EB030C0B4602214E
:10EE4C008CF82411520703D50344042283F824219F
:10EE5C00A37880F84030E37813F0FD0F80F855303C
:10EE6C000CBF0123002380F84C30237980F84B3001
:10EE7C00637980F8573010BD0123022180F82431CA
:10EE8C00D7E740F6B9213220F9F796FF10B50446C2
:10EE9C006C3000F0A3FB0023A4F8213184F823315B
:10EEAC0084F8703010BD00BF08B501210020FAF7BE
:10EEBC0087FC28B190F89400003818BF012008BDD9
:10EECC0040F638313220F9F777FF00BF2DE9F047D3
:10EEDC0005468CB00E4600200121FAF771FC002883
:10EEEC0000F084820446A83001F010F9002847D0C5
:10EEFC0094F85430042B43D0AF6A002F00F04F81AC
:10EF0C00C44B9F4264D0043B9F4261D007F13B0944
:10EF1C0004F00AFD804602A9484600F097FEB8F1BD
:10EF2C00000F40F04981EB7A06F11C00D90600F184
:10EF3C004981002F00F0B5809DF80830022B00F0BD
:10EF4C00B080014695F83230E522484612F0BBFFFE
:10EF5C0095F8323004464846234485F8323012F096
:10EF6C00AAFF95F83290A9EB0009B9FA89F94FEA92
:10EF7C005919B8F1000F31D104F11803DBB298E044
:10EF8C002046FFF773FC0028B6D1A34C04F1080609
:10EF9C0004F10C070023AA6A002A00F04D81A96A2B
:10EFAC000A68B142AA620B704B708B70CB70F2D0B6
:10EFBC00B942F0D0206810F008FE231DD3E84F3F73
:10EFCC000133211DDBB2C1E8423F002AF5D1E1E754
:10EFDC0004F0AAFC8146002867D00024EB7ADA06FC
:10EFEC0040F1B9815B0703D5EB7EFE2B00F08E81DF
:10EFFC00032104F10A033170AA7A02FB03F3F270C5
:10F00C00023373706B7B7371D5F80E30C6F8063013
:10F01C006B8A3473344473812B7E6373EB7A13F0F5
:10F02C00080000F01D817C4C042304F108083371A6
:10F03C00474576D13379022262F34613AA6A3371BB
:10F04C006AB1EFF3108272B6AB6A1968A962002A32
:10F05C0000F0DE8000221A705A709A70DA70A5F1F6
:10F06C000801206810F0B1FD231DD3E84F3F013398
:10F07C00211DDBB2C1E8423F002AF5D102274FF037
:10F08C0004088DF804808DF805709DF8042000208C
:10F09C009DF8053062F3070063F30F200CB0BDE858
:10F0AC00F087B8F1000F40F05681182300244FF080
:10F0BC00010904223270AA7A02FB03F3F2700233C4
:10F0CC007370D5F80B20D5F80F30D5F81300D5F8A0
:10F0DC0017107260B360F0603161D5F81F30D5F84D
:10F0EC001B20B361726195F8148095F815A004F09B
:10F0FC003DFC08F1FF388B055FFA88F86FD5B8F145
:10F10C00030F00F27881454B13F808207273BAF1A3
:10F11C00000F40F08580F4763F4C04F10808474519
:10F12C0088D004F10C0A574500F0A380002F00F0A2
:10F13C00C880B9F1000F2AD0AB6A63B1EFF310822B
:10F14C0072B6AB6A1968A96202B962B600221A706B
:10F15C005A709A70DA703946206810F036FD231D0B
:10F16C00D3E84F3F0133211DDBB2C1E8423F002AF7
:10F17C00F5D1AB6A85F83220434500F0F080534559
:10F18C0000F011819DF80830022B00F0DA80337901
:10F19C0001274FF0040867F34613337171E705F14B
:10F1AC00330904F0C1FB804602A9484600F04EFD2D
:10F1BC00B8F1000F3FF4B7AEEB7A06F10D00D906AB
:10F1CC007FF5B7AE9DF818404FF00109059922461E
:10F1DC000FF06CFDB8F1000F7FF400AFCCE6B8F186
:10F1EC00030F00F211810D4B984498F804207273B0
:10F1FC00BAF1000F8FD00AF1FF3A5FFA8AFABAF12E
:10F20C00030F00F201819A449AF80430B37382E739
:10F21C0062B61FE7E40C0021D80C002194F6020121
:10F22C000AF1FF3A5FFA8AFABAF1030F00F2E380AF
:10F23C0013F80A30B3736EE7A5F10801206810F0DB
:10F24C00C4FC231DD3E84F3F0133211DDBB2C1E8C1
:10F25C00423F002AF5D14FF40073ADF8043014E7A7
:10F26C0003F00302032A49D0580749D5012333710F
:10F27C0052E7AB6A63B1EFF3108272B6AB6A1968EE
:10F28C00A96202B962B600221A705A709A70DA70CA
:10F29C006B7D83BB32794FF0040863F346123271F5
:10F2AC00A5F10801206810F090FC231DD3E84F3F16
:10F2BC000133211DDBB2C1E8423F002AF5D1022700
:10F2CC00DFE695F80B8018F010083FF4DAAE3379CE
:10F2DC00A5F10801206867F34613337110F075FC33
:10F2EC00231DD3E84F3F0133211DDBB2C1E8423F60
:10F2FC00002AF5D1C2E64FF00008D1E730710BE7D8
:10F30C00022A26D0002A7BD1317105E711223270F6
:10F31C00AA7AF270120102327270012232716A7B87
:10F32C007271D5F80E20C6F806206A8A3373728182
:10F33C00EB69C6F80D302B8CA6F811302B7EF374CC
:10F34C00EAE6337901274FF0040823F068033371A0
:10F35C0097E63271E0E65B213320F9F72DFD337926
:10F36C00022262F34613AA6A337162B1EFF3108280
:10F37C0072B6AB6A1968A96202B962B600221A7039
:10F38C005A709A70DA70A5F10801206810F01DFC13
:10F39C00231DD3E84F3F0133211DDBB2C1E8423FAF
:10F3AC00002AF5D16AE6337962F34613AA6A3371FF
:10F3BC0062B1EFF3108272B6AB6A1968A96202B936
:10F3CC0062B600221A705A709A70DA70A5F10801B0
:10F3DC00206810F0FAFB231DD3E84F3F0133211DA9
:10F3EC00DBB2C1E8423F002AF5D147E640F2C71133
:10F3FC003320F9F7E1FC40F2B9113320F9F7DCFCCA
:10F40C00A2213320F9F7D8FC4FF450710620F9F7FC
:10F41C00D3FC00BF343270B5054692B20C461E4682
:10F42C0010F09BFB25B1034B1D601C745E741C71AA
:10F43C0070BD00BFD80C002110B5034C206810F033
:10F44C00AEFB237C237110BDD80C0021014B587CE2
:10F45C00704700BFD80C002138B5154C206810F04F
:10F46C00A4FB00B30546231DD3E84F3F013B221DEF
:10F47C00DBB2C2E8413F0029F5D105F10803342283
:10F48C00012418460FF07CFBEA7C0346FF2147F66B
:10F49C00FF7064F346126975E883184685F82310EB
:10F4AC00EA74ED6238BD40F247113320F9F784FC61
:10F4BC00D80C00213330704738B50446406A08B187
:10F4CC003B3038BD0B4D286810F06FFB606260B1AB
:10F4DC002B1DD3E84F3F013B291DDBB2C1E8423F56
:10F4EC00002AF5D1606A3B3038BD4FF4B07133203F
:10F4FC00F9F762FCD80C002138B5036833B3596AAC
:10F50C00054621B301F10802934222D0124C206827
:10F51C0010F05BFB231DD3E84F3F0133211DDBB201
:10F52C00C1E8423F002AF5D12B687BB1A3F1080159
:10F53C00206810F04AFB231DD3E84F3F0133211DF7
:10F54C00DBB2C1E8423F002AF5D12A6038BD024C3B
:10F55C00ECE700230360D9E7D80C002170B50568EF
:10F56C000646F5B11B49284612F0CCFE1A4C002376
:10F57C00E360EFF3108272B6AB6A23B3E96A04F16D
:10F58C000C030B60EB6202B962B63368596A29B19D
:10F59C0001F10805AB421BD100236B6200233360E1
:10F5AC0070BD696A0029F9D00B4C206810F00DFB76
:10F5BC00231DD3E84F3F0133211DDBB2C1E8423F8D
:10F5CC00002AF5D1E8E704F10C03AB62EB62DAE751
:10F5DC001D46EAE7D9EE0001D80C002170B506688B
:10F5EC00002E3CD0716A0546002939D001F1080380
:10F5FC00204C9E420DD0206810F0E7FA231DD3E872
:10F60C004F3F0133211DDBB2C1E8423F002AF5D147
:10F61C002B68002272625A7D8AB10022A260EFF33D
:10F62C00108172B69A6AF2B1D86A134A0260DA6231
:10F63C0001B962B62846BDE87040FFF78FBFA3F151
:10F64C000801206810F0C1FA231DD3E84F3F0133A5
:10F65C00211DDBB2C1E8423F002AF5D12A6070BD02
:10F66C003346044CD7E7044A9A62DA620029E1D1A6
:10F67C00DFE700BFD80C0021E00C00212DE9F0479A
:10F68C0004680D4617469DF824C09DF820209DF96E
:10F69C0028109DF82C80002C00F0DE80DFF8E8A10B
:10F6AC00994606469AF80430002B00F09980636A5C
:10F6BC00002B00F0DB8083F81180EB684BB195F8E0
:10F6CC0010E0238E734440F2726E734500F39D80FC
:10F6DC00238601232176A372B8F1000F00F09380EA
:10F6EC0062756B691BB15B78C3F30313A375EB698C
:10F6FC0013B15B88A4F8193095F800E0E17AAEF10B
:10F70C000103AA68B3FA83F35B0963F30001BEFA41
:10F71C008EF3C1F340005B09BEF1020F08BF40F04D
:10F72C00010060F3410103EA510363F3C301E17289
:10F73C001AB1CBB243F00403E3722B6A13B193F901
:10F74C000030E3756B688BB1BCF1080F04F10E024D
:10F75C0071D0604604F10D0104F06CFD002800F03E
:10F76C008E80637B43F002036373AA684AB1BB1EAD
:10F77C0004F11C01012B56D91368E36193888B802B
:10F78C00E776B8F1000F0FD00022636A1A705A7036
:10F79C009A70DA70A26A002A57D0E26A1360E362A8
:10F7AC003A49204612F0AEFDAB698BB15A789B7882
:10F7BC0003F01F0352EA03230AD1A26ACAF80830E5
:10F7CC00002A45D0E26A324B1360E36200233360B7
:10F7DC00636A002B4ED0002301206362BDE8F087E2
:10F7EC00B8F1020F1BD007D8FFF786FE3368002B49
:10F7FC0037D10020BDE8F087B8F1030F31D1FFF706
:10F80C00EDFE3368F3E722756BE7FFF7E7FE33682D
:10F81C00002BEED040F25A313320F9F7CDFAFFF736
:10F82C009DFE3368E3E7D9F80030E361B9F80430A2
:10F83C008B80E776A5E76B7C63736B681968C4F8FB
:10F84C000E109B889380AA6890E7A362E362A7E7F7
:10F85C000F4BA362E362B9E74FF448713320F9F719
:10F86C00ABFA40F23D313320F9F7A6FA40213320B0
:10F87C00F9F7A2FA40F297113320F9F79DFAC1215A
:10F88C003320F9F799FA00BFD80C0021D9EE00010A
:10F89C00E00C00212DE9F8430026504D04680F467A
:10F8AC000660984629799DF820909DF824009DF9D2
:10F8BC00283081B9A4F10801286810F086F92B1DB5
:10F8CC00D3E84F3F0133291DDBB2C1E8423F002A88
:10F8DC00F5D1BDE8F8830121C4F80960C4F80D60C6
:10F8EC00C4F81160C4F81560C4F81960C4F81D6040
:10F8FC00A4F82160A172062A66D8DFE802F02B3248
:10F90C0039653E650400E27A22F0120242F01202DE
:10F91C00E27223760123082804F10E02237547F6C0
:10F92C00FF73E38230D004F10D0104F083FC002856
:10F93C004FD0637B43F002036373E37A5B072ED4EF
:10F94C00FF23E3760023237225492046BDE8F843C4
:10F95C0012F0CFBCE27A22F0130242F01302E272F0
:10F96C00D7E7E27A22F0150242F01502E272D0E7F4
:10F97C00E27A42F01002E272CBE7E27A22F01A024B
:10F98C0042F01A02E272C4E77B7C63737B681968ED
:10F99C00C4F80E109B889380E37A5B07D0D5A9F14D
:10F9AC00020304F11C02012B07D9BB681968E16141
:10F9BC009B88938084F81B90C4E7D8F80030E361EF
:10F9CC00B8F804309380F5E74FF484613320F9F7ED
:10F9DC00F3F9C1213320F9F7EFF900BFD80C00215E
:10F9EC00D9EE0001F8B584460026384D1046DCF8F7
:10F9FC0000400F46CCF800602A799DF918107AB9AE
:10FA0C00A4F10801286810F0E0F82B1DD3E84F3F53
:10FA1C000133291DDBB2C1E8423F002AF5D1F8BD04
:10FA2C00C4F8096041F60125C4F81560012221765D
:10FA3C0045EA0325618941F6FF33C4F811600828B3
:10FA4C0021F4DF5103EA0503227547F6FF7221F01A
:10FA5C001F01C4F80D60E28204F10E0243EA0103B7
:10FA6C00C4F81960C4F81D60A4F82160638115D036
:10FA7C0004F10D0104F0DEFB18B3637B43F00203C9
:10FA8C006373E37A5B0714D4FF23E37600232372BA
:10FA9C000F492046BDE8F84012F02BBC7B7C637309
:10FAAC007B681968C4F80E109B889380E37A5B0717
:10FABC00EAD5BB68FF221968E1619B88E276238452
:10FACC00E4E7C1213320F9F777F900BFD80C002106
:10FADC00D9EE000118B1407BFF3818BF01207047E8
:10FAEC0020B1C07EFF3818BF0120704740F275412D
:10FAFC00332008B5F9F760F920B1807DFF3818BFC5
:10FB0C000120704740F27D41332008B5F9F754F9D4
:10FB1C0070B50C461646054612F055F803462846B5
:10FB2C00637412F05BF8A074062E13D8DFE806F0AD
:10FB3C00041904120412040000230121EA1C617050
:10FB4C00C4E901236B78063BDBB223743BB1093566
:10FB5C00E56070BD002363702374C4E90133E36076
:10FB6C0070BD032100236A18093561702374E360AA
:10FB7C00C4E9012570BD00BF70B50C46C17811F009
:10FB8C003F015CD0054612F01EF80346284663740C
:10FB9C0012F024F8A0742B796370E8788309237031
:10FBAC002B7913F0010641D14FF0050C4FF00B0EE1
:10FBBC00624613F00201666002D005EB0C0172463E
:10FBCC00A160590701D50132D2B213F0080102D05D
:10FBDC00961CA918F2B2616113F0100102D0D61C68
:10FBEC00A918F2B2A16113F0200103D002F11206A0
:10FBFC00A918F2B213F04003E16102D0AB18013244
:10FC0C00D2B200F03F002362011D891A11F0FF01EE
:10FC1C0014BFAB180B4663626B78013B1B1ADBB24B
:10FC2C00237453B10A441544E56070BD4FF00B0CBE
:10FC3C006E1D4FF0110E6246BBE7E36070BD2046AF
:10FC4C002822BDE870400EF09BBF00BF70B506784F
:10FC5C0006F00F06072E26D00C46054611F0B3FF12
:10FC6C0003462846637411F0B9FFA074062E13D80E
:10FC7C00DFE806F0041D0412041204000023012125
:10FC8C00EA1C6170C4E901236B78063BDBB2237478
:10FC9C003BB10935E56070BD002363702374C4E982
:10FCAC000133E36070BDBDE87040FFF765BF032111
:10FCBC0000236A18093561702374E360C4E90125D7
:10FCCC0070BD00BF0378012B2FD0022B23D003393A
:10FCDC00C9B2A3B1012908D9427800236FF34512A8
:10FCEC00C3610374C360427070474378DA06F3D57E
:10FCFC00437800226FF3861302624370ECE701290C
:10FD0C0023D94378DB06E7D4437800226FF3C3038F
:10FD1C0042614370DEE743780022033923F003038A
:10FD2C004260C9B282604370D4E742780023022952
:10FD3C006FF3410283604270CED0D2B2033943607C
:10FD4C0063F30002C9B24270C4E7427812F0100F9C
:10FD5C00DAD022F00302C0E90133D3064270C7D4D3
:10FD6C00D2E700BF01230022594003704370037196
:10FD7C00C27042718170704710B4012B124C9DF807
:10FD8C0004C0C0F8024004D0022B17D083B110BCC1
:10FD9C007047ACF1020C4FF0000310BCBCFA8CFCA9
:10FDAC004FEA5C1C6CF307036CF30F230380704762
:10FDBC0010BC017042700371C370704700220123A4
:10FDCC0010BC0280437170470001010003782BB115
:10FDDC004B7800226FF300034A604B7043782BB1D1
:10FDEC004B7800226FF341038A604B7003792BB17F
:10FDFC004B7800226FF34513CA614B7083782BB19B
:10FE0C004B7800226FF3C3034A614B70C3782BB15C
:10FE1C004B7800226FF304138A614B70437913B152
:10FE2C0000230B74CB6070474378002223F022032D
:10FE3C008260C26143707047042816D003280DD02D
:10FE4C00022840F2762240F2464340F6480004BFB6
:10FE5C0013464FF4856018449630704740F6A22341
:10FE6C0041F2BE1018449630704741F6067344F2C6
:10FE7C00902018449630704740F29F31212008B5ED
:10FE8C00F8F79AFF70B50446FF2380F8153190F807
:10FE9C0017010DF075FD94F817010EF0F3F894F8B6
:10FEAC001E010DF06DFD94F81E010EF0EBF8002113
:10FEBC002046FEF779FF94F816313BB1D4F808319F
:10FECC0053B104F1E80001F0C5FE09E0D4F81001CB
:10FEDC0010B1D4F808311BB304F1E80001F01CFE9A
:10FEEC00002384F8153194F8165115F0FF0518BF4E
:10FEFC000C2584F81631C4F8103184F8143194F8B8
:10FF0C0017010DF0CFF980B1202694F81E0184F86A
:10FF1C0017610DF0C7F968B1284684F81E6170BDF1
:10FF2C0000F5DC7001F0F8FDD6E74FF43D712120AF
:10FF3C00F8F742FF4FF43E712120F8F73DFF00BF68
:10FF4C00F8B504460BF0BAFD05460E46D4F8102160
:10FF5C00002A56D04FF0000C94F81D016146634600
:10FF6C0004EB83030CF1010CD3F8CC205FFA8CF377
:10FF7C00763283421144F3D9D4F8C870B94214BF15
:10FF8C000127022738460DF005FF3F2837D9431CBF
:10FF9C005DD0D4E9363219188A4298BFD01AD4F8F9
:10FFAC00A830D4F8AC205B1B62EB0606012B76F173
:10FFBC00000255DB00229842B2415ADA41F28836EF
:10FFCC00864228BF0646C5F190050BF077FD054427
:10FFDC00B54214D8394630460DF030FF78B9D4F814
:10FFEC00D830D4E93720334430449342C4F8D83065
:04FFFC00C4F8E00065
:020000040101F8
:1000000044D0BDE8F8400DF08DBE0020F8BDD4F816
:10001000C8C0072794F81D0111461346ACFB07E73B
:1000200004EB83030132D3F8CC3076331944D3B2D6
:100030008342F5D98C451BD0D4F8C020D4F8B03019
:10004000D4F8C4109B1AD4F8B42062EB01027345B3
:1000500072EB070311D301279AE7D4E93630C61AA9
:1000600041F288339E4228BF1E46B2E70026B0E721
:100070005EEA070301D003278AE7022788E741F2F7
:100080008830834228BF03461E46A2E7D4E93A23BC
:10009000C4E93023B5E700BF014B1870704700BFBB
:1000A000110000210D4B002141F6690210B51960C5
:1000B0001B6893420CD8044690F8143123B190F891
:1000C00014310BB1FFF7E4FE0023A4F80C3110BD8E
:1000D00040F61B012120F8F775FE00BFEC0C002153
:1000E00010B5044690F8143113B190F814311BB9CF
:1000F0000023A4F80C3110BDFFF7CAFE0023A4F8BA
:100100000C3110BD90F8143103F0FF020BB910460A
:100110007047FFF7BDBE00BF90F86C00003818BFF5
:100120000120704730B585B090F81431002B56D1BE
:1001300003F0FF020B78CDE90122039213F00102D4
:100140003ED194460125964613F0020407D00DF1E6
:10015000100C0CEB8E0EAC46CD684EF80C5C13F018
:10016000040334D10CF1FF3C5FFA8CFC80F81DC114
:100170004968C0F8C810C0F8F81040F27121A0F822
:10018000FC101AB101997639C0F8CC105CB104A901
:10019000551C00EB820401EB8201EAB251F80C1C01
:1001A0007639C4F8CC104BB104AB00EB820003EB02
:1001B000820353F80C3C763BC0F8CC3005B030BD20
:1001C0008C68944602254FF0010E0194BCE70DF1B6
:1001D000100E0D690EEB8C0E4EF80C5CC6E740F26B
:1001E000B7212120F8F7EEFDD0F8102108B552B163
:1001F00090F8143103F0FF020BB9104608BDBDE8BA
:100200000840FFF745BE40F2EA212120F8F7DAFD69
:1002100070B590F8153113B10025284670BD04461D
:100220000D460BF051FC94F82021062D50D8DFE844
:1002300005F0290404073B0404000125284670BD8D
:10024000033A012A94BF4FF461764FF45776D4F8FD
:10025000B020D4F8D830801AA3F58E730644B34288
:100260008CBF01250025D8D82046FFF76FFE002857
:10027000D3D0D4F8D850A5F58E75AE422CBF00254A
:100280000125CAE7531EDBB2032B1DD81349042AEC
:10029000CB5C0FD05E1D032AF6B211D0022A06D025
:1002A0000536F6009836D2E74FF40276CFE70636E9
:1002B000B600F7E75E1DF6B2B60106F5C876F1E7BF
:1002C000360106F5BF76EDE7FD210520F8F77AFD4A
:1002D00040F241312120F8F775FD00BF9CF6020184
:1002E000F8B50C4607460021D4F8C00104F5DC76C9
:1002F00001F072FCB84205460BD00146304601F0D1
:100300002FFC00233B628DB900220023C4E96E2339
:10031000F8BD8368D4F8C021934217D39342FD6996
:100320003E6238BF1346BB60002DEDD001F0CAFC21
:10033000B0B1A968B5F92400D5E90032A4F8DC0110
:100340005B1842F10002C4E96E32F8BD81690029F0
:10035000E4D00146304601F003FC00232B62E5E7C0
:100360004FF4E0612120F8F72DFD00BF2DE9F04F9B
:1003700004468FB00F461E46BDF8608002920BF017
:10038000A3FBD4F8CCB0039005910BF1760094F860
:100390001D11054651B1012204EB82030132D3F84D
:1003A000CC30D2B276338A421D44F5D9D4F8C8A0F5
:1003B000AA4567D1002E65D094F81421002A40F098
:1003C000FD81029B002B40F069836FF00042D4E96D
:1003D0002A01914208BFB0F1FF3F00F02F8294F84C
:1003E0001C21224492F82401421ED2B2032A00F2B8
:1003F0009C83BF4904288A5C00F0428305320328AD
:10040000D2B200F04783022800F037830532D500CE
:100410000AF06EFD4AF2A132B64905F58E75024426
:10042000002608A8A1FB0232039B8DF8206005EB93
:10043000921513F5B372059B0C9243F100020995D6
:100440000D920222ADF828200CF058FF002800F091
:1004500075830C99D4F8A8200D98521AD4F8AC10D2
:1004600061EB0001521B61F10002002A80F21B8344
:10047000B34601220696DDF81490D846039EDA466C
:100480000492A0E0029B002B40F03881002E40F047
:100490009F81D4F8E830039DD4F8EC2005F5B376BD
:1004A000ED1AB5FBFAF50AFB05F5ED18A6EB050606
:1004B00042F10009B24594BFA6EB0A0AB2460029F0
:1004C00000F0D8828245C0F0AF82AAF1760A0122FC
:1004D000AAEB0B0A012919D0D4F8D03003F1760029
:1004E000824505D3AAF1760A0132AAEB030AD2B2F9
:1004F00002290BD0D4F8D43003F176018A4505D314
:10050000AAF1760A0132AAEB030AD2B204EB820303
:100510009046D3F8CCB004EB080191F82401411EB9
:10052000C9B2032900F20183714B0428595C01F11F
:100530000503DBB200F07A82032800F08C820228E7
:1005400000F0A4820533DB00069304920AF0D0FC8D
:100550004AF2A131049A01446648A0FB01300AF531
:100560008E71069B0B4403EB90135B4500F23982BE
:1005700004EB8803D3F8CC30A3EB0A0BBBF1000FDC
:10058000C0F2ED827619D4F8E830D4F8B01049F111
:100590000009D4F8EC50CA1A00F1DF82D4F8C80080
:1005A000B2FBF0F200FB02F2D21845F10005B6EB07
:1005B000020AC4E93A2500F1D0820123BAFBF0FA1D
:1005C00006930023049304EB080292F82401421ED0
:1005D000D2B2032A00F2A982454904288A5C02F1BA
:1005E0000505EDB200F09C81032800F0BF810228D0
:1005F00000F0F2810535ED000AF07AFC4AF2A132F2
:1006000005F58E7502443B48A0FB023205EB9215BE
:10061000D4F8A820911BD4F8AC2062EB0902012980
:1006200072F10003C0F2798100208B4570EB020368
:1006300000DB8B4604EB8808D8F8CC305B4528BF3C
:100640005B46C4F8DC30BAF1000F03D0069A002AEA
:1006500040F09281D4F81021029929B1D4E93A01ED
:10066000C4E92C69C4E930010021C4F8D850C4E9B8
:100670002E697972002A00F0578194F81DC108464E
:100680000A4604EB82020131D2F8CC2076321044C3
:10069000CAB29445F5D2D4F8C820904214BF0122C2
:1006A00002223A72049A7D60002A00F0328101220F
:1006B00003993A70D4F8A820D4F8AC00521A0599DE
:1006C00060EB0100012A70F10001C0F253810A4978
:1006D0000024914274EB000000DA0A46521B3A6192
:1006E0009D428CBF002001200FB0BDE8F08F00BFFD
:1006F0009CF60201D34D62100040420F0123069385
:1007000000230493039B059A13F5FA6604F1E803AA
:1007100042F10009079301F0C9FA01F051FA0246CB
:1007200004F1E8001146079201F01AFAD4F810110A
:10073000079A21B104F1E800FFF7D2FD079A1AB138
:10074000B2F92410A4F80C11AA450CBFD4F8F0504B
:10075000D4F8C850002A00F06581116890684018EC
:1007600051682A4641F10001CDE9006901F05CFAC7
:1007700085428246C0F0DD81861949F1000901F009
:100780009BFAD4F8C80000F2CF7101EB0A02B2FB69
:10079000F0F200FB02F2B21AC4F8E82069F100029C
:1007A000C4F8EC20B8F1000F3BD14FF0FF306FF0F0
:1007B00000414FF0010AC4E92A0104E7B4F90C2111
:1007C000002A3FF4FEAD029B002B97D1D4F8C8A0BD
:1007D000039B4FF00008D4E93A021E1A10EB0A01FD
:1007E000B6FBFAF60AFB06F642F100097618A6EB0C
:1007F000030249F10009B2F5B37F28D2D4F8B8203A
:100800000123CDF81080121A0693B2FBFAF20AFB0C
:100810000200301A1AEB0606B0FBFAFA49F1000999
:10082000D1E642F21072304649464FF0010AE8FB29
:1008300002014FF00008C4E92A01C4E69A4698462E
:1008400006930123039EDDF814900493BBE694F80D
:1008500024018DF82080421ED2B2032A00F2658165
:10086000C14904288A5C02F10505EDB200F0FE8062
:10087000032800F04481022800F045810535ED0091
:100880000AF036FBD4F8E860D4F8B82005F58E7588
:10089000D4F8C810921BB2FBF1F201FB02F29219DC
:1008A0004AF2A1360644B1480C92A0FB06364FF03E
:1008B000000005EB9615D4F810618DF82900099514
:1008C000D4F8EC5045F100050D95002E00F0F480B1
:1008D00094F81D610546024604EB82020130D2F80D
:1008E000CC30C2B2763396421D44F5D2A9420CBF39
:1008F0000225012508A84FF000088DF8285010F0B7
:10090000DBFF01238246CDF810800693DDE90C69F8
:1009100059E63A70C7E90469E2E64FF0000B89E650
:10092000AD0105F5C87567E6D4F8C8A007201146E3
:1009300094F81D819646AAFB00C004EB82020131A7
:10094000D2F8CC2076329644CAB29045F5D2F24520
:100950005BD0D4F8C020D4F8C410B21A69EB0101FE
:10096000624571EB00023AD301229AE62D0105F5AA
:10097000BF7541E60022B1E64FEA4A0AB4F90C011C
:100980001FFA8AF111F0F6FDB4F80C31D4F81021F9
:100990001B1A1BB2A4F80C3162B1A2F8DC31D2F8F8
:1009A000B8311B18C2F8B831D2F8BC3143EBE07350
:1009B000C2F8BC31C117D4F8E830361841EB090948
:1009C0001818D4F8EC30C4F8E80041EB0303C4F87D
:1009D000EC30D4F8DC303FE60635AD000CE6022200
:1009E0005FE694F81D31934225D9D4F8C83002F15E
:1009F00001089E425FFA88F880F0A58004EB880326
:100A0000D3F8CCB00BF17606B8E5D4F8B020D4F822
:100A1000B410B21A69EB0101624571EB0002DED23B
:100A200003223EE69246AAE6002253E59B0103F527
:100A3000C873069389E5D4F8C8309E4210D3B6EB4C
:100A4000430F4FEA430280F0838004EB880316468D
:100A5000D3F8CCB092E51B0103F5BF73069374E5A0
:100A60001E4604EB8803D3F8CCB087E5AD0105F54D
:100A7000C87505E70A4688464DE506329500C7E485
:100A80000532D2B2920102F5C875C1E406339B006B
:100A900006935AE5120102F5BF75B9E400230693E7
:100AA000012304932EE6B24601220696DDF8149047
:100AB000D046039E049286E5B446072694F81D812D
:100AC000A1FB0669E646604604EB80000CF1010CD0
:100AD000D0F8CC305FFA8CF0763380459E44F3D268
:100AE000714515D0D4F8C000121AD4F8C40065EBD3
:100AF0000000B24270EB090308D30125FAE62D018C
:100B000005F5BF75BCE60635AD00B9E60225F1E690
:100B1000D4F8B000101AD4F8B42065EB0202B04249
:100B200072EB0903F2D20325E4E6FD210520F8F774
:100B300049F940F262312120F8F744F940F28E4140
:100B40002120F8F73FF940F222412120F8F73AF945
:100B500040F23F412120F8F735F9FFF793F94FF4C0
:100B600089612120F8F72EF99CF60201D34D62101D
:100B7000F0B5044689B0072900F2AB80DFE801F048
:100B80003D090925A92A07A42046FEF743F909B023
:100B9000F0BDB0F82231C3F30C03002B40F091807C
:100BA0000022012302A920460092FFF7DFFB002864
:100BB000EAD002A994F817010CF08CFC0028E6D1C9
:100BC00040F234712120F8F7FDF809B0BDE8F0409B
:100BD00009F04CBF90F8153153B9B0F82231C3F386
:100BE0000C03002B67D090F82031033B012B7DD9FB
:100BF00009B0BDE8F040FDF723BF90F8153103F0D0
:100C0000FF054BB10121FEF7D5F809F041FD09B010
:100C1000BDE8F0400CF0C2B90CF064FBD4F8E83049
:100C2000B0EB030CC4E92C0100F1818094F81D6144
:100C3000D4F8C87002940595B6B1BCFBF7F207FB77
:100C400002332A46C01A2B4604EB8303D3F8CC3078
:100C500003F17601814203D876380135C01AEDB22E
:100C60000132D3B29E42EFD2B4F8223184F81C5143
:100C7000C3F30C038DF8185083BBBC4538BF012368
:100C8000BC4534BF002701278DF8103002A88DF82D
:100C90001970FDF7C1FED4F8D800A0F58170C4F832
:100CA000E0000DF03FF800287FF471AF40F293119F
:100CB0002120F8F787F8FFF749F900287FF467AF9C
:100CC00096E7FEF7E9F86BE740F2C9112120F8F743
:100CD00079F840F2CD112120F8F774F8D4F81821F2
:100CE0000323002703928DF81030CFE790F81F31CF
:100CF000002B7FF47DAF012144F2365084F81F11A0
:100D00000DF0A2F800287FF473AFD4F8D83044F285
:100D10003652D4F8E00013441044C4F8D830C4F874
:100D2000E0000CF0FFFF00287FF431AF60E7FFF731
:100D3000A9F800BF30B589B090F81421002A45D138
:100D4000044602F0FF03FF2280F8142180F81531D9
:100D500090F81D519C4680F81C31A0F80C311846C3
:100D600004EB83030CF1010CD3F8CC205FFA8CF375
:100D700076329D421044F3D2D4F8C830984220D045
:100D8000D4F8CC2002F176034DB1EC32D4F8D03057
:100D9000012D134403D07633D4F8D4201344C4F87F
:100DA000F03000910023012202A92046FFF7DEFA6D
:100DB000B0B102A994F817010CF08CFB58B109B03E
:100DC00030BD41F28833C4F8F030EAE740F26A21DE
:100DD0002120F7F7F7FF4FF420712120F7F7F2FFFA
:100DE00040F27F212120F7F7EDFF00BF38B590F8E2
:100DF00014318BBB0D4651B3044601461B480CF021
:100E000023FA202884F817011AD0214617480CF03D
:100E10001BFA202884F81E010DD0C4F8105195F853
:100E2000E03103F0FF01E3B984F816112046FFF723
:100E300081FF012038BD94F817010CF039FA08B190
:100E4000002038BD40F28F212120F7F7BBFF40F290
:100E50009B212120F7F7B6FF40F29A212120F7F7D6
:100E6000B1FF4FF429712120F7F7ACFF710B01019D
:100E700038B504460D46114821460CF0E5F9202806
:100E800084F8170112D021460C480CF0DDF9202817
:100E900084F81E0105D020462946FFF74BFF0120AC
:100EA00038BD94F817010CF003FA08B1002038BDE2
:100EB00040F28F212120F7F785FF00BF710B010160
:100EC00090F823315F2B2DE9F04F044687B048D8C6
:100ED0005909A54A0A4492F80490B9F1040F00F0A8
:100EE000F58094F9212103F01F0394F82251002A80
:100EF00094F8212145EA0325ACBF1E234FF49673D5
:100F0000D20903FB05F514BF4FF496771E2708F0AE
:100F10007DFFA5EB000808F09FFF94F821314619EA
:100F200008EB070A13F0400F14BF32254FF4FA758F
:100F300010F0A8F9B8F5D97F28448C4D0AFB00556C
:100F40008B48A0FB05354FEA95456FD394F81531D2
:100F500053B109F09DFB0CF021F8012007B0BDE86A
:100F6000F08F4FF00009BCE74846DFF808A209F00F
:100F7000B7FF7D4B03EB8903D3F808804AF2A13316
:100F80004344AAFB032307EB9317AB3707EB450753
:100F90000744484609F0A4FFA7EB000B484609F0B8
:100FA000A7FF94F85410A8EB00080BF58E7B0129DD
:100FB000AAFB083A4FEA9A1A00F0C5804846FEF7A5
:100FC00041FFD4F8B030ABEB0A0BD4F8B420843B2B
:100FD000834442F1FF329B19CDF804B042F1000284
:100FE0005D1B62F10003644A10780022FE288DF830
:100FF00000208DF80920CDE9045300F094804A07C1
:1010000040F191808DF80800694694F81701C4F802
:10101000D8B0C4F81871C4E92E530CF05BFA00285C
:1010200097D140F2B1612120F7F7CCFE4846DFF8B6
:1010300044A109F055FF4C4B0246484603EB890397
:10104000D3F8088008F2E733AAFB031307EB9317E2
:10105000203737442F44174409F042FFA7EB000B19
:10106000484609F045FF94F85410A8EB0008012900
:10107000AAFB083A4FEA9A1A5AD04846FEF7E2FE0F
:101080000BF58E7BD4F8D890ABEB0A0303EB000A88
:10109000D14532D2384B93F80080B8F1FE0F1BD007
:1010A0004B0719D540460CF07BFEAAEB09034146DD
:1010B000402B38BF4023984228BF184680460CF08A
:1010C000C3FE68B1002007B0BDE8F08F00224FF0EA
:1010D000030980F81F2104E70AF008FD8046E1E7D4
:1010E000D4F8D8004044C4F8D800A0F58170C4F802
:1010F000E0000CF017FE0028E4D0103E94F81C111C
:1011000002220023751B68468DF8101003958DF898
:1011100008208DF81130CDE90047FDF77DFC012056
:1011200007B0BDE8F08F0AF0E1FCDDE9045369E7A0
:10113000B9F1030F12D0B9F1020F40F6480008BF11
:101140004FF485609CE7B9F1030F0AD0B9F1020FA3
:1011500040F6480008BF4FF4856032E741F2BE1008
:101160008EE741F2BE102CE79CF602013F420F00D1
:1011700083DE1B43D34D62101100002110B588B0EF
:1011800090F8152172B902F0FF0302A904461A462D
:101190000093FFF7EBF860B102A994F817010CF087
:1011A00099F980B109F074FA08B0BDE810400BF06D
:1011B000F5BE2046FDF72EFE09F06AFA08B0BDE83C
:1011C00010400BF0EBBE40F21B712120F7F7FAFD47
:1011D00001292DE9F0470E4682B0054624D8D0E912
:1011E0002C7808F031FE95F82091044606F00100B5
:1011F000494610F0B9FB8246484609F079FE7D3F2A
:1012000048F1FF38012E40D1B9F1040F00F0B6804B
:10121000B9F1030F00F08180B9F1020F0CBF4FF458
:10122000A6724FF4FC7232E0022940F0B880D0F888
:101230001031002B00F0AE800024224683F8E041FC
:1012400090F8201161F3070261F30F22A3F86C20DC
:10125000FF2683F86E600339D0F81001012900F1F0
:1012600034008CBF0021012103F020FDD5F81001CE
:1012700000F03CFBC5F8104185F8166109F008FA4A
:1012800002B0BDE8F0470BF089BE4FF4FC724B4B47
:10129000E419D5F8107103EB490348F1000614EB8B
:1012A0000A04D7F81C809B8B46F1000603F2E73353
:1012B00003444348A0FB03139B09E41A66F10006AC
:1012C000A41846F1000600F075FC05F1E80383421E
:1012D0003BD04246D7E96E01CDE9004600F0A4FCC0
:1012E000804566D3374BD5F810111B68834217D958
:1012F000CB69024691F87650CB6203440DBB41F6B0
:101300006A00054682420D864ED21B1946F1000640
:10131000C1E96E3602B0BDE8F08740F28642B6E71A
:1013200091F876506DBB284AA2FB003240F2E243AE
:10133000920A03FB1202821ACA620346821A002D25
:10134000DDD04FF4FA700546DCE797F87500002809
:10135000C8D0D5E93A9A00F0B5FC38B9B7F9DC3114
:10136000A7F8DC0113EB09094AEBE37A4246484649
:101370005146CDE9004600F057FCB3E740F6E832AD
:1013800085E7124AA2FB00326423520903FB1202D2
:10139000821AD1E740F29C712120F7F713FD40F249
:1013A000FF712120F7F70EFD40F291712120F7F730
:1013B00009FD40F276312120F7F704FD9CF6020189
:1013C000D34D6210EC0C00215917B7D11F85EB519A
:1013D0002DE9F0430123DFF8808083B000254FF62C
:1013E000FF77202688F800301DE0009BEBB193F8D2
:1013F000E021D2B11888B8421DD02146F8F7E6F9AD
:101400008146F0B190F8E1010CF042FE99F8E1015B
:1014100089F8E0410BF04CFFC0B109F5DC7089F8A8
:10142000E16100F07FFBCDE900556846F8F708FA66
:1014300004460028D9D0002388F8003003B0BDE866
:10144000F08340F2BF113520F7F7BCFC4FF4D771A1
:101450003520F7F7B7FC00BFF00C00212DE9F84F5D
:1014600091F886801F460C460546A8F144031646AF
:10147000012B40F20E8191F88730A8F10E08443B11
:10148000B8F1010F88BF012B94BF4FF001084FF056
:101490000008002F40F0028194F8E031032B00F2A5
:1014A0003D81DFE803F09A02D802D4F81C90DFF8FF
:1014B00078A2DAF80030002B00F0BB8039462046D5
:1014C000984700FB099600F0FDFB002800F0B7806C
:1014D00000200346D4F8B821D4F8BC11B21841F169
:1014E0000001121843EB0103C4E96E23C5E904238C
:1014F00000232B7094F88630442B00F0B28094F8CF
:101500008720442A00F0AD8003F0FD0B2046262BF7
:1015100018BFBBF10C0F0CBF4FF0010B4FF0000BCD
:1015200012F0C5FA002800F0BE80BBF1000F40F0B9
:101530009B8094F8E03104F1340085F809B0012B68
:1015400018BF02232B7210F063FF6860B8F1000F20
:1015500041D1002F3FD04946284610F0ADF987B25F
:10156000204612F0A4FA8046474515D3002306FB17
:1015700008F22B72D4F8B8319B18D4F8BC2142F190
:1015800000022B616A61002E00F0C38049462846A4
:1015900010F092F9404487B23946204607F00AFF1E
:1015A000DAF8003073B10121204698472B6909FB16
:1015B00000F9384413EB090387B22B616B6943F1DF
:1015C00000036B6100F07EFB002800F08580D5E908
:1015D0000430C4E96E30BDE8F88F002E00F094802E
:1015E000012394F86C2094F86D9084F8E0314F4B0F
:1015F0004846A9F10309DFF830A133F8126009F079
:1016000077FCB9F1010F4A4906F29D764FF00009C7
:1016100006442046A1FB063694BF2821002101EB99
:101620009611FF3110F094FFDAF80030002B7FF4B0
:1016300045AF4E4600F046FB00287FF449AF02213B
:10164000B4F9DC0110F096FFB4F8DC311B1AA4F8F1
:10165000DC31C3173EE70323D4F8E89184F8E03186
:1016600025E7204612F023FA002304F134002B81F1
:1016700010F0CEFE6860B8F1000FACD1002FAAD0F8
:101680004946284610F018F987B2204612F00FFAA2
:1016900082E74FF00108002F3FF4FEAE0121204603
:1016A00007F088FEF8E6288104F1340010F0B0FE5F
:1016B0006860B8F1000F8ED1002F8CD049462846C3
:1016C00010F0FAF887B2204612F0F1F98046BBF12B
:1016D000000F3FF449AF5FE77F00B4F9DC01B7F5D5
:1016E000803FB4BFB9B24FF6FF7110F043FFB4F8BA
:1016F000DC212B69121AC318A4F8DC216A692B615A
:1017000042EBE070686164E74FF40B713520F7F746
:1017100059FB40F2B5213520F7F754FB40F2662122
:101720003520F7F74FFB00BF94010021C4F60201FA
:10173000D34D62102DE9F04387B000287BD00446DA
:1017400007296DD8DFE801F02A0404146C19216719
:101750000146012368460022FFF780FE694694F89F
:10176000E1010BF0B7FE00286DD007B0BDE8F083B3
:1017700007B0BDE8F04309F079B901200AF0A6F9F5
:1017800007B0BDE8F043F9F739B990F8E031042B20
:10179000EBD04FF491713520F7F714FB90F8E0315E
:1017A000002B4CD007F046FD0028DED094F86D30B9
:1017B00040F22119DFF8A080033B98F80120012BAB
:1017C00088BF4FF0F90982B3E66904F1340010F0E4
:1017D0001FFE00F176070220F61B0CF0E1FA022151
:1017E00026EAE675854228BF054628460CF02CFB04
:1017F00000B92F444A463946204610F097FE03466A
:10180000E069C8F804300CF08DFA08B307B0BDE801
:10181000F04312F008B940F227113520F7F7D2FA59
:1018200040F22B113520F7F7CDFA666BE569AE4231
:1018300028BF2E46C9E7F4213520F7F7C3FAFC216B
:101840003520F7F7BFFA40F2E3213520F7F7BAFA6F
:10185000EE213520F7F7B6FAF00C0021024B0022FA
:10186000C3E90022FFF7B4BDF00C0021FFF7B0BDC3
:10187000014B5870704700BFF00C0021C0F8C01138
:10188000704700BF40F2BF1108B510F069FEB0F517
:10189000296F28BF4FF4296080B208BD38B5A0B1C8
:1018A00090F8E031044603F0FF05C3B990F8E13148
:1018B000202B0FD101460C480BF0C6FC202884F8E1
:1018C000E10114BF28460D2038BD40F291113520AA
:1018D000F7F778FA40F293113520F7F773FA4FF4DF
:1018E000C9713520F7F76EFA3517010110B586B0CA
:1018F000B0B190F8E021044602F0FF03FAB990F885
:10190000E121202A16D0014601226846FFF7A6FDF4
:10191000694694F8E1010BF0DDFD30B106B010BD71
:101920004FF4D0713520F7F74DFA4FF4D3713520CD
:10193000F7F748FA4FF4D1713520F7F743FA40F240
:10194000A1113520F7F73EFA08B508F07DFA054BEE
:101950005A68824203D3187880F0010008BD002045
:1019600008BD00BFF00C0021F0B5044687B0042983
:1019700000F2AA80DFE801F0730D03125400042383
:1019800084F8E03108F084FE07B0BDE8F0400BF0C9
:1019900005BB032380F8E03107B0F0BD41F64B569C
:1019A000D0F80432C269B34290F81012C0F8E821AE
:1019B0008CBF00260126002968D19A4204D00088F5
:1019C00012F0F2F8D4F8043294F86C10414A94F80A
:1019D0006D7032F81150D4F800223846E361033FAD
:1019E000D4F80832E262B4F8FE216362228684F8F9
:1019F000766009F07DFA05F29D71374B012F0144A5
:101A00002046A3FB013194BF2823002303EB91114F
:101A1000FF3110F09DFD022384F8E03107B0F0BDE6
:101A200090F86C202B4B90F86D6033F812503046D4
:101A3000033E09F05DFA05F29D710246264B012E28
:101A400020461144A3FB013194BF2823002303EB5C
:101A50009111FF3107B0BDE8F04010F079BD1F4B88
:101A60001A7802F0FF03002A89D101460122684654
:101A7000FFF7F4FC694694F8E1010BF02BFDC8B1C7
:101A8000B4F880300133A4F880307BE7008812F08E
:101A900088F8A0B1B4F8FC310026B4F80C22B4F8F0
:101AA0000E1262865A1E43818181D4F8043202826A
:101AB000C68189E740F2E3213520F7F783F940F248
:101AC00012313520F7F77EF94FF455713520F7F7CD
:101AD00079F900BFC4F60201D34D6210F00C002169
:101AE000024B0022C3E90022704700BFF80C00211E
:101AF000034A13680BB10C207047184653607047B7
:101B0000F80C0021C3690BB1012070478369002BD9
:101B1000FAD1034B1B68181AB0FA80F040097047DD
:101B2000F80C0021C36993B18168D0F80CC0DA6861
:101B30006144114482699A618269D9602AB1D36192
:101B400000220023C0E906237047DA60F8E78269C3
:101B500002490A60002AF2D1F2E700BFF80C002126
:101B600008B5C161A1B18B698861836173B1D86126
:101B7000C1690023C36041B1CB6823B1826893423D
:101B800011D39B1AC3600023CB6008BDC360F3E789
:101B9000074A136883611BB1D8611060C169E8E727
:101BA0001060C36008BD2D213720F7F70BF900BF87
:101BB000F80C0021014B1868704700BFF80C002199
:101BC000044B1B6823B118469B69002BFBD170475F
:101BD00018467047F80C0021124B1B68CBB14FF030
:101BE000FF3C00B58646002000E01346DA689645C3
:101BF00003D8624501D2184694469A69002AF4D166
:101C0000B0FA80F2520911B9002A18BF18465DF8DF
:101C100004FB1846012219B9002A18BF184670475C
:101C2000704700BFF80C002130B585B01546DDE9DE
:101C30000834C01A61EB0404002C0DDB214603AA12
:101C400002AB00922A460CF0D7FE002C039801DA72
:101C500000B1281A05B030BD404264EB4401EEE704
:101C6000036A2DE93048DBB182689C68A24217D331
:101C7000D0E90615D0E906BCC3E906BC4DB1AB619D
:101C8000996951B1C068CB610244121BDA60BDE8AA
:101C90003088054D2B600029F4D1D960BDE830882B
:101CA000CD213720F7F78EF8F80C0021014B0122E7
:101CB0001A717047F80C0021014B00221A7170470D
:101CC000F80C0021014B1879704700BFF80C002177
:101CD00038B52B4B864608461B6863B34FF0000CA3
:101CE00064461D690CB1A54204D22C46002D42D099
:101CF000B3F814C09B69002BF3D1E4B1A0421BD30D
:101D00000EF1FF3E0EEB0401B0FBF4FCB1FBF4F16D
:101D10008C4510D304FB0CF3B3FBF4F504FB153531
:101D200025B9B3FBF2F502FB153505B30CF1FF3C09
:101D30001B1B8C45F0D238BD431E2344B4FBFEFE72
:101D4000B3FBF0F37345F6D8B4FBF3F503FB154191
:101D500049B9B5FBF2F102FB115121B9B5FBFCF118
:101D60000CFB115129B101337345EDD938BD18462B
:101D700038BD284638BD4FF496713720F7F722F862
:101D8000F80C002110B504460EF037F808B9002011
:101D900010BDE0430EF031F80028F8D0E31683EAD6
:101DA000A4635A1E1A42F2D0E3B25A1E13405A1EBE
:101DB0001342ECD0A0B210F031FC0B28E7D820463B
:101DC00010F028FC1828E2D8A3B2B3EB144F04D1CA
:101DD00084EA142313F0FF1FD9D0044B63405A1E2A
:101DE0001A4214BF01200020D2E700BFD6BE898E60
:101DF000F0B5070C164BA7F5AA4203EA9023543A14
:101E0000012A20D927F4004042F6AA22801A18BFDE
:101E10000120002216211F24164687EA060562EAE1
:101E20000505013511D0DD0301394FEA5303ADB289
:101E300045EA56064FEAC4354FEA5404ADB245EAC6
:101E40005202EAD1F0BD0020E3E70020FAE700BF2C
:101E5000E0FF3F00F8B58D1F40F67A4C0746BDF80D
:101E60002460ADB21046BDF8182065453BD8841FEC
:101E7000A4B264458CBF002401242546AFBB1D4F8E
:101E80003F796FB15CB96FF450654D19062D06D8D6
:101E90006FF450640419062C8CBF002401242546DD
:101EA000FDB1814224D803FB0666B6F5FA7F1FDC3C
:101EB000A2F10A0340F676449BB2A34218D80EF072
:101EC00088F842F2107300FB06F15A43B2EB410F5F
:101ED0000ED9BDF81C50BDF8200085428CBF0025EE
:101EE00001252846F8BD0024C7E797F87570C8E7B4
:101EF0000025F6E7A00D0021304BF0B5B0F860707A
:101F00000C4611461A88B0F85E6085B097425D882D
:101F100028BF1746964228BF16461B2E2ED0B5F571
:101F2000A47F2DD040F6480301AA9D4228BF1D463C
:101F30000EF078F8BDF80A309F4228BF1F46BDF862
:101F40000C30AB42E78028BF2B462381BDF806301A
:101F50009E4228BF1E46BDF808309D42668028BFBD
:101F60001D46A580FF232370E3881B3B9BB2E02B1B
:101F700008D940F219613920F6F724FF1B2FCED182
:101F800005B0F0BD63881B3B9BB2E02B02D940F249
:101F90001B61F0E7238940F64812A3F5A4739BB2B6
:101FA000934202D940F21D61E5E7A388A3F5A4732B
:101FB0009BB29342E4D940F21F61DCE7A00D0021FF
:101FC0002DE9F341002304460E46174600F10A08A6
:101FD000CDE900336846F7F733FC08B1002015E07F
:101FE000009DA542F6D03046EB1C0DF0ECFF3946C3
:101FF000AA780FF0D7FB0028ECD005F10A036A7A23
:102000004146607A0FF0CEFB0028E3D002B0BDE875
:10201000F0810000054A134692F8202053F8211B56
:1020200011F8030BC0F380100FF0BCBBDC120021D1
:10203000012821D8022B0DD1A2F57A70104B9842BD
:102040001CD8A1F57A70984218D88A428CBF122009
:10205000002070470B48824210D8012B07D140F274
:1020600052739A420AD9A1F6C410074BEBE7042B2E
:10207000F9D140F6C313F4E71220704730207047BF
:10208000A7F970028FFD7002CBF370020138C0B265
:10209000032808B504D94FF450710620F6F792FED4
:1020A000014B185C08BD00BF34F702010138C0B213
:1020B000032808B504D94FF450710620F6F782FEC4
:1020C000014B185C08BD00BF9EF702010138C0B289
:1020D000032808B504D94FF450710620F6F772FEB4
:1020E000014B185C08BD00BF60F8020107B50E4A3D
:1020F000B2F85430ABB1013B6946A2F854300FF04E
:10210000A1FB20B140F241613920F6F75BFE019A54
:102110000120B2F89E300133A2F89E3003B05DF882
:1021200004FB1846FAE700BFA00D002110B50446D5
:102130000A48FCF775FE0A492046FDF7F3FF2046E2
:10214000FCF7F4FC38B12046FCF736FD2046FCF7DE
:102150005DFE002010BD1220FCE700BFBC0D002179
:10216000C40D00212DE9FF4106788046012E40F084
:10217000988031460020F7F729FB054620B940F644
:1021800026613920F6F71EFEB8F80430002B40F027
:102190008280FCF771FB00287FD195F81431002B69
:1021A0007DD12846FFF7C2FF044600286FD1584F63
:1021B00031463046F7F70AFB97F83810064619B152
:1021C00010B940F64261DCE73A7F0023CDE90233E3
:1021D00012F001031CBFF86A0290520741BF04AA23
:1021E00002EB83037A6B43F8082C002945D096F85C
:1021F0001431002B41D0B8F80230002B3DD13B7F89
:102200003046BA6A009302ABB97FFCF75DFDA0B31C
:102210003046FDF7E9FF06F14003804605F1400234
:10222000683653F8041BB34242F8041BF9D1284620
:10223000FFF77CFF024610B140F66461A1E7B8F1F8
:102240000C0F07D101462846FEF712FEF8B940F6FA
:10225000686196E7B8F1000F02D040F66D6190E733
:102260007B7F2846296D43F0040385F85430FEF740
:10227000BDFD60B940F66F6183E7B8F804202846D9
:10228000B8F80210FEF7F4FD002808BF0724204626
:1022900004B0BDE8F0811124F9E73A24F7E70C24F3
:1022A000F5E701210020F7F791FA054610B940F64D
:1022B000826166E7FDF726FF04460028E7D195F81E
:1022C000543095F8A62022B195F8A720134385F83D
:1022D000A600053B012BDAD82B6D13B940F69261AD
:1022E0004FE701210846F7F771FA29464FF4947237
:1022F00006460CF0E1FC0423316D304686F854307C
:10230000FEF774FD0028C2D140F6976139E700BF9F
:10231000A00D0021114BF7B59C7E0646DD7E9F8BFC
:1023200014B901F02FFB0446A5B901F02BFB0546BB
:1023300014B9092003B0F0BD0028FAD0304601A935
:102340008DF804408DF80550ADF806700FF008FBCD
:102350000020EFE7002CF1D1EBE700BF34120021A1
:102360002DE9F04399466C4B044685B018680F463A
:102370001B790021029020461646684D8DF80C30DE
:1023800002F048F9664B20462780C4F8F031AB686C
:1023900040F8343FFFF776FA804601F0EDFA2B7CE7
:1023A00010F0200FA4F83E8084F83C305D4B0EBF47
:1023B0001B22AA8869881B6814BFA4F85E10A4F8C1
:1023C0005E20A4F860201BB194F974103846984739
:1023D000554F3B79003B18BF012384F87530534BB0
:1023E0001B681BB107F10801208898470123638609
:1023F0004F4B1B6813B14F49208898474E4B1B68C1
:1024000013B14E4920889847AB8804F114006A88BC
:1024100069780333033201919BB2297892B200911B
:1024200004F11801F7F744FA636923B941F2AF01E7
:102430003920F6F7C7FCA36913B941F2B001F7E7F9
:102440000DF0A1FD2062B9F1000F04D002F0ECFC08
:1024500020F07F40A06296F84A2006EB4202B2F8D4
:102460002A8040460DF0B5FD6FF450630146984454
:10247000B8F1060F49D90023908C40F2E24284F86B
:1024800076300DF0A6FDFFF723FC40F2E243014653
:10249000E1612046C4F8C811A4F8CC3196F84A206E
:1024A000E96806EB4206338EA384F38EE384FFF7DC
:1024B000E5F902A904F18E000FF0BBFAFF2384F8BE
:1024C000F431FB6D23B1012204F58D71204698474C
:1024D0002046FFF71FFF054602F0A6FC0C23012152
:1024E000B0FBF3F202FB13032046DBB25A1DD2B25B
:1024F000082A96BF0D3384F89A2084F89A3002F0A7
:1025000089F8284605B0BDE8F083012384F87630C9
:102510004FF47A73BCE700BFC018030134120021E6
:10252000F60D00219C010021A00D0021B001002129
:10253000AC010021DA0D0021A8010021E40D0021E9
:1025400010B503210020F7F741F9044670B90321C3
:10255000F7F7FEF8044620B940F24D313920F6F77E
:1025600031FC034B93F9601010F017FF204610BDAB
:10257000A00D002138B50FF014F9002501F07AFD07
:10258000204C01F00DFA0FF098FE02F0CFF803F0A6
:10259000F5FA02F0F3F8012001F0C6F91A4B1B4AD4
:1025A00029465D831A601B229D839A80F9229D77BC
:1025B0001D76174B22835868164A1B892260142205
:1025C000E06104F12400238484F86150A4F854509D
:1025D000A576A580A5750CF0D9FA012342F21072F8
:1025E00004F13A0084F8565084F8243084F83930E5
:1025F000C4E90A2211F0CBFA04F14400BDE83840E6
:1026000011F0EABAA00D00213412002103021B00D0
:1026100034F702011B004801044B41F64C521B21C8
:102620005A611974C3E90222FFF7A4BF34120021D2
:1026300073B5394D0446AB6840F8343FF9F7DCF91F
:10264000064601F099F92B7C10F0200FE68784F8FC
:102650003C30324B0EBF1B22AA8869881B6814BF0E
:10266000A4F85E10A4F85E20A4F860201BB194F9D1
:102670007410208898472A490B79003B18BF012322
:1026800084F87530274B1B6813B1083120889847B0
:1026900094F875302046002B41F64C5318BF4FF488
:1026A0007A73E361FFF736FE064648B102212088BF
:1026B000F7F7A2F860B340F2D3513920F6F782FB66
:1026C00001236386184B1B6813B101462088984785
:1026D000164B1B6813B1002120889847697804F1D4
:1026E0001400AB886A8801910333297803329BB2C6
:1026F000009192B204F11801F7F7DAF8636913B99F
:102700004FF4BE61D9E7A3691BB940F2F151D4E798
:102710000926304602B070BD341200219C01002110
:10272000A00D0021B0010021AC010021A801002171
:102730002DE9F34105460E4610F070FE002800F02A
:10274000AF80284610F0EDFE30B1B6F80130013B05
:102750007F2B01D9122404E0284610F0E6FE20B9B0
:102760000C24204602B0BDE8F0812846F9F728FB8A
:102770000028F5D1284610F0FAFD80460028EFD158
:10278000284603F0A5FF0028E4D042F21073B6F803
:102790000170F17828465F4310F0AFFE04213078D5
:1027A000F7F714F8044606213078F7F70FF8002CF5
:1027B00078D038B141F6F3113920F6F703FB04461F
:1027C00090F8BD80414E3368002B6DD040342046D8
:1027D00011F0C1F9002867D0204611F0B0F90028A7
:1027E00062D1B8F1000F08D0394B20461B689847DA
:1027F000002859D041F60721DEE7364942463368C2
:1028000020464969984700284ED041F60C21D3E76D
:10281000284610F086FE40B902210DF10600F6F7B9
:102820005FFF064658B90D249BE7284610F08BFE43
:102830000028F1D1284B1B79002BEDD18AE700212C
:1028400001F094FEBDF8063028463146338010F082
:10285000A5FE284610F077FEA8B9296A284610F090
:102860007CFE01463046FFF7E3FE044600287FF475
:1028700078AF3A4631462846F8F7ACFF044620B117
:1028800041F6382198E70121ECE7134BDB6D002B73
:102890003FF467AF024606F58D713046984760E712
:1028A00042245EE700288AD1284610F032FE014615
:1028B0000028ADD13A462846F8F78CFF0446002898
:1028C0003FF44FAF41F6152176E700BFA401002188
:1028D000A001002134120021A00D002108B50278CA
:1028E000032A12D80A4B07D101220A4883F8612033
:1028F00002F086F9002008BD012A06480EBF012219
:102900000022002083F86120F2E71120F3E700BFE6
:10291000A00D0021ED200101074B02889B889A42FF
:1029200008D3B0F803309AB222B1044A0020A2F8CA
:10293000543070471120704734120021A00D00213F
:102940002DE9F3411E4F064697F86130A3BB0C20DA
:1029500002B0BDE8F08106EB85036946B3F8038059
:10296000B3F801004444A4B20EF06CFF00BB019B1D
:10297000B3F89E2042451DD3A2EB0802A3F89E2087
:1029800093F8A82042B993F8A9202AB1B3F89E3051
:1029900013B9684602F016FE01353278ABB29A429E
:1029A000D9D8B7F8543000201C44A7F85440CFE7DA
:1029B0000220CDE71220CBE700252C46EDE700BF33
:1029C000A00D0021014B93F960007047A00D00217C
:1029D000034B5A8802801B7883700020704700BF29
:1029E000341200217FB5837806461A2B09D8042BB0
:1029F00005D9012202FA03F3314A134205D1122507
:102A00001AE0292B01D03B2BF9D13088B0F5706F3B
:102A1000F5D269460EF016FF88B9019B93F818218C
:102A200002F0FF05C2B9B27883F81921FF2283F8BA
:102A3000182168460FF01AFC284604B070BD092121
:102A40003088F6F7C3FE0446002837D002A9B0F854
:102A5000AC010EF0F7FE08B10C25EDE70821B4F843
:102A6000AE01F6F7B3FE20B940F628113920F6F78B
:102A7000A9F903781BB994F8C831032BECD1039B57
:102A800093F82E21002AE7D194F8F02102F0FF05F7
:102A9000002AE1D1B4F8B021A3F8302194F8B42190
:102AA00083F83221027D83F83321B27883F8342110
:102AB00084F8F021FF2283F82E21BDE70225BBE731
:102AC000200038040188A1F11B039BB2E02B0CD835
:102AD000428844F24810A2F5A4739BB2834204D802
:102AE000034B002019805A8070471220704700BFA6
:102AF000A00D0021034B1A885B88028043800020D0
:102B0000704700BFA00D002138B50478427804F06A
:102B10000103857804F0020452EA030101D1112077
:102B200038BDBCB9002DFAD0002B08BF144601E017
:102B30000024254620460DF010FB0028EFD0284643
:102B40000DF00BFB0028EAD0054B00209C76DD76CB
:102B50009883E5E7002BEBD114461D46EAE700BF5A
:102B60003412002113B5008869460EF06BFE18B1CF
:102B70000224204602B010BD9DF8003001984BB9E8
:102B80000DF034FA0028F3D0019890F82A3123B1DF
:102B90003A24EEE70DF038FAF4E790F8D23003F07B
:102BA000FF04002BF4D190F8C9309B0706D1FF2316
:102BB00080F82A3168460FF059FBDAE70249CA303B
:102BC0000FF0A3FBD5E700BF5F2E02012DE9F8430C
:102BD00003780446032B03D912252846BDE8F88361
:102BE0004378032BF8D8437E85780BB9012DF3D1B8
:102BF00015F0F80FF0D1A80751D5022DECD1504BAC
:102C00005B79002BE8D000F0BDFE35EA000340F010
:102C1000928094F8029019F0010506D001232269F0
:102C2000A168E078FFF704FA054619F0020F07D013
:102C300002232269A168E078FFF7FAF90543EDB2B3
:102C400019F0040F07D004232269A168E078FFF788
:102C5000EFF90543EDB2002DBFD1B9F1050F0FD14A
:102C600094F804900423E16862694846FFF7E0F9AC
:102C700000285ED1E3784B455DD1A36899425AD1D3
:102C8000237E013B062BA7D801210020F6F79EFDED
:102C9000814638B940F627513920F6F793F869078D
:102CA0009AD0B0E7A830FDF737FA18B199F8543048
:102CB0009A0742D194F819C0E278BCF1000CA178CF
:102CC000A06818BF4FF0010C012AB4F8009014BF9F
:102CD000B2FA82F2022294F818E018BF5209CB0728
:102CE0001ED54B0727690BD56669BB19984207D2D9
:102CF00043089F4228BF1F46C31B9E4228BF1E4653
:102D00000F4B19775A77A3F81E9083F820E083F8C9
:102D100021C083F82410C3E90A07C3E90C865CE7E5
:102D2000022902D1D4F81080EAE74B0748BF266990
:102D3000E6E7054651E711254FE70C254DE700BFB3
:102D4000A00D002100B589B0437940F271218DF8C2
:102D5000043083798DF8053001238DF8063003782F
:102D60008DF80730B0F801304B430393B0F80320DF
:102D70004A430D4991F820100592A2F6C4128DF82D
:102D80001C1000218DF81D1008498A4209D8A3F6AD
:102D9000C4138B4205D801A8FFF718FF09B05DF8EE
:102DA00004FB3020FAE700BFA00D00213C369C0058
:102DB0002DE9F04F437A04468FB0980705D5944A21
:102DC000127912B943F001036372657A690704D17D
:102DD000122630460FB0BDE8F08F15F0F80FF7D18E
:102DE00000F0D0FD35EA000340F0928094F84830BE
:102DF00053B9012DECD1A369864AA3F253739342D0
:102E000000F26E81012602E015F00106F3D1AA0757
:102E100045BF731CB2464FF0FF0ADEB26B070AD5FE
:102E2000B31D7D4A54F82330A3F6C413934200F235
:102E300057810136F6B204F1080704F122054FF07C
:102E400000095FFA89F846452BD823789A1E022A92
:102E50005ED9012BBCD813B9A378012BB8D86378FD
:102E6000032BB5D894F84930013B062BB0D8684EF7
:102E700001210020F6F7AAFC96F838300546002B11
:102E80005FD101210846F6F7A1FC002818BF0546CE
:102E900005F1A800FDF740F9074600286BD00C2685
:102EA00097E7C24536D07B680493049A3B69934206
:102EB0008ED8012069882A89EB89B5F814B003906F
:102EC000288C05910290688BCDE900B00020CDE9F7
:102ED0000623FEF7BFFF002800F00281B8F1000FC3
:102EE0002AD02888059988427FF472AFE988069A2B
:102EF00091427FF46DAFAA89079B9A427FF468AF35
:102F00006B8A5B457FF464AF3B68049A9A4213D0A6
:102F100011265EE7012E0FD13A694048A2F57A7377
:102F2000834200F2DD807B68A3F57A71814200F272
:102F3000D7809A423FF64CAF09F1010904370235B8
:102F40007FE7A830FDF7E8F800289AD06FF000433B
:102F5000D5E92A129A4208BFB1F1FF3F91D1637AB5
:102F60002846E268009304F118036178FBF7ACFE91
:102F70000746002885D02846FBF784FC08B13A268E
:102F800027E72846FBF778FC0028F8D1B37E43B941
:102F9000CDE9093306238DF82A3009A8F6F750FC4D
:102FA000B8B100210DF12200F6F79AFB8046002807
:102FB00000F0948001232246BDF82210FFF7D0F9DB
:102FC000064620B94046FEF769FC67B188B106465F
:102FD000CBE0099B93F8A520802ADED093F8BD3082
:102FE000002BDAD05BE70028F1D161782846FBF7A7
:102FF000DFFD04F1030AA278217828465346FBF747
:103000006FFD00286ED1002F66D11220DFE700BFD0
:10301000A00D00213CF67002CBF37002A7F97002FC
:10302000637A8DF8247013F00102E16818BFA0697B
:103030000A911EBF0B9001208DF824009F070DD52B
:10304000022B09D1901D54F820000C909DF824000B
:1030500040F002008DF824000132D2B2580709D5A1
:10306000063254F822200D929DF8242042F00402EA
:103070008DF8242003F00503052B0ED10B980D9A33
:103080008318994209D24B08834228BF0346C91AC4
:103090000B93914294BF0D910D9209A92846FDF71B
:1030A00041F894F848102846003918BF0121FBF771
:1030B00013FD94F849102846FBF7E4FC2846FBF77B
:1030C000A5FE41462846FDF791FE00287FF481AE1B
:1030D00007264AE00B2648E0122646E00D2678E651
:1030E000302676E617B92846FBF766FD5346A278E8
:1030F00021782846FBF7A8FD94F80990B9F1020F52
:1031000005D000F03FFC09EA000909F0050949462D
:103110002846FBF7BBFC17B9042385F85430C5F8E3
:1031200050805246A0780CF04EFF01462846FBF72F
:10313000A7FD237833B95246A1784046FEF740FFF9
:103140000028C7D101212846FBF7B6FD01212846FA
:10315000FBF7B6FD002F3FF463AF04212846FBF7D1
:10316000EFFC00287FF435AE0C26B8F8000000F024
:1031700075FD0021B8F80000F6F73EFB00283FF48B
:1031800028AE41F27D313920F5F71CFE10B54379A8
:1031900094B0032B57D823F0020302798DF8063040
:1031A000D0F806308DF80420CDF807304389027B33
:1031B000ADF80B3001238DF8052040F271228DF817
:1031C0000D3003885343049341884A430792A2F683
:1031D000C412847B417B41EA0421ADF82810047CB1
:1031E000C17B41EA0421ADF82E10847C417C41EA88
:1031F0000421ADF83410047DC17C41EA0421ADF80E
:103200003A10417D847D41EA0421ADF84010C17D32
:10321000007E41EA00210E48ADF8461000218DF8ED
:103220004C108DF84E100B4990F820008A428DF812
:103230004D000AD8A3F6C4138B4206D801A8FFF7A5
:10324000B7FD14B010BD1220FBE73020F9E700BF36
:10325000A00D00213C369C0073B506230024CDE967
:1032600000448DF806306846F6F7EAFA08B1002601
:1032700010E0009C94F8A530802BF4D094F8BD6049
:10328000002EF0D094F80931002BECD194F8A43042
:10329000002BE8D101210020F6F798FA054620B965
:1032A00041F2B0313920F5F78DFDA830FCF734FF3D
:1032B000244B93F8383083B3F0B195F85430053B84
:1032C000012B19D82846FCF78FFF044610B141F2B4
:1032D000BB31E7E72846FBF7DBFA95F85430224686
:1032E000214623F00403284685F85430FDF7C0FD3D
:1032F00080B94FF49E51D5E701210846F6F766FAEA
:10330000054610B941F2C731CCE7A830FCF704FFFD
:1033100068B90C24204602B070BD30B9002EF8D038
:10332000FF2384F8A4300024F4E7002EF8D12846C7
:10333000FCF75AFF04460028ECD12846FBF7A8FA10
:10334000E8E700BFA00D00212DE9FF410778044602
:103350000E46EF2F01D91226A5E0B0F80130ADF8E6
:103360000C309DF90C209DF80C30002AF3DB9DF801
:103370000D209507EFD1D8066CD4990603F003020F
:1033800065D5002AE7D11A0703D503F06703012B9F
:10339000E1D163781D0711D42179E278E07942EA1E
:1033A0000122617942EA0142A17941EA0021207AB1
:1033B00041EA00418A42CED81F2ACCD9627A013A2A
:1033C000062AC8D8A27A032AC5D813F0040102D16C
:1033D000023A012A03D8E27A012ABCD811B9A27CA8
:1033E000032AB8D813F01001227D44D0012AB2D1AB
:1033F000237E012BAFD800294DD06378D80703D5A1
:1034000000F01CFA00284DD06378227D03F01801EB
:1034100008295AD1022A45D11B0709D4E279A37998
:1034200043EA0223227A43EA0243B3F5804F39D8B4
:103430001FFA87F803214046F6F7C8F90546002829
:1034400049D0F8F7BDFC002851D00C262BE0032A08
:1034500099D180E713F0600F7FF47DAF03F00F0286
:1034600003F00703052B94D0931E012B91D9002A5A
:103470007FF471AF8DE7022A04D103F06F03092BAB
:103480007FF469AFA37D013B022B3FF664AFE37D80
:103490000F2BADD95FE700F075FA81070AD4237DC1
:1034A000022B04D11126304604B0BDE8F081A37D83
:1034B000022BF7D000F066FA42079ED4237D032B3F
:1034C000F0D0A37D032B98D1ECE7022AA4D0227F71
:1034D000002AA1D0E6E703214046F6F739F9054670
:1034E000002841D0214B93F960100FF056FF0021C6
:1034F000384610F010FB18BB284610F007F821469C
:103500003070E074284603F03BF9E37E0646002B5A
:10351000C9D00028C7D10246E96C6846F6F7A4FA7C
:103520003246E86C01210CF092FBE96C68460422FB
:10353000F6F79AFA32463146E86C0CF088FBB2E7AF
:10354000403010F008FB0028D6D0637813F0330F1A
:103550007FF401AFA77D2846296A0FF0FEFFFEF732
:1035600095FD8742C8D070E707269CE7A00D002193
:1035700030B502798BB00346042A5CD84488B4F590
:10358000804F58D82D4800211044ADF800108DF818
:103590000810827C457B42F010028DF81D1042EA33
:1035A0004502C57D007F42EA850242EAC00202F080
:1035B0001F028DF80020BDF80020ADF809201A8800
:1035C0008DF80E40240A8DF80B20120A8DF80D108C
:1035D0008DF810108DF80C208DF80F405A7BD3F821
:1035E00007008DF811205A79059002A88DF8122055
:1035F0009A798DF81320B3F80B209B7BADF8182037
:103600008DF81A307F238DF81B3001238DF81C3084
:103610008DF81E308DF81F108DF820108DF82310B6
:103620008DF824108DF821108DF822106946FFF7CF
:103630008BFE0BB030BD1220FBE700BF34F7020158
:103640000278034672B1427862B142881A2A09D9D7
:1036500082881A2A06D90068034A106000209B88D5
:1036600093807047122070473412002102680020B6
:10367000014B9A60704700BF34120021026800209D
:10368000014BDA60704700BF341200210378A3F1C8
:103690000A02112A9BBF024A0020122013747047AD
:1036A000341200210378FF2B16D14378FF2B13D15E
:1036B0008378FF2B10D1C378FF2B0DD1037923F032
:1036C000E0021F2A08D113F0E00F05D05B09034A7E
:1036D000002082F82030704712207047A00D002192
:1036E0000378012B9DBF03F00103034A0020122041
:1036F00098BF82F839307047A00D0021014B187631
:1037000000207047A00D0021014B58760020704723
:10371000A00D0021024B1B6803B118471120704710
:103720009801002108B5052000F00AF910F0BBF956
:10373000014B024ADA6508BDA00D0021F91E010106
:1037400008B5052000F0FCF804F006FD014B024A24
:10375000DA6508BDA00D0021F91E010108B5FEF7CC
:10376000BFF9FEF77BF8FFF72DF901460248BDE8E7
:103770000840FBF703B900BF040E002108B502F0B2
:1037800089FFF8F71BF80248BDE8084002F06CBF5B
:10379000040E002108B50EF002F8064800F5847109
:1037A000F6F734FF02200CF0B0F90020BDE8084025
:1037B0000CF0ABB9040E002108B50122064B83F8CA
:1037C0000A2202F06FFF03F0B9FEFFF7E3FFBDE846
:1037D000084001F0FBB900BF040E002110B5064CF3
:1037E000064904F503700DF095FC04F504700449D6
:1037F000BDE810400DF08EBC040E0021B401002184
:10380000BC01002110B5094C094904F503700DF005
:1038100081FC04F5047007490DF07CFC04F505708B
:103820000549BDE810400DF075BC00BF040E002135
:10383000F4010021FC010021EC010021014B93F86F
:103840000A027047040E002110B5094C094904F51D
:1038500003700DF05FFC04F5047007490DF05AFC8D
:1038600004F505700549BDE810400DF053BC00BFDC
:10387000040E0021DC010021E4010021D40100211B
:1038800010B5094C094904F503700DF043FC04F52B
:10389000047007490DF03EFC04F505700549BDE8CC
:1038A00010400DF037BC00BF040E0021C401002100
:1038B000CC010021D401002138B5094C0D4601F09E
:1038C00059F9D4F80C02C4F804510DF01BFCFEF7B2
:1038D000A3FE01F0C1FA012384F8183238BD00BFFD
:1038E000040E0021014B93F818027047040E0021CA
:1038F00010B50C4CD4F810020DF004FCD4F81402EE
:103900000DF000FCFEF736FE202000F027F8262000
:1039100000F024F8292000F021F8002384F8183260
:1039200010BD00BF040E0021014B83F8190270473F
:10393000040E0021014B93F819027047040E002178
:10394000C2080549012300F0070003FA00F08B5C70
:1039500018438854704700BF18000021C208054969
:1039600000F0070001238340885C20EA03008854AC
:10397000704700BF18000021014BD3E900017047D8
:1039800018000021054B1868C0F3C022C0F30020C6
:10399000400040EA820040F001007047180000211A
:1039A00008B507F011FF0023074A32F823108142BF
:1039B00005D302EB83039B78044A137008BD0133DF
:1039C0000C2BF2D10023F7E76EF702011E10002145
:1039D000024B1878072828BF072070471E100021C7
:1039E00010B54468238884F87311A4F8743194F8EE
:1039F0006C00FEF75BFB84F8760194F86D00FEF72F
:103A000055FB054984F8770104F5B5700EF07DFC8F
:103A1000002384F8243110BD89120201406807494F
:103A2000038800F25D10A0F8093010F8F93CC37269
:103A300010F8F83C03730EF062BC00BFC112020123
:103A40002DE9F04F0C4685B0054608460EF0EDFB1B
:103A5000064620460EF0DDFB804620460EF0DDFBDC
:103A6000834620460EF0DFFB6C68074694F88730EB
:103A700094F886A0242B30D104F18709002E4BD076
:103A80000BF0070B58460DF06AFC88B394F86C30C5
:103A900098422DD094F82421012A0CBF94F82621B5
:103AA00094F868201BEA020F36D0BAF1220F1FD01B
:103AB00094F865201BEA020F1AD1461EF6B2032EB7
:103AC00006D8013B5E4ADBB21644032B31790BD991
:103AD00040F21F210620F5F775F9BAF1220F40F0E8
:103AE000AA8004F18609C9E713441B798B4213D8D5
:103AF00008F0070108460DF032FCC0B394F86D30B1
:103B0000834234D094F82431012B0CBF94F8273130
:103B100094F8693019422AD194F82431012B15D137
:103B20001E212846FFF75CFFBAF1220F12D16B6805
:103B3000182283F809210A2283F8862093F8C230DC
:103B4000002B44D140F2B3217E20C4E7002384F847
:103B50002431E9E70023284689F800300EF0A6FD5D
:103B60001821284605B0BDE8F04F0EF0CBBD03ABE1
:103B700020465A4600933B460DF036FC6C6880BBED
:103B800094F82431012B29D1B4F8803004F5247243
:103B900094F86C10B4F828010DF086FC0446C0B906
:103BA00001462846FFF71CFF89F800406B6803F1C7
:103BB0008702914502D1002283F887206B68002498
:103BC00003F18702914533D128460EF06FFD0020A6
:103BD00032E06B68282283F88620E7E784F8240126
:103BE000E4E7B4F8800047F6FD73A4F89072C04390
:103BF0000744BFB29F4206D92823284684F8A9303B
:103C000001F0E0FCDAE794F887300E2B02D00B3B92
:103C1000012B01D82A23F0E79DF80C3084F892326A
:103C20009DF80D3084F89332262389F80030C5E7DB
:103C300083F8C240CBE7022005B0BDE8F08F00BF9B
:103C40009EF70201044B002283F832204FF6FF72E8
:103C50009A86DA861A87704720100021054B9A8EC3
:103C6000824201BF002283F832204FF6FF729A860B
:103C7000704700BF20100021014BD886704700BF5D
:103C800020100021094A03464FF6FF71908E8842AA
:103C900006D192F83210012905D001201A60704730
:103CA0000020186070470020704700BF20100021DE
:103CB000064B93F83220012A1BBF0120DA8E002028
:103CC00083F8320018BF9A86704700BF2010002189
:103CD000014B1887704700BF20100021064B024699
:103CE000198F988E884205D193F8320018B10120BF
:103CF000136070470020704720100021094B998EF7
:103D00001A8F914201D0002070474FF6FF729A86B9
:103D100093F83220002AF6D00022012083F83220C6
:103D2000704700BF20100021054B998E1A8F9142D9
:103D300003BF93F83200B0FA80F0400901207047C9
:103D40002010002150B90A4A0120134603F8010B44
:103D50000868C2F801008A889A807047012805D156
:103D6000034B0A68D8719A608A889A81704700BFAD
:103D70005A10002148B90A4B187880B1D3F80120B5
:103D8000B3F805300A608B807047012806D1044BD8
:103D9000D87920B19A689B890A60F4E700207047BF
:103DA0005A10002120B9054B187800F00100704727
:103DB00001280ABF014B0020D879F6E75A100021EC
:103DC000F7B58B8800228DF80600ADF8043008683E
:103DD0000B4B8DF8072001461C7803F5AC73019D51
:103DE000D0B2844201D8082007E0D3E9007601323E
:103DF0000833AE4208BF8F42F2D103B0F0BD00BF1E
:103E000068100021084B0146002230B55C7803F5AC
:103E10008173D0B2844201D8082004E013F8015B1A
:103E200001328D42F5D130BD68100021F8B52D4C1E
:103E300063782218013B92F80251DBB2834263702F
:103E400030D01A010101961C8F1C2644274406F12C
:103E5000100C56F804EB664547F804EBF9D18232B2
:103E600082312244214402F1100652F8047BB2420E
:103E700041F8047BF9D1E118221891F8026182F827
:103E8000026106267343704303F5857300F5857060
:103E9000E618E35827182350B388BB8091F83A31CD
:103EA00082F83A312846FFF7ADFF082818D1237869
:103EB000013BDBB29D42237012D02B3305F12B0264
:103EC00004EBC30304EBC20293E8030082E803009F
:103ED0002078FFF797FF08281CBF241884F80251A8
:103EE000F8BD00BF68100021F0B5254D89B095F8E8
:103EF000984105F29911684622460AF0DDFE2146F6
:103F000068460DF06DFC0446B8B300EB400102A812
:103F1000C9B2F5F7C7F9601E95F8A1610124C0B2D6
:103F200095F8982105E0731CB3FBF2F102FB113305
:103F3000DEB206F120030DEB030111F8203C002B4B
:103F4000F1D100EB400201F8204C06EB4603203291
:103F50002B446A4412F8187C83F8A27112F8177C7B
:103F600012F8162C83F8A37183F8A4210138AB1939
:103F7000C0B283F89941FF28D2D109B0F0BD00BF8B
:103F80006810002170B5064688B00C46002A4FD054
:103F90002A4A92F8A131D01890F8991121B94FF41A
:103FA00080712820F4F70EFF03EB43010133114425
:103FB00091F8A251E57091F8A35191F8A4112571DF
:103FC0006171002180F8991192F89811B3FBF1F01A
:103FD00001FB103382F8A13192F8C23123B918499C
:103FE00002F5DD700EF08EF965790D22002168462C
:103FF00005F03F0545F0400565710AF0C7FDE3781F
:1040000004AA69468DF80F30304623798DF80D509B
:104010008DF80E3004230AF0DDFB9DF81F3023706D
:104020009DF81E3063709DF81D30A37008B070BD00
:1040300003216018F5F736F9D6E700BF68100021B4
:10404000E93E0101044B5A78824286BF1B1893F85F
:104050004A010020704700BF68100021044B5A78C5
:10406000824286BF1B1893F842010020704700BFB0
:1040700068100021064B00224FF461711A8083F80A
:10408000C32183F8C421A3F8C61183F8C221704765
:1040900068100021014B83F8C401704768100021AB
:1040A000014B93F8C40170476810002110B5144605
:1040B000FFF786FE082803D1012000F0010010BDA3
:1040C000FFF7A0FE064B5A788242F5D904B1207062
:1040D000184490F83A31012BEED090F84A01ECE701
:1040E000681000212DE9F047824689461746984618
:1040F000FFF766FE08280546064603D0FFF782FE56
:10410000082863D1334C6378072B61D8082D18D168
:104110002678731C072E237003D96B212820F4F70F
:1041200051FE06F12B03D9F80000DAB204EBC30309
:1041300044F8320004EBC201B9F804208A8083F805
:1041400006A0657807F110026B1C290163704B1CF7
:10415000234412F8010DBA4203F8010FF9D181315D
:1041600008F11003214413F8012D984501F8012F9F
:10417000F9D12544102140460DF092FB102185F81D
:10418000420138460DF08CFB002385F80261667809
:1041900085F84A0185F83A3131460F480DF020FB89
:1041A000054631460D480DF01BFB012D03D80028B4
:1041B00018BF0135EDB284F898510025284684F8DF
:1041C000A151FFF791FE2846BDE8F0871220FBE7DA
:1041D0000720F9E768100021AA110021B21100217F
:1041E000064B10B55878013840B2002800DA10BDEF
:1041F000C4B22046FFF71AFE601EF5E768100021E2
:10420000014B83F8C301704768100021014B93F8FC
:10421000C301704768100021431E4AF2B7129BB2D7
:1042200093429DBF024BA3F8C601012000207047B6
:1042300068100021014BB3F8C601704768100021D7
:104240000A4B30B55C7884420ED9184490F80201CC
:104250002B3003EBC004A5790D7053F830001060CB
:104260000120A388938030BD0020FCE76810002166
:1042700070B506460D4606F07BFB05F03BF90A4B90
:1042800093F8C3415CB1597859B1981C82333246D6
:10429000002D08BF184605F0F9F805F051F9204641
:1042A00070BD0C46FBE700BF6810002108B5064B47
:1042B000024603EB0113012103F1820005F0E6F849
:1042C000BDE8084005F03CB96810002102460748E7
:1042D00010B590F8C34124B1417821B1023005F006
:1042E000D5F8204610BD0C46FBE700BF6810002142
:1042F0002DE9F74F2F4C9A468046894663788342D2
:1043000056D9231893F8425185F00105F9B193F875
:104310004A31E3B945F002070135BAF1000F18D16F
:10432000FA070AD5062104EB0810524601FB0841A2
:10433000823001F58571FFF725FEBB0734D504EB0C
:104340000810524649460230FFF71CFE2CE02F466B
:10435000E3E794F8A1614FF0010B002DE0D0A31921
:1043600093F89911019399B90092DAB100F044FDE4
:10437000019B06EB4601009A4FEA102C83F899B195
:10438000214481F8A201000C81F8A3C181F8A401A5
:10439000013694F89831013DB6FBF3F103FB116649
:1043A000F6B2DAE747F00407384603B0BDE8F08F0D
:1043B0000027F9E768100021F8B50646174C48B306
:1043C000617804F5A1700DF00BFA94F89851074646
:1043D00004F2991029460DF003FA2D1AEDB2AF42FE
:1043E0001AD8002506270FE0E21892F8422152B9A8
:1043F00007FB034104EB0313324601F5857103F11A
:104400008200FFF7BFFD01356278EBB29A42EBD82C
:104410000120F8BD0546E5E70020FAE76810002115
:10442000F0B51B4E89B007460D46737883422CD9F0
:10443000331893F8424144BB0D22214668460AF0E6
:10444000A5FBEB7806EB071004AA8DF80F30694640
:104450002B7982308DF80E306B798DF80D30042376
:104460000AF0B8F92A789DF81F309A420AD16A7882
:104470009DF81E309A4205D1AC789DF81D00231A94
:104480005C425C41204609B0F0BD0020FBE700BF64
:1044900068100021074B5A78824209D91A1892F8FD
:1044A00042212AB9062202FB003000F585707047D0
:1044B0000020704768100021064B5A78824281BF65
:1044C0001B1893F83A01B0FA80F0400998BF002019
:1044D000704700BF68100021F8B50E460746062158
:1044E000154630460DF0DCF9044640B10A4829462D
:1044F000427800F59D700AF049FB2046F8BD314630
:1045000038460DF089F908281FBF034B0124C01855
:1045100080F83A51F1E700BF6810002130B500245F
:1045200042F21075A0F84040B0F844404C43B4FB50
:10453000F2F4A0F84440541E05FB0343B3FBF2F32E
:10454000A0F84230084BB3FBF2F30133A0F8483037
:10455000838F05FB0344436B5943B4FBF2F4B1FB77
:10456000F2F28463426330BD005A620270B50446C1
:104570000D4651BB4FF432720AF008FB012384F858
:10458000DE5084F88E306FF0360384F8D93004237F
:1045900084F8DA306FF03B0384F8DB306F2384F863
:1045A000DC306FF03C0384F8DD30062384F8DF3024
:1045B0002B2384F8D830FE2384F80E317F2384F82F
:1045C0008530202384F8143270BD012917D10023CF
:1045D000A0F8D43180F8CB310D4BC2691344114699
:1045E000B3FBF2F3C0F8B03040F6B833A0F8B43003
:1045F000C38C04F17800BDE87040FFF78FBF02293B
:10460000E2D1B0F89E32D0F89822C169F1E700BF3C
:104610007FC3C90170B504460D4651BB4FF41272F9
:104620000AF0B4FA012384F8DE5084F88E306FF07B
:10463000360384F8D930042384F8DA306FF03B0372
:1046400084F8DB306F2384F8DC306FF03C0384F8AF
:10465000DD30062384F8DF302B2384F8D830FE23A6
:1046600084F80E317F2384F88530202384F8E131EB
:1046700070BD012912D1C2690C4B11461344B3FB22
:10468000F2F3C0F8B03040F6B833A0F8B430C38CC1
:1046900004F17800BDE87040FFF740BF0229E7D180
:1046A000B0F80A32D0F80422C169F1E77FC3C9012A
:1046B000034B80F874101B680BB1008818477047D3
:1046C00004020021074B93F900301844142804DC3D
:1046D00010F17F0F03DB40B27047142070476FF07A
:1046E0007E007047301200217F2307B50DF10700CF
:1046F0008DF8073006F04AF99DF9073068B10A4A8B
:104700005078404240B21844142808DC10F17F0F62
:1047100007DB40B203B05DF804FB1846FAE714204B
:10472000F8E76FF07E00F5E730120021024B00221F
:104730001A705A70704700BF30120021054B1B7869
:1047400033B9054B1A681B79026003710120704769
:10475000002070473212002120000021054BFF226B
:104760001A70054A016811600179117100221A70EE
:10477000704700BF3212002120000021064B07B510
:1047800018681B79009068468DF80430FFF7E6FF43
:1047900003B05DF804FB00BFC01803010346407876
:1047A00098B1DB783C2B05D8084AD35C1B1A5842D9
:1047B0005841704703F11602D2B2042A04D8034AC2
:1047C000134413F8AD3CF1E701207047A6F702014E
:1047D0003C2908B5C17003D80B4B5B5C437008BD26
:1047E00001F11603DBB2042B04D8074B194411F86E
:1047F000AD3CF3E7FF2904D040F259412A20F4F7F9
:10480000E1FA0123EAE700BFA6F702012DE9F04330
:1048100085B089461446984602A90DF013F805465E
:1048200000283DD1039E34B9012486F88D402046EE
:1048300005B0BDE8F0837769214638460AF08BFF62
:10484000014678B3194B5B88A3422DD301AA3846A1
:104850000BF0D9F896F88D300198002B0CBF494623
:1048600002210DF0E7FB01982246414603300AF091
:1048700023FA214638460AF0B3FF044618B97D21D1
:104880002B20F4F79FFA9DF808302BB102A80DF009
:10489000EDFC039BA3F8C251002386F88D30C6E7D8
:1048A0000124C4E70446C2E72C46C0E734120021C5
:1048B000024B987FC04300F0010070473412002182
:1048C000034B987F80F00200C0F34000704700BFA8
:1048D0003412002183230B70014B1B78CB7070477F
:1048E000541200212DE9F743876981460D46384669
:1048F0000BF07BF8014618B9FC211020F4F762FA9E
:1049000001AA38460BF07FF8064610B94FF48071C3
:10491000F3E7019BB9F8000003F103081D4B1B6886
:104920007BB9B9F800300198AB800023EE806B7240
:104930000DF088FB01280ED002280CD04FF48D71A9
:10494000DBE732464146984704460028E9D1204635
:1049500003B0BDE8F083287238460BF05CF80446DB
:1049600010B940F22311C8E7FB2E02D94FF496711B
:10497000C3E7286810B940F22D11BEE73246414620
:104980000AF09AF938460AF08EFF0028DFD140F28B
:104990003111B2E70C0200212DE9F34706460D461E
:1049A0000527DFF86C81DFF86C912B694BB11B7A1E
:1049B0001BB97E211020F4F705FA2C6994B9002068
:1049C00066E06C68237A012BF9D0EFF3108372B69E
:1049D0006A6812686A6003B962B62C61237A0BB9FF
:1049E000A421E7E794F808A05FFA8AFA27720AF18F
:1049F000FF330B2B77D8DFE803F073061027703DE9
:104A00004E3D3D3D3D61636813B94FF4D471D1E72C
:104A100031462046984704201EE0636813B940F2EF
:104A2000B111C7E73146204698470346ADF8040068
:104A3000C0B2C3F30723012B58D0022B0CD10023A3
:104A40002B610028B1D023E0636813B940F2B9119B
:104A5000B0E7204698470020EFF3108372B6227A21
:104A6000052AD1B24AD1002222722A61002BE8D154
:104A700062B6E6E7D9F80030002BECD0524631465A
:104A800060689847BAF10A0FC5D100232B61042052
:104A900002B0BDE8F08763680BB9B3218AE70D2245
:104AA00000243270012219885869B270A6F80310E8
:104AB0007271B4710AF0F7FE2C61E8E7606810B912
:104AC00040F2E11176E7D8F80030314698470346C6
:104AD00060B1002302202B61DAE74FF4F97169E736
:104AE00040F2F51166E74FF4FC7163E784F808A023
:104AF0000028CDD1002B7FF458AF60E711B940F208
:104B0000192157E7002B7FF450AF62B64DE700BF85
:104B1000080200211002002170B5144C1426002157
:104B2000231D324618460AF031F803460125257444
:104B300004333246002104F11800C4E901330AF0BD
:104B400025F884F8245004F11C03094AC4E906330B
:104B50000023E362236384F83430C4F83530C4F8AA
:104B6000393084F83D30136070BD00BF541200210D
:104B70000C02002110B5084C2378FF2B04D04FF411
:104B80009D711020F4F71EF909F06CFE2070BDE84D
:104B90001040FFF7C1BF00BF2500002110B5034C36
:104BA000207809F07BFEFF23237010BD2500002133
:104BB000014B187809F082BE25000021014B024A02
:104BC0001A60704708020021E5480101014B024AC2
:104BD0001A60704708020021E548010110B5064936
:104BE0000446FFF7D9FE28B920460449BDE8104025
:104BF000FFF7D2BE10BD00BF6C1200215812002179
:104C0000014B1860704700BF0C020021134610B51D
:104C1000027A22B140F295211020F4F7D3F80A4627
:104C200001460248BDE810400DF049BB5812002172
:104C3000044890F834301BB903492C300DF05CBBAC
:104C4000704700BF54120021B122020103460648FA
:104C500090F83E203AB190F83D2022B9034900F87F
:104C6000353B0DF049BB704754120021D548010176
:104C70000A4610B5037A23B140F29D211020F4F7C3
:104C8000A1F8014607230248BDE810400DF017BB0C
:104C90006C1200211346027A0AB1037270470A4669
:104CA000014601480DF00BBB581200211B234FF0A9
:104CB0001B128384038482618382C260038541B9AD
:104CC0004FF4A473094AC3844384C261C38202615E
:104CD00070474FF429634FF4A472C384438403F1F3
:104CE0002963C282C3610361704700BF4801480164
:104CF00003460846B3F85820B3F84C10B3F842C046
:104D00008A42F0B493F86D4028BF0A46B3F8506069
:104D1000B3F85A10033CB3F84870B142E4B2B3F8A8
:104D2000465028BF3146012CA3F842208BBFB3F870
:104D30004A604FF429660C464FF429649742A3F861
:104D4000464038BF17468E4238BF0E469445A3F8FA
:104D50004870A3F84A6026D12C1B18BF0124B3F871
:104D60005420B3F84E50B3F840609542B3F8441065
:104D700028BF154693F86C20033A012A15D9B3F8D9
:104D80005220B3F85670BA4228BF3A46AE42A3F852
:104D90004050A3F8442002D1914200D144B10549CA
:104DA000F0BC0DF0B2BA0124D9E74FF42962EDE767
:104DB000F0BC7047172302010B8BA2F809001046C4
:104DC000A2F80B304B8BA2F80D308B8BA2F80F3072
:104DD000CB8B0249A2F811300DF091BA7923020170
:104DE000014B1878704700BF93120021014B1878CF
:104DF000704700BF26000021094AD2E90003434062
:104E000083EAB01181EA43214FEAF3431160536012
:104E1000044B58434FEAF06000EB8000704700BF3E
:104E200094120021BB79379E094AD2E9000343401E
:104E300083EAB01181EA43214FEAF34311605360E2
:104E4000044B58434FEAF06000EB8000704700BF0E
:104E500028000021BB79379E10B50A4C082109486B
:104E6000F4F720FAD4E900231343F7D0064CFFF7F8
:104E7000DBFF2060FFF7D8FF236860600343F6D0B4
:104E800010BD00BF2800002194120021A0F10C03E6
:104E90001046DBB2392B10B50C4696BF0A49FE21ED
:104EA000C95C0DF0CFFB68B964B12178272907D020
:104EB000EB2908BFEA211046BDE810400DF0C2BB47
:104EC0002621F8E710BD00BFE8F70201174B184A8A
:104ED0009A60184ADA62184A1A61184A5A61184ADE
:104EE0009A61184A1A63184A5A62184ADA64184AC8
:104EF0009A64184A9A63184B184A9A60184A1A62B8
:104F0000184A5A60184A1A60184A9A62184ADA62AD
:104F1000184ADA60184A9A61184A1A63184A9A6459
:104F2000184ADA64184A5A62704700BF1402002116
:104F300079270201A32B02016D2B0201312B020103
:104F4000ED560101E5590101B5580101AF2D0201EE
:104F5000D72D0201595801011C0300219B27020192
:104F6000592D0201072802012B290201ED2C020113
:104F7000BF2B02010F2D0201CF2C02017D2E020159
:104F80001D2E02010B2E0201732D0201174B184A30
:104F90009A60184A5A60184A1A60184A9A62184A5F
:104FA000DA62184ADA60184A9A61184A1A63184A8B
:104FB0001A62184ADA64184A9A64184A5A62184BF4
:104FC000184A9A60184A5A62184ADA62184A1A61EC
:104FD000184A5A61184A9A61184A1A63184A9A6418
:104FE000184ADA64184A9A63704700BF2404002103
:104FF00079270201AF27020141280201E32B0201B8
:10500000552C0201515701016B2C0201E559010198
:1050100059580101AF2D0201D72D0201B5580101E8
:105020002C0500219B270201732D02018D2C02010A
:10503000312C0201B12C0201F95701017D2E020130
:105040001D2E02010B2E0201592D0201054B064AAD
:105050001A65064A5A65064B064A1A65064A5A6593
:10506000704700BF14020021E5290201B72902019F
:105070001C0300219D2902018B2A0201044B054AD1
:105080005A65054B054A1A65054A5A65704700BFBF
:1050900024040021AF2A02012C0500219D290201D0
:1050A000DD2A0201054B064A9A65064ADA65064B77
:1050B000064A9A65064A1A66704700BF1402002124
:1050C0001D150201B11602011C0300214513020146
:1050D00013170201054B064A9A65064A1A66064BE3
:1050E000064A9A65064ADA65704700BF2404002123
:1050F00009160201413A01012C0500214513020164
:105100007F1702012A2A73B505460C462ED82A2A93
:1051100035D8DFE812F039007D0087009300AB003E
:1051200091009100BA00BC00C20091009100C7003C
:10513000D200BC0034003400D60091009100F10090
:10514000F100F800FF000B01340034002A01470190
:1051500054015A0160016B016D016F0171017C0105
:1051600084019B019D01340034008C01EB2A00F086
:105170007381FF2A00F07281EA2A00F06B8140F20D
:1051800066415120F3F71EFE416841F27070D1F87C
:105190000432B1F8FE21A3F57A7585420CD84FF49C
:1051A0007A70B3FBF0F303F550639BB26420B2FB5B
:1051B000F0F20120D2B20DE040F2E2406FF450650F
:1051C000B3FBF0F39BB25D19062DEFD9B2FBF0F201
:1051D0000020D2B22271D1F80022B0B16420E37174
:1051E0001B0AB2FBF0F292B2237220466271120ADD
:1051F000A271B1F8083263721B0AA372B1F80A12E5
:1052000002B0BDE870400CF041BF40F2E240E6E77A
:1052100043682046D3F8F011013102B0BDE8704078
:105220000CF068BF02784368012A02D193F810316C
:1052300001E093F81931237102B070BD4568204632
:1052400005F50E710CF065FF05F5107120460CF0A8
:105250006AFF05F5067120460CF06BFFD5F80011CA
:10526000204602B0BDE870400CF071BF4168204696
:1052700001F5EF710CF071FF6B682046D3F8041153
:1052800002B0BDE870400CF06CBF4368CEE7084642
:1052900002B0BDE8704000F05FBB02B0BDE87040F6
:1052A00000F06ABB0E230B7159234B7100238B71E5
:1052B000F323CB7120230B72BEE7436893F80A31C6
:1052C000B9E7037846687BB996F8103163B196F870
:1052D0000D1120460CF0B8FF96F80C11204602B0D4
:1052E000BDE870400CF0B4BF96F80B1120460CF0EE
:1052F000ABFF96F80A11F1E74168204602B0BDE81D
:1053000070400DF021BA436893F82621227193F87A
:10531000273109E0436893F82421012AF4D093F857
:1053200068200A7193F86930637185E7456895F8DC
:10533000FB010CF0CCF8014620460CF06CFF95F810
:10534000FA01C31E012B07D895F86C30DA1E012A2A
:1053500002D8984218BF00200CF0B9F80146204648
:1053600002B0BDE870400CF052BF456800232046F3
:1053700001218DF804300CF069FE2A7C01A96B7CB8
:105380002046032A03F01F0308BF002243EA8213CA
:105390009DF8042002F0200213438DF804300CF035
:1053A0005EFE49E743680F211888F4F70FFA00F111
:1053B0005B01204602B0BDE870400CF003BF084618
:1053C00002B0BDE870400EF0D2BB084602B0BDE8A6
:1053D00070400EF0D4BB274B1B68002B3FF42CAF62
:1053E0002946204602B0BDE870401847224BF3E73B
:1053F000224BF1E7224BEFE7224B1B68002B3FF4D7
:105400001BAF0246232002B0BDE8704018471D4B79
:105410001B68002B3FF410AF02462420F3E7194B22
:105420001B68002B3FF408AF02462520EBE74368DA
:105430000F211888F4F7CAF900F17D0200F15B0131
:10544000204602B0BDE870400CF0C8BE0E4BC3E76A
:105450000E4BC1E70E4BBFE70E4BBDE7436820463E
:1054600093F88722D3F8881202B0BDE870400CF0A0
:10547000F9BD00BF380600213C060021340600219A
:105480004006002154060021500600214C06002150
:1054900048060021440600213C2803D8064B53F857
:1054A0002000704700F11603DBB2042B01D8AD38A1
:1054B000F4E70020704700BF140200213C2803D805
:1054C000064B53F82000704700F11603DBB2042BA3
:1054D00001D8AD38F4E70020704700BF2404002154
:1054E0003C2803D8064B53F82000704700F1160300
:1054F000DBB2042B01D8AD38F4E70020704700BFC1
:105500001C0300213C2803D8064B53F820007047A9
:1055100000F11603DBB2042B01D8AD38F4E700200C
:10552000704700BF2C05002130F8023CF7B5044657
:105530000D467BB100238DF804308DF80530002036
:105540009DF8043063F307009DF8053063F30F20E6
:1055500003B0F0BD184B30F8A06C1B680BB12838B5
:105560009847164B1B680BB1304698470A23002713
:10557000A5F803602B70AF70637A54F8880C6B71D8
:105580000AF0A3F918B9B1216320F3F71BFC3046E8
:10559000FEF764FB39463046F4F72EF90221304617
:1055A000F4F72AF918B9064B1B6803B1984704238E
:1055B0008DF804300223C0E7580600216006002160
:1055C0005C060021F7B5456804464FF6FF776E6923
:1055D0000DF102010DF101023046ADF802700AF042
:1055E0001BF901A930460AF039F940B101980AF0D7
:1055F00010FA616800220272FFF73AFBE8E70449FB
:1056000005F1A00003B0BDE8F0400CF078BE00BF8B
:1056100029550101F0B5044685B00D46FF2600F876
:10562000C16C10F8C23CF3B1184F3B781BB1482154
:105630001F20F3F7C7FB0C21381DF3F733FE3E7034
:10564000002304F8C13C09232A4602F8033BD4F89E
:105650000930C5F80330D4F80D305360D4F8113058
:10566000936005B0F0BD01A80C21F3F71BFEA4F573
:105670002A73039AC3F8042101AB03CB44F8CA0C84
:1056800044F8C61C04F8C26CDAE700BF9C12002183
:1056900010B5054C23782BB90C21201DF3F702FE21
:1056A000FF23237010BD00BF9C120021024690F81A
:1056B000E631BBB990F8E73103F0FF010BB10020F0
:1056C0007047094B18780028F9D01970D96804334D
:1056D000C2F8041103CBC2F8DE01C2F8E211FF23C5
:1056E00082F8E631012070479C12002138B54368EA
:1056F000044693F886201C2A24D1002283F8C72070
:1057000083F8C22083F84222436893F8C81003F557
:10571000CF701D8869B10C4983F8C820A3F8A8513F
:1057200083F8A7210CF0E8FD6368002083F8860069
:1057300038BD012283F8A711A3F8A851034983F8C3
:10574000AA21EFE70220F3E71D2B02010F2B020134
:10575000426870B592F8873004460D463BB1142B71
:1057600005D0123B0B2B94BF0820012070BDD2F84E
:10577000143183BB92F8C83013B920460CF086FF71
:105780006168284601F5EB710CF0DAFC2846666882
:105790000CF0E0FC6168C6F8000128460B8801F2B5
:1057A000B32121F8023C0CF0B9FC6168284601F2F3
:1057B000BB210CF0BBFC6368002583F8E6516068F0
:1057C0000C4900F52A700CF097FD636816222846F4
:1057D00083F88720CAE70C22032120460CF079FFCA
:1057E00063683222204683F887200CF04FFF0020A8
:1057F000BCE700BF1556010138B54368044693F86D
:1058000087201D2A04D04FF4DE711F20F3F7DAFA47
:10581000002293F8C8101D8803F5CF7083F8C720C5
:1058200069B10B4983F8C820A3F8A85183F8A721D0
:105830000CF062FD6368002283F8872038BD0122E6
:1058400083F8A711A3F8A851024983F8AA21EFE72A
:105850001D2B02010F2B020138B50578446825B9CC
:1058600094F8873023B1012518E0A36FDB07FAD441
:105870004A680E4B896813400D4AC4F8D830C3F308
:1058800007630A4043F00803C4F8DC2084F8DB30E7
:105890000CF0FCFE25B9042384F88730284638BD77
:1058A000A36F002543F00103A367F7E72FC904F7AF
:1058B0006FDB0006436870B593F88620042A30D168
:1058C0004C681A4A8E6822400578194CC3F8D820D3
:1058D000C2F30762344042F00802C3F8DC4083F8A8
:1058E000DB20002283F8C22083F8862015B94268A5
:1058F00082F82B5193F8802102F0FF049AB91A889C
:1059000003F5BC7083F88141A3F882214A68C3F88B
:1059100084218A680749C3F888210CF0EDFC2046F1
:1059200070BD0124FBE70024F9E700BF2FC904F78D
:105930006FDB0006372D0201406890F8803143B9D3
:10594000038800F5BC70034943811A2343720CF0AD
:10595000D3BC7047372D020110B50446FEF70CF892
:10596000034A044B02400B406260A36010BD00BFBD
:105970002FC904F76FDB000637B50C464568FDF705
:10598000FBFF084B084A03400A4095F8D8100093E3
:105990000B4001928DF800306B4603CB6060A16034
:1059A00003B030BD2FC904F76FDB0006DB0410B570
:1059B000144604D5037D13B10023436310BD436B2C
:1059C000013343630DF03BFAD0E90D239A42F5D33E
:1059D0000023034943632046BDE810400CF095BC0A
:1059E000A12D0201F8B5446805460E46077894F8E3
:1059F0008630012B08D027B994F8873023B10120D5
:105A000040E0A36F9A07FAD494F8C9309B0719D4E1
:105A100030460CF0AAFB84F8D300B6F80530A4F8A1
:105A2000D430B6F80730A4F8D63094F8C93043F033
:105A30000202D80784F8C92010D5174904F1CA001A
:105A40000CF063FC94F8C930D90712D4DFB994F88C
:105A5000873043B150214020F3F7B4F994F82A314C
:105A6000002BEAD1EEE7012384F8873028460CF0BA
:105A70000DFE94F886300020012B03D184F88600B7
:105A800084F8C200F8BDA36F9A0701D55521E2E75B
:105A900043F00203A367E9E75F2E020170B5456892
:105AA0000446FEF721FE054B014685F885001B687C
:105AB0001BB12046BDE87040184770BD6806002144
:105AC000024B1B6803B11847704700BF64060021F2
:105AD000F0B5204E054600243078147080B1431E86
:105AE0007768DBB2181B01280BDC07EBC40057F802
:105AF00034604068884208BFAE4212D11470012061
:105B0000F0BD18194610C0F3470057F836C007EB30
:105B1000C60EAC45DEF804608E412CBF0346044639
:105B2000E0E7B54271EB000002D214700020E7E715
:105B300007EBC30057F833404068884208BFAC42C7
:105B400001D11370DBE7A542814128BF01331370F7
:105B5000ECE700BFBC12002110F0070208B503D02B
:105B600063214820F3F72EF918B1034B19725860DE
:105B70001A70C80008BD00BFBC120021014B0022F2
:105B80001A707047BC120021014B187A704700BF91
:105B9000BC1200212DE9D3430DF09AF90DF1070253
:105BA00007460E46FFF794FF98B9114C2278237AE6
:105BB00093420ED0616813466FF0604E9DF8070067
:105BC000984209D301EBC003013201202270C3E9DE
:105BD000007602B0BDE8D08303EB0E00013B01EB81
:105BE000C000DBB2D0E90089C0E90289E6E700BF66
:105BF000BC12002137B50DF06BF90DF10702FFF76C
:105C000067FF0446A0B10C4A9DF807001378556859
:105C1000411C013B05EBC101DBB213701A1AD2B271
:105C2000D200834238BF002205EBC00008F068FFB5
:105C3000204603B030BD00BFBC1200210A46064812
:105C4000822302F8033B0368C1F8033043685360C2
:105C500083689360704700BFC5120021162200219F
:105C6000014808F093BF00BFC512002117B402AB72
:105C700003E903001B48437D83B30B469DF80010E6
:105C800009BB93F86C10184A32F811204FF47A715E
:105C900002F23F62B2FBF1F2D3E96E147D3144F1BE
:105CA00000045218198844F10004426001808460A5
:105CB000B3F8803002220D490C3020F80A3C03B0C2
:105CC00010BCFEF7E7BF520608D51A880280D3F849
:105CD00038224260D3F83C228260E9E703B010BC6E
:105CE000704700BFC512002122F802013D5C01018E
:105CF0000F4B4FF47A72042933F8113010B503F2C8
:105D0000E73300F1FF34B3FBF2F34FEAC41409D0D8
:105D100003290AD002290CBF6022F022234400FB91
:105D2000023010BD4FF4D262F8E740F2BE22F5E730
:105D30002CF80201264B1A6810B5D2F80F30036216
:105D4000537D117D1B0443EA0123D17C0B436FF487
:105D500050618362B2F81930591806298DBF40F29C
:105D6000E241A3F550634FF47A714B438EBF00219B
:105D70004B430121C36180F87610937DD9B103EBC9
:105D8000830303EB83039B000386B2F81730D9B17A
:105D900064214B43C362B2F81B308384B2F81D30D8
:105DA000C38492F8243003F01F025B0980F89A2024
:105DB00080F8B83110BDC3EB431403EB840303EB4D
:105DC00083035B009BB2DFE740F2E241E1E700BF03
:105DD000DC12002138B5074D044600F1690128683E
:105DE0000BF0D9FE94F868102868BDE838400BF035
:105DF000E7BE00BFDC120021D0F88030F7B50BB150
:105E000001221A604388DB0727D50023056A144E58
:105E100005F10A07CDE9003302238DF80630FF2390
:105E200086F820306846F3F70BFDB0B9009CA54218
:105E3000F8D03B466A7A04F10A01607A0BF0B2FCB2
:105E40000028EFD0A37886F82030D4F80330C6F8C5
:105E50002130044BB4F807209A8003B0F0BD00BF96
:105E6000DC120021FD12002138B5084D044600F176
:105E700069010623286800220BF0C2FF94F868101D
:105E80002868BDE838400BF09BBE00BFDC12002143
:105E9000F8B504460E461346807F6588324615F0F5
:105EA000040118BF04F17701FEF722FAC207054684
:105EB0000BD50123A07F84F86830FEF7EBFA036866
:105EC000C4F869308388A4F86D30AB070CD501277E
:105ED000084E04F17701306884F876700BF069FEA3
:105EE000394630680BF079FE85F00400C0F380007D
:105EF000F8BD00BFDC12002110B50446084694F836
:105F0000D8306BBB2378082904F1DB0284F8D93040
:105F100016D004F1DA01FEF793F920B940F61A71B0
:105F20002D20F2F74FFF94F8DA3043F0020384F8A3
:105F3000DA3004F1D0000B49BDE810400CF0DCB9B8
:105F4000094B1868034613F8031BC1F3801184F84A
:105F5000DA10D0F80310C4F8DB109B889380E8E7D0
:105F600010BD00BF132F0201DC12002170B50446E2
:105F70000E461546FDF7DEFC98B92378A4F8C160FB
:105F800084F8C030637C84F8BF500BB194F848307B
:105F900004F1B60084F8C3300249BDE870400CF04B
:105FA000ABB970BD1933020138B5B0F848300446BA
:105FB000184D0133A0F84830AB7C2BB104F0D8FC6D
:105FC00003F098FA0023AB7400232B7194F8893006
:105FD0002BB101212046BDE83840F5F785BE637C32
:105FE000B3B1B4F848209A4212D301212046F5F704
:105FF0007BFE63882046DB0747BF236A4322432298
:106000004FF6FF7148BF1988BDE83840FFF7AEBFB3
:106010000021DFE7DC12002110B5094C2379012BA8
:1060200002D02379022B05D1A37C1BB104F0A0FC84
:1060300003F060FAA06ABDE81040FFF7B5BF00BFEB
:10604000DC1200210346074A906A03B909B9FFF739
:10605000ABBF1379D26A03F180431269033B52F854
:1060600023301847DC12002103292DE9F0430546AF
:1060700085B090467BD090F888300529DBB202D1FC
:106080004288D60760D5002B5ED10127DFF8E89063
:1060900099F81260B6B10BF0C9FB082888F8000027
:1060A00014D002AA0DF10701FEF7CAF820B940F694
:1060B000A4612D20F2F786FE02A99DF807000CF0DE
:1060C00013FF064698F80030082B08D1D9F80010C5
:1060D00011F8030BC0F380100CF006FF0646D9F848
:1060E000001005F1700395F86F2011F8030BC0F351
:1060F00080100BF057FBD9F80010044611F8030B81
:10610000C0F380100BF088FB8146FEF7D5F90146FD
:1061100040B1B9F1080F1BD04846FDF793FF80F05E
:106120000101C9B298F80000082815D094B9AB7FD6
:106130001C1A604260416B885A0706D421B996B98F
:106140002B7D93B1BB4210D0002005B0BDE8F08399
:106150000021E7E70120EEE714B181F00104E4B289
:1061600004F00100E7E73046EFE70120EDE7438860
:106170009B07E9D5022789E7DC1200212DE9F341CD
:10618000444C2379012B07D02379022B04D040F60D
:1061900038412D20F2F716FEA26A176A0FB197F860
:1061A0007570A8B90125A37C1BB104F0E1FB03F0D5
:1061B000A1F9002D6BD0A06AF5F7F6FB002860D09E
:1061C00004F0D6F9E36A9B6802B0BDE8F0411847D5
:1061D000216802F1690392F8682011F8096BF0094F
:1061E0000BF0E0FA0028DDD006F00F062068052E3F
:1061F0002CD190F8243003F01F03102B26D9D4F8AB
:10620000288098F812500DB308230DF1070231468B
:1062100040468DF80730FFF727FF0028C3D098F8D5
:10622000E930002BBFD1226808F1EA01D31C2332E8
:1062300053F8040B934241F8040BF9D11B8808F181
:10624000E1000B8014490CF057F8ACE739460BF02D
:10625000ECFC0028A6D02379A06A012B05D0237975
:10626000022B02D040F6114193E723793146E26ACE
:1062700003F180435269013B52F8233098470546A9
:1062800091E7A06A02B0BDE8F041FFF78DBE02B011
:10629000BDE8F081DC1200212B2F02012DE9FF4720
:1062A00008230DF10702052104468DF80730FFF79A
:1062B000DBFE054620B90025284604B0BDE8F0877E
:1062C000FBF7A8FE06460028F5D1DFF8EC80216A2E
:1062D000D8F8002091F88E30104610F8037B03EABE
:1062E000571303F0010381F88E30D2F80330C1F860
:1062F00003308388A1F807301346276A13F81F1B61
:10630000C1F38011B970D2F81F001B790290384692
:106310008DF80C30FFF70EFD276A02A994F913A03F
:1063200007F18E000BF085FB40F20113A7F86C30EB
:106330004FF0FF0987F86E90314607F13400FEF701
:10634000B5FC51463846FEF7B3F9216A84F89560EA
:1063500020460B889DF80720A4F896304FF6FF736F
:1063600084F8B390A4F8B4300CF06FFF134904F133
:106370008C000BF0C1FFFDF7DDFA60B9236A04F170
:10638000C4000F491A88A4F8CD2093F88E3084F801
:10639000CF300BF0B1FF236A002220461988FFF7A7
:1063A000E5FD084B00221B6888F80420002B83D0F1
:1063B0002146206A98477FE7DC120021F93102016B
:1063C000FD2E020174060021032973B5044604D092
:1063D000052927D0012002B070BD08230DF1070266
:1063E0008DF80730FFF740FE0028F3D0237C23B15F
:1063F0009DF807102046FFF77FFD0F4D062204266B
:1064000020462B685A701E70FFF7E4FC94F85C205D
:10641000A16D28680BF0FAFB28682E7104F0C0F912
:106420000020D8E7054B1B6823B1984780F0010096
:10643000C0B2D0E71846CEE7DC120021700600217A
:10644000F8B504460F4619B300F1300528460DF0A3
:106450002EF9A0B963881A072ED528460DF03CF90D
:10646000064628460DF023F9301AC0B20DF042F965
:10647000444A93680344284693600DF0F7F8284691
:106480000DF0F9F803F0A4FE2179252003F02AFD90
:106490003C4D002394F8762028680370437063888D
:1064A000103B0D2B5ED8DFE803F0595D550C5D40C5
:1064B0005D5D5D5D5D5D5D402046BDE8F840FFF7D8
:1064C00073BD06234370202303702046FFF782FC30
:1064D000638823F008039BB2152B05D094F8542051
:1064E000216D28680BF083FB286804F059F9032319
:1064F000217900202B7103F071FE064607B9E86090
:1065000063881B0704D50DF0F2F80644C4F8206137
:106510006388103B0D2B30D8DFE803F0322F292998
:106520002F292F2F2F2F2F2F2F290C23437021237B
:10653000037042B104F177010BF03BFB01212868A5
:106540000BF04BFBC1E704F170010BF032FB94F848
:106550006F10F4E7062303704370B6E7022303705D
:106560000623F9E740F21F612D20F2F72BFC217979
:106570000120BDE8F84004F015BA40F6AB41F3E75E
:10658000F8BD00BFDC12002138B543880446102B4B
:1065900004D10121BDE83840FFF752BF0B4DAB7C61
:1065A00023B102F08BFF402004F0D6F9286804F0F4
:1065B000F7F8608810F0040002D1217904F0F2F9B4
:1065C000002004F08BF901232B7138BDDC1200216F
:1065D000024B0121986AFFF733BF00BFDC12002194
:1065E00010B5154CA37C1BB104F0C2F902F082FF78
:1065F000A06AF5F7D9F920B1A06A438803F018031F
:1066000023B9A06ABDE81040FFF7CEBC2379012B67
:1066100007D02379022B04D040F63B312D20F2F72E
:10662000D1FB2379E26A03F18043D268013BBDE8E4
:10663000104052F823301847DC120021094810B5E9
:10664000037903F0FF0453B924222146043008F0F3
:106650009DFA04F08DF902F04DFF204610BD0C2488
:10666000FBE700BFDC12002110B50023084C2371AA
:106670002060FFF7E3FF20B140F2EA212D20F2F77E
:10668000A1FBE36A13B940F2ED21F7E710BD00BFAB
:10669000DC120021014B024ADA627047DC12002151
:1066A000AC6C0101044B054A1A60054B054A1A609F
:1066B000054B064A1A607047700600219D62010171
:1066C0007406002171BC00016C060021796901018A
:1066D000F8B5467D0446B31EDBB2012B8CBF002704
:1066E000012796B3023E18BF0126012B2DD800F1D9
:1066F000700190F86F000BF08FF8054663889B06D9
:1067000005D4082D2CD02846FDF7A8FC40BBA57762
:10671000677784F86860FDF78DFD054605F0D4F9CC
:10672000164B0022A5FB033584F876201B18204663
:1067300045EB01051146C4E91835FFF7A9FB70B90F
:1067400040F275412D20F2F73DFB0825D6E704F114
:1067500069013046FDF70EFB0028D8D10020F8BDB6
:10676000002EF4D0237F002BF8D0D4F81630C4F8D4
:106770006930638BA4F86D30C9E700BF40420F0059
:106780002DE9F04F07469BB00C4605460EAE0FCFE5
:106790000FC60FCF0FC697E80F0086E80F0006A8B8
:1067A0006E790CF049FFA37A61780293237801F0A7
:1067B0007F080393237D013BDBB2022B00F288802C
:1067C0006C4AC90613449F7B06D4A37D013BDBB210
:1067D000022B7DD813449E7B637E03F0FD03012BC7
:1067E00002D1042F08BF0327A37E03F0FD03012B72
:1067F00002D1042E08BF0326617A06A80CF023FFFD
:10680000237D227F06A8022B02F101020CBF617DCD
:106810000121D2B204BF0131C9B20CF016FF18F049
:10682000080F6CD106A80CF057FF63788246DA0691
:1068300053D4F3F701F9814639465046FFF758FA29
:106840000123014632464846CDF800800CF07CFB1F
:1068500040F27121227900F53970E378B0FBF1F054
:1068600043EA02236279484343EA02434B43984296
:1068700038D84FF0000B94F818A00593A37CE86C6F
:1068800004930AF1FF33D3F1000A4AEB030A09F03B
:106890006CFA8146E86C09F078FA059B484538BFE8
:1068A00048460DF1180980B260B308A9CDF82090D0
:1068B000ADF824808DF830708DF83160CDE90A3B59
:1068C0000CF072FC059BE8B945201BB0BDE8F08FC9
:1068D00040F256310620F2F775FA2822414600F0C0
:1068E000F1F9B5E7E379A27942EA0322237A42EA91
:1068F000034201FB02F3984298BF0346B9E7002325
:106900009B46B8E7CDE9103B049B039A8DF84C30C9
:106910008DF83C700EAF029B8DF83D602E468DF8D1
:1069200048A08DF84D308DF83820ADF83A800FCF63
:106930000FC60FCF0FC697E80F0086E80F0099E843
:10694000030028630020A986E37A13F0FD0F14BF2B
:106950000123002385F86F30E3682B67238AA5F8AD
:10696000743095F84630E27D62F3071385F84630BF
:10697000ABE700BF2CF802012DE9FF4708230DF11A
:106980000702052104468DF80730FFF76DFB00284C
:1069900000F08E80FBF73EFB002840F08980464DDA
:1069A000206AFFF7C7F92B68D3F81F0093F823205C
:1069B00002908DF80C20226AD3F80310C2F803105D
:1069C000B3F80710A2F807101B78206AC3F38013EE
:1069D00083703A4B1B6813B1012221469847266AFF
:1069E0000E2328684FF00808B7780021437080F81C
:1069F00000800BF02BFA00224FF0030128680BF007
:106A00002CFA2046FFF730FA394628680BF0E5F8F3
:106A100006230122F11C28680BF0F2F96179FF20AE
:106A200003F060FA286803F0BBFE266A2046314670
:106A30000CF093FD07460DEB080106F18E0094F96A
:106A400013A00AF0F6FF86F86C7086F86D704FF0B0
:106A5000FF0986F86E90F91E06F1340001298CBFFB
:106A600000210121FEF722F951463046FDF720FEB4
:106A7000216A00239DF80720204684F895300B8872
:106A800084F8B390A4F896304FF6FF73A4F8B430AE
:106A90000CF0DBFB236A1A8885F80480A4F8CD206B
:106AA00093F88E3084F8CF30012004B0BDE8F08731
:106AB0002046FFF779FAF7E7DC120021740600217F
:106AC0002DE9FF41564E0446327902F0FF0312B918
:106AD0000278FF2A04D140F6A2112D20F2F772F9B4
:106AE0003382B3607371B37180F889304D4B68465F
:106AF00004F1300500934C4B01934C4B0293F36A25
:106B00005B68039303F036FE03F052FA03F030FFA4
:106B100002F0F0FC464803F051FB464803F024FE27
:106B200028460CF0A3FD28460CF0A5FD03F050FB11
:106B30002179252003F0D6F994F9130003F038FBEE
:106B400004F15001E06C09F09FF8074604F1580188
:106B5000E06C09F0C0F880461FB194F82430002B97
:106B600038D1B8F1000F37D094F82550637F13B9AE
:106B700063885B0709D56FF00043D4E918129A4285
:106B800008BFB1F1FF3F29D185BB002F08BF4746A1
:106B900094F88B3003B9AFB1638813F0100511D1AD
:106BA000606CC0F30B200CF0E3FC94F8463084F8E2
:106BB0004500C0F3032023F00F03184384F8460078
:106BC00084F88B5030680330FDF780FBB07404B05C
:106BD000BDE8F0810125C9E74546C7E704F074FF29
:106BE000D4E91823904271EB0303CDD30122204650
:106BF00005EA0201FFF74CF968B1FDF71BFB0546FA
:106C000004F062FF0C4BA5FB03351B1845EB010597
:106C1000C4E91835B9E7002DB7D040F6D7115CE7C5
:106C2000DC120021E16501017D6101014560010186
:106C3000D6BE898E5555550040420F00024B9862D2
:106C4000DB6A1B68184700BFDC12002143881A0763
:106C500010B504460ED5036A3C220F498C304272AF
:106C60001B884381FF2380F827304FF6FF7303858D
:106C70000BF042FB63882046DB0747BF236A3C22B8
:106C80003C224FF6FF7148BF1988FFF76FF9FF23C9
:106C900084F8893010BD00BFF9310201C9630101D8
:106CA000896501016B3302016533020183350201FD
:106CB00019600101D1650101A86C0101A06C0101FD
:106CC0009C6C01010138022808B503D9C3212F208B
:106CD000F2F778F813290A4B05D811290CD8102996
:106CE00007D0D121F3E71529FBD103EB4003D88866
:106CF00001E033F8100008BD03EB40039889FAE780
:106D00003EF80201F8B52F4B40281A8842EA0002EB
:106D10001A8005D104219868BDE8F840F4F700BF57
:106D2000802801D10521F6E700F00302032A04D1EF
:106D300040F60E213120F2F745F810F0020418BF9A
:106D4000D960C50705D5CA781961062A0DD00B2A66
:106D500018D02CB1DA68D278052A1FD00B2A2AD095
:106D6000820644BF08221A75F8BD9A6892F8871007
:106D70001929EED1002600270121C2E9386782F8DF
:106D80008B10E6E79A6892F88710132901BF00215B
:106D900082F88B10012182F8C810DAE79A6892F81D
:106DA00087101729DCD1002400250121C2E93A45CA
:106DB00082F88C10D4E79A6892F887101229CFD104
:106DC0000021F5E70C13002113B5044601A8FCF7D8
:106DD00059FF20B940F60C013120F1F7F3FF3222C0
:106DE0000021019807F0D2FE032101980BF022F94F
:106DF00001982146037823F010030370FDF7E8FCA7
:106E0000224601990548FEF77DF9FCF751FF10B9BC
:106E100040F61601E0E702B010BD00BF10130021DC
:106E200070B5274CA36893F8926293F89352002EA2
:106E30003FD193F86C10002D3DD193F86D2083F86D
:106E40006C1083F86D20FF2283F86E201D4B1B68A9
:106E50000BB1A0689847A36893F82431012B02D0A6
:106E600056EA050303D000211748FCF7B9FDA068D6
:106E700034300BF0CDFA0546A06800F24111FDF761
:106E800037FFA0680621F4F74BFEA06834300BF002
:106E9000BFFA8542044610D204F028FE0146601B6A
:106EA000402838BF402006F0CFFFB0FA80F04009FC
:106EB00070BD3146BFE72A46C1E70120F8E700BFB1
:106EC0000C1300218C06002110130021002908BF9B
:106ED0001F21262810B514D80D2814D9A0F10E03AF
:106EE000182B10D8DFE803F0110F0F0F110F110F3F
:106EF00016110F0F0F0F0F390F0F3F0F0F323232D6
:106F00004900EA2841D0002010BD0021BDE8104012
:106F10000CF0F4BB204CA36893F88620222A09D1F8
:106F2000201DFCF75DFDA368002283F8862083F80E
:106F3000C220E8E72F2AE6D193F88730A3F1210297
:106F4000062AF0D92F2BEED02A21E9E7134B1B6834
:106F5000002BD8D0BDE810401847114B1B68002B00
:106F6000D1D01D20F6E70F4B1B68002BCBD00A4673
:106F70000D482021BDE8104018470C4B1B68002B22
:106F8000C1D00948BDE810401847094B1B68002BC9
:106F9000B9D01046F6E700BF0C1300218806002187
:106FA000B00600217C06002110130021C00600213C
:106FB000A4060021134B02460979986890F88630A0
:106FC000222B13D02F2B11D0292B11D0042B11D011
:106FD000102B11D01E2B11D090F8870024280FD031
:106FE000302B14BFFE202620FFF770BF1620FBE7D2
:106FF0002320F9E70E20F7E71220F5E71420F3E746
:107000001720F1E70C13002108B50C4B9B6893F88F
:107010000E21FE2A04D040F61B013120F1F7D2FEEA
:1070200083F80E0111B9A3F8C41008BD0022A3F81B
:10703000BE20012283F8C220F7E700BF0C13002115
:107040000D4A117D99B940B99068B0F85C10B0F85C
:10705000402091420BD8F4F7BFBC13881B0708D51A
:10706000936893F88800083818BF01207047002003
:1070700070470120704700BF0C13002143689B6FCD
:1070800013F0300F2DE9F74304460D4652D1084660
:107090000BF085F830B9E978204603B0BDE8F0433D
:1070A0000BF030BB284666680BF075F8074628469B
:1070B00034360BF06CF8804628460BF06EF88146AB
:1070C00028460BF066F84B4642460090394630465B
:1070D0000BF0D3F9184B1A8892070FD5DA68D278DB
:1070E000142A0BD16268936F43F010039367204614
:1070F0000BF0CCFA002003B0BDE8F083626892F890
:1071000086101E29EED092F81B21002AEAD162686F
:1071100092F81A21002AE5D161688A6F42F02002B4
:107120008A679A68114602F5A57231F8340BFDF7AB
:1071300043FEDCE70120DEE70C130021154BDB6882
:1071400010B51979436893F886200A2A09D193F873
:1071500009218A4205D1002283F8862083F8C220C3
:1071600010BD9A6F12F0080406D022F00802BDE8A4
:1071700010409A670BF09ABAFF2905D1342283F8A0
:10718000844283F88620EBE740F204513120F1F786
:1071900019FE00BF0C13002138B50B790446456871
:1071A000262B95F886203BD8112B08D80E2B3BD1E7
:1071B000224618460121BDE838400CF09FBAA3F1E1
:1071C0001200142830D801A555F820F0B171010142
:1071D00029720101B1710101297201012D720101B0
:1071E000B1710101297201012972010129720101A4
:1071F00029720101297201017B72010129720101C9
:10720000297201012972010129720101297201010A
:107210006972010129720101297201018372010160
:10722000EA2B35D0FF2B38D0002038BD222A01D0E0
:107230002F2AF9D120460BF020FA636893F88720B3
:10724000232AF1D093F8D9201A21204622F00102F6
:1072500083F8D920626892F8D93023F0080382F8C5
:10726000D930FCF7BDFBDFE7292ADDD10F4B1B68C6
:10727000002BD9D020469847D6E7332AD4D10C4BDF
:10728000F5E70C4B1B68002BCED020469847CBE788
:10729000094B1B68002BF9D1C6E7084B9B69002BF3
:1072A000C2D0012385F88632BEE700BF90060021D8
:1072B000B4060021B8060021A80600210C13002105
:1072C000F7B505468F4C002840F0D78023881F076C
:1072D00044D5A36893F80E21222A13D02A2A01D07C
:1072E0001C2A05D1002283F82C2187480BF0C5F910
:1072F000A36893F80E21FE2A11D140F27651312075
:10730000F1F760FD83F82E01804B1B68002BECD059
:10731000A06800F5977100F58A709847E5E7FE22AE
:1073200083F80E2193F887201B2A08D1002676487F
:1073300083F8C7600BF0BAF9A36883F88760A36885
:1073400093F88620212A2BD0342A37D093F888202E
:10735000082A02BF0222227783F80E212388DE0743
:107360005FD5A368276993F88730123B0B2B0DD8A4
:10737000FB78023BDBB2092B00F2BF80012202FA4C
:1073800003F340F23332134200F0B7803846FDF782
:1073900005FAFE78D8B931465B480BF0B3F98EE0B8
:1073A00093F88720A2F12101062901D92F2A03D1C0
:1073B0002F2283F88620C9E72222FAE7012283F8E8
:1073C0008522002283F8862083F8C220BEE7012EA2
:1073D00001D9162E0FD1A36893F886000BF07FF920
:1073E00048B1A36893F88620212A04D0222A40D1EC
:1073F0002F2283F88620112E65D058D8072E64D00E
:107400000D2E64D03046FEF759F80346002853D1BC
:10741000FF2E5ED1A369002B5BD0A368012283F805
:1074200086222388580706D5A26892F88820072A62
:1074300004BF0122227799070FD5E368DE780D2E6D
:1074400049D0112E49D0072E49D03046FEF75AF8C0
:107450000346002845D02C4898472388DA060CD5E7
:10746000A36893F887200B2A07D10C2283F8872082
:1074700003E0162E0CBF20250225237D1B0713D504
:10748000A36893F88730123B0B2B38D9002601A94B
:1074900003200196F3F7D8FA019B2BB11E720C2240
:1074A000A1680198FDF7B2FB284603B0F0BD142E89
:1074B000A8D1174B1B6863B121691348984700286E
:1074C000AFD00546D9E7134BF6E7134BF4E7134B60
:1074D000F2E7F97860E7124BBDE7124BBBE7124BBE
:1074E000B9E7FF2E06D1A268342182F8840282F81F
:1074F0008610B2E740F26A5101E70825BDE708258A
:10750000D2E700BF0C1300211013002180060021D8
:10751000AC0600212B38020199710101B56F010100
:1075200099370201B73702013D710101024B00207A
:1075300098611862704700BF0C13002108B5002243
:10754000044B9A611A62FDF721FDBDE80840FEF781
:107550009FB800BF0C130021024B9869003818BF78
:10756000012070470C1300212DE9F047814C0E4695
:1075700086B00746B4F80080A16818F4007F01F1D6
:1075800078050CBFB1F8B820002328460DBF0132A2
:10759000A1F8B83081F8CF31A1F8B8200CF023F968
:1075A00028B1434601F59C722846FEF7FFF923886F
:1075B00003F4C06343B1A06890F88A30002B00F058
:1075C000AF80032B00F0B280A168238891F88A2055
:1075D000012A04D11D0544BF022281F88A20002F10
:1075E00040F06B81580657BFB1F8E8213A460132A6
:1075F00092B2A1F8E82103F00A020A2A0DD1E2684A
:10760000D278022A09D123F0080330462380FFF7FD
:1076100057FE06430823F6B223803046FFF750FE9C
:10762000A3690643F6B2002B5FD01422002101A803
:1076300007F0ACFAA36893F86D0003F059FCA36857
:10764000054693F86D0003F04BFC05F5FA754FF411
:107650007A71A268B5FBF1F51388054441F27070A8
:10766000ADF80430B2F88030ADF80A50ADF808300B
:10767000D369A3F57A75854295BFB3FBF1F340F268
:10768000E24103F55063B3FBF1F39BB2ADF8063072
:1076900092F8863233B12069C31C04930AF0C8FC07
:1076A0008DF81400A26801A89DF80C3092F885228C
:1076B00062F300038DF80C30A3699847A368002299
:1076C000049983F8862283F8852271B193F8842285
:1076D0005AB993F88620342A07D09DF8142022B195
:1076E0000878FF2827D11B2A2CD9A36893F80E21EC
:1076F000FE2A4FD1002E4DD193F88820073A012A57
:1077000048D993F818312BB3A3680121022093F8CC
:107710001921A3F8BC6083F81021FFF775FC39E04C
:10772000012180F88A10F4F7FBF94DE702230121CB
:1077300080F88A30F7E70728D7D1022AD5D14878D0
:10774000FF28D2D10120C3F8881283F8872283F85A
:107750008402CAE7A06890F88730A3F11105EDB262
:107760000C2D40F26781836FDA0705D53146092079
:10777000D3E700BF0C130021990740F1FD8031468B
:107780000C20FFF741FCA26892F8C93043F00103D6
:1077900082F8C930A568B5F8C83195F8CC810133B5
:1077A000A5F8C831B8F1000F00F0A982F3F73EF94F
:1077B00010B10023A5F8C831A36818880CF0F1F9BE
:1077C000A168824691F88A30B1F83280012B40F2EC
:1077D000E48291F88830082B40F0B282B1F8B830DA
:1077E000022B40F2DA82B1F8BA500135ADB2B1F8ED
:1077F0008030DFF8A8922B44A1F8C031D9F80030CE
:10780000002B00F0CE82B8F1010F40F2CA82F3F7EC
:1078100003F90246A068D9F80090B0F88010C84774
:1078200000F101091FFA89F9A36893F8CD21002A14
:107830003DD1012D3BD993F887200AB10C2A36D1CE
:1078400093F886209ABB93F8882082BB93F88A200D
:10785000022A2CD193F8CF214ABB586908F035F899
:1078600028B3A36893F80E21FE2A20D1B3F8C221D1
:10787000012A1CD9B3F8C8119A8C914217D2BAF1D7
:10788000000F02D0BAF80E0088B9013D521AADB20D
:1078900092B2B5FBF8F5954228BF154605FB08994D
:1078A000003D1FFA89F918BF012583F8CA51A36862
:1078B000B3F880008144A3F8C4912288A3685506D8
:1078C00057BFB3F8D4210022B3F8C6115218A3F859
:1078D000D42193F818312BB9A36893F88830073B6B
:1078E000012B07D8A368B3F8BC20B3F8C6110A442B
:1078F000A3F8BC20A36893F8C20030B1B3F8BE204F
:10790000B3F8C6110A44A3F8BE2093F9C6100029A3
:10791000C1BFB3F8C420B3F8C6515219A3F8C420AC
:1079200093F8A9205AB9002F40F08582227F022ABD
:1079300040F03A8293F81021062A18BF1622A36855
:1079400093F8A8302BB9A368554883F8A920FDF710
:1079500039FEA0680BF0A7FF524B1B681BB1524ABF
:10796000A06811689847A368002283F8CB2106B06D
:10797000BDE8F047FCF7C2B95A0702D531461320DB
:10798000CBE6190706D590F80831314680F810315A
:107990000720C2E61A0602D500211B20BDE613F01F
:1079A00030013CD090F81B31002B40F04A82A36894
:1079B00093F81A31E3B1A06890F8873000F58D7123
:1079C00000F29222262B28D090F88630A3F1260CC4
:1079D000DCF1000343EB0C030AF023FDA268936F74
:1079E00023F0200343F010039367002382F81A3139
:1079F000A068836FDA0640F1248200F24111FDF79E
:107A000077F9A36800211520B3F85620A3F81021B8
:107A1000B3F85A20A3F812217FE60123DCE713F024
:107A2000400201D0242078E6DB0540F10A821146AD
:107A30001E2072E6123B0B2B55D8DFE803F00654EC
:107A40005454091154545454544500210B2064E6F5
:107A5000FDF72CFE00283FF49DAE002104205CE6DB
:107A600090F88032012B08D100210520FFF7CCFAD5
:107A7000A368002283F880228CE6A36893F8803202
:107A8000022BD8B27FF486AEA368062293F8C850C2
:107A900065B1002183F81021E8E700BFBC06002192
:107AA000101300217806002130000021A048032196
:107AB0000AF00FFEA368294693F8D83013F0040F9C
:107AC00014BF11200D20D1E70021062025E600215A
:107AD000112022E693F82421012A04D193F82531BC
:107AE000002B00F0BF81A36893F8862082B993F839
:107AF0008720113A0C2A40F2BC8193F8B620002A64
:107B000000F0B7810121122007E60021202004E6C1
:107B10000A2A40F0AA8193F80921012183F8102153
:107B200036E7A36893F82A319BB1A36893F8C9306C
:107B300013F003050DD101210C20FFF765FAA368AE
:107B400093F8C92042F0010283F8C92083F82A5132
:107B500092E7A36893F81A3153B3A36893F81B31E3
:107B600033BBA06890F8873000F58D7100F2922247
:107B7000262B1BD090F88630A3F1260CDCF10003F5
:107B800043EB0C030AF04DFCA368002283F81A2192
:107B900001211420FFF738FAA368B3F85620A3F8A0
:107BA0001021B3F85A20A3F81221F3E50123E9E7E5
:107BB000A36893F82421012A74D193F82531002B6E
:107BC00070D1A06890F88720A2F12103062B69D913
:107BD0002F2A67D090F86C104B1EDBB2032B09D80C
:107BE00090F86D50DFF84CE1013D1EF803C0EDB296
:107BF000032D04D94FF450710620F1F7E3F8BCF1DE
:107C0000020F90F8263114D0BCF1030F13D0BCF151
:107C1000010F04D1012B14BF002301236BB9A2F182
:107C20004403012B26D90B3A042A23D9012116201B
:107C300073E5022BEFE7042BEDE71EF8055090F8F3
:107C40002731022D24D0032D24D0012DE7D1012B83
:107C500014BF00230123002BE1D0B0F8803000F5E1
:107C60002472B0F8280109F01FFC0146A8B9304879
:107C7000FBF7B6FEA36893F88620002A7FF48AAD4E
:107C800093F88432002B3FF485AD0121FF2044E5B9
:107C9000022BDDE7042BC2D1DFE7A368282283F89B
:107CA000862077E5A36893F82E3113B101212220B5
:107CB00033E5A36893F82C313BB11F4B1B681C487C
:107CC0009847FE28D6D0012127E5A36893F83631DE
:107CD00013B101211D2020E5A36893F8373113B1BA
:107CE0000121262019E5A36893F88C3213B10121F4
:107CF000EA2012E5114B1B68002BE0D1BAE7F2F73E
:107D000085FE08B1A5F8C881F2F798FE00283FF477
:107D100053AD95F8CF310133DBB2022B85F8CF316B
:107D200082BF0023A5F8C83185F8CF3144E500BFF4
:107D3000101300215CF80201C40600219406002102
:107D400091F8B6301BB191F88630102B25D1B1F8DF
:107D5000BA5001F17800B1F8B8304FEA880901351E
:107D6000ED1AA5EB88050BF03EFDC0B1D1F8B020AF
:107D7000D1F8AC00531C1B1AA3EB09039D42A8BF0A
:107D80001D46BAF1000F05D0BAF80E30043B9D42F3
:107D9000B8BF1D46012D3FF729AD012527E52B462C
:107DA000ECE74FF001093FE5012A09D193F889205A
:107DB000002A7FF4C4AD0021A068F3F7B1FECBE543
:107DC0005EB1F00635D4310735D4B20635D4B307E9
:107DD00035D14FF4196131200FE738B1B3F8BE0047
:107DE000B3F8C020904201D32222A8E5002905DD86
:107DF000B3F8C410B3F8C0209142F5D2B3F8BC1068
:107E0000B3F8BA2091420BD2A36893F88A10B3F862
:107E1000B82051B1B3F8BA309342CCD808228EE5DD
:107E200093F81831002BDFD1EEE7052AC3D93E22A3
:107E300085E51E2283E53D2281E523227FE52A2276
:107E40007DE5A36893F887202B2A3FF45EAE322AA3
:107E50003FF43DAE232A7FF446AE93F82421022A54
:107E60007FF438AE0021172057E40C2D3FF602AF07
:107E700090E40C2D7FF68EAC93F82B31002B3FF461
:107E800050AE01210E20FFF7BFF8A368002283F84F
:107E90002B21F1E573B56A4D00240126A8602E71EF
:107EA0002C802C752C77FF2380F8CB31AB68188899
:107EB000FBF7E2FEAB681888FBF70AFFAB68B3F884
:107EC000C221EAB193F80E21FE2A19D193F8183194
:107ED000B3B1AB6893F88820073AB24210D993F84F
:107EE00019210220A3F8BC40314683F81021FFF786
:107EF0008BF8AB68022083F8CA41FEF765FF04E007
:107F0000AB6893F80E01FE28F7D1AC68B4F8C6113F
:107F100004F17800638E0139B4F8C82189B2B1FB4D
:107F2000F3F31344A4F8C831B4F8B8300B44A4F800
:107F3000B8300BF058FC20B1D4F8AC300B44C4F886
:107F4000AC30B4F8C2310026012B9CBF0133A4F839
:107F5000C23109B184F8CF6194F8873084F8CA61DE
:107F6000A3F10B02012A1FD8B4F88030B4F8902294
:107F70009B1A190432D404F2922104F18E0009F004
:107F800058FDAB6883F88760FF2283F8C320A96897
:107F9000B1F8C62101F1780009F092FDA0B340F6D6
:107FA0001B113120F0F70EFF262B17D1B4F89022C9
:107FB000B4F880309B1A1A0410D484F88760FEF756
:107FC0002FFFAB68014630B983F8240102B0BDE849
:107FD0007040FFF7C9BA83F82461D8E794F8863077
:107FE000262B01D0282BD2D1B4F88030B4F89022BF
:107FF0009B1A1B04CBD4002384F88630FEF710FFB5
:1080000001460028C3D1E1E70E4B0F4900930F4A08
:108010000F4B03C9F2F736FB296A19B195F8240012
:1080200002F080FCAB6893F88730123B0B2B04D82E
:1080300002B0BDE87040F2F71DBB02B070BD00BFDA
:108040000C1300216975010110130021056D010158
:1080500041700101D0F89832C269934273B5044669
:1080600012D1D0F89C62426AB61A18BF012694F861
:10807000A452002D42D020880BF093FD30B940F679
:10808000B8313120F0F79EFE0126F0E7B4F8A022C7
:10809000638E9A421CD1B4F8A23282899B1A18BF0F
:1080A000012394F88650442D16D094F88720442A52
:1080B00010D0002502212046FCF758FA002D44D0AC
:1080C000002384F88630032384F88A3002B070BD20
:1080D0000123E6E73343ECD01D4B1B6813B940F690
:1080E000C331CEE7A5F14402002168460194554210
:1080F000554101228DF800209847DBE7002ED8D0AB
:108100002288A3F57A7104F5C670A4F8962141F28D
:10811000707291420F4995BF4FF47A7240F2E24279
:10812000B3FBF2F3B3FBF2F398BF03F550639BB2DA
:10813000A4F89831B4F89C32A4F89A31B4F89E327D
:10814000A4F89C310AF0E1F8B4E784F88750BAE764
:108150009C0600212128020108B5FCF78FFF024B85
:10816000024A1A6008BD00BFAC0600217D70010103
:10817000154B5B6893F8C20028B1B3F8BE10B3F892
:10818000C02091421ED293F9C6202AB1B3F8C41080
:10819000B3F8C020914214D2B3F8BA20B3F8BC109F
:1081A00091420ED2B3F8B80093F88A3023B905286B
:1081B00094BF00200120704782428CBF0020012024
:1081C00070470120704700BF34130021194B1B2852
:1081D0005B6883F80E0116D8174AC240D1071BD43A
:1081E000112806D193F8102152B10022A3F8BE2025
:1081F0007047072810D009280ED0152803D1002277
:10820000A3F8C4207047A0F11E02D2B2092A04D9F3
:10821000EB2801D0022806D8704740F2412121FA0C
:1082200002F2D207F8D40022A3F8BE20012283F87C
:10823000C220F1E73413002100100809C278012A96
:1082400007D1124A5268B2F8F6214272120A8272BB
:1082500070473AB90D4A5268B2F8FC214273120ACB
:1082600082737047EB2A07D1084A5268B2F8FC21A2
:108270000272120A42727047182A05D1034B5B68DA
:10828000B3F8F81109F0CBBF704700BF34130021D9
:1082900070B5204D6B6893F8FA1109B993F86C101A
:1082A00093F8FB210AB993F86D2083F86C1083F8DA
:1082B0006D20FF2283F86E20174B1B680BB1686896
:1082C000984700211348FBF78BFB686834300AF0AD
:1082D0009FF80646686800F24111FCF709FD042189
:1082E0006868F9F741FB686834300AF091F8864213
:1082F00004460CD203F0FAFB0146A01B402838BF0D
:10830000402005F0A1FDB0FA80F0400970BD0120C9
:10831000FCE700BF34130021E406002137B590F8D4
:1083200086200446A2F14403012B1BD990F8873024
:10833000443B012B8CBF002301230E3A012A00D9B4
:10834000ABB3B4F88020B4F8FC11013292B2914280
:108350002DD194F8102262B333B94FF4077136204F
:10836000F0F730FD0123E8E72B4B1B6813B940F20F
:108370001D21F4E70021684601948DF8001098470C
:10838000002584F8115202212046FCF743F903210D
:108390002046F9F7E9FA94F88630A3F14402012A5D
:1083A00002D90E3B012B2ED8002384F8863003B06F
:1083B00030BD238841F2707204F5C670A4F896317E
:1083C000D4F80432A3F57A719142144995BF4FF461
:1083D0007A7240F2E242B3FBF2F3B3FBF2F398BFDE
:1083E00003F550639BB2A4F89831B4F80832A4F8AE
:1083F0009A31B4F80A32A4F89C31002384F89531FC
:1084000009F083FFBCE794F88730443B012B98BF09
:1084100084F88750CBE700BFA00600212128020185
:108420000E4B0246187AA0B9012A08D15B68B3F84E
:108430005C20B3F840309A420ED8F9F785BA5A89D1
:10844000520708D55B6893F88800073818BF0120E9
:108450007047002070470120704700BF341300218F
:108460003A4A034608465189194370B5518103F0D1
:108470000301032904D140F6DD113620F0F7A2FCF8
:1084800013F0020118BFD060DC0748BF106121B1B2
:10849000C178062921D00B292CD0990644BF082188
:1084A0001172DB0550D55368C17893F87640B3F864
:1084B00080209D8C2CB3DE694AF6C874B4FBF6F4B8
:1084C0002C445D8E012904FB052292B21BD1A3F836
:1084D000F621BDE87040FFF7B1BE516891F88640C3
:1084E0001A2CDAD100240025C1E93A45012481F88B
:1084F0008C40D2E7516891F88640142CCDD10024ED
:10850000F5E70624DCE709B1EB2902D1A3F8FC2149
:10851000DFE71829DDD1B3F8FA1199B193F8FA41E0
:10852000E11E01290BD893F86C10CD1E012D06D841
:108530008C4204D093F8FB11002908BF0022A3F855
:10854000F821C6E70A46FAE770BD00BF34130021E0
:1085500010B50B7902464468232B94F8861010D886
:10856000112B10D9A3F1120011280CD8DFE800F06C
:108570000D0B0D0B0D0B0B0B0B0B0B1C0B200B0B1F
:108580000B13EB2B1CD0002010BD01211846BDE8B9
:1085900010400BF0EFB92929F5D10C4B1B68002BCB
:1085A000F1D010469847EEE73329ECD1084BF5E7B8
:1085B0002D29E8D1074B1B68002BE4D02046F1E7BA
:1085C000054B1B68002BEDD1DDE700BFE80600215D
:1085D000DC060021D4060021EC060021002908BF9A
:1085E0001F21252870B535D8112803D803283CD081
:1085F000002433E0A0F11203132BF9D801A454F89E
:1086000023F000BF61860101F1850101618601014E
:10861000F185010161860101F1850101F185010109
:10862000F1850101F1850101F1850101F18501016A
:10863000D7860101F1850101E3860101F185010180
:10864000F1850101F1850101C7860101C78601019C
:10865000C7860101FE2814BF00240224204670BDF5
:108660000021BDE870400BF085B9254D6B6893F88B
:108670008620182A01D0152A3FD193F8C820002A55
:108680003BD183F8C72083F8C22093F8A63103F0CA
:10869000FF0423B140F2A7313620F0F793FB6B685B
:1086A0001A8883F8A711A3F8A82183F8AA4183F8B0
:1086B00042426868134900F5CF7009F01DFE6B68EF
:1086C00083F88640CAE7104B1C68002CC6D02346AE
:1086D000BDE8704018470D4B1C68002CBED01D2013
:1086E000F5E70B4B1C68002CB8D0054B0A461F2140
:1086F00058682346BDE8704018470224AEE700BF23
:10870000341300210F2B0201E0060021D8060021BE
:10871000D00600210E4B024609795B6893F886303B
:10872000A3F111000C280BD9292B0BD01E2B0BD039
:10873000052B0BD0212B14BFFE201620FFF74EBFB8
:108740000320FBE72320F9E71420F7E71220F5E7E1
:10875000341300212DE9F3419F4C0E460746B4F82F
:108760000A80616818F4007F01F178050CBFB1F848
:10877000B820002328460ABF0132A1F8B830A1F87A
:10878000B8200BF041F828B1434601F59C72284609
:10879000FDF70CF9638903F4C06343B1606890F896
:1087A0008A3023B9012180F88A10F9F7DDF8002F0B
:1087B00040F0EE81002E40F0EB8163895A0708D526
:1087C000626892F88810072902BF012182F8886048
:1087D00021759D0711D5E368D87807280AD011289C
:1087E00025D0FCF77DFE034628B940F27A513620A9
:1087F000F0F7E8FA794B784898476389180740F111
:10880000C580606890F80E312A2B37D81B2B10D802
:10881000012B5AD0032B6CD0002B44D0636893F803
:108820000E21FE2A40F0968040F28651DFE76C4B25
:10883000E1E71C3B0E2BF1D801A252F823F000BF58
:108840000B8901011D8801011D8801011D8801019D
:108850001D88010119890101278901011D88010174
:108860001D8801011D8801011D8801014789010141
:108870001D8801011D8801010B890101EB2BCDD160
:10888000B0F8FC21B0F880309B1A1A0402D40023FF
:1088900080F81132636893F88620442A0DD10022B3
:1088A00083F8C220BAE7B0F8FC11B0F88020521A61
:1088B0001104B3D480F81132B0E793F88730442B19
:1088C000ACD1454809F0F2FEA8E7B0F88030B0F826
:1088D000F6219B1A1B04A1D4D0F8F021137813B908
:1088E00040F2722183E7013B1370002380F8863049
:1088F00094E790F88630152B90D003F0FD03182BE9
:108900008CD0002380F84232D6E7002380F82C3147
:10891000626882F8C23081E7324B1B68002B3FF45B
:108920007DAF98477AE7002380F82E312E4B1B68E5
:108930002BB1606800F5977100F58A70984726485A
:1089400009F09BFE6AE7294B1B68002B3FF466AFDA
:108950002148E6E7FE2283F80E2193F88620262A96
:1089600038D02DD80C2A2FD00E2A31D093F887205A
:10897000442A04BF452283F8872093F88820082AD8
:1089800001BF02222275002283F888206389DD0757
:1089900047D56368256993F8861093F8C8000AF0F4
:1089A000D6FF28B3EB78023B0F2B75D8DFE803F036
:1089B00020742020207474747420742074747420C3
:1089C000442AD3D1452200E00D2283F88620CDE74A
:1089D0000F22FAE72722F8E7341300213539020184
:1089E00019390201CC06002184060021F00600217D
:1089F0002846FBF7D3FE20B92946BA4809F093FE72
:108A00000EE0E8780D2841D0112841D0072841D048
:108A1000FCF742FD03460028EED02946B1489847AE
:108A20000646237A180715D5636893F8861093F8DD
:108A3000C8000AF08CFF054680BB00906946032001
:108A4000F2F702F8009B2BB11D720C2261680098AE
:108A5000FCF7DCF86068FFF761FC636893F80E21AF
:108A6000FE2A40F0958093F88820073A012A40F2C8
:108A70008F8093F8183103F0FF058BB163680022F3
:108A80000220A3F8BC20FFF7A1FB81E0964BC4E7CE
:108A9000964BC2E7964BC0E70826C2E70826D9E7FF
:108AA000606890F8862022B990F8B61061B1122063
:108AB000E9E7252A00F09F8053D8142A59D04CD8D2
:108AC000032A5ED0132A56D0113A0C2A60D990F8A6
:108AD0008720332A00F2E8801E2A00F2A280013AA1
:108AE000D1B2052940F2CE80636893F80E21FE2AA8
:108AF0004ED193F88620002A40F05E8293F811321E
:108B0000002B00F07D81636893F81022002A40F06A
:108B10007281636893F8870009F0E1FD002840F056
:108B20006F81636893F88710312900F0698193F8A9
:108B3000101279B193F8DF10C1F34005890740F1B5
:108B40006D8144210122A3F8BE00EB2083F886103A
:108B500083F8C220FFF73AFB2EE21A2AB4D106208E
:108B600091E7312A5BD0322A4FD02E2AACD1212076
:108B700089E70B2087E7D0F81422C0F800210320F2
:108B800081E790F8092180F81021072280F80E2152
:108B9000656895F8183123B995F88830073B012BA3
:108BA00004D8B5F8BC300133A5F8BC3095F8C21034
:108BB00021B1B5F8BE300133A5F8BE3095F9C62015
:108BC00022B1B5F8C4300133A5F8C430002F40F00D
:108BD0001A83237D022B00F01283012B40F0B58213
:108BE000636893F88930002B40F0C48200216068EC
:108BF000F8F7BAFE0FE300F5FC7008F072FCFFF71F
:108C0000E5FA6368A3F8BE50C2E7012280F810219C
:108C10001120FFF7DBFA636883F88650B8E7272056
:108C200031E71F3A142A3FF65FAF01A353F822F051
:108C3000078D0101078D0101E98A0101E98A01011E
:108C4000898D0101E98A0101E98A0101E98A0101AD
:108C5000E98A0101E98A0101E38D0101E98A010143
:108C6000E98A0101E98A0101E98A0101E98A010130
:108C7000E98A0101E98A0101F38D0101C78D010132
:108C8000EF8D0101052A3FF62FAF01A353F822F023
:108C9000C58C0101F58C0101B38C0101DB8D010153
:108CA000E98A0101DF8D0101442A7FF41DAFEB2029
:108CB0007DE090F8082180F81021072280F80E212D
:108CC00000221DE00C22002180F80E2190F8C9201E
:108CD000A0F8C41042F0010280F8871080F8C92083
:108CE00002E700BF3413002115870101F9390201A1
:108CF00051850101132280F80E210022A0F8C42022
:108D000080F88720F0E690F81B31002B7FF4ECAE62
:108D1000636893F81A31C3B1606890F8873000F542
:108D20008D7100F5FD72262B2CD090F88630263BF5
:108D3000012B8CBF0023012309F073FB6368202201
:108D400083F88720002283F81A21606890F8873022
:108D5000202B7FF4C9AE00F24111FBF7C9FF636815
:108D60001520B3F85620A3F81021B3F85A20A3F821
:108D70001221FFF72BFA63680022A3F8C42083F8BE
:108D80008720B1E60123D7E790F82421012A11D1E9
:108D900090F8253173B963685A6ED3F82611B1483B
:108DA00008F0A1FB606800F5FC7008F09AFBFFF783
:108DB0000DFA99E6636893F82421022A7FF494AEB1
:108DC000D3E91921EBE7002580F810511120FFF7B6
:108DD000FDF9636883F8875086E609226EE71B2257
:108DE0006CE72420FFF7F2F963680022C7E71E2032
:108DF000F8E72720DBE793F82B31002B3FF489AE0F
:108E0000636893F84232F3B1636893F88B20A2B1A0
:108E100093F88C307BB940F27C61E8E4924B1B689C
:108E200013B940F26D61E2E41A218E4898476368F5
:108E300083F81152C0E00A208CE6D3F814220320F4
:108E4000C3F8002186E6636893F82B310BB1082044
:108E500080E66268D2F84432BBB113F8512C012A83
:108E600002D040F29461C2E413F8283C13B140F2FE
:108E70009561BCE4606890F8DB309B0601D51F204B
:108E800068E67A4B1B68984796E092F82A3183B1DE
:108E9000626892F8C93013F0030140F08D800C2015
:108EA00043F0010382F80E0182F8C93082F82A11DA
:108EB000C0E7636893F81A3133B3636893F81B31E2
:108EC00013BB606890F8873000F58D7100F5FD7276
:108ED000262B17D090F88630263B012B8CBF002321
:108EE000012309F09EFA6368002283F81A2163685F
:108EF0001420B3F85620A3F81021B3F85A20A3F891
:108F0000122127E60123ECE76368564D93F82421EC
:108F1000012A40F0AF8093F82531002B40F0AA8061
:108F2000636893F8870009F0DAFB002840F0A2801C
:108F3000606890F86C104B1EDBB2032B09D890F8D8
:108F40006D20DFF82CE1013A1EF803C0D2B2032AEB
:108F500003D94FF4507106204AE4BCF1020F90F897
:108F6000263109D0BCF1030F71D0BCF1010F01D142
:108F7000012B07D01620EDE5022B14BF002301239F
:108F8000002BF7D01EF8022090F82731022A60D07B
:108F9000032A60D0012AEDD1012BEBD1B0F880304B
:108FA00000F5FC72B0F8280108F07EFA01460028AE
:108FB00053D12C48FAF714FD636893F80E21FE2A6A
:108FC0007FF4E6AD93F88620002A7FF4E1AD93F8B4
:108FD000F431002B3FF4DCAD636893F8870009F0AF
:108FE0007EFB00287FF4D4AD6368B3F880300A2B91
:108FF0007FF6CEAD6846FBF7A1FB00283FF4C8AD75
:1090000065680522684605F18F0105F059FD0028C5
:1090100000F09880D5F8F031194611F8012B002A9C
:1090200000F089800522684605F04AFD00287FF49B
:10903000AFAD63680120D3F8F021137801331370CA
:10904000FFF7C4F86368002283F8F421A0E5042B3D
:1090500093E7022BA1E7042B9FE76B68282283F894
:109060008620A9E734130021A0060021D4060021A0
:1090700071F80201636893F82C3133B1684B1B68B7
:1090800068489847FE2897D064E5636893F83631BE
:109090000BB11D205EE5636893F82E314BB3636816
:1090A0000921B3F83001F0F791FB18B9636883F830
:1090B0002E01BFE690F8F03103F0FF021BB96368A0
:1090C00083F82E21B6E690F8C831032B0DD8DFE8DF
:1090D00003F00707020A6B6893F8343180F8F13126
:1090E0006B680022ECE7222034E540F24561FFF78F
:1090F0007EBB636893F83731C3B1636893F811326C
:10910000A3B9636893F8DC305D0608D5464B1B684D
:10911000002B3FF451AF4348984727201AE5434BB3
:109120001B68002B3FF448AF3E48ACE6404B1B6841
:10913000002BA5D140E70098C3F801009DF804304A
:109140000B7176E785F8F40180E75EB1F00658D43C
:10915000310758D4B20758D1B30658D440F6662127
:10916000FFF745BB09B3B5F8BE10B5F8C03099425A
:109170001BD922232B4885F8A930FCF723FA0023BA
:1091800002216068A5F8863085F88A30F8F7ECFB94
:10919000636893F80E21012A3DD1D3F8F0211378AA
:1091A000BBBB40F69721FFF722BB2AB1B5F8C4201C
:1091B000B5F8C0309A42DCD8B5F8BC20B5F8BA3062
:1091C0009A420FD2B5F8BC20B5F8C0309A42D0D23E
:1091D00095F88A20B5F8B83052B9052B7FF606AD60
:1091E0003E23C7E7636893F81831002BC1D1E9E744
:1091F000B5F8BA209A423FF6F9AC0823BAE716232D
:10920000B8E71E23B6E73D23B4E72A23B2E72323BA
:10921000B0E7013B137002B0BDE8F041FAF76EBD54
:10922000C806002134130021F4060021F8060021AD
:1092300098060021F0B500235A4D85B004462B70E6
:109240002E46686000886B812B722B75FAF714FD2F
:109250006B681888FAF73CFDB4F8E22169680132BE
:1092600001F1780092B208F02BFC20B140F27B11A2
:109270003620EFF7A7FD94F88730A4F8E201262BFB
:1092800013D1B4F88030B4F8F8219B1A19040CD427
:1092900084F88700FEF7FCFFB8B9002100240846D7
:1092A000FFF758FA204605B0F0BD94F88630263B0B
:1092B000022B0AD8B4F8F821B4F880309B1A1A04AB
:1092C00003D4002384F88630E4E794F886300C3B1E
:1092D000012B20D8B4F88030B4F8F6219B1A1B0477
:1092E00019D4D4F8F01104F18E00013108F0A1FB7B
:1092F00094F886300D2B0BD1D4F8F021137813B9E4
:1093000040F2A311B4E7013B1370002384F88630C8
:10931000FF2384F8C330FEF72BFF044608B1012475
:10932000C0E76B6893F80E71FE2F25D003A8FAF7FB
:10933000A9FC10B940F665019AE73222214603984C
:1093400005F024FC0321039808F074FE03983946C5
:10935000037823F010030370FBF73AFA3A460399B7
:109360001048FBF7CFFEFAF7A3FC10B940F67101E5
:109370007EE70398FEF762FF0B4B0C4A00930C4B01
:1093800096E80300F1F77EF96B6893F8861093F87E
:10939000C8000AF0DCFA04460028C0D0F1F76AF9E8
:1093A00080E700BF3413002155870101618401016A
:1093B00021840101B0F8E2310B4470B5A0F8E2312C
:1093C00000F17806B0F8B83004460D460B44A0F81A
:1093D000B83030460AF018FAA0B1D4F8AC303046B4
:1093E0000B442146C4F8AC3009F029FDD4E92B2305
:1093F0009A4207D30023164904F59C70C4F8AC3098
:1094000008F083FF94F8C23023B1B4F8BE302B4487
:10941000A4F8BE3094F9C63023B1B4F8C4302B445C
:10942000A4F8C43094F8183123B994F88830073B75
:10943000012B04D8B4F8BC302B44A4F8BC3020462F
:10944000FEF76CFFB4F880100D44A4F8805070BD96
:10945000A12D0201014B1873704700BFA01300211A
:1094600008B500F09DFC00F013FA00F005F8BDE827
:10947000084000F0CBB800BF034B00214FF48052EE
:109480001970A3F8012070471414002170B5064626
:10949000022014460D4600F015FA064B0122033C4B
:1094A0001A70054BC3F81045C3F80865C3F8045596
:1094B00070BD00BF1414002100E00041022008B577
:1094C00000F000FA084B002208484FF0010C084950
:1094D00080F800C0C3F80021C3F80421C3F80821B4
:1094E000C3F8801008BD00BF00E000411414002143
:1094F00003000080104B1A785AB110490020C1F8BF
:109500008000D1F800213AB91021002099705A70DA
:109510001870002000F0D6B9D1F80421002AF3D049
:10952000D1F8082112B110210246EEE7D1F800145B
:109530000122C9B2E9E700BF1414002100E0004194
:10954000022008B500F0BEF9064B002201210648B2
:109550000170C3F80021C3F80421C3F80821196081
:1095600008BD00BF00E0004114140021184A137820
:10957000002B10B5507818BF0220A0F10204B4FAF5
:1095800084F46409B3B1C823124A013BD2F8001134
:10959000DBB241B1D2F8040120B1D2F80801B0FA2F
:1095A00080F0400910BD0BB1002CEED1EF213B2023
:1095B000EFF708FCC82300E01CB1013B13F0FF03E8
:1095C000FAD10228F2D0431E5842584110BD00BFC4
:1095D0001414002100E000410A4B1A787AB10A4BBA
:1095E000D3F800214AB1D3F8042132B1D3F80821CD
:1095F0001AB9D3F80004C0B27047102070479878A9
:10960000704700BF1414002100E00041024B00220B
:109610001A809A70704700BF181400212DE9F84392
:10962000044601200E461D4690469DF8209000F00D
:1096300049F904F00300284F40EA054040F08070EB
:10964000C7F80405C7F80865244E35710AF02AFBEF
:1096500038B9D7F8182522F0FF0242EA0802C7F805
:10966000182500221C4B4FF4805114F0FB0FC3F857
:1096700084201B4AC2F8081504D11A4AC3F8802175
:10968000C3F88420B9F1020F21D8174A012C124BDC
:1096900012F80920C3F8202506D00123022CF4700B
:1096A000737009D9BDE8F8830E4A1049C1F8D0217A
:1096B000C3F88C207470F470074B012200213270C3
:1096C000C3F80011C3F800121A60BDE8F8834FF424
:1096D000EE713C20EFF776FB00E00041181400210A
:1096E00000F000410C00008074F90201008000418C
:1096F0002B4B5A7870B5002A48D02A4A0125C2F867
:109700000C15C2F81005DC789D701CB3042C19D020
:109710001978002935D01B790021023BC2F80411C9
:10972000012B05D820480323C0F85011C2F81C357E
:109730001C494FF480521D481D4BC1F88400C3F8EA
:10974000042570BD00211D70C2F80411C2F800523A
:10975000156070BD1B78F3B1C2F804414FF480541A
:10976000134BC3F80445D2F8006116B15560C3F835
:1097700008450B7803704B78043343708B78837003
:1097800070BD4FF483713C20EFF71CFB40F20A21BF
:109790003C20EFF717FBDA213C20EFF713FB00BF6B
:1097A0001814002100E00041008000410500008005
:1097B00000F00041104B1A78CAB100220F4910483E
:1097C00010B44FF48054C1F88420C0F80845A0F5C7
:1097D000E040C1F88021C1F88420C0F8D021C1F850
:1097E0008C201A70002210BCA3F8012070470022C0
:1097F000A3F80120704700BF1814002100E00041C9
:1098000000F00041F8B51B4B1B786BB31A4CD4F831
:10981000043113BB194B0222C4F804231F691A69CF
:1098200007F0100742F010021A61D4F8043153B95E
:10983000134E4FF48045C6F880510AF035FAD4F83B
:109840000431002BF7D027B90C4A136923F0100319
:109850001361094B0222C3F80823074BD3F8000415
:10986000003818BF0120F8BD40F279213C20EFF705
:10987000A9FA00BF1814002100E0004100ED00E04B
:1098800000E100E0014B01229A60704700E00041D6
:1098900038B54FF48042094BC3F88020BFF34F8F97
:1098A000BFF36F8F064C0025C4F80055C4F800556F
:1098B000FFF780FFC4F8805038BD00BF00E100E032
:1098C00000E0004170B5124D00260446C5F8006561
:1098D000C5F80065FFF76EFF012CC5F8806006D063
:1098E000022C0BD04CB184213D20EFF76BFA022201
:1098F000084BC5F80025C5F8143570BD0321054A8D
:10990000054BC5F80015C5F81425C5F8803070BDA5
:1099100000E000412014002103000080024BD3F836
:10992000A00200F0010070470000FF010A4B4FF653
:10993000FF72014610B4D3F8A442D3F8A8329BB208
:10994000934208BFB4F1FF3F14BF0120002001D0B3
:109950000C608B8010BC70470000FF010D4B70B491
:10996000D3F89062D3F89452D3F8984206EA0502ED
:10997000D3F89C1222400A40013202D1002070BC70
:1099800070470346066001205D609C60D96070BC32
:10999000704700BF0000FF010D4B70B4D3F8806228
:1099A000D3F88452D3F8884206EA0502D3F88C1221
:1099B00022400A40013202D1002070BC70470346A9
:1099C000066001205D609C60D96070BC704700BF7C
:1099D0000000FF01094B9B78012B0CD0022B09D111
:1099E000830706D406490020064B0122C1F8400532
:1099F0001A61704770474207F4D57047301500214F
:109A000000C00041008000411C4A431E10B582F88E
:109A10002400032B2DD8DFE803F027190A02184B86
:109A20000522C3F8102504F097FF40B910BD144B70
:109A30000622C3F8102504F08FFF0028F6D0114A43
:109A40000F4BD2F88020C3F8882510BD0C4C04239E
:109A5000C4F8103504F080FF0028E7D0094BD3F894
:109A60008430C4F8883510BD054B0322C3F8102597
:109A7000D9E740F6E1513E20EFF7A4F93015002177
:109A8000008000410000FF012DE9F04F0D4685B038
:109A900006461746002878D104238DF80E000DF1F4
:109AA0000C088DF80C3002F021F801284FF0FF303F
:109AB00088BF00208DF80D00404605F083F900288E
:109AC00040F0FD80AD4C4FF0010B3846DFF8B0A2FE
:109AD00094F8261084F85DB00191FFF795FF019985
:109AE0003846DFF8A0920AEB01031B7EC9F808355F
:109AF00002ABC9F8541594F9252001F097FA9DF9A5
:109B0000080001F0FDF99DF8090001F011FB0028A3
:109B100040F00E8140F20313C9F8343540F25B6324
:109B2000C9F83835217884F802B0012900F00581A0
:109B30000AEB4707944ABB8903F5FA73A2FB032398
:109B4000A5EB931511B9914BC9F88030216B904B5F
:109B500029448E4AC3F84015C3F8C0212378002B4E
:109B600067D194F8493043F00202DB0784F84920BA
:109B700000F1B980864B0122DA64D3F84C35994262
:109B800074D8002005B0BDE8F08F022200230DF14B
:109B90000C088DF80C208DF80E3001F0A7FF01287D
:109BA0004FF0FF3088BF00208DF80D00404605F0D3
:109BB00009F98146002840F0828001236F4C9E42C3
:109BC00084F85D3040F0CB80384694F82670FFF77B
:109BD0001BFF6B4B3B441A7E6A4BC3F80825C3F846
:109BE00054756378012B00F091806A4BC3F800959F
:109BF000644B40F2031740F25B600221D3F800226D
:109C000042F48872C3F80022C3F83475C3F83805EB
:109C1000D3F8682542F4C022C3F868252278A170E1
:109C2000012A93D0293D002A90D1584AC3F88420B4
:109C30008CE7012B94F8493004BF43F0040384F807
:109C40004930DF0796D59D074DD4580792D54D4B27
:109C50004E4AC3F8882003F58043D3F84031002BE7
:109C600088D040F241613E20EFF7ACF8238D952B70
:109C70000CD94EB3012E7CD101F129034648474946
:109C8000C36001F043FA0130012863D8404605F073
:109C9000A5F8002868D1A3789DF80C20012B56D098
:109CA000022B08D1930706D439490020354B0122F5
:109CB000C1F840051A61012005B0BDE8F08F40F6FB
:109CC00016313E20EFF77EF801F128033248334980
:109CD000C36001F015FA01300128D7D940F2647150
:109CE0003E20EFF76FF8274BD3F8002242F0010235
:109CF000C3F80022D3F8503503F0F603022B7FF4AB
:109D000039AF40F253613E20EFF75CF839464346E5
:109D100094F92520E07801F089F99DF90C0001F013
:109D2000EFF89DF80D0001F003FA00283FF460AF52
:109D300040F20A613E20EFF745F83AF81730124A30
:109D400003F5FA73A2FB0323A5EB9315FEE6520776
:109D5000AAD5B0E740F26E713E20EFF733F840F637
:109D600014013E20EFF72EF840F64E313E20EFF77B
:109D700029F840F272713E20EFF724F830150021E7
:109D800078F9020100800041D34D62100B00008081
:109D900000C00041004000413C000021B8F9020130
:109DA00060220021094810B504F0F0FE41F21114C0
:109DB000074B00224FF08240AA21C0F8004EC3F8A2
:109DC000402EC3F8442EC3F8001E10BD30150021EC
:109DD00000700041962808B502D8044B188508BDCC
:109DE0004FF403713E20EEF7EDFF00BF3015002168
:109DF000024B0344187E00F51660704778F90201A3
:109E0000014B93F83C007047301500210B4B0C4A76
:109E100010B493F83C10D3E90D3002EB8102C01A64
:109E2000936ED16F03F2E733546D064A5B1A2044F8
:109E300010BCA2FB032300EB9310704730150021E8
:109E400078F90201D34D6210024B986B1B6BC01A5C
:109E5000704700BF3015002110B50F4C82B003F0E1
:109E600041FAA36D0093D4E9142304F047FA94F85F
:109E70003C20D4E90C13094C5B1A094901EB82011F
:109E80008A6E496D02F2F3125B1AA4FB0212A3EB75
:109E90009213181A02B010BD30150021D34D621074
:109EA00078F902010C4A0D4B0D4910B592F83C00AF
:109EB00003EB8003D2E90C04241A986E5B6D00F268
:109EC000F310E41AA1FB0030A4EB901403F00AFA9B
:109ED000201841F1000110BD3015002178F9020170
:109EE000D34D62100139134BC9B2032910B583F861
:109EF000480014D8104A114C02EB8101104BD1F8E4
:109F0000982014430F4A0243C3F81445C3F8182598
:109F1000D3F8503503F0F703032B05D010BD4FF4F1
:109F200041713E20EEF74EFF40F21B313E20EEF72E
:109F300049FF00BF3015002178F902010801100027
:109F4000008000410000030208B5154A154BC3F814
:109F5000AC210278032A1DD1D3F81425012990F8E9
:109F600001C022F4702210490CF03F0C0F4808BFCA
:109F700042F400224CEA0000C3F814250A6A42F0B9
:109F80000302C3F80029C3F8100901230A6281F80B
:109F90005C3008BD4FF45C713E20EEF713FF00BF4C
:109FA0000600008000800041301500218032020050
:109FB000384B4FF4807270B5C3F88020BFF34F8FD9
:109FC000BFF36F8F002234480121344D1346344CC7
:109FD000C0F8FC2FC0F8FC1F05EBC3010133D1F81A
:109FE00000232240824204D1D1F80023D1F8041387
:109FF0001160202BF0D1284D01230322294CC5F8F4
:10A000003035C5F8102584F8243004F0A5FC20B1C3
:10A01000224BD3F88030C5F888351F4D40F201211E
:10A020004FF48013204AC5F850160026107CC5F85E
:10A03000003201F08DF804F015FE1C491C4BC5F8E8
:10A04000A81102311B4AC3F8C820C3F8C41041F656
:10A05000F873194AC2F80435A687A66384F84960E4
:10A0600003F046F9D5F800299623206310202262D8
:10A070004FF480722385216E064B84F85C60C3F830
:10A080008021C5F804031A6001B18847BDE870401B
:10A0900001F02AB800E100E0008000410000FF016B
:10A0A00000F0FFFF301500213C000021030000807C
:10A0B00000C000410600008000F00041036870B558
:10A0C0001A0E354D1B02354EC5F824250446C5F839
:10A0D0001C354368C5F83C35037A86F82630437A48
:10A0E000807A5A1E86F84800D2B2032A4ED82C49EC
:10A0F00001EB8202D2F898102A4A0A43C5F81425C7
:10A10000294A0243C5F81825D5F8502502F0F70270
:10A11000032A36D0032B86F824302ED0042B21D0EE
:10A12000022B0FD00323C5F8103504F015FC28B11D
:10A130001E4A194BD2F88020C3F88825E37A86F8A6
:10A14000253070BD0423C5F8103504F005FC002847
:10A15000F4D0164BD3F88430C5F88835E37A86F806
:10A16000253070BD0523C5F8103504F0F5FB002837
:10A17000DED1E37A86F8253070BD0623C5F81035A8
:10A18000F3E740F21B313E20EEF71CFE4FF4417125
:10A190003E20EEF717FE00BF008000413015002181
:10A1A00078F9020108011000000003020000FF011D
:10A1B000014B83F82500704730150021034B020E38
:10A1C0000002C3F82425C3F81C0570470080004135
:10A1D000014B83F826007047301500212DE9F04728
:10A1E000AC4C82B094F84930DD0740F13E81002844
:10A1F0004FF0000205460F460CBF042302238DF8E2
:10A2000006208DF8043001F071FC01284FF0FF307A
:10A2100088BF00208DF8050001A804F0D3FD0028B8
:10A2200040F01E8194F849304FF001089A4E43F0F7
:10A23000020384F85D8084F84930D6F8003243EA9E
:10A240000803C6F80032002D3CD0012D7ED0934B80
:10A25000D3F84C65238D952B00F2118101A804F0F1
:10A26000BDFD002840F00681A3789DF80420012B55
:10A2700025D0022B14D0206B301A1DB1293002B02A
:10A28000BDE8F0878649874A01EB4707BB8903F59C
:10A29000FA73A2FB032300EB931002B0BDE8F08732
:10A2A0009307E8D47D4B0022C3F84025A3F58043F3
:10A2B00001221A61206B301A002DDFD1E2E752072C
:10A2C000F0D5D8E794F826903846DFF8D4A1FFF708
:10A2D0009BFB494638460AEB09031B7EC6F8083546
:10A2E0006B46C6F8549594F9252000F09FFE9DF921
:10A2F000000000F005FE9DF8010000F019FF0028A5
:10A3000040F0A98040F20312644BC6F8342540F2B5
:10A310005B62C6F8382584F80280C3F84C80C6F822
:10A320000080D3F84C65238D952B97D95E4806F1B4
:10A3300028030AF14001C36000F0E2FE0130012869
:10A340008CD940F264713E20EEF73CFD7B1E94F800
:10A35000266084F82470032B00F29680DFE803F077
:10A360005E4F4A024C4B0522C3F8102504F0F4FA64
:10A37000002858D14A4B33441A7E474BC3F808256E
:10A38000C3F854656378012B54D0484B0022C3F8BE
:10A390000025414B40F2031640F25B603F49D3F881
:10A3A000002242F48872C3F80022C3F83465C3F86F
:10A3B00038050220D3F8682542F4C022C3F8682586
:10A3C0000122A070CA645A60238DD1F84C65952B88
:10A3D0007FF644AF344806F129033549C36000F0E5
:10A3E00095FE013001287FF639AF40F26E713E20B4
:10A3F000EEF7E8FC284B0622C3F81025B6E7DFF895
:10A4000098800423C8F8103504F0A6FA0028B1D0CB
:10A41000284BD3F88430C8F88835ABE71E4B0322AD
:10A42000C3F81025A2E7234BD3F880201A4BC3F8BA
:10A4300088259FE7314601AB94F92520E07800F0AC
:10A44000F5FD9DF9040000F05BFD9DF8050000F0AE
:10A450006FFE00289DD040F20A613E20EEF7B2FC6C
:10A4600040F616313E20EEF7ADFC4FF4F5613E208C
:10A47000EEF7A8FC40F64E313E20EEF7A3FC40F28A
:10A4800072713E20EEF79EFC40F6E1513E20EEF761
:10A4900099FC00BF301500210080004100C0004140
:10A4A00078F90201D34D62103C00002100400041C8
:10A4B000B8F902010000FF0110B5FFF7E5FA00B19D
:10A4C00010BD0346054C064A0121C4F84035022060
:10A4D0001161BDE81040FAF7B9BB00BF00C00041F0
:10A4E00000800041F8B51F4D95F83D30A3B30446F8
:10A4F000164608465CB1012C1DD00027296B324658
:10A500002046791AFFF7C0FA034648B1F8BD012B7F
:10A51000AF6B95F83C1017D000F00AFD0744EDE74B
:10A52000114C0121114A0220C4F840351161BDE8E7
:10A53000F840FAF78BBB012BAF6B95F83C1007D0B6
:10A5400000F024FD0744D9E700F010FD0744D5E7EB
:10A5500000F0FCFC0744D1E740F692013E20EEF704
:10A5600031FC00BF3015002100C0004100800041D7
:10A5700030B5424A4FF4807441494FF0FF30D2F871
:10A5800004530023C2F8080383B0C1F880414FF49C
:10A5900080113C4C05F01005C2F800123A4984F8CD
:10A5A0004930C1F84035C2F88830C2F88030C2F86E
:10A5B0008430D2F85015C9B259BB238D952B04D9DC
:10A5C000A378012B4FD0022B43D000232B4A94F8C1
:10A5D0005C10C2F8103123712380A37091B1C2F8CE
:10A5E000AC31D2F8141584F85C3021F47021236A60
:10A5F000C2F8141523F0030324492362C2F800397A
:10A60000C2F810191DB11D4B1022C3F8042303B06A
:10A6100030BD01218DF80700C2F8103111619DF89D
:10A6200007304BB90CE09DF80730013BDBB28DF8E9
:10A6300007309DF807301BB1D2F81031002BF2D053
:10A640009DF80730002BB8D140F6D2013E20EEF73E
:10A65000B9FB00F067FD01300128B6D940F6E901E9
:10A660003E20EEF7AFFB00F057FD01300128ACD9DA
:10A6700040F6E3013E20EEF7A5FB00BF008000415D
:10A6800000E100E03015002100C0004180320200EE
:10A69000F8B500222F4B304EC3F84825C3F84425A7
:10A6A000C3F84025C3F84C25FFF762FF00F022FDF8
:10A6B00096F85D302BB104F08BFB00283FD186F873
:10A6C0005D00002004F090FB044600283CD1214DA1
:10A6D000224FC5F8C401C7F88800C7F88000C7F842
:10A6E0008400C5F8C800C5F8C40004F0D3FA1C49BA
:10A6F0001C4B4FF4807241F6F870C7F8A8413476CD
:10A70000C5F8C041C6E90D44C1F80805C5F848457B
:10A71000C5F84445C5F84045C5F84C45C5F848411D
:10A72000C5F84441C5F84041C5F84C41C3F8802004
:10A73000BFF34F8FBFF36F8FC3F88021F8BD40F296
:10A7400076513E20EEF73EFB40F279513E20EEF787
:10A7500039FB00BF00C000413015002100800041DE
:10A7600000F0004100E100E0014BC3F83C057047F8
:10A770000080004138B50446074804F035FB28B98D
:10A78000064D94E80F0085E80F0038BD40F63411FF
:10A790003E20EEF717FB00BFD5990101941500216B
:10A7A00008B5164B164993F84920C1F8040542F044
:10A7B000010C5864900783F849C009D4530706D5A3
:10A7C000104A114BC1F88820D3F840318BB908BD2D
:10A7D000D1F8003243F00103C1F80032D1F850350E
:10A7E00003F0F603022BF2D140F644113E20EEF7BF
:10A7F000E9FA40F241613E20EEF7E4FA301500211B
:10A80000008000410B00008000C0004108B5184BDB
:10A81000184993F84920C1F8040542F0010C586426
:10A82000900783F849C00AD4530706D5124A134B40
:10A83000C1F88820D3F84031A3B9012008BDD1F870
:10A84000003243F00103C1F80032D1F8503503F073
:10A85000F603022BF1D1FFF78BFE0320FAF7F6F98E
:10A86000002008BD40F241613E20EEF7ABFA00BF88
:10A8700030150021008000410B00008000C0004125
:10A88000124B196B9A6B0844824210B518D20124FE
:10A890000F4AD8615464D2F844151C764B1D83428C
:10A8A00005D30C4BD3F8042102B91C6110BD002163
:10A8B000094BC2F84411C2F84405C2F8C43110BDB6
:10A8C00040F657113E20EEF77DFA00BF301500210B
:10A8D00000C00041008000410900008010B50F4C0D
:10A8E0000222034694F83DC02276BCF1010F208D70
:10A8F00094F83C1094F824200BD000F077FBE06132
:10A90000A36B0021064A0344C2F84411C2F844353F
:10A9100010BD00F04BFBE061F2E700BF30150021F5
:10A9200000C0004130B4094A40F00044084D012302
:10A93000C5F8044103FA00F00C60136C05490343A9
:10A94000C1F80405136430BC704700BF3015002106
:10A950000080004100F00041044BC3F86005D3F8CB
:10A96000002242F04002C3F80022704700800041FC
:10A97000054B0021D3F8002222F04002C3F8002248
:10A98000C3F86015704700BF00800041044B0246C9
:10A990000120D3F8483503F07F035B421370704702
:10A9A0000080004110B5254C82B0228DE170952ABF
:10A9B0008CBF00230123237048B9A2788C46012163
:10A9C000022A61701BD0012B10D002B010BD0223EF
:10A9D000952A6370F9D8012808D1194AD2F80032B3
:10A9E00043F00803C2F8003202B010BD144AD2F896
:10A9F000003243F00403C2F8003202B010BD01ABD4
:10AA000094F9252094F82610604600F00FFB9DF97C
:10AA1000040000F075FA9DF8050000F089FB40B9CC
:10AA2000074AD2F8003243F48873C2F80032237820
:10AA3000C9E740F20A613E20EEF7C4F93015002163
:10AA400000800041024B0022C3F84025704700BF40
:10AA500000C00041044B30B4D3E914459B6DC0E9FC
:10AA6000004530BC0B607047301500212DE9F047E0
:10AA7000B74B0121B74C226B94F84870D964D3F8D6
:10AA80004C65B61A03F08AF9238D0022A665952B32
:10AA90002065626506D9A378012B00F0BC81022BEA
:10AAA00000F04A81AC4B0022AC49C3F88820C3F8BF
:10AAB0008020C3F8842084F84920D3F80002227E45
:10AAC0000140C3F80012002A63D1A378012B6AD099
:10AAD000022B00F0888000259F4AD2F8101100292F
:10AAE00040F08881A3F1010C9B4A0021BCFA8CFC48
:10AAF000C2F800114FEA5C1CC2F80C11C2F8101128
:10AB0000C2F80411C2F80811C2F86C11904A022B65
:10AB1000D2F848A5D2F84425C4E90D2A00F0DC801B
:10AB200094F82410627884F83C1084F83D30002AB0
:10AB300000F0CC8015F0110F40F07881B2F10109DE
:10AB4000207994F8008018BF4FF00109012800F027
:10AB50001B81022840F0B3808148FFF7AFFA61699A
:10AB60000023B8F1010F2380A370237107D13B3676
:10AB70008E4252D8764A84F80080C2F84031484666
:10AB8000E278FEF781FF0646002800F028810026C3
:10AB900047E003F58043D3F84421A378003A18BF77
:10ABA0000122012B94D16C4AD2F80C11002940F0FB
:10ABB000B980D2F81051002D94D0C2F800119C46F3
:10ABC000C2F80C113025C2F81011C2F80411C2F8F5
:10ABD0000811C2F86C115E4AD2F848A5D2F8442593
:10ABE000C4E90D2A9CE75C49D1F80C010028D1F892
:10ABF000000407BF042500210221062510F0010FE3
:10AC000018BF0D462AB105F00B0145F0010541F0D2
:10AC1000010100297FF466AF5EE74F4B4646C3F85B
:10AC2000108094F85C30A3B14B4B0022C3F8AC21E8
:10AC300084F85C20D3F8142522F47022C3F814257C
:10AC4000226A22F00302C3F800292262454AC3F8AF
:10AC50001029EB072CD4A80707D415F0280F63D1CF
:10AC6000EB0627D5236F984724E03B4BD3F85034AD
:10AC7000D90140F1A88013F4706F0CBF01220022AB
:10AC800013F0F00F08BF42F0010212B91A0740F0AA
:10AC90009A80314AD2F85414C3F30442C3F34253A6
:10ACA000022B98BF012A40F08E80012900F08B8092
:10ACB000636E9847A378022B1DD0BDE8F08700286B
:10ACC00054D040F6D9213E20EEF77CF8164622807B
:10ACD000A27022712276A4E794F82410CA1E012AD9
:10ACE0003FF620AF1C4AD2F8142412F0060F0CBF16
:10ACF0000421032116E7237E002BDED0022B00F077
:10AD0000A380012B40F0DF80E369A26B934240F205
:10AD1000D5800F4AC2F844350D4B134AC3F8C421FD
:10AD2000BDE8F0870825DDE685F02001E36E3046BA
:10AD3000C1F340119847BDE700F0F4F90130012854
:10AD40007FF6B0AE40F6E9013E20EEF73BF800BFDB
:10AD500000C000413015002100800041E2FEFFFFED
:10AD6000381500218032020009000080208D002B60
:10AD700000F09580012A5DD0BCF1000F6DD100F08C
:10AD800005F900EB0A015CE05148FFF797F994F8E8
:10AD90003D30002B00F08880012B63D094F83C30CC
:10ADA0004C4A02EB8302D4E90C31C91A936E526DFE
:10ADB00003F2F313891A484AA2FB0323A1EB931170
:10ADC00060690144CCE6636C5B78BB4243D885F094
:10ADD0000400C0F38000A36E314698476AE73F4BFA
:10ADE0000122C3F84005A3F5804302201A61F9F758
:10ADF0002DFF16E7002145F01005C2F800118C4622
:10AE0000C2F80C11C2F81011C2F80411C2F80811EE
:10AE1000C2F86C117AE600F07FF9013001287FF664
:10AE200041AE40F6E3013E20EDF7CCFF0026FFF7F0
:10AE30009FFBF6E6BCF1000F2CD100F079F800EB97
:10AE40000A01206B091A8BE6A36BE169234A0B44C4
:10AE5000C2F8443560E70020BDE700F077F800EB6A
:10AE60000A01EEE794F83C20531ED9B2032920D8FA
:10AE7000184B03EB820203EB4103506DB3F89020B3
:10AE8000D4E90C13591A144B091AA3FB022301EB42
:10AE9000931195E700F06AF800EB0A01D1E740F65C
:10AEA00092013E20EDF78EFF40F29F713E20EDF7BC
:10AEB00089FF40F2B2213E20EDF784FF40F6BA410F
:10AEC0003E20EDF77FFF40F6B9413E20EDF77AFFD7
:10AED0003815002178F90201D34D621000C00041FD
:10AEE000024B03EB8003586D704700BF78F90201F5
:10AEF000024B03EB8003D86F704700BF78F9020163
:10AF00000028094B08DD01220338C3F80025C0B230
:10AF1000064BC3F80C0570470022C0B2C3F80025E9
:10AF2000024BC3F80C05704700400041008000410F
:10AF300010B504460846FFF7DBFF034BA3FB0030C8
:10AF4000A4EB901010BD00BFD34D6210054B02382A
:10AF5000054A33F8113003F2E733A2FB032300EB79
:10AF60009310704734FA0201D34D6210054B064A24
:10AF700033F8113003F57A73A2FB032300EB93102F
:10AF8000704700BF34FA0201D34D621010B5044679
:10AF90000846FFF7ADFF044B00F2E730023CA3FB8D
:10AFA0000030A4EB901010BDD34D621070B50D4E63
:10AFB00084461D46104636F8111006EB820605350C
:10AFC000F4680C444FF47A7104F6B73401FB0C4476
:10AFD0000549A1FB0434FFF783FFA4092C44204456
:10AFE00070BD00BF34FA0201D34D621070B5064641
:10AFF00008461546FFF77CFF0A4B4FF47A7102466C
:10B00000284603EB8503DC68074B04F6B73401FBE5
:10B010000644A41AA3FB0434FFF762FF0530A40919
:10B02000204470BD34FA0201D34D62102DE9F04F77
:10B03000244C83B0064698460D46174600F0A8F803
:10B0400023788146B34202D16378AB4224D0731E89
:10B05000DBB2032B31D81C4A2946D05C0DF1070323
:10B060003A4600F09BF8824618BB9DF907B0284687
:10B07000FEF7BEFE534602464146584600F05EF8D3
:10B08000B8F8003026706570A380A071A77084F8AE
:10B09000039003B0BDE8F08F94F90230BB42D6D1E3
:10B0A000E3788342D3D1A38894F90600A8F800304E
:10B0B000EFE73D217520EDF785FE40F2B741062010
:10B0C000EDF780FE5000002154FA0201014B186098
:10B0D00099807047A4150021024BD86019745A82D8
:10B0E000704700BFD0150021014B1B685B681847F3
:10B0F000FC060021014B1B689B681847FC060021D9
:10B10000014B1B681B691847FC060021014B1B689B
:10B110005B691847FC060021014B1B689B691847B7
:10B12000FC060021014B1B68DB691847FC06002167
:10B13000014B1B689B6A1847FC06002110B4034CA6
:10B140002468E468A44610BC604700BFFC060021E8
:10B1500000220E4938B50446134644FA02F0D5B22F
:10B160000132C00742BF581CCD54C3B2042AF4D1E7
:10B17000C3F10402042B054D4FF0FF01D2B288BF8A
:10B180000022E81803F002FD2C7138BDEC1A0021F2
:10B19000014B187D704700BFF0150021042810B541
:10B1A00011D883B104280CBF10242824A1420AD24C
:10B1B000064C54F8200018B141568A42A8BF0A46EE
:10B1C00000201A7010BD6FF01500FBE7F01500218C
:10B1D0000228034610DC10F1270F0FDB2830084A45
:10B1E00040B2105C024492F92C209A4207D0002908
:10B1F00018BF0130C0B270470F2070470020704761
:10B2000058FA0201022808B506DCFFF7E1FF034BFC
:10B21000034493F92C0008BD0320FCE758FA02010F
:10B22000014B01221A60704700500041044A01237B
:10B2300053600023C2F80031024A1370704700BF08
:10B240000050004105160021014B01221A70704781
:10B2500005160021054BD3F8003123B9044B1878AB
:10B2600000F0010070470120FAE700BF00500041E4
:10B2700005160021024BD3F8080400F001007047C6
:10B2800000500041024BD3F8140400F00100704755
:10B2900000500041024BD3F81C0400F0030070473B
:10B2A0000050004107490246D1F81804D1F818149B
:10B2B00010F4803005D0D0B201F003031B1A5842BD
:10B2C000584170470050004170B5094D01260446B1
:10B2D0002E70FFF7BFFF28B9064B6E706C60C3F885
:10B2E000046370BD002CFCD0A04700236B60F8E71E
:10B2F0000816002100500041024B00221A705A70BB
:10B300005A6070470816002110B5034C208100F0E8
:10B31000ADFB608110BD00BF08160021014B98896C
:10B32000704700BF08160021014B1889704700BF05
:10B3300008160021014B5889704700BF08160021EC
:10B3400010B5EFF3108472B6064A937B0133DBB27B
:10B350009373937B012B01D1FFF762FF04B962B6AF
:10B3600010BD00BF0816002108B5FFF7E9FFFFF781
:10B3700071FF084A084B30B1012111610422DA73D0
:10B3800000221A7408BD0321D9730121C2F80413E5
:10B39000F6E700BF005000410816002110B5EFF39A
:10B3A000108472B6094A937B23B940F2E3116D20F1
:10B3B00003F09AF8937B013BDBB29373937B0BB959
:10B3C000FFF734FF04B962B610BD00BF08160021B4
:10B3D000024BD87B003818BF0120704708160021A7
:10B3E00037B5184C637C63B9E06900F00300FFF7E0
:10B3F00059FF30B1EFF3108372B6E27B1AB103B993
:10B4000062B603B030BD0122E27303B962B6802395
:10B410000D4DC5F808334FF42073ADF80630BDF874
:10B4200006309BB25A1E92B2ADF80620002BF6D120
:10B43000C5F81C3184F82030FFF796FF8023C5F84B
:10B440000433DEE70816002100500041F8B5264C11
:10B4500094F82130002B45D0244BD3F80071D3F859
:10B46000046157B10122C3F8082363782BB100258A
:10B47000636865700BB1984765601C4D3EB1002351
:10B48000C5F804310223C5F80833FFF7A9FFD5F842
:10B490001C3194F82060F6B237B1E27B032A01BF79
:10B4A0000422E27301222A617BB1104B0022C3F80F
:10B4B0001C21E37B042B04D040F2A2216D2003F079
:10B4C00013F80223E373FFF769FF5EB1002384F8EA
:10B4D0002030E37B022B01D1FFF746FFBDE8F840A7
:10B4E000FFF75CBFF8BD00BF081600210050004107
:10B4F00010B5054CE06900F00300FFF7D3FE00280B
:10B50000F8D0002010BD00BF08160021F8B5054690
:10B5100050B10278022A07D8437842B9013B1F2B69
:10B5200002D88378212B07D96FF0150085E0002B16
:10B53000FAD18378002BF7D16C4B2022C3F88020FE
:10B54000BFF34F8FBFF36F8F694EC3F880214FF069
:10B55000FF33684CC6F808330023C6F80031C6F83C
:10B560000431C6F81C31A373AB88A381FFF782FEB8
:10B5700010B101232370A373D6F80C24D6F80C3431
:10B58000D60303D5D80701D5FFF75EFE4FF4AF60B1
:10B59000FFF7BAFE0123AA78E3612B78A274002298
:10B5A000012B6374227416D0022B17D01BBBFFF73C
:10B5B00069FE002842D0FFF76DFEE36903F0030344
:10B5C00098423BD1AB79DBB9FFF792FF00281BDA39
:10B5D00040F21F4111E00223E361E8E7FFF7B0FE0C
:10B5E000434BD3F80C14D3F80C24C903F9D5D20774
:10B5F000F7D50323F0E740F211416D2002F074FF0C
:10B600003B4B0222C3F80423A37C63B12B7853B9CC
:10B61000FFF720FE054603F0E7F86FF00043002D2A
:10B6200060D0C4E9050301232022002084F82130E2
:10B630002E4BE073C3F880211A60F8BD2C4E012315
:10B64000F3600023C6F80431237FC6F8183508F0EC
:10B6500023FB88B10123C6F84C350123B3600223D4
:10B66000C6F80433AB79002BCED1D6F804339B0750
:10B670000FD44FF47171C0E708F010FB0028E9D136
:10B6800008F00EFB0028E5D108F00CFB0028E1D102
:10B69000E3E7194B1F691A6907F0100742F010021F
:10B6A0001A61D6F804310BB908F0FFFA104ED6F83B
:10B6B000043133B1FFF71CFF002805DA40F2DE3118
:10B6C0009BE708F0F1FAF2E727B90B4A136923F078
:10B6D00010031361064B0222C3F808230022C3F8AB
:10B6E000042191E7C4E905309DE700BF00E100E0D7
:10B6F000005000410816002100ED00E0094B1A78C7
:10B7000010B504461AB142216F2002F0EDFE5A78BE
:10B7100032B901225A70FFF713FE2046FFF7D4FD1D
:10B72000002010BD2C16002138B5084C25781DB11D
:10B7300058216F2002F0D8FE637823B1FFF7DCFDBB
:10B740006570FFF72BFE002038BD00BF2C160021CE
:10B7500008B501B3F0B14FF0FF331A46E0FB0132F8
:10B760000E498A4203D990216F2002F0BDFE180DC8
:10B770004FF22441C3F30F1340EA0230B0FBF1F261
:10B7800003EB0040064B03FB1200B0FBF1F040EA74
:10B790000240013008BD0846FCE700BF3F420F00F1
:10B7A000000024F4014B5B68184700BF2C160021F1
:10B7B000014B9B68184700BF2C160021014BDB682A
:10B7C000184700BF2C160021034B1A780AB9FFF75F
:10B7D000A5BD188D704700BF2C160021034B1A78A9
:10B7E0000AB9FFF7A1BD188A704700BF2C160021C7
:10B7F000034B1A780AB9FFF79DBD988D704700BFBB
:10B800002C160021024B1B780BB9FFF7E9BD7047DE
:10B810002C160021014B5B69184700BF2C16002134
:10B8200010B5144C2378A3B1236A9847002806DB8F
:10B8300094F82A3023B10123002084F82E3010BD63
:10B84000FFF7E8FF0028F6DA4FF49F716F2002F04F
:10B850004BFE094B6361094BA361094BE361094B43
:10B860006360094BA360094BE360FFF74FFE0028BC
:10B87000E1D0E4E72C160021F1B40101713C020192
:10B88000D1B3010141B301019DB301016D3C02013E
:10B89000064B10B51C7824B140F29D116F2002F0C8
:10B8A00023FEFFF731FD204610BD00BF2C160021FE
:10B8B000014B1879704700BF60160021044B1A79BC
:10B8C000824283BF1B68302202FB00300020704799
:10B8D0006016002143F60952C0F30803400A02FB38
:10B8E00003F302FB00F003F5807300EB5320704775
:10B8F0000346C0F30800C3F34E221B0E43EA0123A4
:10B90000090E10B54FEA411C43F609544FEA431E95
:10B910004CEAD36C04FB00F0BEEB030E04FB02F216
:10B9200000F580706CEB010402EB50204FEA841CA0
:10B930004FEA8E124CEA9E6CB2EB0E026CEB040CDA
:10B940004FEACC0C4CEA527CD200D31841EB0C01EC
:10B95000DA03C903801841EA534141F1000110BDE7
:10B9600048F2376C430B0CFB03F300B54FEA134C62
:10B9700043F6095E0F4B0EFB1C0000FB03F35B0D4F
:10B980000EFB03FE03EB4C2343F6085CF444B0EBE0
:10B990005C2F08D80EF5807E0B60A0EB5E20C0B255
:10B9A00010705DF804FB013300200B6010705DF82F
:10B9B00004FB00BF6F0C010070B5274DA94246D8AB
:10B9C0004FEA507C254C43F6095E43F608564CEA94
:10B9D000C10CC0F34F3101EB0C41A4FB0C5C204DBA
:10B9E0004FEA9C3C05FB1C11A4FB01411D4C890B3B
:10B9F00041EA0C4148F2376C04FB1104600B0CFB6C
:10BA000000F04FEA104C18480EFB1C4505FB00F0F7
:10BA1000400D0EFB00FE00EB4C207644B5EB562F9C
:10BA200011D80EF5807EA5EB5E2E5FFA8EFE049D8A
:10BA300085F800E00D06090A281841F10001186098
:10BA40005960146070BD01304FF0000EEFE7962191
:10BA50009B2002F049FD00BFFF7F841E83DE1B4355
:10BA6000000024F40080841E6F0C010048F237614E
:10BA7000420B43F6095C094B01FB02F2120C0CFB72
:10BA80001201500201FB0333013B5B0D0CFB03FC75
:10BA9000B1EB5C2F88BF0130184470476F0C010078
:10BAA0001F280CD800EB4003012010B4DB00054C2C
:10BAB00004EB030CE15010BCCCF8042070470020CC
:10BAC000704700BF6816002100F04EBA08B5064B5B
:10BAD00093F80023202A02D083F8300308BD2D21DB
:10BAE000022002F001FD00BF6816002108B5064BD8
:10BAF00093F80023202A02D093F82E0308BD3321A7
:10BB0000022002F0F1FC00BF68160021094A92F8F9
:10BB10000033202B08D003EB4303032102EBC300C7
:10BB200052F83330406818473E21022010B502F029
:10BB3000DBFC00BF6816002130B43E494FF0FF34F3
:10BB40004FF0FF350023FF223B480B700B618A70DA
:10BB5000C1E902454FF48054C0F88040BFF34F8FD5
:10BB6000BFF36F8F354A4FF0FF35C0F88041012495
:10BB70000B755460C2F80853C2F84035C2F8403122
:10BB80004FF40033C0F88030BFF34F8FBFF36F8F97
:10BB900002F5A042C0F8803154609460D2F80435B8
:10BBA000002BFBD188694FF4E024254D2349C2F8CE
:10BBB0000853C2F84843C2F840311F4CC2F8443120
:10BBC000C2F84831C2F80431C1F800324FF40033F2
:10BBD000236060B34FF0004301241A4DC1F8C03117
:10BBE000C0F88030C2F880300523C5F80445C1F89C
:10BBF00040350C60D1F84031002BFBD00122114CB4
:10BC00000023C4F8082504F500544A60CA60C1F84E
:10BC10004031C1F84035C1F8C031C0F88030C4F8B7
:10BC20008030094B022230BCC3F804237047012343
:10BC30001360F6E7A819002100E100E000C0004110
:10BC40000200070000F0004100100141B1F1FF3F88
:10BC500008BFB0F1FF3FF8B500F09E80B44CD4E9C6
:10BC600002538B4208BF85426FD0B24B0522C3F806
:10BC700008252378012B69D0AF4B4FF4E0224FF415
:10BC8000803520F07F47C3F84823C3F808230022FB
:10BC9000C3F84021C3F84421C3F80853C3F84853FC
:10BCA000C3F84021D3F80425BA1A22F07F46B6F52E
:10BCB000000F6CD8A14E1640002E68D0C3F8407516
:10BCC000C3F8445300229E4E4FF48057A270C6F82A
:10BCD0008070BFF34F8FBFF36F8F9A4B01254FF0EA
:10BCE000FF3CC6F880715D60C3F808C3C3F8402507
:10BCF000C3F840212275D3F8042522F00302C3F8CB
:10BD00000425D3F8082542F00302C3F808251022C1
:10BD100092FAA2F2B2FA82F2092A00F30481C3F87D
:10BD20001025DD60844AC6F880713760864E257024
:10BD3000C2F8C061C3F8806004237E4EC6F80435A3
:10BD40006370C4E90201C2F84853F8BD7A4A4FF45F
:10BD5000C0234FF4803720F07F4CC2F84833C2F83C
:10BD600008330023754EC2F84431C2F80873C2F894
:10BD70004873C2F84031D2F80435ACEB03033342C8
:10BD800005D023F07F43B3F5000F40F2B78040F2B7
:10BD900009316C2002F0A8FB674BD3F80011002991
:10BDA00077D0644A0521624CC2F808152278012A2E
:10BDB00000F0AF804FF4E0210022C3F84813C3F82D
:10BDC0000813C3F84021C3F8442100205C4A4FF413
:10BDD0008051A070C2F88010BFF34F8FBFF36F8FF8
:10BDE000584D4FF0010C4FF0FF33C2F88011C5F8E9
:10BDF00004C0C5F80833C5F84005C5F84001D5F8BA
:10BE00000435207523F00303C5F80435D5F808354B
:10BE100043F00303C5F80835102393FAA3F3B3FAEC
:10BE200083F3092B7FDCC5F810354FF00043C5F8CC
:10BE30000CC0C2F8801111603F4AC2F80001C2F87C
:10BE40008031C5F880303B4BC3F804C5EFF3108751
:10BE500072B6D2F80415D2F8043173B92669002FEE
:10BE600039D162B6D2F80031002B38D0C2F80001C7
:10BE7000C5F804C0C5F80CC0E8E7236901332361A5
:10BE8000C2F80401D2F80415D2F80431002BF4D121
:10BE9000E4E7EFF3108072B6D3F80455D3F8042129
:10BEA000234C62B9236900B962B64FF08072032057
:10BEB0000021E3FB0201401941F10001CFE62269B4
:10BEC00001322261C3F80411D3F80455D3F80421D8
:10BED000002AF4D1E6E7D2F80031002BC6D10131B7
:10BEE0004FF000034FF0807243F10003E6FB0213B2
:10BEF0004FF60272C4E902132280F8BDC2F840C5B1
:10BF0000C2F84473D2F80435EB1A33427FF4DAAE48
:10BF1000F8E74FF4C0220021C3F84823C3F80823F0
:10BF2000C3F8441151E740F2A731084802F0D2FAB1
:10BF3000A819002100F0004100100141FEFFFF00A0
:10BF400000E100E000C000410200008068FC020146
:10BF5000014BD3E902017047A8190021014BD3F826
:10BF6000040570470010014138B5EFF3108572B633
:10BF70000E4A0F49D2F80405D2F804315BB100240F
:10BF80000B6901330B61C2F80441D2F80405D2F801
:10BF90000431002BF4D10C6905B962B6FFF79AFCA5
:10BFA000044B0021E4FB030138BD00BF0010014138
:10BFB000A81900210080841E30B4EFF3108572B6FA
:10BFC0000E4A0F49D2F80405D2F804315BB10024BF
:10BFD0000B6901330B61C2F80441D2F80405D2F8B1
:10BFE0000431002BF4D10B6905B962B600214FF082
:10BFF000807230BCE3FB0201704700BF00100141BA
:10C00000A819002138B580B3031FDBB2022B4ED82C
:10C01000294A1178B9B94FF48031284A03F5A8703C
:10C020009940C2F80813C2F8481352F82000D2F819
:10C0300004452349001B014021B19B00002103F569
:10C04000A073995038BD54788442E4D11D4805242A
:10C050000129C0F8084512D000244FF0FF304FF0FE
:10C06000FF311470C2E90201D5E7174B4FF480325B
:10C07000C3F80823C3F84005C3F8400138BD13488E
:10C080004FF48054C0F88040BFF34F8FBFF36F8FE1
:10C090004FF0FF35C0F880410B4800244160147513
:10C0A000C0F80853C0F84045C0F84041D4E74FF409
:10C0B0006B716C2002F018FAA819002100100141E0
:10C0C000FEFFFF0000F0004100C0004100E100E081
:10C0D00010B5002836D0031F5FFA83FCBCF1020FB5
:10C0E00057D8334B197811B15B7883425BD04FF44A
:10C0F00080314FEA8C032F4C002001FA0CF103F53C
:10C10000A07322F07F42C4F80813C4F848131851F2
:10C11000D4F80405284B101A034020F07F40B0F5F6
:10C12000000F8CBF00200120002B08BF002000B9A9
:10C1300010BD0CF5A87344F82320C4F80413C4F808
:10C14000441310BD1A4BD3E90201B1F1FF3F08BF00
:10C15000B0F1FF3F15D00AB3184B4FF480310120E6
:10C160000024C3F80413C3F840255864D3F84415D9
:10C17000C3F844458A42DBD82046FFF743FF2046F8
:10C1800010BD1B7D002BE6D140F23F316C2002F048
:10C19000ABF940F267316C2002F0A6F940F243316E
:10C1A0006C2002F0A1F940F263316C2002F09CF99E
:10C1B000A819002100100141FEFFFF0000C000414E
:10C1C000124B1B78012B16D0114B4FF4E0210022AB
:10C1D000C3F84813C3F80813C3F84021C3F8442137
:10C1E0000C4B00224FF0FF31C3F80813C3F8402571
:10C1F000C3F840217047064B4FF4C0220021C3F81A
:10C200004823C3F80823C3F84411E9E7A81900211B
:10C210000010014100C0004120B1154B0122C3F8BC
:10C220004423704730B40121114C124B4FF480521B
:10C23000C4F84813C3F88020BFF34F8FBFF36F8F4C
:10C240004FF0FF34C3F880210B4B4FF0FF350B4A02
:10C2500059601075C3F808434FF0FF34C3F8400528
:10C26000C3F840011070C2E9024530BC704700BFFE
:10C270000010014100E100E000C00041A8190021C8
:10C2800008B5394BD3F80423D00303D5D3F84021A4
:10C29000002A35D1344BD3F80423910303D5D3F8C6
:10C2A0004421002A46D1304BD3F80423520302D54F
:10C2B000D3F848215AB92C4BD3F8042132B12B4A78
:10C2C0000021C3F8041113690133136108BD002272
:10C2D0002749C3F84821D3F84825D3F80435D31AA1
:10C2E000194021B123F07F43B3F5000FE3D91E4B72
:10C2F0004FF480220620C3F8082301F04FFCDAE750
:10C300000022C3F84021D3F84025D3F80435D31ACE
:10C3100023F07F42B2F5000F03D8154A1A40002AD5
:10C32000B8D1114B4FF480320420C3F8082301F038
:10C3300035FCAFE70022C3F84421D3F84425D3F8F5
:10C340000435D31A23F07F42B2F5000F03D8084A10
:10C350001A40002AA7D1044B4FF400320520C3F83D
:10C36000082301F01BFC9EE700100141A8190021E1
:10C37000FEFFFF0010B5204CA378FF2B19D02378C7
:10C3800073B10122022B22751DD11C4B0021C3F871
:10C3900008254FF0FF324FF0FF332170C4E902232C
:10C3A000174BD3F80423D20302D5D3F84021AAB9FE
:10C3B00010BD134BD3F80433002BF9D00720BDE890
:10C3C000104001F0EBBB022360782370FFF71AFEE8
:10C3D0000B4BD3F80423D203EAD5E6E700204FF451
:10C3E0008031FF22C3F80813C3F84001A270BDE8F2
:10C3F000104001F0D3BB00BFA819002100F000419C
:10C4000000C000412DE9F04F1C4695B004EB4404F8
:10C4100004920EAECDE90201FFF79AFD0191E20010
:10C42000C049054601EBC404083204F1080354581E
:10C430000A4424F07F4B92F80C90576892F80D80D4
:10C44000CDF814900FCB86E80F005846FFF742FA5C
:10C450004B46B54A01339042034400F28A8193422D
:10C4600000F3EB80002BC0F2C7809A46FFF7A6F9D5
:10C47000B8F1010F034608D0AC4ED6E902210A40BC
:10C48000013202D1002800F0EC800793FFF7B0F9E9
:10C49000019BAC42069005EA030977EB0303079B77
:10C4A000A9F1FF39B9FA89F94FEA591903D3B9F15A
:10C4B000000F00F0C680029A0321A21A8A42C0F23D
:10C4C000B680002B00F09C80029BE31A0293039B32
:10C4D00067EB0306FFF78CF9029B0930C217834212
:10C4E00076EB020380F0D880049B012B00F0AC8037
:10C4F000B9F1000F00F0DC804FF00009204639460A
:10C50000FFF7A4FBB7F1FF3F08BFB4F1FF3F00F016
:10C510003581254601975846FFF7DCF9844AAAEB96
:10C5200000039342C0F0C280A0EB0A009042C0F02A
:10C530000E817D4A934200F20C81904240F22881A4
:10C540007C4A121AD3170020FFF7C2FD824600284A
:10C550006DD0764EB8F1010FD6E9022300F0F080DD
:10C56000B9F1000F40F0B380B3F1FF3F08BFB2F163
:10C57000FF3F00F0F7800120FFF74EFE337C002BD9
:10C5800040F0EA80621E4FF0060067F10003FFF7FB
:10C590009FFDB369002800F0C28000221A600023CA
:10C5A0008DF84580DDF8149008AE8DF848304FF0D6
:10C5B000FF3208934FF0FF33DFF87C810F978DF83F
:10C5C000449045460E94CDE90A230FCE0FC50FCEF9
:10C5D0000FC596E80F0085E80F0020463946FFF7A3
:10C5E00087F94B4601331B18504641F10001C8E959
:10C5F000043115B0BDE8F08FDFF840A19A4435E76B
:10C600004A4ED6E90232B2F1FF3F08BFB3F1FF3F15
:10C610003FF45AAFE31A069967EB02028B4272F1BC
:10C620000003BFF451AFB8F1010F3FF44DAF4FF02D
:10C63000000A504615B0BDE8F08FDFF8F8A09A4424
:10C6400014E72A46494638E7019BB3F1FF3F08BF8C
:10C65000B5F1FF3F00F0978025F07F4B4FF00009C8
:10C6600059E7FFF7C5F8AC42019B069077EB030250
:10C6700002D32B40013303D1069BDA1C029B05E059
:10C68000337C0246002B2B4618BF0022E31A9A4245
:10C69000CDDC4FF00109B4E7B8F101092046394675
:10C6A00018BF4FF00109FFF7D1FA2BE71A4649E707
:10C6B0002A1B019B63EB0703042A73F1000129DAAB
:10C6C000012A73F10003B2DA25F07F4B23E7B3F1BF
:10C6D000FF3F08BFB2F1FF3F0BD0FFF769F84FF003
:10C6E000FF324FF0FF33C6E90223B9F1000F3FF4E8
:10C6F00045AF069B0520EA1A019B63F10003FFF793
:10C70000E7FC002849D0337C002B7FF43BAF0123AA
:10C71000337437E720463946FFF798FAF2E60122EC
:10C720001A603CE768160021FF7F841EC8190021AB
:10C730000040420F00807BE1701900210080841EC0
:10C74000B3F1FF3F08BFB2F1FF3FCED0C5E7424291
:10C75000F8E601321A44F5E60520FFF753FC002302
:10C7600033740FE7FFF71EF8FFF726FCC6E9020156
:10C7700001E740F22E41702001F0B6FE40F2437115
:10C78000702001F0B1FE40F2A761702001F0ACFE14
:10C7900040F60B01702001F0A7FE40F2312170201D
:10C7A00001F0A2FE2DE9F04F904F83B07C7C04EBAA
:10C7B00044033B445D78202D46D08D4BE6B26400A7
:10C7C000002B00F089808B4BDFF82C92002B61D07E
:10C7D00005EB46124FEA461807EB420A9AF81C305E
:10C7E000013BDBB2052B32D8844A12F803B0BBF10F
:10C7F000080F2CD0AFF30080EFF3108372B63444EF
:10C800009AF81D203C446270A278AA4200F0E680AB
:10C8100013B9AFF3008062B6A84405EB450559464D
:10C8200009EBC50259F8353007EB4808506801227A
:10C8300088F81C2098477C7C04EB4403E6B23B4418
:10C8400064005D78202DC3D103B0BDE8F08F40F2C5
:10C850007261702001F048FE4FF02002A270002BA0
:10C8600000F0BA80A84405EB4505594609EBC5021E
:10C8700059F8353007EB48085068012288F81C2029
:10C8800098477C7C04EB4403E6B23B4464005D784B
:10C89000202DD9D005EB46124FEA461807EB420A85
:10C8A0009AF81C30013BDBB2052BD0D8534A12F862
:10C8B00003B0BBF1080FCAD0AFF30080EFF31083D1
:10C8C00072B634449AF81D203C446270A2789542B6
:10C8D000C2D0002BC6D17FE0464B4FF02009DFF8D5
:10C8E0001CB1DFF814A1002B4DD005EB46124FEA26
:10C8F000461807EB4202137F013BDBB2052BA6D89B
:10C900001BF803100829A2D0EFF3108372B6344449
:10C91000527F3C446270A278954208BF84F802902E
:10C92000002B50D0A84405EB45050AEBC5025AF888
:10C93000353007EB48085068012288F81C209847DA
:10C940007C7C04EB4403E6B23B4464005D78202D1C
:10C95000CBD179E762B6A84405EB45050AEBC502E1
:10C960005AF8353007EB48085068012288F81C2037
:10C9700098477C7C04EB4403E6B23B4464005D785A
:10C98000202D3FF461AF05EB46124FEA461807EB46
:10C990004202137F013BDBB2052B3FF658AF1BF879
:10C9A000031008293FF453AFEFF3108372B63444F9
:10C9B000527F3C446270A278954208BF84F802908E
:10C9C000002BC8D1C6E70191AFF3008062B6A8443E
:10C9D000019905EB4505A8E762B643E74FF0200251
:10C9E000A270002B7FF418AF13E700BFC819002115
:10C9F00000000000000000006816002194FA020107
:10CA00002DE9F04FDFF82CA1994601EB41034FF0DF
:10CA1000200E85B093461AF803400391744582F8BE
:10CA200000E000F082804A01CDF804900646DFF86D
:10CA30000881D94611460FE0737B012B02D0437D5C
:10CA4000012B57D00B1989F80040A6460AEB430387
:10CA50005B7F202B5DD01C4604EB440035684FEA19
:10CA6000440B08EBC000D0E903238768DB1942F1CF
:10CA700000029D4273689341DED2DDF804905D466A
:10CA8000039B89F800E04FEA431B28193768D6E971
:10CA9000012308EBC00013EB070CD0E9023142F18F
:10CAA0000002634571EB020211D3427D012A02D0DC
:10CAB000727B012A03D0012005B0BDE8F08F0193FD
:10CAC000FEF796FE019B0130DB1B8342F3DA25441F
:10CAD00089F80040B27B0BEB040308EBC5050AEBB9
:10CAE0004303A97D91421CD95C7F202C4FEA440569
:10CAF000CBD1E0E70291ED1BFEF77AFE01300299FF
:10CB000085429FDA5D46CB46DDF804909BF800E055
:10CB1000B6E7DDF80490012089F8004005B0BDE8D3
:10CB2000F08F002005B0BDE8F08F012089F80040AB
:10CB3000C2E700BFC8190021681600212DE9F04F97
:10CB40000C46154683B01E469DF83070FEF78EFFEA
:10CB500022684519636846F10006954276EB0303A7
:10CB600042D3DFF88C8005E05D4576EB09033BD3CB
:10CB7000C4E900B90DF107030DF10602394620465C
:10CB8000FFF73EFF88BB9DF80730617B03EB430353
:10CB900008EBC303D3E902A01A691AF1030B40F1B1
:10CBA000000012EB0B0B40F100090129DCD05B7D8A
:10CBB000012BD9D1FEF71CFEABEB0A0301308342F7
:10CBC000D2DA9DF8073003EB430308EBC303D3E944
:10CBD00002B9FEF70DFE013010EB0B0B49EBE079CB
:10CBE0005D4576EB0903C3D2002003B0BDE8F08FAA
:10CBF000681600212DE9F0471C46177A92F809C003
:10CC0000002388B0154612780646E3609DF8408000
:10CC1000A7730F4684F80DC0A360E273C4E9003324
:10CC2000002A3AD1FEF764FE3D4BD5E9042CC31827
:10CC300041F1000E9A427CEB0E030AD3013E4FF401
:10CC40007A7347F1FF372660C4E9017308B0BDE885
:10CC5000F0872C3041F1000182427CEB0103EDD3DF
:10CC6000501E04F10C0304AA6CF10001009306AB02
:10CC7000FEF7A2FE049B68680DF10F02023305A9BE
:10CC80001844FEF76DFE0799DDE9053261609B1AD5
:10CC9000226023F07F43A360D8E704F10C0206A9C9
:10CCA0002048FEF75DFE204B1B78202B24D01F4927
:10CCB0008B69D1E907210A3342F1000A13EB01091C
:10CCC0004AF1000A6B6805AA207B04F108011844A8
:10CCD000C4E9009A0230FEF743FE286932463B461B
:10CCE0002146CDF80080FFF729FF0028AED1C4E926
:10CCF000006708B0BDE8F08716F10A09637B47F1C9
:10CD0000000A012BDED0FEF759FD0028DAD1FEF72C
:10CD10006FFD10EB090399464AF1000AD2E700BF04
:10CD20000040420FFF7F841E681900217019002106
:10CD30002DE9F04100EB40030646314D4700DFF896
:10CD4000C480EC5CFFF70AF94FF0200C4FEA461E56
:10CD500004E04B7FA446202B1C464CD004EB44033C
:10CD60000EEB040108EBC30305EB41019A681B6954
:10CD70009B18121A1B1A22F07F4223F07F43B3F54F
:10CD8000000FE6D8B2F5000FE3D8BCF1200F02D1B6
:10CD90002046BDE8F081BA190CEB461371014FF043
:10CDA000040E15F8028005EB430344465B7FAB5449
:10CDB0000B192246204605EB430394455C7F83F81C
:10CDC0001CE0F5D1BB192B4493F802E0BEF1200F13
:10CDD0005FFA8EFC11D08C4405EB4C0C8CF81D8056
:10CDE0000A443E44202305EB420235445377A870A1
:10CDF0002046BDE8F0811C46C7E783F80180EFE7D5
:10CE0000C8190021681600212DE9F04101EB41030A
:10CE1000434D0C468046EE5C4F00202E38D1414BEE
:10CE20000BB1AFF30080FFF7C7F8AB7C202B0AD023
:10CE30003D4B10F1020CD3E906E241F10003E64557
:10CE400072EB030329D3202E08D042463346FFF766
:10CE5000D9FAB0B30220AE74BDE8F081D5E902235F
:10CE6000B3F1FF3F08BFB2F1FF3F19D12B7C13BBD9
:10CE70000420FFF7C7F8FFF7A3F90020FFF7CCF96C
:10CE80002021AB690022A97401201A60BDE8F0815D
:10CE90000846FFF74DFF8642C1D00020BDE8F08173
:10CEA000FEF786FC4FF0FF334FF0FF32C5E9022357
:10CEB0002B7C002BDCD00520FFF7A4F800232B747B
:10CEC000D6E706EB44133A196101042005EB43034E
:10CED00015F802E05B7FAB5473469C46CA18664562
:10CEE00005EB4202537F1077F7D13B192B4498781A
:10CEF0002028C2B210D00A4405EB420282F81DE09D
:10CF00003C4461442023002005EB410125444B773C
:10CF100085F802C0BDE8F08183F801E0F0E700BFCA
:10CF2000C81900210000000070190021F8B5202266
:10CF3000154D002315494FF0FF364FF0FF37AA700B
:10CF400042F22000AA741C4605F11C022B742880B2
:10CF50006B740B6081F82830C1E90267C5E902678C
:10CF600002F814300134202CFAD1094801F07AFC7F
:10CF7000084B094A1C70107001F0F6FCA861FEF71E
:10CF8000DBFD0123EB74F8BDC819002170190021E5
:10CF9000A5C7010168190021A01900212DE9F04F52
:10CFA00083B0DFF88882FFF707F806460C46FFF7E4
:10CFB00007F94FF0FF334FF0FF32C8E9022398F82A
:10CFC0002830D3B9D8F82000994AD8F8183000F59D
:10CFD000DF610233A2FB0121D8F81C204FEA912126
:10CFE00042F100021B1842F100025B1842F10002FC
:10CFF0009E4274EB020380F008814FF0FF304FF047
:10D00000FF31FEF723FE8B4A92F800B0BBF1200FF0
:10D0100000F0F680884D202313700022AB746B7CE7
:10D02000C8F8002003EB43025FFA83F9AF5C5B00B2
:10D03000202F00930AD0DFF804A207EB47037A0001
:10D040000AEBC303D97D012900F0AD80009B4FEAB4
:10D050004917DFF8ECA103EB09062E443478202CA5
:10D0600004D04846FFF764FE8442F7D1BAF1000FBE
:10D0700001D0AFF30080FEF79FFFAB7C202B09D0DF
:10D0800010F1020ED8E9062341F1000C724573EB52
:10D090000C03E3D3202C19D023460122FFF7B2F969
:10D0A00000285BD007EB0B03AC7405EB43031A7F3E
:10D0B000022A32D0FF23AB71009B4B441D446B7896
:10D0C000202B40F0818003B0BDE8F08FD5E902232A
:10D0D000B3F1FF3F08BFB2F1FF3F07D0FEF768FB97
:10D0E0004FF0FF324FF0FF33C5E902232B7C002BBA
:10D0F00053D10420FEF786FFFFF762F80020FFF708
:10D100008BF8AB6900222021A9741A6007EB0B038E
:10D1100005EB43031A7F022ACCD1484A0BEB4B01A3
:10D1200002EBC102527D022A67D0009A06214A44CE
:10D1300019772A4491782029CBB25BD03B4405EB88
:10D14000430383F81DB0009B5F444B4405EB470746
:10D150002B4483F802B020237B77ABE73B19307870
:10D16000042105EB430302465B7F33701346BA1874
:10D170009C4205EB42021177527FF7D1B17820290A
:10D18000CAB228D03A4405EB42025077B3703B4410
:10D19000202205EB43035A7760E70520FEF732FFB4
:10D1A00000232B74A5E75B7D012B16D1033644F1D8
:10D1B0000004D3190AEBC303D3E90202B042A2412F
:10D1C00028BFC3E9026441E71E4B187803B0BDE8ED
:10D1D000F04F01F073BB7070D8E70192FEF7EEFAE2
:10D1E000019A0028E2D1FEF703FB8619019A44F167
:10D1F0000004DEE782F801B0A5E701221A7759E7BB
:10D2000040F2C121702001F06FF90A4B18210B4A3E
:10D210001B7801FB03F30721D018D35840689847C7
:10D2200040F2B621702001F05FF900BF70190021B3
:10D230009300DC9268190021C819002168160021AA
:10D2400000000000A019002138B505460C46FEF785
:10D25000E1FA002822DB14494B7C01F11C0C5FFA37
:10D2600083FE0CEB831C002302E00133202B13D040
:10D270001CF81320D8B2002AF7D103EB4E1E0B4A3C
:10D2800003EB430301EB4E0142F8335002EBC303BF
:10D2900001225C600A7738BD184638BD40F217316C
:10D2A000702001F021F900BFC81900216816002183
:10D2B0001F28034608D80A494A7C00EB421201EBBA
:10D2C0004202107F012801D00020704791F811C060
:10D2D000002203EB4C1301EB43031A77704700BFA6
:10D2E000C8190021014BD3E90401704770190021CE
:10D2F000014BD3F84005704700C000410378002B74
:10D3000040F0CF806C4A5368C3F308032DE9F04F17
:10D31000814689B0002B40F0B480684D684E05F11D
:10D320001C0ADFF8A0B126B1002140F25B40AFF348
:10D3300000806F7CFFB24FF00003AB7126B100217B
:10D340004FF48C60AFF3008007F101080AEB871CF3
:10D3500008F00108BCE80F000AEB88140FC4BCE811
:10D360000F000FC4BCE80F000FC49CE80F0084E856
:10D370000F0026B1002140F2EB30AFF3008007EB45
:10D38000470708EB4803E95BEA199278E9522B4416
:10D390009A7056B1002140F2EF30AFF3008026B111
:10D3A000002140F26540AFF30080FEF705FE04ABBC
:10D3B0004A46CDF8008004460F46FFF71BFC26B115
:10D3C000002140F26C40AFF300803F4B1B78202BD4
:10D3D0003FD0DBF81830DBF81C200A33DBF82010D4
:10D3E00042F100025B1842F10002CDF80080DDE955
:10D3F0000401984271EB020C22D322463B4604A959
:10D400003248FFF79BFB98B1DDE90401FEF770FAA3
:10D410009DF81C3001331B1841F10001C9F8103090
:10D42000C9F8141026B1002140F27F40AFF300800C
:10D43000AB79002B7FF477AF012009B0BDE8F08F06
:10D44000CDE9043204A922463B462048FFF776FB8B
:10D45000DAE714F10A039DF81D1047F100020129D3
:10D46000C3D0CDE90232FEF7A9F9DDE90232002886
:10D47000BBD1FEF7BDF9029B039AC31842F100022B
:10D48000B3E7103B59B200290DDB114B585C400942
:10D490000028D2D0094D0A4E05F11C0ADFF824B04D
:10D4A00041E70020704703F00F03043B1344187E4C
:10D4B00040090028EED1C0E700ED00E0C8190021C6
:10D4C0000000000070190021681900210040420F7F
:10D4D00000E400E0B74A53682DE9F04FC3F30803B6
:10D4E0008FB003900591002B40F0478108230493EF
:10D4F000059B1B78012B00F23782AF4D25B100212F
:10D5000040F24D50AFF3008000260127AB4C25B10F
:10D51000002140F25A50AFF3008027B9A84B0BB15D
:10D52000AFF3008062B694F811B05FFA8BFB4FF056
:10D530000003A371049B002B40F0CF80D84625B197
:10D54000002140F26E50AFF30080FEF735FD0AABCC
:10D55000059A8246CDF800B0FFF74CFB25B10021BB
:10D5600040F27650AFF30080039B4FEA481703EB7D
:10D57000481904EB490999F81C30013B012B00F2D2
:10D5800081802AF07F4A0A998E4EA1EB0A020C9BF9
:10D59000164022F07F42003E18BF0126B2F5000F70
:10D5A00088BF00265B18A3EB0A0323F07F43B3F583
:10D5B000000F8CBF002606F00106002E65D108EB97
:10D5C000480304224FEA4800234489F81C20997834
:10D5D0002029CAB200F0A1813A44039B04EB420225
:10D5E000537740441F444FF0010A204404EB47079F
:10D5F000837020237B7725B1002140F27B50AFF36D
:10D600000080714B0BB1AFF30080EFF310884746F9
:10D6100072B6A379002B7FF47AAF039B6B4F03EBB9
:10D62000430307EBC3070AAB08370FCB87E80F00AC
:10D63000BAF1000F0BD0049B3BB1002E40F03881B3
:10D64000637CDB4303F001036374FF23A371B8F130
:10D65000000F04D15A4B0BB1AFF3008062B625B175
:10D66000002140F2B250AFF30080BAF1000F72D146
:10D6700025B1002140F2BE50AFF3008050460FB0FC
:10D68000BDE8F08F4FF0000AB5E70DF127030DF16B
:10D69000260259460AA8FFF7B3F98246002800F08F
:10D6A0009F809DF826609DF827C0664540F0B580B4
:10D6B000202E00F04281BB1904EB43035B7F89F805
:10D6C0001D303E44039B04EB4606737700261F443F
:10D6D000032304EB47073B778DE73D4B0BF1010933
:10D6E00003EB8B1E09F0010903EB891CC846BEE859
:10D6F0000F00ACE80F00BEE80F00ACE80F00BEE87A
:10D700000F00ACE80F009EE80F008CE80F0025B179
:10D71000002140F2EB30AFF300800BEB4B0B09EB39
:10D72000490334F80B1004EB0B029278E1522344C6
:10D730009A7055B1002140F2EF30AFF3008025B16F
:10D74000002140F26450AFF30080A379002B7FF4F6
:10D75000DEAECB46F3E6637C03EB43031C44637805
:10D76000202B85D025B1002140F2B950AFF30080C5
:10D77000184B187801F0A2F87AE7103B59B200294B
:10D78000C0F2CF80144B5B5C5B090493002B7FF4E9
:10D79000AFAE124B1B78202B00F0EB80059B1B7863
:10D7A0000493002B3FF4A9AE40F24651702000F0E4
:10D7B0009BFE00BF00ED00E000000000C819002142
:10D7C00000000000FEFFFF000000000068160021BE
:10D7D000E4190021A019002100E400E068190021EB
:10D7E00008EB480304224FEA4800234489F81C2030
:10D7F00099782029CAB200F09C803A44039B04EB3C
:10D800004202537740441F44B2460026204404EBB2
:10D810004707837020237B77EDE6BCF1200F00F0F3
:10D82000AD8007EB0C03202E04EB43035A7F00F07E
:10D830008C80BB194FEA480004EB4303597F5A77A9
:10D8400006914FF005097B180A468E4604EB430308
:10D850009445597F83F81C90F5D100EB080307929B
:10D86000234493F80290B9F1200F5FFA89FC74D039
:10D87000BC44069B04EB4C0C8CF81D3000EB0803F9
:10D88000079A4FF0200C23443A44664583F802E09F
:10D8900004EB4202039B82F81DC03B4404EB4303AC
:10D8A00059777FF40EAF4044039B564623540EE74E
:10D8B000354B1B78202B7FF4C3AE59460220FFF76F
:10D8C000A3FA00287FF4BCAE637C0420DDF80CE0F2
:10D8D00003EB43010EEB431221445FFA83FC04EB9C
:10D8E00042028F7810775A01202F4FEA4303F8B293
:10D8F00036D0111804EB410181F81DE071466344F4
:10D900000A44B246234404EB420299702023537721
:10D91000B8F1000F7FF4A3AE9CE6039A5A70134649
:10D920005FE603F00F03043B13441B7E5B09049383
:10D930002CE7039A5A70134664E708EB48034FEA52
:10D940004800E35C89F81D30ADE708EB48034FEA77
:10D950004800E15CE254069173E7069A5A708DE73D
:10D9600081F801E07146CAE740F24A51702000F0A8
:10D97000BBFD40F24351702000F0B6FD40F2CF11E4
:10D98000702000F0B1FD00BF681900212DE9F84FAB
:10D990007C4C4FF0010ADFF8F0810546B8F1000F2A
:10D9A00004D000214FF4BA60AFF30080BAF1000F49
:10D9B00004D1764B0BB1AFF3008062B64FF0000399
:10D9C000A371B8F1000F04D0002140F2D550AFF39D
:10D9D0000080667C6E4B771C5FFA86F903EB861637
:10D9E00007F0010703EB871C0FCEACE80F000FCE4A
:10D9F000ACE80F000FCEACE80F0096E80F008CE803
:10DA00000F00B8F1000F04D0002140F2EB30AFF36B
:10DA1000008009EB490307EB4702E15AE0184FEA9F
:10DA200047098378A15222449370B8F1000F04D0C3
:10DA3000002140F2EF30AFF30080A37903F0FF0143
:10DA4000002B7ED1B8F1000F03D040F2DF50AFF3CE
:10DA5000008005EB47137E0104EB43031B7F032B80
:10DA600040F08D8009EB070314F803B05D4518BF43
:10DA7000BBF1200F14BF012200226CD05B46F218CC
:10DA8000194604EB42035B7F9D4218BF202B14BF55
:10DA900001220022F3D1202B69D09B455FD0334473
:10DAA000314404EB430304EB41015B7F4B77B8F156
:10DAB000000F0CD0002140F25D30AFF30080B8F1D0
:10DAC000000F04D0002140F2E450AFF300802E4458
:10DAD000012304EB46063377B8F1000F04D0002190
:10DAE00040F2ED50AFF300802A4B0BB1AFF3008052
:10DAF000EFF3108A72B6A379002B7FF44FAF5D4528
:10DB000003D1254B1B78202B33D0637CDB4303F000
:10DB100001036374FF23A3714FF00109BAF1000FF1
:10DB200004D11A4B0BB1AFF3008062B6B8F1000F0D
:10DB300004D0002140F20F60AFF300804846BDE8FA
:10DB4000F88FB8F1000F3FF431AF002140F2DB5005
:10DB5000AFF3008022E7BBF1200F08D05B463344CF
:10DB6000B94404EB43035B7F04F809309FE7914617
:10DB7000D4E739460220FFF747F90028C5D14FF016
:10DB80000009CBE7C81900210000000000000000D8
:10DB9000E4190021000000006819002170B586B06A
:10DBA000072809D8DFE800F02C0808080819040A3B
:10DBB000584B01229B691A6006B070BD564B042178
:10DBC000564A1B7803EB430302EBC30052F8333091
:10DBD000406806B0BDE8704018474E4C237C002BCF
:10DBE00047D0D4E90223B3F1FF3F08BFB2F1FF3FB2
:10DBF00079D00120FEF710FB0023237406B070BD1E
:10DC0000444CD4E90223B3F1FF3F08BFB2F1FF3F18
:10DC10004BD0414E0120FEF7FFFA3378202B4BD03A
:10DC20003F4D95F82520012A30D0FDF7C7FD03466A
:10DC300058BB94F89C200132D2B2312A84F89C203F
:10DC400062D84FF47A7230786946CDE90032CDE976
:10DC50000233CDE90433FFF73DFC00284FD095F89F
:10DC60002840012385F82830FFF798F985F82840E7
:10DC7000A2E72B494FF0FF34274B4FF0FF35274ADF
:10DC80001B78C1E9024505219CE73378234A03EB61
:10DC90004303002102EBC30052F8333084F89C1098
:10DCA000406806B0BDE870401847FDF77BFDFEF701
:10DCB00083F9C4E90201ACE7637C03EB4301DAB208
:10DCC000635C202B16D003EB421204EB4202507F20
:10DCD0006054FF21A1710221114D33701177002290
:10DCE00085F828209DE7FDF75DFDFEF765F9C4E99D
:10DCF00002017EE740F25221702000F0F5FB4FF464
:10DD0000C761702000F0F0FB40F23461702000F039
:10DD1000EBFB00BFC819002168190021681600211B
:10DD2000701900211B4B10B51B7886B0202B26D014
:10DD3000194CD4E90223B3F1FF3F08BFB2F1FF3F12
:10DD400022D10DF10B02D4E90431009203AAC018CC
:10DD500004AB41F10001FDF72FFE9DF80B200520DB
:10DD60000F2ADDE9041394BF00220122521843F167
:10DD70000003A260E360FEF7ABF906B010BD40F20D
:10DD8000DF71702000F0B0FB4FF4FC61702000F0F8
:10DD9000ABFB00BF6819002170190021FEF7DEB847
:10DDA00038B5254B93F800E0BEF1200F3FD0234D4E
:10DDB0006B7C95F811C003EB43035FFA8CFCEB5CC2
:10DDC000202B25D04FEA4C1C1D4C05E0634405EB8D
:10DDD00043035B7F202B1BD003EB430204EBC20207
:10DDE000917D8142F2D80EEB4E0E04EBCE04D4E9C5
:10DDF000021320694018D2E9021243F10003C41C47
:10DE000043F10003A14272EB030304D2002038BDAA
:10DE10004FF0FF3038BD0B4B081A1C680338FDF774
:10DE200059FD04F140038342F0D8001B38BD40F691
:10DE30001B01702000F058FB68190021C81900214F
:10DE400068160021701900218B4B2DE9F04F1D78C9
:10DE500087B0202D019000F00981DFF8209206465E
:10DE6000DFF81C820DF1130299F811308B46D8F8B7
:10DE7000000005A903EB4303304419F80340D8F828
:10DE800018300393D8F820300293FDF769FDA6F10E
:10DE900040027C4B9A4268D805EB4505DFF8E8A1C3
:10DEA000059B0AEBC5018A6808699B18D8E90656E4
:10DEB0001818401B20F07F43B3F5000F55D899F890
:10DEC0001120202CC8F82000D2B288F826B000F02B
:10DED000C0805201DC462021934604EB44024019E5
:10DEE0004FEA44070AEBC20246F1000ED2E9026390
:10DEF000864273EB0E0346D3537D012B03D098F873
:10DF00002530012B35D005200091FEF77BF80099D4
:10DF100099F811004FF0FF324FF0FF332029C0B2C3
:10DF2000C8E9022340F0938000EB4000202419F858
:10DF30000030514A99F81110127802EB411209EBA6
:10DF400042025377D8F80030019A1344C8F80030E1
:10DF5000FF2389F80630202C35D04C4B187800F080
:10DF6000ADFC002007B0BDE8F08F012007B0BDE890
:10DF7000F08F0091751BFDF73BFC01300099854245
:10DF8000C1DA98F826C027440AEBC707BB7D634572
:10DF90000DD90BEB040309EB43035B7F202B16D059
:10DFA0002146D8F820001C46D8E9065695E7DDE959
:10DFB000023202209B18D8F818209B1AC8F820308B
:10DFC00007B0BDE8F08F002007B0BDE8F08F052056
:10DFD000FEF718F899F811004FF0FF324FF0FF33B9
:10DFE000C0B2C8E9022304EB40134FF0050C00EB6C
:10DFF000400209EB430319F802A046005B7F410190
:10E0000009F802305346CF181A461D4609EB470758
:10E0100094427B7F87F81CC0F5D137184F4497F89E
:10E0200002E0BEF1200F5FFA8EFC0DD08C4409EBAC
:10E030004C0C8CF81DA00A443044202109EB42020C
:10E0400048445177857074E787F801A0F3E70C46E0
:10E05000C9E70520FDF7D6FF4FF0FF324FF0FF3341
:10E0600099F81100C8E90223C0B25DE740F6440107
:10E07000702000F039FA00BF68190021C81900218A
:10E0800070190021C03F420F68160021A01900211D
:10E090002DE9F84F944C637C00EB431304EB4303EE
:10E0A0001B7F002B00F01B81667C05468F4FF6B26C
:10E0B00027B1002140F6A500AFF300804FEA4618D3
:10E0C00005EB461604EB4606002F40F0AC8008EB4B
:10E0D000050604EB4606337F012B09D01A1F022ADE
:10E0E00000F29A8008EB0503012204EB43031A7740
:10E0F0004FF0010ADFF8F89127B1002140F6BC008B
:10E10000AFF30080BAF1000F04D17A4B0BB1AFF33B
:10E11000008062B64FF00003A37127B1002140F6E2
:10E12000C100AFF3008094F811C00CF101065FFA52
:10E130008CF809EB8C1C06F00106BCE80F0009EB1B
:10E14000861EAEE80F00BCE80F00AEE80F00BCE88A
:10E150000F00AEE80F009CE80F008EE80F0027B11B
:10E16000002140F2EB30AFF3008008EB480806EBEB
:10E17000460334F8081004EB08024FEA460B927885
:10E18000E15223449A7027B1002140F2EF30AFF3FF
:10E190000080A37903F0FF01002B58D11FB140F696
:10E1A000CB00AFF300800BEB060323445878202804
:10E1B00010D0854200F08480804671014246C246FC
:10E1C0008B1804EB430393F81D80454548D0B8F104
:10E1D000200FF3D127B1002140F6CF00AFF300802C
:10E1E000454B0BB1AFF30080EFF310839A4672B644
:10E1F000A279002A80D16674FF22A27123B93D4B17
:10E200000BB1AFF3008062B627B1002140F6E10008
:10E21000AFF30080BDE8F88F05F046FD337F012B9A
:10E220007FF45CAF64E7337F012B3FF461AF1A1FCB
:10E23000022A36D9002140F6B100AFF3008005F084
:10E2400033FD002140F6B500AFF300803CE7002F1E
:10E250003FF458AF002140F6C700AFF300804BE712
:10E26000B8F1200FB6D0404530D00A44414404EB09
:10E27000410104EB42024B7F537727B1002140F26A
:10E280005530AFF300800BEB060323449B78984591
:10E290000AD0002FA4D0002140F25D30AFF30080FF
:10E2A00098E701233377CCE727B100214FF456706C
:10E2B000AFF300800BEB0603234483F802A0E8E7EA
:10E2C000202887D080464FF0200A710141440BEB93
:10E2D000060304EB410123444A7F5A70CDE740F620
:10E2E0009C01702000F000F9C81900210000000016
:10E2F000E4190021000000000000000070B586B0A5
:10E300005BBB054610460C460DF10B06FDF7E2FA25
:10E310000246214604AB1446284603AA0096FDF7A0
:10E320004BFB039A1249A31A8B4209D3121B8A4250
:10E330000CD310498B420BD88A4213D90E4B9B1A2F
:10E340000A9AA2F10F00C01A06B070BD5342F7E757
:10E3500003F1F45303F59023F2E740F6E701702050
:10E3600000F0C2F840F60B01702000F0BDF800BFCD
:10E370000040420FFF7F841E00807BE1BFF34F8F80
:10E380000549064BCA6802F4E0621343CB60BFF351
:10E390004F8F00BFFDE700BF00ED00E00400FA056D
:10E3A000094B01225A604FF0FF32C3F808234FF4A3
:10E3B0000052064BC3F88020BFF34F8FBFF36F8F1F
:10E3C000C3F88021704700BF00D0004100E100E0A9
:10E3D000094B01225A604FF0FF32C3F808234FF473
:10E3E0008032064BC3F88020BFF34F8FBFF36F8F8F
:10E3F000C3F88021704700BF0000014100E100E048
:10E4000010B5134900230122124CC1F8FC3FC1F89A
:10E41000FC2FDA00013302F1FF7202F58032D2F8EC
:10E4200000032040884202BFD2F80003D2F8042340
:10E430000260202BEDD1084B4FF48072C3F880208E
:10E44000BFF34F8FBFF36F8FC3F8802110BD00BFA4
:10E450000080004100F0FFFF00E100E0F8B51B4E36
:10E4600005460C461746337863BB00F06BFA05F09F
:10E47000FCFB77603472FFF7C3FF1548FFF7A8FF76
:10E48000FFF78EFF002D18BF2846FDF7C9F9054696
:10E49000B0B9FEF74BFDFDF7B5F905F0EAFB002C2E
:10E4A0000CDB04F01F0264090123A400934004F173
:10E4B000604404F56144C4F8803123600123337063
:10E4C0002846F8BD4FF0FF35FAE700BF681A002173
:10E4D0009AFA020108B572B6024B5B6803B198471D
:10E4E000FFF74CFF681A00211FB572B6134B5D6829
:10E4F0008DB9FFF743FFB4FBF6F4D3B20132002C21
:10E50000F9D103F110026A4402F80C4C0A2233B923
:10E5100001A8A847EDE7044600220A26EDE7013BE3
:10E52000DBB203F110040DEB0406B0FBF2F402FBC6
:10E530001400303006F80C0C2046E8E7681A002179
:10E54000074B93F90830002B09DB5A09012103F02E
:10E550001F03403201FA03F3024941F822307047A9
:10E56000681A002100E100E0014B1878704700BFF5
:10E57000681A00212DE9F84FDFF8C4A00126314CBC
:10E580000746314DDFF8C4909AF800805FFA88F8AA
:10E59000FF238AF80030B8F1000F01D08AF801306B
:10E5A000EFF3108272B600236660C4F80031C4F83D
:10E5B0000431C4F8047526603AB962B605E0D4F8AF
:10E5C000043133B92B69DB0620D4D4F80031002B99
:10E5D000F5D0D4F80431002BE2D1B8F1000F13D1FB
:10E5E0009AF80130DBB28AF8018003214FF400521F
:10E5F000C4F80813C4F80481C4F80081C9F8802164
:10E600008AF80080002BBFD1BDE8F88F4FF400538B
:10E61000C9F88031EFF3108B72B60323C4F80433CA
:10E62000D4F8003113B9D4F804311BB1BBF1000F99
:10E63000CBD1C2E705F038FBBBF1000FC5D1BCE779
:10E64000741A002100D0004100ED00E000E100E07C
:10E6500070B51546DA078CB01C4686468C4640F1EC
:10E66000A280C37B6E4642788DF80030837B8DF8A4
:10E670000E208DF80130437B8DF80230037B8DF83E
:10E680000330C37A8DF80430837A8DF80530437AED
:10E690008DF80630037A8DF80730C3798DF808308D
:10E6A00083798DF8093043798DF80A3003798DF834
:10E6B0000B30C3788DF80C3083788DF80D300378EB
:10E6C0008DF80F30CB7B4A788DF810308B7B8DF82E
:10E6D0001E208DF811304B7B8DF812300B7B8DF89E
:10E6E0001330CB7A8DF814308B7A8DF815304B7A45
:10E6F0008DF816300B7A8DF81730CB798DF81830ED
:10E700008B798DF819304B798DF81A300B798DF89B
:10E710001B30CB788DF81C308B788DF81D300B7842
:10E720008DF81F303046FFF725FFA30731D59DF840
:10E730002F009DF82E109DF82D209DF82C3028706C
:10E7400069709DF82B009DF82A10AA70EB709DF857
:10E7500029209DF82830287169719DF827009DF8BF
:10E760002610AA71EB719DF825209DF8243028729F
:10E7700069729DF823009DF82210AA72EB729DF831
:10E7800021209DF8203028736973AA73EB730CB0B5
:10E7900070BD0DF1200CBCE80F0028606960AA6014
:10E7A000EB600CB070BD6E46DEF80410DEF8082099
:10E7B000DEF80C30B6460068AEE80F00DCF800006A
:10E7C000DCF80410DCF80820DCF80C30AEE80F00B0
:10E7D000A8E700BF10B5002482B0CDE90044FFF7E0
:10E7E00037FF02B010BD00BF1B4B4FF4803270B535
:10E7F000C3F88020BFF34F8FBFF36F8F174D0021F9
:10E80000174CC5F80011C3F880212669236906F06A
:10E81000100643F0100323610123C5F804332B6075
:10E82000D5F80031A3B11EB9236923F01003236189
:10E830000A4B0122D3F808055A60C3F808230022C6
:10E84000C3F800214FF48032034BC3F8802170BD20
:10E8500005F02AFAE4E700BF00E100E00000014112
:10E8600000ED00E002460C49052038B50138C0B281
:10E87000FF2803D148216920FFF736FE01EBC003D2
:10E880001D7905F0FF04002DF0D141F83020012260
:10E890005C719C711A7138BD781A0021042808B582
:10E8A00003D94F216920FFF71FFE034B03EBC00084
:10E8B0000023037108BD00BF781A0021042808B5A1
:10E8C00003D958216920FFF70FFE094B03EBC00065
:10E8D0000379012B01D05921F4E74379827901337F
:10E8E000DBB29A4218BF4371BDE80840FFF728BE6B
:10E8F000781A002170B50625114C0026013D15F04F
:10E90000FF0500D170BD94F8281004EBC1031A79FB
:10E91000012A09D158799A79904205D05A79D2B210
:10E920009A7154F83130984794F828300133DBB2AB
:10E93000042B94BF84F8283084F82860DEE700BFF9
:10E94000781A0021024BD3F83021024B1A6070472D
:10E950000000FF01A41A0021024B1868C31F58428F
:10E9600058417047A41A0021004870470007084129
:10E97000914270B53BD2B2FA82F33BB1C3F12004AD
:10E9800099409A4020FA04F498402143160C1FFA4B
:10E9900082FE030C85B2B1FBF6FC06FB1C142404BA
:10E9A00004EB10400CFB0EF4844206D9201A90426E
:10E9B0008CBF02200120ACEB000C03EB01410CFBEF
:10E9C00012114FEA0C4CB1FBF6F006FB101100FBE4
:10E9D0000EFE05EB01418E4506D9AEEB010E9645C4
:10E9E0008CBF02220122801A40EA0C0070BD732104
:10E9F0009620FFF779FD00BF70B5044616461D4608
:10EA0000FFF7B6FF049B00FB164428601C6070BD36
:10EA10002DE9F8431C4652EA040348D00746154640
:10EA20000E4694B3B4FA84F9B9F11F0F43DC4FF0EA
:10EA3000010808FA09F220FA08F0A2FB05C340EA2F
:10EA4000C17021FA08F102FB0432FFF791FFC9F10E
:10EA50001F030021D84028D0431E8C46804661EB1E
:10EA60000101184605FB01F203FB0422A5FB033E4E
:10EA7000FB1A72441F4666EB0206AF4276EB0403B4
:10EA800011D340466146BDE8F883914208D3214640
:10EA90003046FFF76DFF04462A46384604FB1561F1
:10EAA000FFF766FF2146BDE8F8838446E5E7CA2103
:10EAB0009620FFF719FDE7219620FFF715FD00BF0F
:10EAC00092B1013A17D0034600EB020C10B501E0F9
:10EAD0009C450BD08E461C4611F8012B13F8010BF8
:10EAE0009042F5D0801A10BD1046704760789EF8AD
:10EAF0000120801A10BD00780A78801A704700BF84
:10EB000010B5441A94422BD34AB34B1CC31A022BA0
:10EB100031D9531E072B2ED922F003048C4686468A
:10EB20000C445CF8043BA4454EF8043BF9D122F0B8
:10EB3000030302F003049A4200EB030C01EB030E03
:10EB40000DD0CA5C012CC25409D09EF80130022CB1
:10EB50008CF8013003D09EF802308CF8023010BDE2
:10EB6000002AFCD08B18024413F801CD8B4202F826
:10EB700001CDF9D110BD4B1E0244014613F8014FDF
:10EB800001F8014B9142F9D110BD00BF2DE9F041D0
:10EB900084075FFA81FE5FD0002A59D0034601E066
:10EBA000002A55D003F801EB990702F1FF32F7D1A3
:10EBB0004EEA0E24032A44EA04443ED9151FC3F347
:10EBC0008001AE08172D06F1010647D998460029A5
:10EBD00040D048F8044B771A03EB810C79080CEB12
:10EBE000C101CCE900440CF1080C6145F9D127F0D2
:10EBF000010C08EB8C016745CCEB8C7805EB8805A4
:10EC000017D02F1F0C60032F13D9A5F108074C60F4
:10EC1000032F0ED9A5F10C078C60032F09D9A5F19C
:10EC20001007CC60032F04D9143D0C61032D88BF5D
:10EC30004C6102F0030203EB86034AB1013A83F808
:10EC400000E005D0012A83F801E018BF83F802E054
:10EC5000BDE8F0811546BEE70346A9E7194615460B
:10EC6000CFE700BF094B0A4AC3F880210132C3F83D
:10EC700084210132C3F88C210132C3F89021013282
:10EC8000C3F8EC210132C3F89020704700800041A6
:10EC900004000080074B0022C3F88021C3F88421C0
:10ECA000C3F88C21C3F89021C3F8EC21C3F890205D
:10ECB000704700BF00800041844641EA000313F022
:10ECC000030359D1403A33D32DE9F000F0C9F0C025
:10ECD000F0C9F0C0F0C9F0C0F0C9F0C0403AF5D2B8
:10ECE000F0BC25E0403A23D30B6803604B684360D7
:10ECF0008B688360CB68C3600B6903614B694361B8
:10ED00008B698361CB69C3610B6A03624B6A43629F
:10ED10008B6A8362CB6AC3620B6B03634B6B436387
:10ED20008B6B8363CB6BC36340304031403ADBD2A3
:10ED300030320BD30B6803604B6843608B68836091
:10ED4000CB68C36010301031103AF3D20C3205D3C7
:10ED500051F8043B40F8043B043AF9D2043208D09D
:10ED6000D2071CBF11F8013B00F8013B01D30B880F
:10ED700003806046704700BF082A13D38B07B1D0C9
:10ED800010F00303AED0C3F10403D21ADB071CBF9B
:10ED900011F8013B00F8013BA4D331F8023B20F805
:10EDA000023B9FE7043AD9D3013A11F8013B00F83E
:10EDB000013BF9D20B7803704B7843708B788370EA
:10EDC00060467047014B1B681B68184740070021CD
:10EDD000014B1B685B68184740070021014B1B680B
:10EDE0009B68184740070021014B1B681B691847A7
:10EDF0004007002138B505460C46EAF7D5FA30B190
:10EE00003E2D04D12046BDE83840EAF70DBB38BDA1
:10EE10001FB5014601A800F006F801A803F032FA78
:10EE200005B05DF804FB0B880022C3F30B0383805D
:10EE30004B884272C3804B78C3F30113012B02D07D
:10EE4000022B18BF134604310372016070478B8890
:10EE5000043010B500F8043C0C4610F8033C03F0F5
:10EE6000F00300F8033C8A88C2F30322134300F83E
:10EE7000033C03F0CF03CA8800F8022CCA8800F8CC
:10EE8000033C120A00F8012C0A7A120102F0300247
:10EE9000134303F03F0300F8033C4A7A43EA82132A
:10EEA00000F8033C0968814205D0E288FB2A28BFAC
:10EEB000FB22FFF701FFE0880430C0B210BD8B8851
:10EEC0000A46043010B400F8043C10F8033C03F088
:10EED000F00300F8033C8988C1F303210B4300F8D9
:10EEE000033C03F0CF03D18800F8021C10F8011C8A
:10EEF00001F0C00100F8011CD48800F8033CC4F301
:10EF00000524214300F8011C01F03F01147A24017B
:10EF100004F03004234303F0BF0300F8033C547AA9
:10EF200000F8011C43EA841303F07F0300F8033C5C
:10EF30001168814203D0D28810BCFFF7BDBE10BC5F
:10EF400070472DE9F8430B7805460C46013B822BB0
:10EF500000F27882DFE813F099009D00A1005201D1
:10EF600076021A01200126012C01320136013801F6
:10EF700048014E0183007602A6007602AA003C01F9
:10EF800042015C01620156017602680176027B0152
:10EF9000AB01B101B7017602BD01C901CF01760213
:10EFA000FF010D023502130227022F02190221026E
:10EFB0006A0270023B02410259024702760276025F
:10EFC0007602760276027602760276027602760281
:10EFD0007602760276027602760276027602760271
:10EFE0007602760276027602760276027602760261
:10EFF0007602760276027602760276027602760251
:10F000007602760276027602760276027602760240
:10F010007602760276027602760276027602760230
:10F020007602760276027602760276027602760220
:10F030007602760276027602760276027602760210
:10F040007602760276027602760276027602760200
:10F05000760276027602760276024D0253020E2383
:10F06000B1F803200B7042F283039A4209D10623C0
:10F07000637066782146284602363246FFF71CFE4A
:10F080005AE03121C720E9F79DFE0C230B700823BD
:10F09000EEE71A230B700123EAE73E230B700223ED
:10F0A000A370E6E73E230B700B23F9E72920EAF76C
:10F0B000BBF928B13E232370222363702923EFE795
:10F0C0000A20EAF7B1F93E2305F1080204F108012C
:10F0D0002B70A0B30A23AB70E378EB70A3882B717D
:10F0E000A3881B0A6B71A379AB71E379EB71A368F9
:10F0F000AB608B8893801F22D4F80E30C5F80E3099
:10F10000638A6B8263696B61238B2B83638BAB7622
:10F11000638B1B0AEB76A38B2B77A38B1B0A6B7776
:10F12000E38BAB77E38B1B0AEB7794F8203085F801
:10F1300020306A70023296B23046BDE8F88301236F
:10F14000AB70E378EB70A3882B71A3881B0A6B71FB
:10F15000A379AB71E37903F00103EB71A368AB60B2
:10F160008B8893801322638BAB73638B1B0AEB73C7
:10F17000A38B2B74A38B1B0A6B74E38BAB74E38B95
:10F180001B0AEB7494F820302B75D2E73E230B70EA
:10F1900004234B70142383E73E230B700C234B7026
:10F1A00004237DE73E230B700A234B70032377E78C
:10F1B0003E230B700D234B70052371E7052323704D
:10F1C000042355E70823FAE730230B7003234FE7A6
:10F1D0003E230B700B234B70072361E73E230B701C
:10F1E00006234B700C235BE713230B708B789B007B
:10F1F00001333DE757230B70022339E73E230B70A1
:10F200000D234DE73E230B7001234B70112347E77D
:10F210003E230B7006234B70122341E73E230B70F5
:10F2200009234B7013233BE73E2303702420EAF7A6
:10F23000FBF8002815BF24230E2313260F26324681
:10F24000A11CE81CAB70FFF737FD721C71E73E2371
:10F2500003702520EAF7E8F8C0B125230A26AB7031
:10F26000D4F80230C5F80330D4F80630C5F80730BA
:10F270006389A5F80B30F01CE27A04F10C012844F4
:10F28000FFF71AFDE27A0132324452E70F230726D4
:10F29000AB706388A5F8033023796B716379AB7128
:10F2A000A379EB71A37A2B72E37A6B72E3E73E23C7
:10F2B0000B7003234B701023F2E63E230B700523E3
:10F2C0004B702023ECE63E230B7009234B70212367
:10F2D000E6E63E2303702620EAF7A6F8002815BFCD
:10F2E0002623182317261326A9E73E230B70042391
:10F2F0004B702723D4E63E234FF00008814603706D
:10F30000282346468370D1F8023049F8033FAA7992
:10F310005FFA88F39A4205D8721D92B2002A3FF430
:10F32000A8AE06E7B21D331D08F10108A118A258C6
:10F3300009EB030049F80320063131F8023C06309E
:10F3400020F8023C10F8017C3A460637FFF7B4FC7F
:10F350003E44B6B2DBE73E232A200B70EAF764F89E
:10F3600018B12B2363702A239AE61D236370192397
:10F3700096E63E230B7007234B701A2390E63E233C
:10F380000B7014234B7022238AE63E230B700B7CF8
:10F390005B000F334B701D2382E63E230B7003236B
:10F3A0004B701E237CE63E230B700B7D5B001333FA
:10F3B0004B701B2374E63E230B7003234B701C23FE
:10F3C0006EE63E230B7005234B701F2368E6FF2378
:10F3D0000B700B234B70A22362E6FF230B700523F7
:10F3E0004B70A3235CE6FF230B700D234B7080232F
:10F3F00056E6FF230B700D234B70822350E6FF234C
:10F400000B7002234B7083234AE6FF23C21C037058
:10F4100081238370D1F8033003F1280153F8040BE2
:10F420008B4242F8040BF9D1292282E63E230B706D
:10F430000C234B70232333E63E230B700E234B70BB
:10F44000FD232DE640F242211CE608B510B1FFF77E
:10F45000DFFC10B96FF0150008BD0020FCE710B507
:10F460000C4648B141B1E9F72BFF0028207014BFCA
:10F4700000206FF0220010BD6FF01500FBE708B50B
:10F48000E9F7B0FF002008BD01F00BB9F3F726BA89
:10F49000F3F742BAF3F754BA08B5E9F7B5FF00201D
:10F4A00008BD01F042BD01F064BD03460222002008
:10F4B0001A70032258709A708922D8705A716FF0AE
:10F4C000650218719A715022DA716FF075021A7222
:10F4D0006FF06A025A7201229A726FF06302DA7256
:10F4E000704701F02EB938B50446FAF717FA01282B
:10F4F0001BD1601CFAF71AFAB8B1A3790020E51DF8
:10F5000063F03F03A371F4F74DFC40B110220021DA
:10F510002846FFF73BFB01230020237038BD284617
:10F52000FAF71CFA0028F1D0F5E70023F4E710B54C
:10F53000044610220021FFF729FB04F110031022DA
:10F5400000211846FFF722FBFAF726FA0020F4F70D
:10F5500029FC20B12046FAF701FA002010BDFAF785
:10F56000DDF90028F6D0F8E710B50446FFF73CF9BE
:10F57000B0F5007F09DA10F5007F08DD031EB8BF83
:10F5800003339B100020237010BD7F23FAE76FF038
:10F590007E03F7E71FB5002341F64B524178CDF8C3
:10F5A0000A30D0F80230934295BF4FF47A7240F29D
:10F5B000E242B3FBF2F3B3FBF2F398BF03F55063FF
:10F5C00002789BB242EA0122ADF80230ADF8002089
:10F5D000ADF80430C279837943EA0223ADF80630EE
:10F5E000427A037A684643EA0223ADF8083001F014
:10F5F000DDF905B05DF804FB01F040BD007800388E
:10F6000018BF012001F0BCB9F4F730B88178008848
:10F6100001F0FFBC01F01BBDF4F730B837B505466B
:10F620000C4600880DF1060101F0AFF92B8823800C
:10F63000BDF80630638003B030BDF4F727B8F4F7A7
:10F6400031B8F4F74DB801F04BBD01F013B801F03B
:10F650006DB808B5E9F7E0FE002008BDF3F7B8B9CA
:10F6600001F081B8F3F784BF01F04CB801F0FBBBA7
:10F6700001F0C5BB01F00CBCF3F764BB01F066B947
:10F68000F3F784BDF3F7E8BD00F03BBF00F040BFE7
:10F6900000F089BF00F0A5BF01F088B901F0F0B912
:10F6A00001F06FB801F042BA01F037B800F0F3BFD3
:10F6B00001F062BA03880B8001F01CBC03880B8048
:10F6C00001F026BC01F084B8F3F714BAF3F7FAB9E5
:10F6D00000F02CBF00F04DBF00F0BABF00F0C6BF75
:10F6E00000F0A6BF00F09BBF01F0A5B801F0CBB8B9
:10F6F000F3F70ABA01F0FFB800F0F3BF01F0ACB8BD
:10F70000F4F708B801F0CABCF3F76CB9F3F72ABAFA
:10F7100001F070BCF8B5941C0E46054617460C4423
:10F720006343B3F5004FA8BF4FF0FF3310F0030160
:10F730009CB203D0B0211420E9F744FBB4F5004F8C
:10F7400001D9B121F7E714220430FFF71FFAEF7453
:10F750006C802E80F8BD70B50688C58803898E42FE
:10F76000C5F30E02C3F30E0403D2D2211420E9F72D
:10F7700029FB5D40C5F30E030BB92D0409D4A24249
:10F7800009D2C37CA41A0233E41AA14203DD002388
:10F790008374184604E018320123815283741044A4
:10F7A00070BD023101444A43B2F5004FA8BF4FF08B
:10F7B000FF3290B21B3020F00300B0F5004F34BF91
:10F7C00000B24FF0FF30704740881B3020F003003C
:10F7D000B0F5004F34BF00B24FF0FF3080B2704739
:10F7E00038B503888B4204D24FF485711420E9F7B1
:10F7F000E9FA857C65B1C388C3F30E031833C25A96
:10F800008A4207D3C152811DE9F736FE0023837473
:10F81000284638BD0025FBE703461830F0B59C8824
:10F82000A5B2C4F30E06DC88AC4202D10020D88118
:10F83000F0BD5F89DC7C855B3C44ED1B0234ADB2DE
:10F84000344420440C88AC4288BF0D805C89B4FAF3
:10F8500084F4640914700A88DA81E9E7F8B58288CB
:10F860000026C38904460D4692B20E60CBB1418991
:10F87000C2F30E020B4418329BB28718825A43819E
:10F88000934204D940F257111420E9F79BFA04D1AE
:10F89000011DE9F7F1FD46812F6000230120E3817E
:10F8A000F8BD1846FCE782880146038992B293426C
:10F8B00010B508D0C3F30E0308311833C45AE9F762
:10F8C000DBFD204610BD0024FBE78388C0889BB287
:10F8D000C31A584258417047828873B595B2C4889C
:10F8E000C2F30E02AC4202F1180212D04189C6895D
:10F8F000835A314499420EDB0DF10601ADF80650F2
:10F90000E9F7BAFDBDF80600001B18BF012002B0E0
:10F9100070BD0020FBE70120F9E770B505890346BB
:10F92000C4881830C5F30E02C4F30E066C40C4F34D
:10F930000E0525B9240402D50020188270BDB242FC
:10F940001C8806D9DD7C921B0235521B9442A8BF4D
:10F9500014469D890DB1825BA41AA142ECDCDA7CCD
:10F960003544198202322A441044E7E7F8B5038A85
:10F97000002B38D08B4236D3C48800F11803858918
:10F98000C4F30E041E1995B91D55757085891E5B4B
:10F990000D443144ADB285811953D2B1811DE9F7CF
:10F9A0006BFD00238381002303820120F8BD1E5BD1
:10F9B000AE4204D040F201211420E9F703FAC57CDD
:10F9C0002644878A023535445E195F53857DB570BC
:10F9D000DCE7C27C2C44023214441A191B5B83827C
:10F9E00093788375DFE70020E0E78388C2889BB2C5
:10F9F0009A4206D0428922B9C3F30E031833184441
:10FA0000704700207047C37C088802330B441360A2
:10FA100070470230704738B58388C2889BB29A42DB
:10FA200009D043893BB9C5893DB9011DE9F724FDDA
:10FA3000C581012038BD0020FCE71846FAE703889D
:10FA40001380C388C3F30E031833034480890B600B
:10FA500070470368002223B9C0E90132031D036027
:10FA6000704759681B680A44F5E7072938B503460B
:10FA700004D84FF4EC711520E9F7A4F90068A8B197
:10FA8000D0E900248C4212D02AB901F10805AC4219
:10FA900004D210460AE003461046F1E742504518EA
:10FAA0001A68641A12686C6042501D6038BD1A6092
:10FAB000FCE70023C1E9003203680B600160704776
:10FAC00030B590B18478B1FBF4F304FB131300EB71
:10FAD000430252898A4201D1D8B230BDC27822B9DC
:10FAE00000F10A03D0B2844201D8FF20F5E733F8D1
:10FAF000025B0132A942F5D1EFE782780388053233
:10FB00004B4303EB42031844704713B500230446EC
:10FB1000CDE900338DF806006846E9F791FE08B19B
:10FB200002B010BD2146BDF80400E9F765FE0028CB
:10FB3000F2D040F215211720E9F744F970B51E46BE
:10FB40000D460921FFF72DFE0446324609212846BD
:10FB5000FFF727FE002C03DB002801DB204470BDEB
:10FB60004FF0FF30FBE7D31D23F0070370B50833D8
:10FB700090B110F0070403D058212220E9F722F9B0
:10FB800004604FF6FF75C28000F108040A468180C8
:10FB9000013A92B2AA4203D103FB01F0083070BDD2
:10FBA0000668266004601C44F2E718B1C2888188A8
:10FBB000FFF7D9BF70470346EFF3108272B60068B3
:10FBC00030B1016819600023037043708370C37003
:10FBD00002B962B67047EFF3108372B602680A602A
:10FBE000016003B962B67047012303707047F8B52E
:10FBF000054608461E461146002814BF002402246C
:10FC0000FF23AB702B191B7D012B04D001342B1962
:10FC10001B7D012B19D105EB44073B8B3A8C9819BE
:10FC2000904204DD00202C4438832075F8BD05EB9C
:10FC30008404324660681844FFF73EF83A8B164455
:10FC40003E830023AB700120F0E70020EEE700299F
:10FC500010B514BF00230223FF218170C1180C7D51
:10FC6000012C07D10C3320F8132002230B7500233D
:10FC7000837010BD0133C1180C7D012CF2D04FF4FC
:10FC80008C710920E9F79EF8024630B5837803F0BD
:10FC9000FF00F3B9137D022B19D0537D022B19D12C
:10FCA0000346012089B10024D5180C332C7522F8A5
:10FCB0001340131803241C7502EB80035B680B6070
:10FCC00000F10C0332F813308B80012002E0012395
:10FCD000E8E7002030BD30B58378E3B9837D022B9F
:10FCE00017D0C47D022C16D1032381B1002205193F
:10FCF0000C342A7520F81420C2180324147500EB64
:10FD000083020C33526830F813300A608B80012074
:10FD100002E00324E9E7002030BD037D012B01D17F
:10FD2000008B7047437D012B0CBF408B0020704738
:10FD3000837D012B01D1808B7047C37D012B0CBFCC
:10FD4000C08B00207047038B23B9408B003818BF4D
:10FD50000120704701207047838B23B9C08B003886
:10FD600018BF0120704701207047027D022A01D18F
:10FD7000008B7047437D022B01D1408B7047032AD3
:10FD8000F6D0032BF9D000207047827D022A01D1E2
:10FD9000808B7047C37D022B01D1C08B7047032A33
:10FDA000F6D0032BF9D0002070472DE9F04106462C
:10FDB000069898460D46430711469DF81C7002D0E0
:10FDC00010F0030003D025214C20E8F7FBFF4FF48F
:10FDD0008B72FFF7C8FE002F06AB044600FB08F14C
:10FDE00014BF00201846E9F769FB17B9069B33607A
:10FDF0002C60BDE8F081E9F7F3BE00EA400303EAB6
:10FE0000430303EA430303EA430303EA430313EA16
:10FE100043030CBF01200020704708B5034610467D
:10FE20008B4209D03AB183EA010002F0ADFB012810
:10FE30008CBF0020012008BD0120FCE737B500235E
:10FE400004460D46CDE900336846E9F7F9FC30B1C8
:10FE50000023CDE9003302238DF8063011E0009B2A
:10FE60002A462046196AFFF7D8FF0028ECD003B0D5
:10FE700030BD009B2A462046196AFFF7CEFF0028B6
:10FE8000F5D16846E9F7DCFC0028F2D00023CDE983
:10FE9000003304238DF8063007E0009B2A462046F5
:10FEA0001968FFF7BAFF0028E1D16846E9F7C8FCF6
:10FEB0000028F2D00023CDE9003305238DF8063069
:10FEC00007E0009B2A4620461968FFF7A6FF002896
:10FED000CDD16846E9F7B4FC0028F2D00023CDE983
:10FEE000003309238DF8063008E0009B2A4620469F
:10FEF000D3F8B811FFF791FF0028B8D16846E9F7A9
:10FF00009FFC0028F1D00023CDE900330B238DF8AE
:10FF1000063007E0009B2A462046D3F8E410FFF79E
:10FF20007CFFE8B96846E9F78BFC0028F2D0002294
:10FF30004FF44023CDE900236846E9F781FC30B156
:10FF40000023CDE900330A238DF8063014E0009B2E
:10FF50002A462046D3F8E410FFF75FFF0028EBD0D5
:10FF6000012084E7009B2A462046D3F81411FFF7AE
:10FF700054FF00287FF47BAF6846E9F761FC002856
:10FF8000F0D0002073E770B523260025F4F74CFF6E
:10FF90000446F1F7F7FE40B100212046FFF74EFF7F
:10FFA00068B925462046F1F723FF013E01D000281D
:10FFB000ECD035B940F215210F20E8F703FF0020FF
:10FFC000F3E7284670BD10F0FD0F14BF012000209C
:10FFD00070476FF45063C318062B8EBF40F2E243A4
:10FFE000A0F550604FF47A735843704790F8E031B1
:10FFF000DBB290F8A8202AB913F0FB0F14BF012040
:020000040102F7
:10000000002070470020704790F8FC31DBB290F878
:10001000A8202AB913F0FB0F14BF0120002070475D
:10002000002070472DE9F8438046B0F85E60B0F8D4
:1000300060501746343089B3F1F724FC044602219E
:1000400001F06BFC81460221204601F066FC4E4522
:10005000B8F8003028BF4E463B80B6B21B2E38BFE2
:100060001B26FB2E28BFFB26854228BF05467E8027
:10007000ADB21B2D38BF1B25FB2D28BFFB25B4F5CA
:10008000A47F38BF4FF4A474FD80B4F5296F28BF56
:100090004FF42964BC803C81BDE8F883EBF7ACFCED
:1000A000CCE713B501210020E9F790FB044688B99D
:1000B00001210846E9F78AFB0446C0B90023CDE9CF
:1000C000003303238DF806306846E9F7B9FBC8B161
:1000D00000200AE0A830F0F71FF80028E8D02046FA
:1000E000EEF74CFE0028E3D0012002B010BDA8308E
:1000F000F0F712F80028E1D02046EEF73FFE002886
:10010000DCD0F1E7009C2046EBF75AFE0028DBD05C
:10011000204603F0CCF90028D6D0E5E7002307B548
:10012000CDE9003303238DF806306846E9F788FBF4
:1001300008B1002004E00098EBF742FE0028F4D05C
:1001400003B05DF804FB07B5002340F6881201A94F
:10015000FAF7F4FF03B05DF804FB10B5044638B1BC
:10016000F3F710FC34EA00030CBF0120002010BD9F
:100170000120FCE707B501210020E9F727FB20B3A8
:10018000A830EFF7C9FFE0B1012009E0A830EFF790
:10019000C3FF00B3F8E70098403003F0D0FC18B379
:1001A00003B05DF804FB009B586F503003F0C7FCB0
:1001B0000028F5D16846E9F743FB0028F3D000207A
:1001C000EEE7EEF777FE0028DED101210846E9F7D9
:1001D000FDFA0028DAD1FFF7A1FF0028D4D10623C9
:1001E000CDE900008DF806306846E9F729FB0028C4
:1001F000D1D00023CDE9003307238DF80630D9E7AD
:1002000038B505460C462AB11F2901D8002038BD53
:100210001220FCE7E9F710FCA04211D3284603F0B6
:1002200092F908B11F2CF3D8284603F0F7F848B12B
:100230002146284603F01DF90028E7D14520E6E7CE
:100240000720E4E74220E2E738B5054603F0E6F888
:10025000E8B12846EBF7B4FD08B9002038BD2846C0
:10026000EBF732FA04462846EBF76EFB88B9002C10
:10027000F3D02088F3F7F2FC02212088E9F7BCFADA
:100280000028EAD041F65B213920E8F79BFD4220A7
:10029000E4E70C20E2E7F0B587B00546008801A945
:1002A00001F0D0FA044600287CD1029A92F852312B
:1002B000D81E434243418DF802309DF80430002B94
:1002C00073D192F887301F2B72D19DF8023083F0E2
:1002D000010303F001038DF8033092F8D8309B0638
:1002E00003D49DF80330002B66D0EB881B3B9BB2F8
:1002F000E02B63D8298944F24810A1F5A4739BB27E
:1003000083425BD86B881B3B9BB2E02B56D8AA88F4
:10031000A2F5A4739BB2834250D8B1F5296F4FD890
:10032000B2F5296F4CD8029EFF2786F81B719DF805
:100330000230002B3ED19DF8041003AA3046B1FADA
:1003400081F14909FFF76EFE6A88BDF8123040F668
:10035000480CBDF814109342BDF80E0028BF134698
:100360006145AA88A6F8203128BF6146EB889842EB
:1003700028BF1846BDF810306345A6F81C0128892F
:1003800028BF6346834228BF03468A42A6F81E312F
:10039000134628BF0B46A6F8223186F81A710023AF
:1003A00086F81B31204607B0F0BD936F99068CD4B8
:1003B00023468EE73A24F2E71A24F3E71224F1E702
:1003C0001124EFE710B50446FFF7A8FE58B9012144
:1003D0000020E9F7FBF9E8B901210846E9F7F6F949
:1003E000F0B9012013E0F3F7A5FA68B1F2F7A8F825
:1003F000044603F092F858B9204603F08AF880F0DA
:100400000104E4B204F00104002CE0D1002010BD8E
:100410000024F7E7A830EFF77FFE0028DCD0F5E7EF
:10042000A830EFF779FE80F00100C0B2EFE72DE9C8
:10043000FF4107468846008802A901F003FA0646F4
:1004400018BB039C94F8653103F0FF061BB1B8F1AB
:10045000020618BF012694F88730232B94F8D93070
:1004600043EAD3030CBFC6F10102002203F00103EB
:1004700013433CD0BD7815B9F3F784FA0546F878F4
:10048000B8BBF3F77FFA25B90926304604B0BDE8BA
:10049000F0810028F8D094F8752032B115F00205EB
:1004A00000F00200F0D00028EED0FF2284F82521D1
:1004B000DEB994F8242102F0FF06B2B984F82701CE
:1004C00001A984F8248184F82651BA888DF80500A2
:1004D0002046A4F828218DF80450ADF8062001F03C
:1004E0003FFA002384F82531CFE73A26F9E71A26A8
:1004F000CBE7002DCFD1C7E708B5F3F7F9F9002016
:1005000008BD10B50446F5F73FFB2070002010BD74
:1005100010B5FFF7C6FD044630B9F5F72FFB2046AE
:10052000F3F7B8FD204610BD0C20FCE710B50378AA
:100530000446012B01D9122010BDFFF71BFE60B944
:100540002078FFF740FD01280DD004F11703E21DCC
:10055000611CBDE81040F3F7C5BDF3F757FE002856
:10056000EED00C20E8E7A37903F0C003C02BECD059
:10057000E1E710B503780446012B0AD8FFF7FAFD2E
:1005800048B9214611F8010BFFF71DFD01F035F9BF
:1005900038B9122010BDF3F739FE0028F1D00C2035
:1005A000F8E70020F6E738B50546FFF77AFD044680
:1005B000A8B92878012803D9FF280BD0122038BD0C
:1005C000FFF701FD691CF5F7E5FA002814BF0020CC
:1005D0000720F4E70120F3F75DFD2046EFE70C204C
:1005E000EDE738B50546FFF75CFD0446A8B92B7862
:1005F000012B03D9FF2B0CD0122038BD1846691CE3
:10060000FFF7E1FCF5F7F6FA002814BF00201220EE
:10061000F3E7F3F73FFD2046EFE70C20EDE708B5E1
:100620000088F3F7F9FD00280CBF3020002008BD3A
:1006300038B50546FFF79EFD044638B928780038DE
:1006400018BF0120F3F7DCFD204638BD0C20FCE785
:1006500008B5FFF78FFD18B9F3F7C2FD002008BDFC
:10066000F3F7D4FD0028F7D00C20F8E70823037037
:100670000020704703466FF00C01202210B50E24B5
:1006800004700020DC70592459709A701C715871E4
:100690009971DA7110BD082108B5E8F703FE002052
:1006A00008BD73B506460C460088694601F0CAF8D5
:1006B0000546A0B9B3786BB9019B93F87430A37069
:1006C000338894F902002380F3F7FCFFA0702846DA
:1006D00002B070BD7F20FFF736FDA070F0E7022565
:1006E000F5E710B504466FF07F00FFF72CFDF3F738
:1006F000E9FF20707F20FFF726FDF3F7E3FF60702E
:10070000002010BD10B50446F1F71AFF02F0FEFEFE
:10071000F3F7D8FF2070002010BD0A4600F1100149
:1007200008B50723FEF756F8002008BD10B50146AE
:1007300004460020F3F71EFB08B92060A0800020CB
:1007400010BD10B50446F3F7CDF828B900202146B6
:10075000F3F7F8FA002010BD0020FFF733FE002861
:10076000F4D10C20F7E710B504460120FFF72AFE6C
:1007700028B101202146F3F7E5FA002010BD0C2036
:10078000FCE7F7B50C4605466946008801F05AF8C3
:10079000A21C034690B9019901F18F0781F8C3307B
:1007A00038681060387910712888208091F8C3600B
:1007B00006F0FF00002EF1D103B0F0BD00230220AF
:1007C000C4F80230137123706370F5E7FFF763BD5F
:1007D0001FB544F290228388934217D80288B3F55C
:1007E000296FADF8042028BF4FF4296340880A80A0
:1007F000ADF80600ADF80A0001A8ADF80830ADF874
:100800000C30FFF748FD05B05DF804FB1220FAE755
:1008100037B50D46694601F015F8044640B99DF814
:1008200000102A460198B1FA81F14909FFF7FAFB55
:10083000204603B030BD03466FF06F0100200A224E
:1008400099705870DA7058719971DA7110B56FF04B
:1008500004041C701C7110BD10B50446FFF78AFC1F
:1008600058B92078611CFFF7AEFBE279F3F734FE4C
:10087000002814BF0020022010BDF3F7C7FC002899
:10088000EFD00C20F8E7F7B506460C46008869461D
:1008900000F0D8FF0546A0B9019F87F86E5097F881
:1008A0006C00F1F7F3FBA07097F86D00F1F7EEFB29
:1008B000E07097F86E3003F0FF00002BEDD1338825
:1008C000238003B0F0BD10B583880446022B10D8F6
:1008D000C078FFF742FC08B9112010BDA078FFF7DF
:1008E0003CFC0028F8D020460121BDE81040FFF76D
:1008F0009EBD1220F1E713B58378C17803F001049F
:10090000027903F0020351EA040C1DD052EA030CF1
:100910001AD0002C18BF0021002B037818BF00222A
:100920008DF802108DF80320427843EA0223ADF8D7
:10093000003043798279684643EA0223ADF80430F7
:10094000FFF7C1FF02B010BD1120FBE707B5037828
:1009500000214278012B8DF800308DF80120ADF890
:100960000210ADF8041007D1012A07D86846F1F744
:10097000F9FB03B05DF804FB002BF7D01220F8E779
:1009800008B5EAF73DF8002008BD13B50C466946E6
:1009900000F058FF30B9019B9DF80020B3F880307B
:1009A00012B9238002B010BD0133FAE770B586B0EA
:1009B0000546008804A900F045FF10B1022006B0EA
:1009C00070BD9DF81030012B50D0059C2046FFF7DC
:1009D0000DFB0028F2D0AA881046FFF7FAFA064667
:1009E000002C41D0E36998423ED1638E03932046A8
:1009F000AB89698802936B8901932B890093EB88FB
:100A0000F1F728FA034698B394F8112202F0FF0098
:100A100082BBAA886FF450610A4492B2062A40F25F
:100A2000E24294BF64220023B24225D22BB1B4F833
:100A30006C1040F20223994220D1A4F8FE2100223A
:100A4000C4E98026E979AB7943EA0123A4F80832A6
:100A50002B7A697A84F8102243EA0123A4F80A3237
:100A6000FF2384F81132AAE70123BFE71120A6E78C
:100A70003020A4E73A20A2E71220A0E70C209EE74E
:100A800013B5044600F0F6FE00284DD02046FF24A2
:100A9000F3F764FE0023CDE900336846E8F7D0FEA3
:100AA00050B300244FF44033CDE90043FF2468469F
:100AB000E8F7C6FE20B300204FF48023FF24CDE9E1
:100AC00000036846E8F7BCFEF0B100214FF4C023F4
:100AD000FF24CDE900136846E8F7B2FEC0B100225A
:100AE0004FF42023FF24CDE900236846E8F7A8FE51
:100AF00090B1002002B010BD009B83F8F441CCE718
:100B0000009B83F88A40D2E7009B83F83440D8E703
:100B1000009B83F83440DEE7009B93F83820032ADB
:100B2000E3D183F82240E0E71220E3E713B5008821
:100B3000694600F087FE0146D8B99DF80030019C57
:100B40008BB19DF80030012B03D10198FFF75CFABF
:100B500070B194F82B3103F0FF0253B9FF2384F8EE
:100B60002B31114605E02046FFF740FA0028E8D176
:100B70000221084602B010BD70B50021054600886C
:100B8000E8F724FE044688B3FFF730FA10B90C26C4
:100B9000304670BD94F8423203F0FF0643BB94F830
:100BA000D830DB0726D5D4F81431002BEFD1D5F897
:100BB000023004F50A72C4F83832D5F80630C4F8A9
:100BC0003C326B89A4F8403205F10C031C3553F814
:100BD000041BAB4242F8041BF9D10C2104F505704B
:100BE000E8F760FBFF2384F84232D1E70226CFE723
:100BF0003A26CDE71A26CBE72DE9F341054690F8D2
:100C0000018003210078E8F7E1FD0446002800F0A8
:100C10008780F2F78FFE08B3204602F055FCEE788D
:100C2000864228BF0646B6B2B8F1040F5DD0E06C2C
:100C3000FFF773F88719BFB2F2F77CFEB8B9EB780B
:100C400073B9204602F040FC874210D9204602F0DA
:100C50007AFC50B9072002B0BDE8F081EE78E3E7F6
:100C6000204602F043FC0028EBD11220F3E7F2F714
:100C700061FE394602462046FFF7C2FA0028EAD153
:100C8000A8F10303012B2DD8204602F05CFC6B7801
:100C9000032B2DD108F0FD07012F3AD1204602F099
:100CA00052FC002833D1B8F1010F08BF02273A46A1
:100CB000E16C6846E8F7D8FE33466A680121E06CCB
:100CC000FEF795FF0028C5D06B78023B012B07D8B3
:100CD000E06CFFF722F801210246E06CFEF7B7FF57
:100CE0000020B8E7002ECFD1BFE7002ECCD0BCE764
:100CF0000028BAD1042BCDD12046EBF761F80028AB
:100D0000B3D0E06CFFF71FF80028C3D1ADE7002790
:100D1000CDE7B8F1040FCFD1204602F051FCDFE758
:100D2000422098E72DE9F3470746467890F803906C
:100D300003210078E8F74AFD044600283BD0F2F78B
:100D4000F9FD30B1204602F0E8FB002808BF4FF063
:100D50000009E06C1FFA89FAFEF7EAFF00EB0908C8
:100D60001FFA88F8F2F7E6FD60B1F2F7E3FD4146BD
:100D700002462046FFF744FA054668B1284602B00D
:100D8000BDE8F087FB78002BEFD0204602F0C5FBD2
:100D90000028EAD11225F1E7042EFBD0032E10D053
:100DA000B9F1000FF6D02046EBF70AF838B10C2560
:100DB000E4E704220EE04225E0E70725DEE7012E06
:100DC0000CD1204602F0BFFB0028F2D1012E0CBF4F
:100DD00006220522E16C6846E8F746FE53467A682B
:100DE0000021E06CFEF703FF0028E6D0023E012E52
:100DF000C4D842460021E06CFEF729FFBEE713B5D8
:100E00000446F1F79DFB4FF440736846ADF800309F
:100E100000238DF8023014F8013B8DF80330019463
:100E2000FFF780FF02B010BD38B5032105460078FA
:100E3000E8F7CCFC0446A0B1EAF7C2FF28B9204687
:100E4000691C02F039FB002038BD204602F065FB2A
:100E500008B10C20F8E7204602F05BFB0028F8D12F
:100E6000EDE74220F0E713B50446F1F769FB684669
:100E700014F8013B8DF803304FF440730194ADF842
:100E8000003000238DF80230FFF7B6FE02B010BD2F
:100E900073B50546F1F754FB04462B7863B1002384
:100EA0000DF1010101208DF80030F2F763FF18B158
:100EB0006846FFF7B9FFA0B9002620468DF800600C
:100EC00002F02FFBB0428DF8036014BF802333463D
:100ED000ADF801302B78012B05D169462046F1F79A
:100EE00027FC02B070BD1BB92046FFF7ADF9F8E74B
:100EF0001220F6E710B5022104460088E8F766FCE8
:100F000020B1A11CBDE8104002F0DABC022010BDE7
:100F100008B502210088E8F759FC20B10021BDE89E
:100F2000084002F0CDBC022008BD37B504460D468E
:100F300000880921E8F74AFC10B10C2003B030BD4D
:100F40000B212088E8F742FC0028F6D10C212088EC
:100F5000E8F73CFC0028F0D16946208800F072FCDC
:100F60000028EBD123882B80019BB3F8B4306B8031
:100F7000E4E737B504460D4600880921E8F726FC6A
:100F800010B10C2003B030BD0B212088E8F71EFC07
:100F90000028F6D10C212088E8F718FC0028F0D1B1
:100FA000238898B22B8063880BB91220EAE7694640
:100FB00000F048FC0028E5D1648842F21071019AE3
:100FC000A3B2D5694B43518E6943958C05FB011142
:100FD0008B42EAD3D569D169A942FBD1013B0025F7
:100FE000A2F8B4400B44C2F8AC50B3FBF1F3C2F822
:100FF000B030C7E713B500880C460880694680B258
:1010000000F020FC18B9019B93F88530A37002B062
:1010100010BD10B50C460221E8F7D8FB88B1022CB0
:1010200011D804F00103C4F3400480F8CD3180F8F6
:10103000CC4123B190F8CA313BB1EAF7E9FC00207A
:1010400010BD0220FCE71220FAE71846F8E710B5B9
:1010500004460078FF280AD00321E8F7B7FB58B10F
:101060006378A27843EA0223C384002010BDB4F859
:101070000100EAF7ABFEF8E74220F7E710B50446B7
:101080000078003818BF0120F0F7F2FB2078003814
:1010900018BF0120EAF782FC002010BD10B50446FD
:1010A000F2F748FC50B1F1F74BFA6178C1F3400216
:1010B00001F0010102F088FA002010BD0321207820
:1010C000E8F784FB0028F0D14220F6E70820F2F789
:1010D00037BC0B20F2F734BC02F0E7BC02F01ABCBC
:1010E00008B5C3780246013BD8B2042801D9FE28CE
:1010F00006D11378042B03D1EEF7CEFF002008BDF4
:101100001220FCE710B5044604B910BD23689847C7
:101110006468F9E703680BB9016070471A465B68B9
:1011200013B18A42FAD170478A4218BF51607047A2
:1011300008B5F0F79BFBF1F745FCEDF7C5FBBDE803
:101140000840F0F7D5BC08B5FE20EEF7A5FFBDE8D6
:101150000840FFF7EDBF08B5EAF7BAFAF5F76EFAFF
:1011600020B140F22B110120E7F72CFE0320BDE84F
:101170000840FEF7CABC08B50220FEF7C6FC0020F6
:10118000FEF7C3FCE8F7E6FBF2F75CFDE9F760FA6F
:1011900020B140F20B110120E7F714FE08BDFFF764
:1011A000EABF08B5FFF7D7FFF6F7C0F920B14FF453
:1011B000A0710120E7F706FE08BD08B5FFF7B8FFEC
:1011C00002F06DFC20B14FF4CC710120E7F7FAFD7D
:1011D00008BD08B5FFF7B7FF02F061FC20B140F28F
:1011E0008D110120E7F7EEFD08BDFFF7C4BF08B57C
:1011F000EDF702FCF2F7B2FAF2F7CCFA02F051FC8A
:10120000BDE80840F3F7DABC08B5EDF7FDFBF2F7EF
:10121000A5FAF2F7BFFA02F044FCBDE80840F3F784
:10122000CDBC10B5C378044691B163B90388012BD6
:1012300001D95B082380F3F7DFFD2388B0FBF3F2CD
:1012400002FB1300A070E37883F00103E37010BD8C
:10125000002BF8D10388FE2BEDD85B009BB2FF2B4F
:1012600088BFFF23E6E783780BB1013B837080786A
:10127000B0FA80F0400970470123038040F2011367
:1012800043807047FAF7A0BA0B46152203F8032BE8
:10129000D0F80920C1F80320427B1A717047012859
:1012A00004D1012914BF002001207047022801D178
:1012B0000229F7E7042801D10429F3E70020704749
:1012C00030B585B004460D46F3F7F2FA80B36FF4FB
:1012D000AE7302A91C442088ADF8000000F0B2FAF9
:1012E00018B12F217E20E7F76DFD039B0221684690
:1012F00093F868208DF8022093F86920B3F86A30DB
:101300008DF80320ADF80430FFF791F808B14521BE
:10131000E8E78DF808009DF808308DF809000020F6
:1013200063F307009DF8093063F30F2005B030BD6B
:1013300030232B70D4F80930C5F8033004238DF81E
:101340000830E8E708B5436893F886201AB1882189
:101350007E20E7F737FD212283F8862008BD03466B
:1013600010F0010005D19A0702D403F00400704781
:101370000220704730B5C1F3072285B0CCB2C0F36C
:101380000723C5B2019011462046FFF788FF20B918
:1013900019462846FFF783FFF0B12B40234002EAAD
:1013A00003010B4688071BD411F0010201D101F0A3
:1013B0000402990716D413F0010001D103F00400D0
:1013C000042A04D1BDF80630012B08BF0322D2B293
:1013D00042EA002005B030BD05EA02012340E1E702
:1013E0000222E6E70220EBE72DE9F84F054610461A
:1013F00093461F46FFF7B3FF064608468A46FFF7A7
:10140000AEFF46EA0009DDF8288004465FFA89F954
:10141000B9F1000918BF4FF00109F2F7B3FA10EA69
:101420000B0F08BF0026F2F7ADFA95F86C2010EA12
:101430000A0F08BF0024B24214BF3346002388F8C5
:10144000003095F86D20A24208BF0024234388F89D
:1014500001400AD1B5F88030013FFF1A47F6FD730D
:10146000BFB29F4288BF4FF00009BEB995F86C002B
:10147000F0F71CFE03280ED195F82431012B0AD178
:10148000B5F82831012B95F86C3009D1032B09D020
:10149000032388F800304846BDE8F88F042EEAE7B9
:1014A000042BF8D00423F4E7042905D101280CD13A
:1014B0000321138051807047032906D1012804D0ED
:1014C00004210120138051807047002070470128BB
:1014D00006D0022804D0033801288CBF0020042045
:1014E0007047182070477FB54468CDE90021114648
:1014F000019894F86C6094F86D50FFF73BFFC3B20D
:10150000C0F30720B34208BF0023854208BF002074
:1015100084F8FA3184F8FB0104B070BD2DE9F34181
:10152000446805460F4694F88780B8F1000F69D1EA
:1015300094F88630253B022B2DD901A8F2F7CEFB7B
:10154000E0B1019B0DF10301DB788DF80330162229
:1015500094F88600F3F79AFC064688B102461621F5
:10156000284601F0B6F83223284684F8873001F087
:101570008DF84646304602B0BDE8F0814146E6E7C8
:10158000384600F037FE48B93946284602B0BDE873
:10159000F04101F0C8B84FF02008EAE73B7903F0CA
:1015A000070384F864307B7903F0070384F865301F
:1015B00094F82531DBB994F82431012B17D094F835
:1015C0006D3094F86420D91E012998BF04239A42F3
:1015D00014D194F86C30DA1E012A94F8652098BF73
:1015E00004239A420AD16B68022283F82421232320
:1015F000284684F8873001F049F8BBE72846F2F71F
:101600000DFAF4E70126B5E7F8B5446806460F463B
:1016100094F88750A5F12103062B47D92F2D45D0EB
:10162000002D41D194F88630262B3FD0084600F09B
:10163000E1FD28B9F9783046BDE8F84001F062B81C
:101640007B7903F0070384F865303B7903F00703E7
:1016500084F8643094F82531D3B994F82431012BFF
:1016600016D094F86D3094F86420D91E012998BFE3
:1016700004239A4214D194F86C30DA1E012A94F8AB
:10168000652098BF04239A420AD1022384F82431AA
:101690002323304684F8873000F0F8FF2846F8BD51
:1016A0003046F2F7BBF9F3E70125F7E72025F5E728
:1016B000436837B593F8863004460D46212B26D172
:1016C000084600F0A2FD616868B9A1F8FA016368F4
:1016D0000122002083F8C2202522A3F8BE0083F84F
:1016E000862003B030BD2A7900206B7902F0070212
:1016F000ADF8060003F00703D1F826118DF8042099
:1017000020468DF80530019AFFF7EDFEDFE7012056
:10171000E7E7436810B593F887200446B3F8FA1159
:10172000232A15D181B983F8871093F82431012B2E
:1017300001D1F2F755F96368002283F8242120468D
:10174000BDE8104000F0B2BF262283F88720F6E7FC
:1017500093F88620252A0DD141B983F88610F2F737
:101760003FF96368002283F8C22010BD262283F867
:101770008620F6E740F2D7317E20E7F723FB08B555
:10178000436893F88720232A05D022B140F2E5313F
:101790007E20E7F717FB242283F8872008BDF2F7A5
:1017A00051BA704730B542400C7818785D784440A3
:1017B000487868409D78044488786840DD7804441F
:1017C000C87868401D795B79044408794979684094
:1017D0004B4004442344D3420CBF0120002030BDC1
:1017E000034600200139C9B2FF2900D170475A5C75
:1017F00082F001021044C0B2F4E708B5F2F7E0FA53
:10180000082807D0F2F7FEFA082803D0F2F70EFBFB
:10181000012008BD0020FCE708B5F2F7D1FA08283E
:1018200003D0BDE80840F2F7EDBA08BD08B5F7F7F8
:101830009DFE18B1BDE80840F7F7CEBE082008BDF0
:10184000F7F794BE70B50D4600210646E7F7BEFFD8
:101850000446686010B10020287070BD0221304637
:10186000E7F7B4FF686018B1012320462B70F4E756
:101870000220F2E770B5047934F01F040ED1461E41
:10188000051D16F8010F00F0B4FE0444AE42E4B2A8
:10189000F7D1012C94BF0020012070BD0020FCE78F
:1018A00001440023884203D1B3FA83F04009704712
:1018B00010F8012B1343F5E7F8B505460C46D0E9BF
:1018C0000476FBF71BFD20B94FF482712920E7F75E
:1018D00079FAF4B1D5E90431DA1B61EB0603012A88
:1018E00073F100014FF0000115DB6FF00100904231
:1018F00071EB030302DA4FF48771E7E7631E1344C9
:10190000B3FBF4F35C43E41946F10006C5E9044671
:101910001C462046F8BD0C46FBE7CB1E012B0FD81A
:10192000032915BF4FF4167396234022102203F5A6
:10193000BC73984212D9C01A90FBF2F080B2704783
:10194000022905D13C2809D93C38C0F38F007047E3
:10195000702803D97038C0F3CF007047002070475B
:1019600003460868986670470229024608B515D0F4
:1019700006D801290AD040F27F112920E7F722FA80
:1019800003390129F7D840F6A66008BD40F6C41314
:1019900040F2E240002A18BF1846F6E740F6C410AD
:1019A000F3E76FF4B37C6044884294BF091A491A84
:1019B0001868012900EB5100186098BF00201368D7
:1019C00088BF0120A3EB510313607047C3B293FAA1
:1019D000A3F3000A90FAA0F01B0E000E43EA0020C9
:1019E00070470131821DF8B5C9B20023012512F8F4
:1019F000010B884216D312F8066C002405FA04F78E
:101A0000E0B237421CBF01F1FF31C9B269B1013404
:101A1000082CF3D10133DBB2052BE8D19921462004
:101A2000E7F7D0F9091AC9B2F4E700EBC300C0B276
:101A3000F8BD0B6870B5C0F8013004460B79451C41
:101A4000861D03F01F0343710023C37215F8010BB9
:101A500000F0CFFD2871B542E37A1844E072F5D169
:101A600070BD81EA114189B270B50446C57A03267A
:101A700082EA0100FFF7AAFF013E00EB001016F01A
:101A8000FF0601EB000290B2F4D141402522B1FBE8
:101A9000F2F302FB1313C3F3C402D8B203F007033B
:101AA00022445678012202FA03F31E4207D1694309
:101AB0002046C1F30741BDE87040FFF792BF70BDFB
:101AC000F8B590F8215004466B1E242B56D8002AF6
:101AD00056D0807D18B1012846D01F2019E094F817
:101AE0002310012694F8223002FB03132522B3FBB6
:101AF000F2F102FB1133DBB204EBD30284F82330A2
:101B0000D17D03F0070206FA02F2114202D084F8F6
:101B10002430F8BDB3FBF5F205FB123304F11C01D0
:101B200002460133D8B211F8013B834219D311F8B0
:101B3000067C002306FA03FCDDB21CEA070F1CBF7B
:101B400000F1FF30C0B220B905EBC20284F82420B6
:101B5000DFE70133082BEDD10132D2B2052AE2D101
:101B6000BBE7C01AC0B2F7E7228904F11600096A80
:101B7000FFF777FF84F824000020CAE71220C8E7A7
:101B80001046C6E7034612EA010003D013F03F00F7
:101B900018BF012070470B68C0F803308B88A0F88D
:101BA00007307047D0F803300B60B0F807308B80F7
:101BB00070470B68C0F809308B88A0F80D3070476B
:101BC0000378890123F0400301F040010B430370C7
:101BD00070470078C0F380107047037803F07F03EC
:101BE00043EAC113037070470078C00970471F2A89
:101BF00038B50546144603D9C1212A20E7F7E2F893
:101C000006340930FDF758F86C7038BD1F2A38B516
:101C10000546144603D9E3212A20E7F7D3F8063412
:101C20000930FDF749F86C7038BD30B503780246CD
:101C300003F00F03032B40D0052B1FD1C37F90F877
:101C40002000034392F82100034392F8220003434B
:101C500092F8230020F01F0018432DD05378222B38
:101C60000CD1B2F81930B2F81740907D41B1B3F5FC
:101C7000506F05D940F607518B420ED900201BE06A
:101C8000991F40F67A4589B2A942F7D8411E072923
:101C9000F4D88342F2D9A342F0D3B2F81B30B3F5A3
:101CA000FA7FEBD2B2F81D0040F676430A3880B2D4
:101CB00098428CBF0020012030BD4078A0F10C0379
:101CC00058425841F8E72DE9F04190F80380054665
:101CD0000E4618F03F0700F09180072900F28E8031
:101CE000DFE801F004101A242E38424C0179012259
:101CF0004046FFF747FF00280CBF34460524204626
:101D0000BDE8F081017902224046FFF73BFF04461F
:101D10000028F4D0052462E0017904224046FFF750
:101D200031FF04460028EAD0052450E0017908225A
:101D30004046FFF727FF04460028E0D005243EE098
:101D4000017910224046FFF71DFF04460028D6D037
:101D500005242CE0017920224046FFF713FF0446BA
:101D60000028CCD034461AE0017940224046FFF7E3
:101D700009FF04460028C2D0052408E0017940226A
:101D80004046FFF7FFFE00280CBF05240624202252
:101D900029794046FFF7F6FE08B11234E4B210226A
:101DA00029794046FFF7EEFE08B10334E4B2082279
:101DB00029794046FFF7E6FE08B10234E4B2042276
:101DC00029794046FFF7DEFE08B10134E4B2022271
:101DD00029794046FFF7D6FE08B10634E4B2012265
:101DE00029794046FFF7CEFE08B10634E4B2072E4B
:101DF00085D1231F9F42B8BF002480E700247EE7DF
:101E000070B50C46064611461D4624B940F2EB213A
:101E10002A20E6F7D7FFFFF756FF10B94FF43B71C2
:101E2000F6E7031F2B443F2B02DD40F2ED21EFE7E5
:101E30002A4621463044BDE87040FCF73DBF10B54E
:101E40000446FFF740FF00B1204410BDC37803F003
:101E50003F0343EA8113C3707047C1F3800330B579
:101E6000C1F38014C1F340052344C1F3001404EB13
:101E700044042344C1F3401404EBC40403EB4403BF
:101E8000C1F300042C44C1F3C005134404EB440423
:101E90002C4403EB440313F0FF031CBF0133017117
:101EA000C17818BFDBB221F03F0103F03F042143AA
:101EB000C170591C41701AB104339B1A013AC254C3
:101EC00030BD4378C078013B00F03F00181AC0B223
:101ED0007047F8B50E4619460746FFF7F2FF451A58
:101EE000ECB2944228BF14464EB1FA78304602F064
:101EF0003F020432114422463944FCF7DDFE2046FD
:101F0000F8BD2DE9F047C678012201793046FFF788
:101F100039FE022205463046FFF734FE2022824673
:101F20003046FFF72FFE082207463046FFF72AFE0D
:101F3000102281463046FFF725FE04220446304633
:101F4000FFF720FE402280463046FFF71BFE05EBE0
:101F50000A0307EBC707404404EB44044F4403EB78
:101F6000430320443B4400EB430010F0FF001CBF40
:101F70000130C0B2BDE8F08738B5C5780446AB097A
:101F8000032B1ED005F03F054378AB4219D9FFF76C
:101F9000B8FFA84215D895B12379DB060FD50421E7
:101FA0002046FFF74CFF48B1037803F03F03242B92
:101FB00007D880785F288CBF0020012038BD012021
:101FC000FCE70020FAE70278437802F00F02072AC4
:101FD00012D8DFE802F0080408111111080E0C3BBA
:101FE000584258417047063B1F2B8CBF00200120F0
:101FF00070470BB1FFF7C0BF00207047027802F0B6
:102000000F02072A0AD0082A0AD0042A0ED14078E3
:1020100006381F288CBF002001207047FFF7ACBF97
:102020004078A0F10E035842584170470020704795
:1020300040787047037801F0030123F003030B435A
:1020400003707047007800F003007047037849017F
:1020500023F0200301F020010B43037070470B783D
:10206000837070471B2A08B504D940F263412A20C7
:10207000E6F7A8FE42700330BDE80840FCF71CBE3E
:10208000B0F807007047B0F809007047C172090A3C
:1020900001737047B0F80B00704770B5B0F80730A7
:1020A000B0F80950B0F805600479B0F80B0091B1B0
:1020B000B3F5506F0FD940F60752934218D8B5F5D3
:1020C000FA7F15D20A3840F6764380B298428CBF28
:1020D0000020012070BD9A1F40F67A4192B28A42D8
:1020E00006D8621E072A03D89C4201D29E42E5E729
:1020F0000020EFE70B6843600B7903727047436879
:102100000B60037A0B717047B0F8090070470079D3
:1021100070470B6843604B688360704743680B608F
:1021200083684B6070470B888381704783890B807D
:1021300070470B68C0F80E304B68C0F8123070471B
:10214000D0F80E300B60D0F812304B607047C0F8FA
:1021500016107047D0F816007047FFF7DABFFFF788
:10216000DDBFC1607047C06870470079704701717A
:10217000090A417170478171090AC1717047017282
:10218000090A417270478172090AC17270478088DA
:102190007047C0887047008970474089704703893D
:1021A0001A2B0DD94389B3F5A47F09D383881A2B41
:1021B00006D9C088B0F5A47F34BF00200120704745
:1021C00000207047043001F1200351F8042B99429C
:1021D00040F8042BF9D10B880380704738B51546B9
:1021E0000446FFF7EFFF2B68C4F826306B68C4F88D
:1021F0002A3038BD0379024613F0070004D0507925
:1022000010F0070018BF01207047FFF7F3BF0171FE
:10221000704700797047417170474079704781710C
:10222000090AC1717047C08870470279437902F08A
:10223000070203F00703511E0A40591E0B401343C7
:102240000CBF012000207047017170470079704772
:102250004171704740797047FB2908B504D940F6B1
:1022600046012A20E6F7AEFD417008BD037843B170
:10227000406890F8CA3123B1002380F8CA31E9F7E9
:10228000C7BB704708B5017A19B101290DD00020EC
:1022900008BD03680221C2888088F2F7B7FA0028D7
:1022A000F6D1F2F7C5FC0120F2E70368C288F3E734
:1022B00002230B7001238B707047F2F72DBC10B511
:1022C00021B94FF40F711020E6F77CFD4A600B72C4
:1022D000EFF3108472B6031D0B6042681AB1127AD4
:1022E000012A08BF036003681960016004B962B67F
:1022F000BDE81040F2F75CBC0222F2F787BC032273
:10230000F2F784BC0422F2F781BC0222F2F7C2BCCD
:102310000322F2F7BFBC14230B706FF4A0731844B0
:102320000388A1F80330B0F84030A1F80530B0F8C8
:102330004430A1F80730B0F84230A1F80930B0F8C5
:102340004630A1F80B30704708B5CB1E012B04D8DE
:10235000800100F5747080B208BD012902D10E30F1
:10236000C000F8E7022902D10F308000F3E740F205
:1023700086210620E6F726FD30B587B004460D46D7
:10238000F2F79EFA90B3A4F5A57469462488204616
:10239000FEF73EFA18B1D7212C20E6F713FDBDF861
:1023A000063003A8ADF80C40ADF80E30BDF808308B
:1023B000ADF81030BDF80230ADF81230BDF8043081
:1023C000ADF81430FEF702FA08B1E021E4E78DF829
:1023D0000C009DF80C308DF80D00002063F3070011
:1023E0009DF80D3063F30F2007B030BD2B462F2230
:1023F00003F8032BD4F80920C5F80320D4F80D20E6
:102400005A60B4F811201A8104238DF80C30E0E7EB
:1024100040687047033901298CBFC08A4FF4296096
:10242000704770B590F86C608D88033E0C89012E62
:1024300004D943B11678033E012E04D8B5F5296FAF
:1024400038BF4FF4296590F86D60033E012E04D922
:1024500043B15378033B012B04D8B4F5296F38BF3F
:102460004FF42964CB884A88A0F85830A0F854204B
:10247000A0F85650A0F85A4070BD8383BDF80030D4
:1024800001834283C383704738B5CB1E0446012BBA
:1024900010D9C38B458C9D4228BF1D46207AFFF77B
:1024A00053FF6389AB4228BF2B46984238BF18467A
:1024B00080B238BD4FF42965F0E72DE9F0410646BA
:1024C00090460C46B0F8400011461F46FFF73CFF0F
:1024D0000546414606F13400FFF7D6FF85423946EE
:1024E000A7F1030728BF0546B6F84800FFF72CFF01
:1024F000012F0346ADB28CBFB6F84A004FF42960F5
:10250000834228BF0346A01D9BB280B22B441844CF
:10251000BDE8F08190F8763090F86C20002B90F8B0
:102520006D3014BF4D219621FFF7C7BF90F876306C
:10253000002B70B50CBF96264D260C461546FFF7AE
:10254000E9FF30442844A04294BF201A002070BD07
:1025500038B50D460446FFF7DDFF2844A06338BDBB
:10256000006801F19C03984283BF401A9C384008E0
:1025700000207047002803DB814204DC08B202E03F
:1025800049428142FADC704700F05533400800F0C0
:102590005530034403F033329B0803F033331A44BD
:1025A00002F00F33120902F00F32134403F0FF1050
:1025B0001B0A03F0FF13034403EB1343D8B2704725
:1025C00045F2555300EA030203EA5000104443F277
:1025D000333200EA020302EA90021A4440F60F7313
:1025E00002EA030003EA1213184400EB1020C0B201
:1025F000704700F05503400800F05500184400F003
:102600003303800800F03300184400F00F0303EB9D
:102610001010704780EA6000FFF7B6BF40F34E032A
:102620009BB25840FFF7CCBF322809D006D801280A
:1026300006D9162814BF002001207047EA28F9E7C0
:102640000120704708B50346FFF7EEFF40B108468A
:10265000FFF7EAFF20B18B4214BF2A20232008BDD8
:10266000EA2904D1262B14BF00202A20F7E7EA2B01
:1026700001D12629F7E70020F1E74368002283F81B
:10268000862083F8C220A3F8BE20704702784368F2
:102690002AB9A3F8C420012283F8C620704700227B
:1026A000A3F8C42093F8C6200132F5E708B50378F3
:1026B000426813B982F8C63008BD92F8C630013BB3
:1026C0005BB2002B82F8C630F6DA52214A20E6F7D8
:1026D00079FB436883F80B1183F80A217047A0F156
:1026E0000B03042B0CD9A0F14403012B08D9A0F152
:1026F0002103062B04D9A0F12F03584258417047FB
:10270000012070474268936F10B513F0080408D198
:1027100043F0080382F808119367FFF7B7FF2046DC
:1027200010BD0120FCE7436810B593F887404CB911
:10273000CA7883F80821032283F88720FFF7A6FFD1
:10274000204610BD0124FBE738B505460C46B1F81C
:102750005810FFF70CFDB4F812112846FFF70BFDD7
:10276000B4F854102846FFF70AFDB4F810112846B3
:10277000BDE83840FFF707BD10B5446894F88830CD
:10278000073B012B07D90846FFF7C1FC072384F854
:10279000890084F88830002010BD426892F88830A3
:1027A000073B012B84BF082382F888307047F8B5B7
:1027B000476804460D4697F8876016BB0846FFF742
:1027C000A3FC6168A7F89002B1F89032B1F88020BC
:1027D000013B9B1A47F6FD729BB2934207D928230F
:1027E000204681F8A930F2F7EDFE3046F8BD01F23F
:1027F00092212846FFF783FC63680B2283F8872029
:10280000F3E70126F1E708B5436893F886201AB18B
:102810002A215520E6F7D6FA0C2283F8862008BD37
:102820000B46082203F8032BD0F80920C1F8032037
:10283000D0F80D205A60427C1A720023CB7070478A
:1028400043682DE9F04193F8875006460C46002D69
:1028500069D193F875102046FFF71FFC074628B989
:10286000E1783046BDE8F041FFF74CBF7268B4F83C
:102870000D30B2F88010A2F89032C9430B4447F6ED
:10288000FD719BB28B4208D92823304682F8A930CB
:10289000F2F798FE2846BDE8F0812046FFF7F0FBEE
:1028A0006FF45063D6F80480C3189BB2062B8DBF1B
:1028B00040F2E243A0F550604FF47A732F468CBF8C
:1028C00058435843C8F89802237907B303EB8303AE
:1028D00003EB83039B00A8F89232B4F80530FFB1F4
:1028E000642253432046C8F89432FFF7CCFBA8F883
:1028F0009C0220467768FFF7CDFB73680022A7F89B
:102900009E0283F8A4220E2283F88720C2E7C3EB3D
:10291000431203EB820303EB83035B009BB2DAE712
:1029200040F2E242DDE70125B4E708B5436893F8D9
:1029300086201AB161215620E6F744FA0E2283F868
:10294000862008BD2DE9F347D0F804A006460846C6
:102950000C46FFF724FC0546E0B12046FFF71BFCC0
:1029600007462046FFF713FC80462046FFF715FC7C
:1029700081462046FFF70DFC394600904B460AF190
:1029800034004246FFF779FD7168504601F241116B
:10299000F2F7AEF9284602B0BDE8F08708B5436803
:1029A00093F886201AB126214520E6F70BFA1E225D
:1029B00083F8862008BD38B54568044695F886300A
:1029C0001E3B022B0CD8FFF7BDFF18B10421606835
:1029D000EEF7CAFF002085F8C20085F8860038BDF2
:1029E0000120FCE743682DE9F34793F8876004462C
:1029F0000D46002E47D10846FFF7D1FB30B92946D6
:102A0000204602B0BDE8F047FFF78DBE2846676854
:102A1000FFF7C1FB804628463437FFF7B8FB8146F5
:102A20002846FFF7BAFB82462846FFF7B2FB53461B
:102A30004A46009041463846FFF71FFD636893F809
:102A400086201E2A0AD16368202283F88720204628
:102A5000FFF71CFE304602B0BDE8F08793F81B314B
:102A6000002BF0D1636893F81A31002BEBD1626828
:102A70001F23114682F8873002F5A57231F8340B16
:102A8000F2F79AF9E3E70126E4E7436810B593F813
:102A9000873004461BB18E214520E6F793F9FFF7F6
:102AA00005FE60680421BDE81040EEF75DBF38B553
:102AB0004568044695F886301E3B022B0CD8FFF77C
:102AC00041FF18B106216068E9F72AF8002085F86F
:102AD000C20085F8860038BD0120FCE74268936F8C
:102AE000D90610B5044603D4B0214520E6F76AF9AB
:102AF000990601D5B121F8E723F010039367FFF79A
:102B0000D5FD60680621BDE81040E9F709B80B2340
:102B10000B70D0F80930C1F8023070470B460C2218
:102B200003F8022BB0F809204A80C27A9A707047E5
:102B300010B50446406890F88630182B14D100F187
:102B4000F00200F50671052300F50A70FBF742FE5E
:102B5000636801220020002183F88B201A22C3E938
:102B6000380183F8862010BD0220FCE770B50D46C1
:102B70004168044691F88630152B10D101F5087193
:102B80002846FFF7ECFA66682846FFF7ECFA636818
:102B9000C6F804011822002083F8862070BD0220A8
:102BA000FCE7436893F88620112A05BF0020142211
:102BB000022083F88B0008BF83F88620704708B591
:102BC000436893F88620142A04D04FF486711F209E
:102BD000E6F7F8F8012283F8C820132283F886204C
:102BE00008BD38B54368054693F8874034B1123CB8
:102BF0000B2C94BF08240124204638BD93F88C2068
:102C0000002AF9D0D3F8143133B9FFF73FFD6B68D0
:102C1000122283F88720EFE70C220A21FFF759FDE3
:102C20006B683222284683F88720FFF72FFDE3E701
:102C300008B5436893F88720162A04D04FF4BD7175
:102C40001F20E6F7BFF8012283F8C720172283F878
:102C5000872008BD436893F88720132A05BF1422F4
:102C60000020022083F887207047436810B593F84E
:102C700087300446192B07D1FFF718FD63681D2222
:102C8000002083F8872010BD0220FCE708B54368C8
:102C900093F88720122A04D040F2A3111F20E6F7F0
:102CA00091F8012283F8C720132283F8872008BDFA
:102CB00008B5436893F88720172A04D040F2AB1177
:102CC0001F20E6F77FF8192283F8872008BD08B592
:102CD000436893F886201A2A04D040F2DB111F20A3
:102CE000E6F770F81C2283F8862008BD08B5436813
:102CF00093F8862022B140F2E1111F20E6F762F836
:102D0000012283F8C720112283F8862008BD08B568
:102D1000436893F886203AB193F8C82022B94FF45B
:102D2000F4711F20E6F74EF8012283F8C720152220
:102D300083F8862008BD0B46072203F8032BD0F842
:102D40000920C1F80320D0F80D205A60B0F81120F6
:102D50001A81C27C9A72704708B5436893F886203E
:102D60001AB1C1211C20E6F72DF8042283F8862031
:102D700008BD08B50378426833B992F887305BB173
:102D8000C9211C20E6F71EF8936FD90701D4CD2185
:102D9000F7E723F001039367BDE80840FFF786BC1F
:102DA0000E23A0F59C700B7003884B80704743681E
:102DB000017893F8862061B9052A08BF00224FF0F8
:102DC000000002BF83F8B62083F8C22083F8862073
:102DD0007047102AF1E738B50478456854B995F87A
:102DE000873053B9FFF752FC4CB9022385F887307E
:102DF000204638BDAB6F5B07F4D50124F8E7AB6F15
:102E0000002443F00403AB67F2E7037823B1426880
:102E1000936F23F004039367FFF748BC08B543683A
:102E200093F886201AB170214B20E5F7CBFF02788A
:102E3000002A0CBF0522102283F8862008BD10B599
:102E4000D0E90D42A24206D38B8C121B498E05336A
:102E50004B43934202D3012380F83E3010BD01233F
:102E60000B7000238B7030F8CA3CA1F80330437A12
:102E70004B714389CB8083890B81704710B54468BF
:102E800094F8C92092070ED494F886301BB17421AF
:102E90004020E5F797FF0122A4F8BE3084F8862091
:102EA00084F8C22010BD037843B994F887300BB979
:102EB000FFF7FCFB002384F82A31F3E7A36F9B079D
:102EC000F8D5FFF7F3FBA36F23F00203A367F1E745
:102ED00010B50B7901284C790A6843EA04211046A1
:102EE00008BF41F4803110BD07B5FFF7F1FF0DF1C8
:102EF0000702F2F7EDFD03B05DF804FB0B46062276
:102F000003F8032BB0F80920A1F80320C27A9A70C5
:102F100070470B46172203F8032BD0F80920C1F89D
:102F20000320D0F80D205A607047332301F8033B8B
:102F300000F10903293053F8042B834241F8042B94
:102F4000F9D11B880B807047F0B50646BDF81470A8
:102F500001F5A571D92E344607F0010507F00200EE
:102F600028BFD9243034A4B2FF2C28BFFF24BF07C8
:102F700000F0AF8048B3042A21D0032A22D0022ACD
:102F80000CBF4FF496744FF414740C44D11EC9B2A4
:102F90009C34022934BF282000200129044440D851
:102FA00004F535649834002D48D0042A40D0032A13
:102FB00041D0022A0CBF6421C0210819F0BD41F2A2
:102FC000D024E2E740F2CE54DFE783B1042A08D0F0
:102FD000032A09D0022A40F6480408BF4FF485644A
:102FE000D3E744F29024D0E741F2BE14CDE7042A9F
:102FF00005D10534A4B2A40104F5C874C5E7032AB9
:1030000005D10534A4B2240104F5BF74BDE7022A3A
:103010000BBF0B340A34A4B2A4B20CBFA400E4006A
:10302000B3E7022A0CBFB4204FF4B0700444B9E7F0
:103030004FF4CA61C1E740F2AE21BEE793B1042A62
:103040000AD0032A0BD0022A40F648000CBF4FF4E6
:1030500085610146601812E044F29021FAE741F2DE
:10306000BE11F7E7F12E354628BFF125042A1ED1FF
:1030700005F1130080B2800100F5C8752819D92E1A
:103080009CD9D93EF721B6B2002B56D0F636042A89
:10309000B6FBF1F64BD0032A4CD040F2725340F607
:1030A0009211022A18BF0B4603FB060086E7032A8B
:1030B00005D11335ADB22D0105F5BF75DEE7022A46
:1030C0000BBF19351835ADB2ADB20CBFAD00ED0078
:1030D000D4E78BB1042A09D0032A0AD0022A40F689
:1030E00048000CBF4FF485640446B3E744F29024D3
:1030F000B0E741F2BE14ADE7042A05D10534A4B20D
:10310000A40104F5C874A5E7032A05D10534A4B2C7
:10311000200100F5BF749DE7022A0BBF0B3404F1B8
:103120000A05A0B2ADB20CBF8400EC0092E744F2F5
:10313000DA33B9E741F20833B6E7B6FBF1F3042A14
:10314000DBB21CD0032A1DD040F2725140F692141B
:10315000022A18BF214601FB0300C3EB4311C3EB56
:10316000C103F61AB3B2002B3FF428AF0833042A88
:103170009BB20AD19B0103F21A4318441EE744F2A2
:10318000DA31E8E741F20831E5E7032A03D11B0110
:1031900003F54673F1E7022A0BBF9B00DB0003F542
:1031A000BB7303F5CD73E8E78B8873B513F018058F
:1031B00006460C461ED1086820B940F2CA312D20BF
:1031C000E5F700FE00F088FA217CF2F791FDA38874
:1031D0000146627C009330462B46FFF7B5FECC30AB
:1031E000D4E90223824273F100032CBF01200020A6
:1031F00002B070BD0120FBE738B513220B460C4628
:1032000003F8032B00F10902293052F8041B824213
:1032100043F8041BF9D1127802211A700123A58802
:10322000A3712846E6F7D2FA70B1E37863B100885B
:10323000F0F714FD02212846E6F7DEFA20B140F24D
:1032400023212D20E5F7BEFD38BD38B5CB690446F6
:10325000104641F27072A3F57A75954295BF4FF40E
:103260007A7240F2E242B3FBF2F3B3FBF2F398BF9F
:1032700003F5506304F1A0029BB2A4F8AC308B8C30
:10328000A4F8AE30CB8CA4F8B03091F8B83184F803
:10329000B230637F63B394F86830012B28D194F87F
:1032A0006E3003F0C003402B22D1D4F86930C4F84B
:1032B000A030B4F86D3093800828236A04F1A60189
:1032C0009A7803F1030584F8992004F19A02D3F85F
:1032D000033018D0C4F8A630AB888B8004F1990174
:1032E000F0F7AEFF40B940F697312D20E5F76AFDC3
:1032F0000023C4F8A030DEE794F8993043F00203CD
:1033000084F8993038BDC4F89A30AB889380002394
:10331000C4F8A6308B80F5E70B46162210B503F8EB
:10332000032BD0F80920C1F80320427B1A71CB7817
:10333000BBB130F8B43C1B0713D4B1F805400221EF
:103340002046E6F743FA60B10088F0F787FC0221D7
:103350002046E6F751FA20B140F263212D20E5F72F
:1033600031FD10BD0121F3F76BB8FFF7FBBF08B5C6
:1033700090F894300BB1012008BD90F8CC30002BB0
:10338000F9D190F8BE3003F0FF00002BF4D0F0F735
:10339000D1FA80F00100C0B2EEE730B54FF4B4725C
:1033A00085B00D4600210446FBF7F0FBFF23237098
:1033B0001323638042F21073E384E6F711FB0022CB
:1033C0000146E0646846E6F74FFB00220121E06C0D
:1033D000FCF73DFC0422E16C6846E6F745FB002261
:1033E000E06C1146FCF733FC04F13000E57400F0AA
:1033F00023F902A8F1F7A2F920B940F206312D20F5
:10340000E5F7E0FC02A904F13600FEF712FB05B077
:1034100030BDFF23C86C0B70FCF7E6BB0078FF38AB
:1034200018BF01207047F7B5044630300E4600F053
:1034300053F961880746CA0605D52822F3F742FCEE
:103440008C3003B0F0BD8B07E06C0FD5FCF79DFC12
:10345000054621793846F2F74BFC638801466279CC
:10346000009328463346FFF76FFDE9E7FCF77DFC44
:10347000EEE7034608465A8812F0180F30B587B0B9
:1034800010D103F13001ADF80420D3E902459B8847
:1034900000916946ADF81030CDE90245FFF784FE92
:1034A00007B030BD0120FBE7D0E902017047007D85
:1034B000003818BF012070470B68C0F816308B88A1
:1034C0004383012303777047438813F0100005D02E
:1034D00013F0040F14BF00201F2070479A0704D474
:1034E000DB0701D4E6F7A8BAEE20704708B5FFF76E
:1034F000EBFF003818BF012008BD0023A0F84830BA
:1035000043881D2B08BF00214174704790F91300B8
:103510007047408800F0010070474088C0F34000C9
:1035200070474088C0F3C000704710B54488C06C35
:10353000E30654BFC4F340040024FCF70DFC002C48
:1035400008BF012010BD4088C0F3001070474088BC
:10355000A0F109035842584170474079C31E012B1E
:1035600005D8B1F86A30012B0CBF03200420704746
:1035700010B50446F1F740FCC0F30B00A042F9D0AF
:1035800010BD10B50446F3F79BFA00212046F2F770
:1035900057FF2046BDE81040F2F72EBC90F8683087
:1035A00001624B72D0F86930C1F80A30B0F86D3062
:1035B000CB8170477047F2F7F7BC80F888107047EE
:1035C000FF2380F88B30704780F8241080F8252086
:1035D0007047C0F34002C0F3800300F001001344C1
:1035E00018447047022808B507D0042807D00128DE
:1035F00007D039212E20E5F7E5FB262008BD27203E
:10360000FCE72520FAE78278034612F0010002D099
:10361000D978C9070FD5900702D5D978890709D578
:1036200012F0040007D0DB7813F0040F14BF002061
:1036300004207047022070470023C0F802300123A5
:103640004370037070478170704710B54270144624
:1036500001708078FFF7BDFF484304FB00F2FE2AAB
:1036600003DD5C212E20E5F7ADFB10BD0023C37008
:1036700043710371704710B50446FFF7C4FF6379C7
:1036800062780133DBB29A4263710CD1E378002295
:10369000A17803436271DBB29942E37001BF2379E1
:1036A000E27001332371BDE81040FFF79BBF38B5CE
:1036B00004468078FFF78DFF0146E078FFF789FF29
:1036C0002378227965789B1A6B4359436379C91A29
:1036D00000FB1510C0B238BD014608B58078FFF771
:1036E00078FF4A780B7853435843C0B208BD40F284
:1036F000EF20704740F25A335843704738B50E38C0
:10370000536814460D4693F8862009283FD8DFE811
:1037100000F0053E3E3E0F3E173E3E26042A05D1F0
:103720002046FEF7AAFF2046F2F706F9002038BD32
:10373000102AFBD120460021BDE83840FFF737BBF7
:103740001E2AF3D12046FEF798FF002DEED06268C6
:1037500092F8D83023F0200382F8D830E6E793F8C7
:103760008720242AE2D10025204683F88750FEF7DF
:103770009DFF636893F82431012B03D1294620462D
:10378000F0F72EF96368002283F82421CEE740F297
:1037900037213120E5F716FB08B5436893F88720F9
:1037A000172A04D040F20A513120E5F70BFB1B2207
:1037B00083F8872008BD08B5436893F88720322A2C
:1037C00006D1002283F88720BDE80840FEF76EBFCF
:1037D000172A03D11B2283F8872008BD40F21F510E
:1037E0003120E5F7EFFA037D63B9C37B90F8500011
:1037F000A3F11102032A05D928B11D2B8CBF00208B
:103800000120704701207047037D63B9837B90F8E6
:103810005000A3F11102032A05D928B11D2B8CBF3A
:1038200000200120704701207047426870B592F86F
:10383000D8300D460446084643F0040382F8D830D9
:10384000FEF708FD06462846FEF700FD22463146F3
:10385000BDE87040F3F73ABB38B50C460546D1E9F0
:103860000501E6F763F894F8140220280BD0FAF764
:103870000FFC94F81402F9F71BFD20B940F6820101
:103880003120E5F79FFA0D212846E5F7B5FF0E2117
:103890002846E5F7B1FF28460F21BDE83840E5F797
:1038A000ABBFE7F783B80022A0F8862080F88A2013
:1038B00090F8CB3113B10221E8F732B90321FBE7CD
:1038C00038B50446084694F8803213B10C252846D2
:1038D00038BD94F88730163B012BF7D894F8B032F6
:1038E00003F0FF05002BF1D191B194F8E63123B933
:1038F00040F6E5113120E5F765FA052304F1F00201
:1039000004F5EB71FAF766FF012384F88032DEE7F5
:103910000223FAE7F1F7DEBB436893F810212AB1DE
:10392000002283F8862083F8C220704783F887201E
:10393000FEF7BCBE436893F88620032A05D1002217
:1039400083F8C22083F886207047FEF7AFBEA1F14E
:103950001303012B0AD910B9172902D8704713296C
:1039600006D91C298CBF0020012070470120704718
:103970000020704738B5142853680D46144693F854
:1039800086300BD0162819D0122830D1052B13D130
:1039900000211046BDE83840FFF709BA1E3B022B54
:1039A0000AD81046FEF769FE35B1626892F8D83041
:1039B00023F0200382F8D830002038BD212BFBD122
:1039C0001046FEF75AFE6DB1626892F8D93023F0C6
:1039D000010382F8D930626892F8D93023F00803E5
:1039E00082F8D9301A212046EFF7FAFFE4E740F2D7
:1039F00029413620E5F7E6F9426870B592F8D830EB
:103A00000D460446084643F0040382F8D830FEF71A
:103A100021FC06462846FEF719FC22463146BDE841
:103A20007040F4F7DBBD08B5F4F7A2FB18B9BDE8A8
:103A30000840E6F7BBBF0021BDE808400846F4F7A0
:103A400089BE38B50C460546D1E90501E5F76EFF9C
:103A500094F8E10120280BD0FAF71AFB94F8E10161
:103A6000F9F726FC20B940F61A113620E5F7AAF935
:103A700004F5DC742046EEF745F810B12046EEF769
:103A800051F80D212846E5F7B7FE0E212846E5F747
:103A9000B3FE28460F21BDE83840E5F7ADBE002053
:103AA0007047F1F713BAF1F7D1BAF1F7FBBA014653
:103AB00038B5448E91F88A30A400B0F8B80013BB32
:103AC000C0F1060591F8B6302D1B1BB191F8863078
:103AD000052B1CD101F17800FFF796FEC8B1D1E9A2
:103AE0002B031B1A1C1BAC420888A8BF2C4600F0F5
:103AF00058F820B1C389043B9C42B8BF1C4624EA55
:103B0000E47080B238BDB1F8BA502D1ADAE700245B
:103B1000E9E72C46E7E770B50E4604210546E5F7D0
:103B200055FE044648B906212846E5F74FFE20B168
:103B300016B190F8BD3003B90446204670BD037C31
:103B40000BB900207047037C012BFAD0007C0738AA
:103B500018BF0120704708B5027C012AD3B204D0F7
:103B6000FFF7EDFF00F0010008BD1846FAE71D233E
:103B700010B50446C370EFF72BFF207110BD1E2354
:103B800010B50446C370EFF723FF207110BD012369
:103B90004380038000238380C3804FF44863038104
:103BA00070470E21E5F712BE73B569460546FDF76D
:103BB00049FE044618B11F215420E5F703F92846B1
:103BC000019EFFF7EEFF28B10123738684814481B3
:103BD0000482C48102B070BD0023012203804380AF
:103BE000038143814FF44863C280828083817047A0
:103BF00008B5FAF7A7FEBDE8084000F036B8801A0D
:103C000000F3070038B50D46144659B240B2F7F735
:103C1000F9FA0023287020446B7040B238BD0023AD
:103C2000036070477047002070474FF0FF307047C7
:103C30004FF0FF30704770474FF0FF307047002063
:103C40007047002070470023037070470022FFF781
:103C5000D6BF002070474FF0FF3070474FF0FF3065
:103C600070474FF0FF30704770477047F7F7F2BA70
:103C7000704770B50024F7F71BFE05462646E0B2F4
:103C8000854200D870BDF7F719FE0134868480F8AC
:103C90002660F4E7FAF72EBE002070470020704738
:103CA0000020704700207047704720BF70470028F1
:103CB0000CBF6FF0150000207047002070470723ED
:103CC000037000207047002070470020704710F8F4
:103CD000012B11F8013B012A28BF9A42F7D0D01AD4
:103CE0007047000013B5CDE9000101460D4809F009
:103CF000B8FD0022002369460B4806F0DBF90446B4
:103D000068B1F723094A0A490A4809F0F8FC214634
:103D1000094809F0F4FCF721044809F0E7FC02B077
:103D200010BD00BF00570021B80800219AFC020115
:103D3000D2FC0201DBFC0201F8FC0201014806F0A2
:103D400065BE00BFEC08002138B5094D4FF0FF32C9
:103D50004FF0FF33284606F0CDFD044602F0E8F9A7
:103D600010B1204601F092FF08F0A2F8EEE700BF84
:103D7000200900212DE9FF47DFF80891424FDFF8C5
:103D80000C814FF0FF324FF0FF33484602A906F096
:103D900051FA044678B14FF482733D4A3D493E489A
:103DA00009F0ADFC21463D4809F0A9FC4FF48271B1
:103DB000374809F09BFC029C039E234613F8010B35
:103DC000711E0228039128D0052839D0012804D07B
:103DD0002146384609F05FFDD3E7022902D8214683
:103DE0002948F7E7E278043E9642F8D10322CDE96C
:103DF00000324FF0FF324FF0FF3302F065F9054615
:103E0000043405F10C0A504609F0D5FF864229D941
:103E1000284601F03BFF0299E2E70329DFD9B4F815
:103E20000320053E9642DAD104204FF0FF32CDE95F
:103E300000304FF0FF3302F047F905340546E0E764
:103E40000329CCD9B4F80320053EC2F30D029642F3
:103E5000C5D104221020CDE900324FF0FF324FF0DF
:103E6000FF33E8E721463246504609F0ACFF3846BA
:103E7000029909F010FD002D83D0294640460BF031
:103E800055F87EE7B80800210057002120090021DD
:103E90009AFC0201D2FC0201DBFC02011CFD0201C2
:103EA00008B50A4802F050F970B9094809F09EFCBB
:103EB000002802DA10F1780F06D1BDE80840054A63
:103EC0000549034809F0A0BC08BD00BF0409002152
:103ED00060F40201480700210057002170B54FF03F
:103EE000FF324FF0FF33164806F0F8FD154D164E21
:103EF0004FF0FF334FF0FF32284606F0FBFC037E05
:103F00000446082B06D0202B12D0022B12D001F031
:103F1000BDFEEDE7022104F10C0009F045FF30463B
:103F2000228AE16809F084FC002805DB2046EEE7E0
:103F30000521F0E70421EEE707F0BAFFEFE700BF45
:103F4000EC0800210409002100570021F8B50F46B4
:103F500000293BD006680122304609F01FFA0146CD
:103F60000446304609F0E2F9C3070DD4AF23184ADE
:103F70001849194809F0C3FB3946184809F0BFFB36
:103F8000AF21134809F0B2FB2146304609F0E4F9AD
:103F9000251829460022304609F0C8F92D1AAC42EE
:103FA0000BD0B7230A4A0E490B4809F0A8FB394643
:103FB0000C4809F0A4FBB721E3E72146304609F09D
:103FC000D1F92146BDE8F84009F00DBBF8BD00BFAE
:103FD00068FD02018BFD0201DBFC02019CFD020178
:103FE000D4FD0201FAFD02012DE9F8430F460668EF
:103FF0001446B2684B1EB2F5004F34BF04210821AD
:104000003B4010D0C7F1000909EA0709494503F10F
:10401000FF3028BF494618420CD11F46DCB90025A5
:104020002846BDE8F8838F4213D82146BDE8F843FF
:1040300009F01BBB2E494FF4A2732E4A2E4809F0FB
:104040005EFB2E4809F05BFB4FF4A271294809F092
:104050004DFB9946E2E7B2EBD40FE0D9E319591AC8
:10406000104609F0A5F90146304609F0FBF98046F3
:104070000028D4D0B36809EBC005B3F5004F34BFB6
:10408000042308231D4435447B1E1D44B5FBF7F56E
:104090007D43A5EB09052946304609F07FF92C44FC
:1040A000073424F00704A41B804507464FEAE404C4
:1040B00008D202464146304609F00EFA41463046E3
:1040C00009F04FFA3946304609F046F9384484423F
:1040D00008D239463046224609F0FEF921463046DC
:1040E00009F03FFA01223946304609F03BF997E7DB
:1040F00036FE020168FD0201DBFC020151FE0201F5
:10410000B2F5802F2DE9F04110D2042A28D8434976
:104110004FF4F973424A434809F0F1FA424809F072
:10412000EEFA4FF4F9713E4809F0E0FA0823D21A8A
:10413000CC1D114424F0070421F00701091B1729A5
:104140004FEAD1060ED8394940F2FB13344A3548BC
:1041500009F0D5FA344809F0D2FA40F2FB11E2E74F
:104160000423E4E70027046031463046A660E76098
:1041700009F027F90121421D8046304609F018F95F
:104180009200D51DED082844B0423AD8B8F1FF3F5F
:104190003946A2F1100204F11000B8BF3A460BF004
:1041A00027F82A463946204609F0F4F83B463A46B5
:1041B0003946204609F0C5F8A6EB050820463946E1
:1041C000012209F0CFF84246294609F0E3F82B46D0
:1041D0003A462946204609F0B4F83146204609F00F
:1041E000D9F843463A463146204609F0AAF8314606
:1041F0002046012209F0B6F82946BDE8F04109F051
:10420000B0B90B494FF40373054A064809F077FA31
:10421000054809F074FA4FF4037184E76EFE020159
:1042200068FD0201DBFC02018FFE0201A8FE020113
:10423000D1FE0201014B1B68184700BF6007002137
:10424000014B1860704700BF6007002130B585B092
:1042500004460D461022002168460AF0C9FF0223D9
:104260008DF80230044B2A4621466846019308F037
:10427000E9FD05B030BD00BF3542020180B50546FD
:104280000E461746984607F0BBFF03460BF04CF866
:104290000446DFF81890424649F800303946304667
:1042A000A84754F8090000F0E1FF00BF0800000033
:1042B0002DE9F84F0446A38B08461907154612D47A
:1042C000022803F0070165D1204609F025FA88B1DC
:1042D0000138042800F23781DFE810F05C00350176
:1042E0008200D400040101280CBF43F0100143F008
:1042F0002001A1831434204608F0DEF9002840F0A4
:104300009D819A4940F23113994A9A4809F0F7F988
:104310002146B1E003F00702501F01281ED80020FB
:10432000062A2768C4E9000014D13A4603E0E08B6E
:104330000130E0831268002AF9D123F0070343F02B
:1043400002022046A28309F0E7F990B342F020026E
:10435000A2832EE023F007039AB2F2E7042A33D1B6
:1043600023F007039AB22046A28309F0D5F910B1D1
:1043700042F02002A283A38B03F00709894540F095
:10438000EC80A18BCA0640F1508121F01003A38379
:1043900001F00701D4F81880A38BB8F1000FB9DA47
:1043A0000022276823F00703C4E9002243F0010339
:1043B000A383A38B03F00709894540F0CF80002F2A
:1043C000DFD00026B24644E06B4940F21B136B4A33
:1043D000684809F094F940F21B11684809F086F921
:1043E00049B167494FF4AB73644A624809F087F9F1
:1043F0004FF4AB71F1E723684BB9624940F25713B0
:104400005E4A5C4809F07BF940F25711E5E7236901
:104410001E684EB95C494FF4AD73584A554809F0CF
:104420006EF94FF4AD71D8E70F4688464FF0060994
:10443000A38B23F0070343F006039BB2A383A26878
:10444000002A40F08D80002F40F08D80002E98D003
:10445000BA4643F0080304F1140B5846A38308F04E
:104460002BF9002840F09A80404940F23113404A2D
:10447000404809F044F95946444809F040F940F2EF
:104480003111ADE0022909D0414940F25D133B4AA8
:10449000384809F034F940F25D119EE7E78B4FB1DF
:1044A0003C494FF4AF73354A324809F028F94FF4CC
:1044B000AF7192E723695E684EB9334940F26113E8
:1044C0002E4A2C4809F01BF940F2611185E7A38BB5
:1044D000B84623F0070343F004039BB24FF00409EE
:1044E000A383ACE7012909D02B494FF4B273234AC7
:1044F000204809F004F94FF4B2716EE723684BB914
:10450000204940F265131D4A1A4809F0F8F840F2B4
:10451000651162E723699E684EB91B494FF4B47375
:10452000164A144809F0EBF84FF4B47155E7002728
:10453000A38BB84623F0070343F005039BB24FF06B
:104540000509A3837BE70C4940F26B130B4A09482A
:1045500009F0D5F840F26B113FE7002700266EE71F
:104560004FF0010A75E7924673E700BFCFFF0201E3
:10457000A2FF0201DBFC020173180301FCFE020131
:1045800021FF02012DFF020150FF0201E6FF02019F
:1045900067FF02017DFF02018CFF020185F3118894
:1045A000BFF36F8FBAF1000F1CD177BB16B1204655
:1045B0002549B047EFF31185402383F31288BFF3F9
:1045C0006F8F584608F06AF838BB88231F4A204985
:1045D000204809F094F859461F4809F090F88821BE
:1045E0001A48FBE6A1680029DFD00D680029DCD05D
:1045F00043464A462046D1F804A0D0471DB12B6857
:1046000029461D46F2E72B46FAE7394643464A4615
:1046100020463F6809F0ACF8C7E7584608F062F852
:10462000A38B23F00803A383ABE68B067FF562AE72
:1046300021F02003A38301F0070145E685F31188EB
:10464000BFF36F8FBDE8F88F5D460201A2FF020144
:10465000FBFF0201DBFC020110000301F8B5044678
:104660000D4600F11406EFF31187402383F31288FF
:10467000BFF36F8F304608F011F868B988230C4AF1
:104680000C490D4809F03BF831460C4809F037F861
:104690008821074809F02AF8304608F023F8A56178
:1046A0003A462046BDE8F8400121FFF701BE00BFB1
:1046B000A2FF0201FBFF0201DBFC0201100003016B
:1046C0002DE9F04704460F4609F042F8051E68DB65
:1046D00004F11409EFF3118A402383F31288BFF326
:1046E0006F8F484607F0DAFF804660B98823384A62
:1046F0003849394809F003F84946384808F0FFFFBF
:104700008821334842E0484607F0ECFF4FF6FF723D
:10471000E38BA68B934206F0070645D0022E15D1F7
:1047200035460133E383484607F0C6FF002841D1F0
:1047300040F23113264A2A49274808F0E0FF49464B
:10474000284808F0DCFF40F23111DAE7062E13D8D2
:10475000DFE806F0092D1212090409006FF0850543
:104760004FF00008DFE700233B60636883B9C4E9CA
:10477000007786B13546F3E71B4917484FF4E473D9
:104780001A4A08F0BCFF4FF4E471184808F0AEFF75
:104790001F606760EDE7524602212046FFF788FD63
:1047A00035462846BDE8F0876FF00A05D8E76FF078
:1047B0000405D5E78AF31188BFF36F8FB8F1000FB6
:1047C000EFD0002332463946204608F0D1FFE8E713
:1047D000A2FF0201FBFF0201DBFC0201100003014A
:1047E000CFFF0201E6FF02018CFF0201FCFE020185
:1047F00008B54268034602F00302022A81600AD02B
:10480000032A4FF0000103D0012A0AD1596006E0C3
:104810001868596008BD186800225A6058B900200D
:10482000F8E7064906484523064A08F068FF45218F
:10483000044808F05BFF08F007FAF0E7731803017B
:10484000DBFC02012600030130B50C460E4985B0A1
:104850000291D0F8D4110546CDE9003100F1F00104
:104860004FF0FF33204604F061FD50B9012384F876
:104870006C30D5F8D03123B1204605B0BDE83040CA
:10488000184705B030BD00BFBBD9020138B50C4692
:104890001146054609F093F8034638B928460449FD
:1048A00009F08DF803460020236038BD0120FBE7A6
:1048B0007F0403012DE9F04F012381460569466815
:1048C00087B005F55D77D7E8EF2F002A03D1C7E859
:1048D000E13F0029F7D10CBF1A46002240F0B0801A
:1048E000B368B16A05F5F8781C1F104609F0EEF8B8
:1048F00084426ED8013A00F09D80B2FA82F24FF005
:104900000044D44072682046073222F00302C5F802
:104910003C22B16A09F0DAF8C5F84002B36A4046B1
:104920006343033323F0030302EB4302230103EB4E
:104930004403093323F0030303EBC403C5F8342213
:104940001A440832C5F830227368C5F83842C5F8F1
:104950002C323D4BC5E9AD63316800F0E5F9044602
:10496000002834D1D9F810B0D9F804A0D9F8003013
:104970000BF53479059004934846DAE90734012BA6
:1049800008BF103C06F002FCDAF824002F4904AB03
:1049900001EB80214FF4806248460093234606F0E5
:1049A0000FFC2B490BF5307006F082FADAE90501AD
:1049B00083685C684CB15B46264AA047044630B920
:1049C000DAE9050183681B692BB96FF057040021F0
:1049D00029E0013289E70122984704460028F6D1F0
:1049E0001D4B2846C5F8D0311C4BC5F8D4311C4BA3
:1049F0000393D5F840320293D5F83C32CDE90083D9
:104A000005F51173B26AD5F8701300F055F9044634
:104A10000028DCD105F1F00004F02EFD0028C5F8D7
:104A200078030ADB0221384608F0FDFF204607B074
:104A3000BDE8F08F6FF00B04C9E76FF01504C6E70F
:104A40006FF07704F2E700BF11DA0201F063002192
:104A5000F7D90201EBD90201654A0201A3DB020189
:104A600057DA020113B5044640B100230122CDE913
:104A70000032074BD0E9091204F02CFC236F1B68AD
:104A800023B1606F02B0BDE81040184702B010BDFE
:104A90007F04030113B504460846216901F55D71E1
:104AA000D1E8AF1F022910D193B1A0B10121CDE906
:104AB00000311346D0E9091204F00CFC074B984270
:104AC00008BF6FF00B0002B010BD6FF00F00FAE7E7
:104AD0006FF04C00F7E76FF00100F4E72EF8FFFFEE
:104AE0002DE9F34789461546066906F55D73D3E857
:104AF000AF3F022B64D1136823B96FF0150002B0E9
:104B0000BDE8F0871B78002BF7D0D6F870A3BAF178
:104B1000000F36D106F5EC774FF0FF324FF0FF3340
:104B2000384605F067FC30462A6801A9FFF7AEFE5B
:104B3000019C80461CB9384608F073FFDDE705F19B
:104B4000080323676B6984F86CA06367646460B1D1
:104B5000384608F066FF21463046A36E2A68FFF704
:104B600073FE0020C9F80040C9E71F22296804F13C
:104B700048000AF067FB384684F8678008F051FF68
:104B8000EFE73046104908F01AFF04460028B4D079
:104B9000002705F1080303676B6980F86C704367B1
:104BA00040641F22296848300AF04CFB224601214C
:104BB000304684F8677000F061F80028D1D09CE797
:104BC0006FF00F009BE700BF7F04030110B50C4698
:104BD000006900F55D73D3E8AF3F022B0FD189B1B7
:104BE0000A4900F5307006F043FA204609F053FFF9
:104BF0007822002120460AF0FBFA002010BD6FF059
:104C00000F00FBE76FF00100F8E700BF0857002135
:104C10002DE9F04F05460E4690460027D0F8C4A077
:104C200085B0AAF5BE7421463046FFF750F8E0B9CA
:104C3000114BA4F1480B0293DAF810303246CDE95B
:104C4000008329464FF0FF335846AAF5E27904F075
:104C50006DFB60B97823012203FB079383F86C2076
:104C6000DAF80C300BB158469847783417B105B0D4
:104C7000BDE8F08F0127D6E7D1DB02011FB514464E
:104C800090B18AB1012912D10A4B00F1F0010293CF
:104C9000D0F8D431483201934FF0FF3320460093CF
:104CA00004F044FB04B010BD6FF01500FAE70020DB
:104CB000F8E700BFD1DB02012DE9F04387B00E46D3
:104CC000DDE90E811446DDE910251F4630B329B316
:104CD000DFF850C000F1F009002D08BF65469EB90D
:104CE000CDE9034400F5E274204605960AF08BF8FE
:104CF00003ABCDE900432A463B464146484604F013
:104D000077FD07B0BDE8F083002241460E92484689
:104D10002A4607B0BDE8F04304F0BABE6FF01500B4
:104D2000EFE700BF114C0201F0B504462B4A87B0F3
:104D300004AB0E4692E8030083E80300002C49D040
:104D4000184604F0CDF90546B0B94FF0FF33E16CD9
:104D500004F15407A163CDE9010000933846236DA7
:104D600004F1380209F049FBA06C08F060FFC4F8B8
:104D7000BC0020B96FF00B05284607B0F0BDA06C51
:104D800008F055FFC4F8C0000028F3D0236CD4F815
:104D9000BC10C4F890300423C4F89430C4F8AC308C
:104DA0000223E3620E4BB4F84820C4F88C10616C07
:104DB000236204F18C03C4F8A070A4F89820C4F80E
:104DC000B870C4F8A810A4F8B020C4F8A400A66174
:104DD0002363D1E76FF01505CEE700BF30F602017F
:104DE000F4FA0201014B03600020704720FB02012E
:104DF00008B5044808F06DFCBDE80840024808F01A
:104E000068BC00BF510003018600030130BFFFF7FB
:104E1000FDBF00BF2DE9F04105460B4EDFF82C80A9
:104E2000324606EB0807CC1B204609490AF0D3F9A5
:104E3000A01942460021083C0AF0DAF96C6707F134
:104E40000800BDE8F08100BF000000000400000081
:104E500030F60201074A936893F90E10002907DB28
:104E6000526993421FBF044A536843F08053536012
:104E7000704700BF4C59002100ED00E0154B9A6AC5
:104E800012F0007F9A6A14BF1E201D2012F0807F4E
:104E90009A6A18BF1F2012F4801F9A6A18BF022056
:104EA00012F4002F9A6A18BF212012F4802F9A6AF8
:104EB00018BF222012F4003F9A6A18BF232012F470
:104EC000803F9A6A18BF24206FEA02426FEA1242BA
:104ED0009A62704700ED00E010B5164B9A6A9C6A22
:104EE00012F4805F14BF1722162214F4006F9C6A1C
:104EF00018BF1822A40509D59A6B9A6A120404D522
:104F000018B19A6A22F400429A621922094B986AEF
:104F100010F4806F986A18BF1A2210F4807F986A84
:104F200040F47F4098624FF000030CBF10461B20F6
:104F30000B7010BD00ED00E010B5204B0246986AE2
:104F40009C6A10F0100F14BF1120102014F0080FED
:104F50009C6A18BF1220A40709D5586B986A0006EE
:104F600004D51AB19A6A22F080029A621320134B78
:104F70009A6A12F0010F9A6A18BF1420D40602D45C
:104F80009B6A9A0712D50D4B9B6ADB060ED50C491E
:104F900040F233130B4A0C4808F0B1FB0B4808F001
:104FA000AEFB40F23311074808F0A0FB034A936AB6
:104FB00043F0FF03936200230B7010BD00ED00E08F
:104FC000E6000301B4000301DBFC02013001030130
:104FD000F0B55D4B04465B6800258BB0C3F3080356
:104FE00085F31188BFF36F8F02F07F40B0F17F4FE0
:104FF00008D102F00C00082804D012074CBF0C4660
:10500000012574B951494FF48563514A514808F05C
:1050100076FB514808F073FB4FF485614C4808F06B
:1050200065FB0022033B8DF80720032B00F28480F0
:10503000DFE803F0027A7E5D434AD36A13F002038D
:105040007AD1D16A00291ADBD36A5B005FD5536934
:10505000A16943F480735361BFF34F8FBFF36F8F28
:10506000536931F8021C23F480735361BFF34F8FEF
:10507000BFF36F8F4DF60273994220D123689DF8DC
:105080000720D2B9224602AE04F120073446106848
:105090005168083203C4BA422646F7D1099A002D56
:1050A0004CD0C2F3080121B96FEA52226FEA4222C2
:1050B0000992184602A908F0F2FD0BB0F0BD936A00
:1050C000DBB233B101200DF10701FFF735FF0346D5
:1050D000D5E7936A13F47F4F05D001200DF1070146
:1050E000FFF7FAFEF3E7936AB3F5803F02D3FFF7C9
:1050F000C5FEECE7194940F2FA23154A154808F0B5
:10510000FEFA174808F0FBFA40F2FA2186E7134945
:1051100040F2FE230E4A0F4808F0F1FA114808F059
:10512000EEFA40F2FE2179E700200DF10701CCE70D
:1051300000200DF10701D3E70023A0E722F4FF725E
:1051400022F00102B4E700BF00ED00E0940103018A
:10515000B4000301DBFC0201A70103017318030182
:10516000E501030109020301064B5A6942F01002EE
:105170005A615A6942F480625A615A6922F00802FF
:105180005A61704700ED00E0EFF30880EFF309810A
:1051900001B57246FFF71CFF01BD00BF002080F380
:1051A0001488BFF36F8F002080F30A8880F30B8888
:1051B0000F4880F3088803F0BDF800200D4908600F
:1051C000BFF34F8F00F02CF8402080F311880A487D
:1051D0004FF40061401880F30988EFF31480022136
:1051E000084380F31488BFF36F8F00F001F90000CB
:1051F000F078002194ED00E0F06B002100231846C8
:105200000649D1F89020C2F30722934200DB704791
:10521000C1F89830C1F8A0000133F6E700ED00E0D6
:1052200010B572B6002484F31388FFF7E7FF234616
:105230004FF0FF300C4A03F120010133102B42F8EC
:105240002100F8D100234FF0FF30074A03F160013D
:105250000133102B42F82100F8D162B6BFF34F8F13
:10526000BFF36F8F10BD00BF00E100E0084B9B68EB
:1052700083420BD1EFF3058343B1064B5A6842F0EA
:1052800080525A605A6A22F400425A6206F0BEBF47
:105290004C59002100ED00E016498A684FF03000BB
:1052A0001044EFF3098C80E8F01F402080F312884F
:1052B000BFF36F8F104F4FF000664A698A603E60FF
:1052C0004FF07404141920680C4C2060906F002378
:1052D000936780F3118802F1300090E8F01F8CF39F
:1052E000098802F1000004B508F0EEFCBDE80440B6
:1052F000704700004C59002104ED00E030570021B8
:105300001EF0040F0CBFEFF30880EFF309808169F2
:1053100011F8021C0229FFD001B5724608F0C5FC45
:1053200001BD00BF40B2002807DB01234109034A49
:1053300000F01F00834042F82130704700E100E098
:1053400040B200280CDB01220649430900F01F008F
:105350008240203341F82320BFF34F8FBFF36F8F7C
:10536000704700BF00E100E0054B420953F82220DE
:10537000012300F01F0003FA00F01040704700BF47
:1053800000E100E038B5D30704460D4612D48B1C6B
:10539000072B10D95823114A1149124808F0AFF9C8
:1053A000294611480623224608F0A9F958210B483E
:1053B00008F09CF9002360B20028ACBF00F1604007
:1053C0000A4A4FEA4313DBB2ABBF00F5614000F07D
:1053D0000F0080F80033135438BD00BF39020301B9
:1053E00070020301DBFC02018B02030114ED00E0FB
:1053F00008B5084B084A23F07F039360BFF34F8F33
:10540000BFF36F8F04F048FC07F074F900F048F820
:1054100004F082FC0088000100ED00E042F8203C2E
:10542000009B0B4942F81C3C019B21F0010142F812
:10543000183C029B42F8081C42F8143C4FF0807361
:1054400042F8043C0023203A02658367704700BF9E
:105450007D42020100B50B4B15469860426F0A4B26
:105460000E461A60436E83F30B882C4686F3098838
:105470000020064B98472046002100220023044CC0
:10548000204700BF4C59002130570021D1DC0201D8
:105490007D4202011022014B1A61704700ED00E0CD
:1054A000002340210348C21801331E2B82F8001349
:1054B000F9D1704700E100E008B5EFF30583064A33
:1054C000103B02EBC30152F8330049688847BDE83E
:1054D0000840FFF7BFBC00BF74F402011FB5094CC0
:1054E000094A23460121094800F0FAF800230393F2
:1054F000074B0121E41A01A80193029400F014F96A
:1055000004B010BD000001210000002120FB0201B9
:10551000D809002110B50C7A0B6804F01F0223F0A3
:105520001F031A43CB68640923F01F03054943EAAC
:10553000440343F00103C1F89800C1F89C20C1F86E
:10554000A03010BD00ED00E010B5074BD3F890304F
:10555000C3F30723013B984202D8FFF7DBFF10BDDE
:105560006FF01500FBE700BF00ED00E02DE9F04F04
:105570000F46144606464FF000084D4D85B0B8451D
:1055800080F29280D6F80490B9F1000F36D0B9F1CC
:105590001F0F40F2878019F01F0F40F08380D6F86C
:1055A00000A01AF01F0F7DD1504608F0D1FB8346B2
:1055B00009EB0A00013808F0CBFB834572D11BF1DF
:1055C000160F6FD05C456DDDC5F898B0D5F89C100E
:1055D000C5F898B0D5F8A03021F01F0143F01F0A9C
:1055E000D6E900321A44994202F1FF391ED1CA4568
:1055F00008D131465FFA8BF008F0B3FB08F10108DF
:105600000C36BCE73146C5F898B0D5F89C3022F08E
:105610001F0203F01F031343C5F89C30E0B208F0EB
:10562000A0FB10F1160F3DD0441CE7E7C5F898B079
:10563000D5F8A020013B23F01F0302F01F02134303
:10564000CA453146E0B2C5F8A030E8D008F089FB81
:1056500010F1160F26D0C5F898B0D5F89C209DF80B
:1056600008300AF1FF3A62F304038DF80830D5F8E8
:10567000A0309DF808205B0863F347128DF80820DE
:10568000D6E900321344009323F01F035344A3EBE5
:105690000903013023F01F036946C0B20393FFF7EB
:1056A00053FFBEE76FF01504204605B0BDE8F08F4C
:1056B00000ED00E00522044BC3F89420BFF34F8FA8
:1056C000BFF36F8F704700BF00ED00E0BFF35F8F47
:1056D0000022024BC3F89420704700BF00ED00E0A9
:1056E00038B50C4D0C462A78FFF740FF287016306D
:1056F0000FD140F26F13084A0849094807F0FFFF2D
:105700002146084807F0FBFF40F26F11024807F0FE
:10571000EDFF38BD9C590021CB0203017318030132
:10572000DBFC0201FA0203012DE9F74F314E8946F5
:1057300005464FF00008B3462F4FC84502DB03B0C3
:10574000BDE8F08FD5F804A0BAF1000F4CD029685D
:105750000846019108F0FCFA019904460AEB0100A1
:10576000013808F0F5FA84424FF01402234B15D0AB
:1057700002FB08F36FF015024BF8032040F27F1391
:105780001F4A2049204807F0BAFF49461F4807F042
:10579000B6FF40F27F111A4807F0A8FF14F1160F68
:1057A0003460EBD01978A142E8DD02FB08B0C7F8FD
:1057B0009840C7F89840D7F89C4000F10801007B5A
:1057C00064F304000871D7F8A0000C79400860F376
:1057D00047140C71D7F89C1021F01F017160D7F8A5
:1057E000A01021F01F01316108F1010814360C35B9
:1057F000A3E700BF3457002100ED00E09C590021D1
:10580000CB02030173180301DBFC02012603030131
:105810002DE9F041574C584ED4F890303568C3F319
:1058200007239D4286B013D94FF4D373534A54498A
:10583000544807F064FFD4F8902029465248C2F338
:10584000072207F05CFF4FF4D3714C4807F04EFF7E
:105850000020FFF73BFF4D4BC4F8C03085421AD102
:105860004B4C01A82570FFF7BDFA002506464FF006
:105870004108484FAE4215D1002023783D49D1F868
:105880009020C2F3072293426DDB0020FFF712FF46
:1058900006B0BDE8F081716801EB0011FFF73AFE38
:1058A0000130DBE7019A290102EB0513D3F80CC0A4
:1058B0000CEA0700B0F5001F27D0B0F5800F40D0EC
:1058C000B0F5801F4DD1586852589B68CDE902024F
:1058D0002122013B20F01F010B4423F01F038DF810
:1058E00010200593207802A9FFF72EFE002835DA54
:1058F00023494FF4E873214A224807F000FF264865
:1059000007F0FDFE4FF4E8719FE758689B68525816
:10591000013B20F01F010B4423F01F031CF0010F7B
:10592000CDE902028DF810800593DBD01B4974236A
:10593000124A144807F0E3FE194807F0E0FE74210C
:1059400083E758689B685258013B20F01F010B44C5
:10595000CDE9020223F01F030622C0E723780133BA
:105960002370013586E7C1F89830C1F8A0000133F3
:1059700085E700BF00ED00E02CFB0201CB02030134
:1059800073180301DBFC020155030301AAFF440065
:105990009C5900210000F0FFDE030301890303018D
:1059A000AF03030108B5024B1B689847002008BDF0
:1059B00048570021034B044A1860937843F00203D0
:1059C00093707047485700219007002108B5064999
:1059D000064821F00701C1F1045202F58032FEF7BA
:1059E0008FFB002008BD00BF6FB700214C5700217E
:1059F00070B541690446867A0A4D59B1437ADB078E
:105A000006D4342303FB0653DB6A1B689B68984764
:105A1000002363613420214600FB0650BDE870403E
:105A200009F08FBA3C0900213422024B02FB0030FE
:105A3000704700BF3C0900213421827A064B01FBEC
:105A400002331A6B93F82430801A1B3323F00303BC
:105A5000B0FBF3F0704700BF3C09002138B5342497
:105A6000827A064B04FB0233DB6AD3E901240C6023
:105A70001568FFF7E1FF04FB005038BD3C09002129
:105A800008B5437A4BB10C495A230C4A0C4807F02D
:105A900036FE5A21094807F029FE43683BB10949FF
:105AA0005B23064A064807F02AFE5B21F2E70382E1
:105AB0004369C36008BD00BF3C0403011704030130
:105AC000DBFC02014D0403012DE9FF470546684652
:105AD00017461C46039109F0E8FADDE9008945B94B
:105AE0005E49EE235E4A5F4807F009FEEE215C48FE
:105AF00018E005F11C06EFF3118A402383F31288A6
:105B0000BFF36F8F304606F0C9FD68B98823564A47
:105B10005649544807F0F3FD3146554807F0EFFD6C
:105B20008821514807F0E2FD304606F0DBFD6B8C22
:105B3000002B5CD02A8C9A4239D9002200232846B7
:105B400004F0D8FE0446002831D0304606F0B4FDFB
:105B500068B940F23113444A4649424807F0CFFD44
:105B60003146454807F0CBFD40F23111D9E78AF3C1
:105B70001188BFF36F8F039D002D5ED042464B46C8
:105B8000684609F0B6FA3421A27A3C4B204601FB64
:105B90000233DB6A03A91B681E68DDE90023B047F6
:105BA0006061002839D12046FFF722FF30E06C8C7D
:105BB0003046631E6B8406F07FFD0028C9D08AF34F
:105BC0001188BFF36F8F95F824302A8C1B33121B7A
:105BD0002C6B23F0030302FB0344284B284AEB1AE7
:105BE0009B105343A37295F82430E372C3E7304609
:105BF00006F062FD0028ACD08AF31188BFF36F8FE6
:105C000023463A46284604F075FE04460028B2D1E1
:105C10000024204604B0BDE8F087039B9D420DD9C7
:105C2000184940F245130E4A0E4807F068FD164821
:105C300007F065FD40F2451159E765610123002138
:105C40002381039BE27A6160638204F1180009F00A
:105C5000CFFA2046FFF714FFDBE700BF670403011C
:105C600017040301DBFC0201A2FF0201FBFF02019A
:105C700010000301CFFF0201E6FF02013C090021F1
:105C8000C54EECC46C0403017D04030170B50446E9
:105C900098B13426104D2046037A6468013BDBB28C
:105CA00003724BB9C3604360837A06FB03539B6A5C
:105CB0007BB19847002CEED170BD084908484FF4DD
:105CC000E373084A07F01BFD4FF4E371054807F042
:105CD0000DFDFFF78DFEEDE73C0900218504030172
:105CE000DBFC02011704030108B548B90B492B235B
:105CF0000B4A0C4807F003FD2B21094807F0F6FC7E
:105D000083883BB108492C23054A064807F0F7FC75
:105D10002C21F2E783680B44036008BD850403016E
:105D200089040301DBFC0201B504030108B5034645
:105D300000689A68821A91420BD90949094840F2D1
:105D40005513094A07F0DBFC40F25511064807F0ED
:105D5000CDFC9A88401A11441860998008BD00BF94
:105D6000C4040301DBFC020189040301F8B5858842
:105D700003680E4604465F1908F01DF8B04209D2C8
:105D8000064907483E23074A07F0B9FC3E2105486B
:105D900007F0ACFC3544A5803846F8BDE8040301A3
:105DA000DBFC020189040301064AD2F8AC3123F07E
:105DB0000043C2F8AC310022034BC3F84C21D3F8A6
:105DC0004C31704700200141006001410122024B2B
:105DD0000020C3F8402570470000084150231422DA
:105DE00013B51F4C0DF10700C4F80C351D4BC3F85B
:105DF00020214FF400621C4BC3F8BC254FF4806295
:105E0000C3F8382502F070FB184B984225D1184989
:105E10009DF8070002F038FB16499DF8070002F0D4
:105E20004BFB15499DF8070002F02EFB21469DF81B
:105E3000070002F041FB01209DF80730984002F076
:105E40001DFB4FF4002200200C4BC3F84423C3F881
:105E50004C01D3F84C3102B010BD6FF00B00FAE7E3
:105E600000B0004100302041002001410000AD0B96
:105E70004C610141282001412C2101410060014178
:105E800073B5354BD3E84F3F00233449CDE9003398
:105E9000334BD3F80445BFF35F8FD1F80465BFF3EC
:105EA0005F8FD3F804259442F3D16B46224601213B
:105EB0002B4807F094FF324605460F21274801ABD7
:105EC00007F08DFFE0B1019B0DB9009302E0009A4D
:105ED0009342FAD3009B22481C44013CD0F84C3535
:105EE00024F07F449C421F4932D0FFF75DFFC0F889
:105EF0004C451D4B009A9A4218D901230B7001E0C2
:105F0000002DE7D1194AD2F8AC3143F00043C2F872
:105F1000AC31134BD3F84C2132B90121144A5160F2
:105F2000D3F84C3103B1116001230DE0BFF35F8F53
:105F3000D0F80435E41A24F07F440E4B033C9C4215
:105F4000DBD900230B7000230B4A137002B070BD25
:105F50000B78002BF7D0D5E7A159002100100141A3
:105F6000006001419F590021FEFF7F000020014198
:105F700000B00041FBFF7F00A0590021F8B51E4989
:105F80000023C1E8423F52BB1C4B1D783DB30523A3
:105F90001B4E1C4F34780134B4FBF3F303EB830343
:105FA000E41A08F08EF8184A137823B157F8243011
:105FB000C01A072813D9154BD3F8141141B1002189
:105FC000C3F81411D3F8143134700CB901231370D1
:105FD000347808F076F847F824002846F8BD0C4AD3
:105FE0000025D2F8AC3123F00043C2F8AC310122D5
:105FF000084B5A60F1E700BFA1590021A0590021C8
:106000009E590021585700219D5900210050004100
:106010000020014100B0004120B1034B800143F05A
:1060200001031847704700BFC0FA020170B504466B
:10603000807AFFF7F9FC6169054649B1637ADB07AD
:1060400004D4C36A20461B689B6898470023636199
:106050002146284608F075FF034B1B681BB1BDE8BD
:1060600070402A20184770BD6C57002108B5034BBB
:10607000186808F05BFF002008BD00BF70570021C2
:10608000811EC9B21E2938B5054609D8094820FA2B
:1060900001F1C90704D5084807F082FE044610B98B
:1060A0000024204638BD01210C30FFF71DFE257667
:1060B000F7E700BF41000040A4090021014B186030
:1060C000704700BF6C5700212DE9F04101280546BB
:1060D000DDE906870AD0042804D1134807F060FEE2
:1060E000044628B900242046BDE8F0810F48F5E7B2
:1060F00000F10C0601213046FFF7F6FD2576B8F1D8
:10610000000FF0D0002FEED0304607F054FE87424B
:1061100003D92046FFF7BAFDE4E73A464146304648
:1061200007F051FEDFE700BF3C09002170090021A4
:10613000038A014623B1034B186883689B6818479C
:1061400012207047A007002110B5084B084C1860BA
:10615000206808F095FE30B1206806498368BDE8E4
:1061600010401B6818476FF0120010BD70570021D7
:10617000A00700216D60020137B540230C460A4993
:106180000093411A491105462346084A084807F07A
:106190005CFE011E05DA2846234603B0BDE8304008
:1061A000184703B030BD00BF88570021B5DE02019B
:1061B000D4F30201C9B2012908B509D9084909482F
:1061C0007F23094A07F09BFA7F21074807F08EFAE0
:1061D0000C22036901FB0233986C00F0070008BD34
:1061E00049050301DBFC02010C05030170B5C9B2CE
:1061F000012903690BD9194919484FF4DF73194A6A
:1062000007F07DFA4FF4DF71164807F06FFAEFF3ED
:106210001185402484F31288BFF36F8F0C2606FB90
:106220000134A46C14F0C00408D0A24206D085F357
:106230001188BFF36F8F4FF0FF3070BD012206FB56
:1062400001339A6485F31188BFF36F8F436803EBC2
:10625000C1035B6898470020EFE700BF49050301D1
:10626000DBFC02010C05030170B50D46064904462E
:10627000411A491140220548FFF7B8FF2B46014655
:106280002046BDE87040184788570021D4F302012A
:1062900070B50022012104460520FFF773F80F486E
:1062A00002F040F80E4B984215D107F0F5FF266931
:1062B0000C49304607F072FA00280BDB0125B56463
:1062C0002469084904F1200007F068FA002801DB7E
:1062D0000020656570BD6FF00400FBE7A563020157
:1062E0000000AD0B90FB02017FB500220123CDE938
:1062F000022304ABCDE90433094A6B46CDF800D044
:10630000CDF804D007F0CFFD002805DB4FF4804224
:106310000023684604F0E2FB07B05DF804FB00BF11
:10632000CDDE020110B5EFF31184402383F3128810
:10633000BFF36F8F074A136823F00201DB07116078
:1063400002D4012001F0D0FF84F31188BFF36F8FD6
:1063500010BD00BFE05700210C22104B014602FB8C
:106360000033002030B4D3E910521864EFF31180E9
:10637000402484F31288BFF36F8F9C6C04F0C00438
:1063800044F002049C6480F31188BFF36F8F1DB149
:106390002B4630BC0248184730BC70478857002154
:1063A000D4F30201012808B506D0072808D098B90F
:1063B0000F4B9B6C5B0719D1BDE80840FFF7CCBFC2
:1063C0000C4940F2DD230C4A0C4807F098F940F2E2
:1063D000DD21094807F08AF9064940F2ED23064A13
:1063E000064807F08CF940F2ED21F2E708BD00BF46
:1063F00088570021731803010C050301DBFC02011F
:1064000010B4EFF31182402383F31288BFF36F8F30
:106410001748016841F002040460C80707D482F3FA
:106420001188BFF36F8F012010BC01F035BF1149F7
:10643000D1F80C04D1F80C14C907F0D5EFF3118092
:1064400083F31288BFF36F8F0B498B6C03F0C0038B
:1064500043F002038B6480F31188BFF36F8F82F3E4
:106460001188BFF36F8F002010BCFFF775BF00BF0E
:10647000E057002100500041885700212DE9F041EC
:10648000012206464149D1E8EF3FC1E8E02F00284C
:10649000F9D1A3B93E493F484B60CB608A60FEF713
:1064A0000FF900280BDA3C4940F291233B4A3C4863
:1064B00007F025F940F29121384807F017F95EB34B
:1064C000731E012B57D8012E06D1364BD3F81C343E
:1064D00003F00303022B1FD008F070FD0546E8B956
:1064E000314B1B78D3B1022207462E4BC3F8082349
:1064F0002C4CDFF8B880D4F81824D4F81834D20320
:1065000015D503F00303022B01D0012E0FD16DB37B
:1065100087F31188BFF36F8FBDE8F081EFF3118728
:10652000402383F31288BFF36F8F0125E0E7C5B1E5
:10653000384607F0EFFBD4F81835DBB2012BDAD17F
:10654000D4F80421002AD6D00022C4F80421D4F8BB
:1065500004210222C4F818252022C8F88021A36053
:10656000C9E70021212005F0BFFDE4E702220D4B21
:10657000C3F80423D0E70E4940F2A323074A084892
:1065800007F0BDF840F2A32196E700BF8457002131
:1065900074570021A85700216D0503010C05030164
:1065A000DBFC020100500041E85B002100E100E05B
:1065B0007318030108B5074808F062FC38B10648B3
:1065C000FFF7F8F90448FDF73BFE002008BD6FF027
:1065D0001200FBE724F40201DD6502010A2838B548
:1065E0000446074D04D1AB680D2128465B689847E7
:1065F000AB6803485B68E1B29847204638BD00BFEE
:1066000024F40201EFF31182402383F31288BFF3D5
:106610006F8F0A4BD3F8001161B10021D3F8080540
:10662000C3F80011D3F80031C0B282F31188BFF370
:106630006F8F70476FF00A00F7E700BF00900041CE
:106640000346F0B510469C7893F803C0EFF311822F
:10665000402585F31288BFF36F8F1F7893F801E010
:10666000E41B04EA0C04A04288BFA0B23E180CEA66
:1066700006063D461E7082F31188BFF36F8F0A181D
:106680008A4216D177450CD1EFF31182402181F374
:106690001288BFF36F8F1978597082F31188BFF396
:1066A0006F8F1B79241AA34222BF0122054B1A6067
:1066B000F0BD5E197679013501F8016B05EA0C052C
:1066C000DEE700BF009000412DE9F0472D4D006945
:1066D0000E46A84214460BD02B492C4840F2031317
:1066E0002B4A07F00CF840F20311294806F0FEFF90
:1066F000DB4313F0010504D03030FFF7A1FFBDE804
:10670000F0879AB3EFF31188402383F31288BFF325
:106710006F8F0920FEF728FE07460920FEF710FEBE
:1067200088F31188BFF36F8FDFF868A04FF400790A
:10673000CAF80051DAF8003101232546DFF8588005
:10674000CAF80030C8F88091DAF8003183B1FFF759
:1067500059FF031EC8F88091F6DB013DADB27355B9
:10676000002DF1D117B10920FEF7DCFD2046C6E768
:10677000EFF31180402383F31288BFF36F8F07F08C
:10678000C9FAE1E7E4570021B7050301DBFC020188
:10679000850503010090004100E100E02DE9F04192
:1067A000194B07690D469F42144605D107F145086C
:1067B00064B92046BDE8F08114491548E523154A1F
:1067C00006F09DFFE521134806F090FF4FF0FF33E0
:1067D0004FF0FF32384604F081F922462946404600
:1067E000FFF72EFF0646384604F010F93EB94FF089
:1067F000FF324FF0FF33084804F070F9E6E7A41BBE
:10680000A4B23544D4E700BFE4570021B705030123
:10681000DBFC020185050301FC57002138B5214B43
:1068200004699C420BD02049204840F24713204A7B
:1068300006F065FF40F247111D4806F057FF0122A0
:106840002046114608F087FB0122002104F11800C0
:1068500008F081FB40F20743A4F848304FF0706322
:1068600023630C230025012184F83430114B84F874
:106870004550A4F84650D3F80425092022F001021F
:10688000C3F80425C3F80051D3F80021C3F804135A
:106890002A461960FEF776FD0920FEF743FD2846DB
:1068A00038BD00BFE4570021B7050301DBFC02013E
:1068B000850503010090004110B5FFF7A3FE0028F5
:1068C00020DB174BC0B293F8322093F8314093F895
:1068D0003310141B31EA04040DD193F8472093F8C8
:1068E000464093F84810141B31EA04040BD10122EE
:1068F0000C4B5A600EE09C180132114084F83500B0
:1069000083F8321010BD9C180132114084F84A00FF
:1069100083F847100448BDE8104004F077B800BF82
:10692000E457002100900041FC57002110B5036995
:1069300061B920493F23204A204806F0E0FE204864
:1069400006F0DDFE3F211C4806F0D0FE486850B935
:106950001C494023184A194806F0D1FE1A4806F08F
:10696000CEFE4021EFE75868F8B1884219D19C6803
:106970000868A142586000D19860002008602AB1E0
:106980005A680A609A68596002B99960002010E05C
:10699000814206D10868206098688142EDD19C60F0
:1069A000EBE7044600680028F2D1002AE8D16FF036
:1069B000150010BD23060301E7050301DBFC0201FE
:1069C0002C0603013B0603014D06030138B545685B
:1069D0002B69B3B11035284602F0B0F8044680B9EF
:1069E0000146284602F072F8084B98420BD1224625
:1069F0002846074902F038F8224605210A20FEF70A
:106A0000C1FC002038BD6FF00400FBE70000AD0BB7
:106A1000ED6C020108B503680246590914D001293A
:106A200006D14FF6FF7103F01F03D940C80712D4F7
:106A30000A490B484FF46C730A4A06F060FE4FF4A3
:106A40006C71084806F052FE4FF0FF31D940C9077B
:106A5000EED5054800E00548136008BD9706030120
:106A6000DBFC02016406030100058C4100088C4137
:106A7000F0B5406801F01F04057B87B044EA451477
:106A80000569002D5BD0B2F5001F00F1100506D19D
:106A90002146284607F0AFFC002007B0F0BD0027D4
:106AA000B2F5800F01AE0197776033D1B3F1007F6B
:106AB00014BF052304238DF804300023CDE90463BB
:106AC00003938368CB40D90716D4B2F1A07F13D1CA
:106AD00068460094FFF79EFF009B803350F82330F8
:106AE000DB0709D46A462146284601F0C3FF174B4D
:106AF00098421AD0CDF808D02146284603AA01F0C2
:106B00007DFE134B98421DD101222146284602F0FA
:106B10002BF8C1E7B3F1C06F05D0B3F1007F14BF0C
:106B200001230223C7E70323C5E76946284602F08D
:106B300015F8074B9842DDD06FF00B00ADE76FF012
:106B40008500AAE76FF01500A7E700BF0400AD0BB2
:106B50000000AD0B2DE9F043466840F20635337B6B
:106B6000D00601F01F0747EA431748BF032302EA94
:106B7000050558BFC2F3401387B0B5F5837F1446AF
:106B80008DF8033044D00FD8062D18D007D8B5B1F2
:106B9000022D3FD06FF0150007B0BDE8F083B5F5CA
:106BA000807FF7D101250AE040F20222954233D0DE
:106BB000B5F5407F32D0B5F5007FEBD1022501233A
:106BC000220303FA01F12BD573689960336963BB23
:106BD00003A80397FFF71EFF039B00EB830084F4D9
:106BE0008033C3F30043C4F34044D0F8002244EAA6
:106BF00043049DF8033022F4706244EA830422F0D7
:106C00000F0244EA05231343C0F800320020C3E713
:106C10000725D4E70425D2E70525D0E70325CEE7ED
:106C2000630344BF7368D960D0E7103639463046F5
:106C30000DF1020201F01EFF14F4403F804617D10F
:106C40003946304607F0D5FB244B9845DED1304617
:106C50009DF8021001F07CFF4045D7D02049214823
:106C6000EC23214A06F04BFDEC211F4806F03EFDC7
:106C70004FF0000901AB3946304603AACDE904398B
:106C8000CDE90199CDF80C9001F0B8FD134B984275
:106C900080D114F4003315D09DF8033084F480348F
:106CA000C4F300448DF80E3039464B46304603AAF3
:106CB0008DF80C508DF80D4001F056FE074B9842B0
:106CC000C2D067E7CDE9043339460DF103033046FE
:106CD00003AA039301F092FDF0E700BF0000AD0BA3
:106CE000E6060301DBFC0201BA0603014209034682
:106CF00070B502D0012A1ED070BD144E32695168A1
:106D00000029F9D0012503F01F030C689D400029DC
:106D1000F2D08A682A4012D04B6873B90C496423B8
:106D20000C4A0D4806F0EBFC0C4806F0E8FC642128
:106D3000084806F0DBFC0A4EE0E7304698471CB1F5
:106D4000236821461C46E2E72346FAE7FCF30201EA
:106D5000FA060301E7050301DBFC02014D0603010E
:106D6000E8F3020110B504460269A2B0C2F880003F
:106D70001649002002F050F8002201211220FEF7EF
:106D800001FB8422002101A8646808F031FA002385
:106D9000012001AA61680432D940C90744BF00FA42
:106DA00003F142F8041C2168D940C90748BF00FA22
:106DB00003F103F1010348BFD163102BEAD101A80D
:106DC00002F052F8002022B010BD00BF21DF020106
:106DD00008B503680246590914D0012906D14FF6B7
:106DE000FF7103F01F03D940C80712D40A490B48AA
:106DF0004FF46C730A4A06F082FC4FF46C71084839
:106E000006F074FC4FF0FF31D940C907EED50548B4
:106E100000E00548136008BD97060301DBFC020192
:106E20006406030100058C4100088C412DE9F04FF8
:106E30009346824640F2FF17DFF8CC9085B000EB16
:106E40008106B24503D1002005B0BDE8F08FDAF825
:106E50000030C3F3C322082AC3F308044DD82B49DA
:106E60001B0EBC4208BF4FF0FF348D5C032B47D88C
:106E7000DFE803F002093336CBF80C45631C32D14E
:106E80000AF1040ADDE7CBF81445621CF8D00021B2
:106E9000DAF8003003A803F40042002A16BF0021EC
:106EA00088464FF00108019300910394FFF790FF8B
:106EB000039C019B00EB8400D0F80042C3F3412CFB
:106EC00000992B0243EA8C030B4304EA0904234391
:106ED00043EA4803C0F80032D2E7CBF80845CDE7D3
:106EE000CBF81045D1E703A80394FFF771FF012108
:106EF000039B01FA03F38360CAE76FF01500A3E771
:106F00006FF08500A0E700BFF0F0FCFF3007030141
:106F10002DE9F04104460D46476808F04FF84FF060
:106F2000400888B9264B1B7873B16426606807F067
:106F300097F8F0B9012007F0B3F9013EF6D100212E
:106F4000212005F0D1F8F0E7EFF31186314688F300
:106F50001288BFF36F8F606807F082F8A8B986F3D4
:106F60001188BFF36F8FEFE786F31188BFF36F8F40
:106F7000E5E7EFF31186314688F31288BFF36F8F90
:106F8000606807F06DF80028EED0FB6900201D70E6
:106F90006368FA691B68C3F844250122C3F84825D1
:106FA000C3F82001D3F82041C3F85801D3F85801A1
:106FB0009A6081F31188BFF36F8FBDE8F08100BF45
:106FC000E85B0021F7B50546002201211320FEF7FA
:106FD000D9F91320FEF7A6F96B681A691868C0F88A
:106FE0002425997D5A7D0A43198B1B7D0B4313433E
:106FF000C0F86C356E68D6E9004313F0010348D041
:107000002F6907F1080001F06FFA304B98425AD10E
:10701000387A04F10C0204F5907107F043F9387ADC
:10702000012707FA00F001F029FA0823C4F8003517
:10703000F369C4F844350023C4F84835A760D4F890
:107040005831002BFBD00021C4F800156B6801AA51
:10705000DC68204606F0D7FF002805DB019B22688C
:1070600019791868FFF7E2FE08216A681368C3F807
:107070000015117A51B9126AC3F834250122C3F8F8
:107080003825C3F81011D3F810111A60002003B08E
:10709000F0BD0822C4F80025F269C4F84425C4F8FC
:1070A00048350123A360D4F82031002BFBD0002306
:1070B000C4F82031D4F820310123E3604FF4807309
:1070C000C4F80433BBE76FF00400E0E70000AD0B49
:1070D00070B40E4922F07F46D1E90034D01AC318AB
:1070E00044F10004C1E90034A6F50013B3F5400FE4
:1070F00009D2074B1B681A0A1B069C19054B42F163
:107100000005C3E9004570BC05F05ABC881F00218A
:10711000EC580021901F00210D4B1868010A000651
:10712000BFF35F8F0B4BD3F80435181841F1000102
:10713000B3F5801F0AD2084BD3E90023904271EBCC
:10714000030303D210F1807041F10001704700BFCA
:10715000EC58002100600141901F00212DE9F74308
:1071600006F06EFE2A4BD3F8042390070BD5D3F814
:10717000042142B10022C3F80421264AD3F8043185
:10718000136801331360224AD2F80433D90320D59F
:10719000214BD3E8EF1F21F00100C3E8E40F002CDE
:1071A000F7D1CB0702D4D2F8403193B10025184C67
:1071B000C4F84051D4F84031FFF7AEFFEFF310822E
:1071C00072B6164BD3E90267B042B94104D282F3DA
:1071D000108803B0BDE8F0834FF0FF38D3E900100A
:1071E0004FF0FF391D60C3E902894FF48033C4F8C2
:1071F0004833C4F84051D4F8403182F31088002954
:10720000E7D0009032463B4628468847E1E700BF7A
:1072100000600141EC580021E4580021781F002152
:107220002DE9F84F04460D46434FD7E8EF8F28F07D
:107230000103C7E8E23F002AF7D14FF480393F4EFF
:10724000C6F80893BFF35F8FBFF36F8FFFF764FF3C
:10725000A04271EB050308F0010840D2384B201A18
:1072600065EB0101984271F1000148D2354BD3E939
:1072700002239D4208BF94423AD04FF0000C24F004
:107280007F40834603216FF0020EC6F84893C6F88C
:1072900040C1D6F84031DFF8B0A02BF07F43C6F8EC
:1072A0004035C6F84493D6F80425AEEB02035B44A0
:1072B00023F07F4353451BD9D6F840315BB1D6F854
:1072C0000425131A23F07F43B3F5000F10D9C6F835
:1072D00040C1D6F8403101EB020B0131DDE71B4B19
:1072E000D3E8EF1F41F00101C3E8E21F002AF7D104
:1072F000144B174AC3E902451A6000225A60B8F1DC
:10730000000F16D0D7E8EF3F43F00103C7E8E23F94
:10731000002AF7D14FF48032084BC3F804230B4BFB
:10732000D3E8AF3FDB0742BF4FF48002094BC3F8FD
:107330000021BDE8F88F00BFE8580021006001413E
:1073400001008000781F0021FDFF7F00E45800212C
:10735000D170020100E100E070B54FF0FF30002570
:107360004FF0FF31164C174B0226C4F80833C4F80F
:107370004833154BC4F80855C3E902014FF4803374
:107380004FF48002C4F80433104B0121C4F80463A5
:107390001620C3F880212A46FDF7F4FF1620FDF7DA
:1073A000C1FF01230A4AA36000212360094813603A
:1073B000FFF736FF3046FFF761F8284670BD00BF83
:1073C0000060014103000F00781F002100E100E090
:1073D000E8580021FFFF7F00431C10B50F4C05D07B
:1073E0008442A8BF0446012CB8BF0124FFF794FED5
:1073F0000B4AD2E90031C01AB0F5000F074A0AD291
:107400002044904228BF1046BDE81040C01841F10A
:107410000001FFF705BF1046F6E700BFFFFF7F0042
:10742000881F002108B5FFF777FE024B1B68C01AC2
:1074300008BD00BF881F002102460B46014802F02C
:10744000D9BF00BFA4080021014803F0A3B800BFC2
:10745000A4080021F0B506468BB00D462648274902
:1074600003F026FD05A8E1F767FE254807F008FDB3
:1074700000283BD0234B02A80293E1F70BFF002822
:1074800037D14FF0FF304FF0FF31FFF7D5FF044603
:1074900038B91D491D48E1F70DFE044620B1FFF73C
:1074A000D3FF20460BB0F0BD41F64C5703A803971D
:1074B000F8F7AAF820B1FFF7C7FF6FF08504F0E7EF
:1074C000012301A88DF80430F8F796F80028F2D1CE
:1074D00004A80497F8F7A0F80028ECD1FFF7B4FF50
:1074E00033690B481D60FEF7E9FDDAE76FF012041F
:1074F000D7E76FF01504D4E7F45800216BE10201DF
:1075000010F4020115750201981F00211177020184
:10751000E576020103460A4610B5114881680C68F9
:1075200064B910495B23104A104806F0E8F8104887
:1075300006F0E5F85B210C4806F0D8F81946A0479C
:1075400068B10C494FF42D730B4A084806F0D7F880
:107550000A4806F0D4F84FF42D710748ECE710BD47
:1075600010F402017B07030147070301DBFC020162
:107570009B070301D2FC0201C1070301FA070301C3
:107580007FB54648E1F780FC20B9E1F7E7FD18B187
:107590006FF0850004B070BDE1F7F4FD0028F7D16D
:1075A000E1F704FE0028F3D1E1F72EFE0028EFD129
:1075B000E1F71CFE0028EBD1E1F734FE0028E7D10B
:1075C000E1F74CFE0028E3D1E1F756FE0028DFD1B9
:1075D000E1F736FE0028DBD1E1F740FE0028D7D1E5
:1075E000E1F74AFE04460028D2D10525012101AA6F
:1075F0008DF80450E1F794FC0028CBDB0126022132
:10760000204601AA8DF80460E1F78AFC0028C1DB5E
:1076100008230721204601AAADF80430E1F780FCD9
:107620000028B7DB4FF0FB13019340F20323032143
:10763000204601AAADF80830E1F772FC0028A9DB6A
:107640000421204601AA8DF80460E1F769FC0028B6
:10765000A0DB1F230621204601AAADF80430E1F784
:107660005FFC002896DB03232946204601AA8DF8FB
:107670000430E1F755FC00288CDB43F2824398424A
:1076800009DD84F31188BFF36F8F0423184602DFEE
:107690006FF00B007EE700207CE700BFCBE002012B
:1076A00008B50A490A4807F079FC00280CDA0949AC
:1076B0002F23094A094806F022F8094806F01FF866
:1076C0002F21054806F012F808BD00BFF45800212C
:1076D000205400217318030134080301DBFC02016C
:1076E0005D080301094B93F8FB31042B02D181079C
:1076F00009D47047022B02D1020704D47047082B2B
:1077000003D1830601D5FFF7CBBF7047A4590021F1
:1077100070B5394C94F8FB31C3B194F8FB31042BAC
:107720003DD120783E2823D0FF2827D000250022F5
:107730000023294606F086FB064620BBBDB1002388
:1077400084F8FB31BDE87040FFF7AABF4FF0FF306F
:107750004FF0FF31FFF770FE48B9204604F2FB11ED
:1077600000F07EFC0546FFF76FFE002DD5D070BD02
:10777000A578022D14BF00250125D8E7A57805F0CE
:10778000FD05802DF6E762781B4902320C3006F0C9
:107790001AFB3146194B1B6819489847CFE7022B53
:1077A00015D1002200230820FEF76AFC05460028B8
:1077B000DDD062880432B2F5FE7F14D20E4905F1A5
:1077C0000C0006F000FB0D4B29461B68E4E7082B74
:1077D000B5D1002200232020FEF752FC6288054626
:1077E0000028E7D1C3E7002383F31188BFF36F8F2D
:1077F0000423184602DFA2E7A4590021F058002113
:107800004CF40201F7B5AD4C064623780588002BF1
:1078100040F01F8404238DF80730A94B1F68AFB1D7
:107820000DF106030DF10702611CB84701280DD0C8
:107830009DF80630002B6FD19DF807300E22A37003
:1078400001236270E370A580A0716EE0B5F5105F52
:107850004FEA95230ED2002B5DD0013B072B0CD8AD
:10786000DFE813F00D000B004500C40012010B000F
:107870000B0032013F2B00F0CD8201208BE030461F
:1078800040F2064230F9033B934210D040F21D42D1
:10789000934229D0012040F206439D4240F0AF833D
:1078A0000F2363700423E070A3700123F7E0F7F760
:1078B0002BFF42F264039D4240F28F8342F2850324
:1078C0009D4268D842F267039D4200F29E8342F2D5
:1078D00066039D425FD10F2363700423A3700123CD
:1078E0006622E0702371A7E3F7F710FFE1E7304667
:1078F00040F6354130F8032B13B28B423ADC40F6A8
:107900002C418B421DDC40F60142934241D040F6AF
:107910000342934242D001200F2363700423A370DB
:107920000123E0702371A4F805500123237040F671
:1079300035439D4240F08580A379002B00F0B28052
:107940007FE0A2F62D43082BE5D801A252F823F0E0
:10795000A37902011779020117790201177902014F
:10796000B579020117790201BB7902011779020189
:10797000C379020140F67B42934225D040F67C4217
:1079800093422AD040F663429342C4D1F7F784FD74
:1079900001E0F7F774FD0128BDD04DE7E1F75EFD8A
:1079A000F9E79DF80730474903338DF80730F7F7BB
:1079B0006BFDF0E7F7F76AFDEDE706F01FFCC0B2DC
:1079C000E9E7F7F767FDE6E79DF807303D4904333F
:1079D0008DF80730F7F765FDDDE79DF80730394989
:1079E00002338DF80730F7F75EFDD4E73388A3F54F
:1079F0008053013B082B4CD8DFE803F0050E264BE3
:107A00004B4B4B4B3D009DF807302E4808338DF80B
:107A10000730F7F71AFEBEE79DF80730294E4033CE
:107A200030468DF8073006F0A2FB0E229DF8073095
:107A30006270A37000220123A580E370A27106F892
:107A4000073C002003B0F0BD00239DF807100E2076
:107A50000831A17001211B4AA37113605360E37ABE
:107A6000607023F0600343F06003E170A580E3726F
:107A700002F8071CE5E79DF80730124806338DF839
:107A80000730F7F7E4FD86E741F2054332889A4272
:107A90000AD00F2363700423A3700123E3702371C2
:107AA000A4F805502370CCE79DF80730054903334F
:107AB000F01C8DF80730F7F72BFE6CE7A05B002178
:107AC00004590021A75B0021304630F8033BA3F5A1
:107AD0000053013B7B2B7DD8DFE813F08A00970031
:107AE000A0007C00BC00BF00C200CB00CE00D100D3
:107AF000D700DA00DD00E000E300EC00EF00F20068
:107B0000F500F800FB0004010701100119011C0138
:107B100025012E017C007C007C007C007C004B0158
:107B200054015D017C007C00600163016601690114
:107B30007C007C0072017501780181018A018D0150
:107B40007C007C007C007C007C007C007C007C0055
:107B50007C007C007C007C007C007C007C007C0045
:107B60007C007C007C007C007C007C007C007C0035
:107B700090017C007C0099017C007C007C007C00F2
:107B80007C007C007C007C007C007C007C007C0015
:107B90007C007C007C007C007C007C007C007C0005
:107BA0007C007C007C007C007C007C007C007C00F5
:107BB0007C007C007C007C007C007C007C007C00E5
:107BC0007C007C007C007C007C007C007C007C00D5
:107BD0007C00D40042F264039D4240F0F8810F2300
:107BE00063700423A3700123E3706422237123E2F2
:107BF000F7F72FFD42F264039D427FF45AAE0F2344
:107C000063700423E070A370B1E09DF80730CF48A3
:107C100003338DF80730F7F721FDEBE79DF80730C8
:107C2000CA4808338DF8073006F0DAFA42F26403E6
:107C30009D4240F08D800F23637004236422A37063
:107C400000236271E37020220123A271237100F8E6
:107C5000073CF6E6F7F704FDCCE7F7F703FDC9E7C5
:107C60009DF80730B94801338DF80730F7F7FCFC71
:107C7000C0E7F7F7FBFCBDE7F7F7FAFCBAE7F7F761
:107C8000F9FCB7E7F7F73EFDB4E7F7F7F5FCB1E726
:107C9000F7F7F4FCAEE7F7F7F3FCABE7F7F7F2FC26
:107CA000A8E79DF80730A94801338DF80730F7F7AA
:107CB000EBFC9FE7F7F7EAFC9CE7F7F7E9FC99E7AD
:107CC000F7F7E8FC96E7F7F7E7FC93E7F7F7E6FC4A
:107CD00090E79DF807309D4907338DF80730F7F797
:107CE000DFFC87E7F7F7DEFC84E79DF8073097496C
:107CF00010338DF80730F7F7D7FC7BE79DF8073096
:107D0000924808338DF80730F7F7D0FC72E7F7F7A1
:107D1000CFFC6FE79DF807308C4902338DF80730B0
:107D2000F7F7C8FC66E79DF80730884902338DF8FD
:107D30000730F7F7C3FC5DE79DF8073008338DF88F
:107D40000730FF23E371E37242F264039D4208D0DF
:107D500040F2428142F285039D4240F27881002048
:107D600019E60F2363700423A3700023E37001233B
:107D70003BE79DF80730754902338DF80730F7F778
:107D8000A1FC37E79DF80730704804338DF80730C1
:107D9000F7F79AFC2EE7F7F799FC2BE7F7F798FC33
:107DA00028E7F7F797FC25E7F7F796FC22E79DF819
:107DB0000730664801338DF80730F7F78FFC19E775
:107DC000F7F78EFC16E7F7F78DFC13E79DF8073001
:107DD0005E4808338DF80730F7F786FC0AE79DF810
:107DE00007305A4904338DF80730F7F77FFC01E775
:107DF000F7F77EFCFEE6F7F77DFCFBE69DF8073023
:107E0000524802338DF80730F7F776FCF2E6F7F7C1
:107E100075FCEFE630464FF60B4230F8033B9342D9
:107E200022D8B3F57C4F01D801206BE0A3F57C4349
:107E3000013B0A2BF8D801A252F823F0F57E02018B
:107E4000117F0201297E0201297E0201297E0201A1
:107E5000637F0201297E0201297E02013B7F02012C
:107E6000517F0201697F020103F2FE2292B21B2AB6
:107E7000DAD8A3F57D43023B1B2BD5D801A252F8DB
:107E800023F000BF7B7F0201817F0201877F020117
:107E90008D7F0201297E0201297E0201297E0201D5
:107EA000937F0201297E0201297E0201997F02014E
:107EB000297E0201297E0201297E0201297E02011A
:107EC000297E02019F7F0201297E0201A57F020116
:107ED000297E0201B77F0201297E0201297E02016B
:107EE000297E0201297E0201BD7F0201C37F0201BA
:107EF000C97F02019DF8073014480C338DF8073014
:107F0000F7F7D3FA4FF6025225F00803934279E0CF
:107F100000209DF8073040338DF807300B4B188058
:107F2000E37923F0230343F02303E371237A23F05F
:107F3000070343F007032372E4E79DF80730034883
:107F400017338DF80730F7F7CEFADBE7A75B002190
:107F50009DF80730404820338DF80730F7F7E7FAEF
:107F6000D0E7F7F7BEFACDE79DF807303A4801337E
:107F70008DF80730F7F7F8FAC4E7F7F70BFBC1E71E
:107F8000F7F73AFBBEE7F7F739FBBBE7F7F73CFB40
:107F9000B8E7F7F73BFBB5E7F7F73CFBB2E7F7F7D6
:107FA0003BFBAFE79DF807302B4904338DF80730D2
:107FB000F7F734FBA6E7F7F740FBA3E7F7F73FFB3C
:107FC000A0E7F7F73EFB9DE7F7F73DFB9AE714D9EB
:107FD00042F28503012073E4002042F219039D421E
:107FE0001ED842F20C039D427FF655ACA5F5005316
:107FF0000D3B41F241229BB20CE00120EDE740F243
:108000001D439D423FF44CACC5E4A5F50153283B0C
:10801000124A9BB222FA03F3DB077FF5BCAC3FE4C4
:1080200042F232039D420BD10F2363700423A370ED
:1080300001233222E070237162712022A27131E5A6
:10804000A5F50153033B012B3FF6A5AC28E4002026
:1080500038E44FF0FF30F5E4A75B00212F8040208B
:1080600038B5094C0D4623781BB9BDE83840F7F701
:10807000F6B9A278611C023207F0ADF800200423A3
:1080800020702B7038BD00BFA05B002104460D4658
:10809000094E08B5324640F233130849084805F046
:1080A0002EFB214607482A4605F029FB40F23311F2
:1080B000304605F01BFB00BF8B080301731803015A
:1080C000DBFC0201B8080301322337B50125ADF806
:1080D000043000231A216846104A8DF80630ADF8A6
:1080E00000508DF80230F6F7B9F9044690B94FF414
:1080F000AF60F3F7CDFB2A4621460C20FDF742F98D
:108100002A4621461120FDF73DF92A46214608203E
:10811000FDF738F9204603B030BD00BF8D80020165
:1081200008B54FF0FF304FF0FF31FFF785F948B148
:1081300007490848BC23084A05F0E1FABC21064873
:1081400005F0D4FAFBF7A6FDBDE80840FFF77CB9BF
:10815000CF080301DBFC02018B08030108B50A49C3
:108160000A4806F01BFF00280CDA09492F23094AA8
:10817000094805F0C4FA094805F0C1FA2F2105485D
:1081800005F0B4FA08BD00BF0859002120540021B1
:108190007318030134080301DBFC02015D080301CD
:1081A00037B500240C4D6FF009034FF48062284668
:1081B0000A49009403F004F80949284606F004FF30
:1081C0000849094802F074FE224604211A20FDF7EE
:1081D000D9F8204603B030BD20540021F0670021BB
:1081E000DC08030121810201085900212DE9F04337
:1081F000224885B006F045F8002604461F4B204F64
:10820000D3F83880DFF87C90B04503D8002005B063
:10821000BDE8F083636A97E807001D6801AB83E857
:1082200007000C221946284606F0EAFF78B975B116
:1082300022692B699A420AD1AB69A2699A4206D88F
:10824000E2699A4203D963696A6993430CD0256A4B
:1082500075B10D4805F03DFA002383F31188BFF393
:108260006F8F0423184602DFE36801361C44CBE716
:10827000484605F02EFA636A1D60F5E7008A0001A2
:1082800038F602010F090301E6080301014B002043
:108290001B6818471859002110B530B101280AD1C0
:1082A000BDE810400A48F3F729BA0A4B0120BDE89F
:1082B00010401B68184708492023084A084805F061
:1082C0001EFA084805F01BFA2021044805F00EFAB2
:1082D0008D8202011859002173180301420903011C
:1082E000DBFC02017F09030108B590B1012803D12D
:1082F000BDE80840F3F718BA06492E23064A074896
:1083000005F0FDF9064805F0FAF92E21024805F0BE
:10831000EDF908BD7318030142090301DBFC0201FA
:108320007F090301014B186001487047185900216B
:108330000000AD0B0022D30003F1FF7303F580337F
:10834000D3F80013013107D0D3F800130132D3F86A
:108350000433202A0B60EED1224BD3E94C32072B99
:1083600026D1023A032A204B28D9D3F80024D1077A
:1083700032D41C4BD3F83021072A19D1D3F8343129
:10838000023B032B02D8194AD35C8BB17F23184AD6
:108390001849C2F818310023C1F8043EC1F8083E5C
:1083A000C2F82431C2F82C3102F57F22C2F8103114
:1083B000114B1A68114BC3F84425704710498A5C69
:1083C000002AD2D0D3F80024D207CED50022C3F899
:1083D0001421C3F81821C8E76FF00102C3F8002484
:1083E000C7E700BF0000FF01005000418F090301F3
:1083F00000200041000008410080FF0100600041B2
:108400009309030130B50468ACB1B4FA84F30122D6
:10841000C3F11F03DBB29A4024EA0202D0E8EF5F07
:10842000A54204D1C0E8EC2FBCF1000FF6D1EAD18F
:1084300002480B7030BD0248FCE700BF0000AD0BE6
:108440000200AD0B10B50368CB40DB0710D401234D
:108450008B40026843EA0201D0E8EF4F944204D116
:10846000C0E8EC1FBCF1000FF6D1F2D1014810BDFD
:108470000148FCE70000AD0B0400AD0B014BC3F855
:108480000405704700F0004108B549B9074908489C
:108490004823084A05F033F94821064805F026F933
:1084A00040F00040C1F8800008BD00BF340A03015D
:1084B000DBFC0201F709030108B549B9074908487F
:1084C0004E23084A05F01BF94E21064805F00EF927
:1084D00040F00040C1F8800008BD00BF380A030129
:1084E000DBFC0201F70903010146014800F002B874
:1084F000AC0700210079024B03EB0010FFF782BFAD
:10850000B4070021034A4309D35C00F01F0018445C
:10851000C0B270472E0B030108B502680146104631
:1085200005F0CBFE58B910494FF46C730F4A104850
:1085300005F0E5F84FF46C710C4805F0D7F802F03F
:108540001F0352090B600BD0012A0BD0094940F2DE
:10855000B933064A064805F0D2F840F2B931EBE7E4
:10856000054808BD0548FCE79706030164060301BA
:10857000DBFC02017318030100058C4100088C41EB
:10858000072808B50BD90849084840F2AA33084A19
:1085900005F0B5F840F2AA31054805F0A7F88000CB
:1085A00000F5807008BD00BF710A0301DBFC020109
:1085B0003C0A030170B50546FFF7A4FF0C4C0830D8
:1085C00034F810300E46DA0508D5C3F3432304EB24
:1085D000C302284654F8333052689847A3682BB139
:1085E00031462846E268BDE87040184770BD00BFBC
:1085F000C407002108B5FFF785FF034B083033F8A7
:108600001000400B08BD00BFC407002108B5FFF7EC
:1086100079FF034B083033F81000C0F3400008BD69
:10862000C407002108B5FFF76DFF044B083033F88D
:10863000100010F01C0018BF012008BDC407002165
:1086400008B5FFF75FFF034B083033F81000C0F3A5
:10865000401008BDC4070021034611F0010010B509
:10866000CCB20BD1A207C4F340000DD5074A106A63
:1086700058601062003818BF012005E004490A6AFA
:108680001A600A62002AEDD010BD00BF00088C41BC
:1086900000058C4110B5FFF735FF184A083032F855
:1086A0001030D9051DD5C3F3432123F4F85322F824
:1086B0001030002002F10E0434F8023F13F4807FE2
:1086C00003D0C3F3432399420BD001303028F3D1B8
:1086D00000230B4842F83130FFF7B4FE094B9842B3
:1086E00000D110BD084909484FF4DC73084A05F071
:1086F00006F84FF4DC71064804F0F8FFC4070021C7
:108700003C0800210000AD0BE6060301DBFC020182
:108710007B0A03012DE9F843002407460E4625464F
:108720004FF00108A146B5420DD1124BD3F87C2180
:1087300032B10022C3F87C21D3F87C3144F00044EC
:108740002046BDE8F883E8B2FFF71AFFA0F5807273
:10875000920808FA02F2174209D000F1824303F5A9
:108760002043196819B1C3F800901B681443013500
:10877000D9E700BF00A00041F7B506460846FFF75D
:10878000C1FE1A4F00F1080537F815300C46DB071B
:1087900029D5304605F00AFE2046FFF751FF50B1BB
:1087A0002046FFF727FF0023316801EB8000C0F867
:1087B0001035C0F810352046FFF76CFF002301A8E4
:1087C00027F815300194FFF7A7FE019B00EB83000B
:1087D000D0F80022064B134043F00203C0F80032E9
:1087E000044803B0F0BD0448FBE700BFC407002104
:1087F000F0F0FCFF0000AD0B0400AD0B2DE9F043E1
:108800001646804685B00846FFF77CFE37680D4661
:108810000446E7B1084605F0BEFD08BB3B46CDE97E
:1088200000008DF80E008DF80F000DF10F020DF114
:108830000E01284605F053FD474A04F1080132F8BD
:10884000113023F0020343F0010322F81130736862
:108850007BB328461F785968FFF7D8FE10B1E9B1FD
:108860003E4829E03C4A04F1080032F8103023F079
:108870002003DB04DB0C22F8103079B1032FEFD892
:108880007168496891F800C0D8F800104FEA8C0967
:108890004944A7B9C1F81075C1F810752E4A04F102
:1088A000080132F8113023F01C0343EA870322F851
:1088B0001130B3683BBB2A4805B0BDE8F083D1F85E
:1088C00010E543EA4C332EF0030EC1F810E5D8F85A
:1088D000001043F0200301EB090EDEF8101522F81A
:1088E000103021F44F3121F44071CEF810152902D7
:1088F000DEF8108501F47C5141EA074141EA0801A4
:10890000CEF81015CAE72846D3E90067FFF7C2FE84
:10891000002ED0D0104DD5E90023964203D19F42BE
:1089200001D1002209E00F480DF10F01FFF76AFDA8
:108930000B4B9842C0D19DF80F2005EBC2030834C1
:108940005F6035F8143045F8326043EA422343F45F
:10895000807325F81430AEE7C40700210400AD0B86
:108960000000AD0B3C0800212DE9FF410C4680467C
:10897000204611461E46FFF7C5FD054621B3204699
:10898000FFF744FE18B92046FFF75AFE10BB2046F9
:10899000FFF748FE10B14B78012B1BD001238DF857
:1089A0000F3000234A1CCDE9001320468B1C0DF12B
:1089B0000F0105F094FC294A05F1080132F8113045
:1089C00043F0030322F81130002E44D02046FFF775
:1089D0001DFE18B9224804B0BDE8F081002296F8C7
:1089E00000C0D8F800301D4F03EB8C03C3F81025EE
:1089F000C3F8102505F1080237F812104FEA8C0E63
:108A000021F02001C904C90C27F81210757815B39C
:108A1000D8F80000B6787044D0F810352D0423F44F
:108A2000991323F4F853C0F81035230203F47C5350
:108A300005F440353605D0F810E52B4306F48016D2
:108A4000334341EA4C3143EA0E0341F02001C0F8C0
:108A5000103527F812100348BDE700BFC4070021F6
:108A60000400AD0B0000AD0B014BC3E902127047CF
:108A7000C407002110B514465AB90E490E4840F2F9
:108A80000D330E4A04F03BFE40F20D310B4804F06A
:108A90002DFE0846FFF7D4FD50B10846FFF732FD22
:108AA000074B083033F8103006485B0B237010BDBD
:108AB0000548FCE7190B0301DBFC02017B0A0301FB
:108AC000C40700210000AD0B0400AD0B2DE9F041FF
:108AD000174D064695F880403CBBA04660222146D3
:108AE00005F1100006F084FB36682F6FA7420FD106
:108AF000002346F30730C6F87C31D6F87C31FCF70A
:108B000011FC01230B4885F88030AB67BDE8F0818C
:108B1000E0B2FFF735FDA0F580739B081F2B04BF63
:108B200046F8008033580134E0E70348EEE700BF21
:108B3000C40700210000AD0B0C00AD0B034B93F8F4
:108B40008000003818BF0120704700BFC407002113
:108B50000148FFF777BC00BF380800210148FFF744
:108B600051BC00BF380800212DE9F34105460846F5
:108B70000C461646FFF756FD58B9344940F2FA3311
:108B8000334A344804F0BBFD40F2FA31304804F077
:108B9000ADFD2B680846D3F80423002AA4BF4FF08C
:108BA0000042C3F80423FFF74BFD10B30846FFF75C
:108BB0002DFD0746E8B90846FFF71CFD0446FFF700
:108BC000DFFCD5F8008048F8007058F800302B68BA
:108BD00003EB8403D3F8102542F00102C3F81025FB
:108BE00026B101232A68A340C2F8043302B0BDE8CD
:108BF000F0814EB9184940F20E43154A154804F069
:108C00007EFD40F20E41C1E72046FFF77BFC134B8F
:108C1000083033F81030C3F38203042B11D0052B36
:108C200011D001A80194FFF777FC019B0169D9409D
:108C300001F001010231204602B0BDE8F04105F02B
:108C40009BBB0321F7E70221F5E700BFF80A030108
:108C50007B0A0301DBFC0201230B0301C407002193
:108C60002DE9F04F684BDFF8A481D3F80403D8F85E
:108C70007010C0B289B040F00040FFF74BFD051EF8
:108C80002FDAC24600235AF87C1F06A8CDE9063326
:108C9000FFF7E2FC4FF0000B5D4B0DF1180901935B
:108CA000019A12F8013B0192DA081AF8022003F047
:108CB000070322FA03F3DA071CD409F10409BBF114
:108CC000000F14D0D8F870104FF00040FFF722FDCD
:108CD000D8F87C1006A8FFF7BFFC0028DAD125F0F1
:108CE00000450124002D76D109B0BDE8F08F4FF08A
:108CF000010BD5E7474B5B440293D9F800100029DC
:108D0000DBD091FAA1F1B1FA81F1029B1C7841EA22
:108D100044142046FFF7F6FB083038F81070C808F6
:108D2000BB080393012319F8002001F0070103FA9F
:108D300001F122EA010209F8002005A80594FFF7D5
:108D4000EBFB059A039B803250F82220C7F3820682
:108D50005B073746C2F3014222D539462046D6B2D8
:108D6000FFF728FC05A80594FFF7D6FB059B803389
:108D700050F82330C3F301439E4207D1002120461F
:108D800005F0FAFA3146204605F0F6FA05A80594F2
:108D9000FFF7C2FB0122059B02FA03F30362ACE773
:108DA000022A0CD10321204605F0E6FA06F005035D
:108DB000012BEBD139462046FFF7FCFBE6E7022109
:108DC0002046039205F0D8FA032EF3D0039A032A23
:108DD000DCD1022EEDE795FAA5F3B3FA83F304FA9A
:108DE00003F29B0003F1824303F52043D3F81005FF
:108DF000D3F81015C0F30520C1F3014125EA02059F
:108E0000FFF7D8FB6EE700BF00A00041C4070021B8
:108E10003E0B03013E0B030170B516460D4649B9E2
:108E20000B490C4837230C4A04F069FC37210A48E7
:108E300004F05CFC094C237943B91220FCF772FA68
:108E40000123074823712560A66070BD0548FCE733
:108E5000FE060301DBFC0201400B03011C5900214B
:108E60000000AD0B0C00AD0B38B548B919494A23C9
:108E7000194A1A4804F043FC4A21174804F036FC0A
:108E8000174B1B79012B07D016494B23124A134865
:108E900004F035FC4B21F0E70023134A50F823403F
:108EA00003F5A2710133102B42F82140F6D10023C3
:108EB0000D4A00F13C0103F5B27451F8045F01332F
:108EC000102B42F82450F6D1D0F88030C2F8043389
:108ED00038BD00BF7B0B0301400B0301DBFC02012B
:108EE0001C590021840B03010020014108B5094BE6
:108EF0001B79012B09D0084908487A23084A04F055
:108F0000FEFB7A21064804F0F1FB064A8340C2F8D2
:108F1000043308BD1C590021840B0301DBFC020152
:108F2000400B03010020014108B5094B1B79012BBF
:108F300009D0084908488223084A04F0E0FB82214E
:108F4000064804F0D3FB064A8340C2F8083308BD44
:108F50001C590021840B0301DBFC0201400B0301BF
:108F600000200141F8B501260027124B124DD3F81D
:108F70000C4304B9F8BD94FAA4F0B0FA80F006FAF4
:108F800000F30F2824EA03040BDD0C490C4840F2DF
:108F9000F3130C4A04F0B3FB40F2F311094804F058
:108FA000A5FB094B82009F502B68002BE1D0A968DC
:108FB0009847DEE7002001411C590021DF0B030127
:108FC000DBFC0201AD0B0301002101412DE9F04161
:108FD0000E4617460C4D55F81C4FAC4203D16FF0AE
:108FE0001200BDE8F081314654F8440CA4F1440865
:108FF000FAF76DFE30B9C7F800804046BDE8F04191
:1090000005F0CBBA2468E8E72859002110B5D0E96B
:1090100009124A60416A00F124031160C0E9093372
:109020004368044603B19847054A936833B11279FF
:10903000062A03D90720226802499847002010BD5C
:1090400028590021EA0B03012DE9F04107460D469E
:109050000B4E56F80C4FB44202D16FF001000AE0FB
:10906000394654F8240CA4F12408FAF730FE20B94C
:109070001DB1C5F80080BDE8F0812468EBE700BFB2
:109080002859002138B5044600B30068F0B10378D0
:10909000E3B10021FFF7D8FFD8B104F11C03C4E904
:1090A00007330D4B04F12402196903F10C00A1628E
:1090B00060621A610A609D6835B11B79062B03D97D
:1090C000072022680549A847002038BD6FF0150029
:1090D000FBE76FF01000F8E728590021EC0B0301C3
:1090E00038B5114C0546216819B1002001312160C5
:1090F00038BD2422204606F07BF82B682846A36062
:109100002B79237104F10C03C4E9033304F1140334
:10911000C4E9053304F11C03C4E9073300F018F86F
:109120000028E5D12168E0E72859002138B5074D2E
:109130002C68013C2C6044B900F012F82146284606
:10914000BDE83840242206F053B838BD2859002124
:1091500008B50248FFF796FF002008BD4808002127
:109160000148FFF753BF00BF480800210EB4431E5B
:10917000062B33B588BF0020094B05AC54F8045BBF
:1091800053F82010074804F0A4FA21462846019419
:10919000FBF75CF802B0BDE8304003B0704700BF99
:1091A00030FC0201070C03012DE9F04F87B0174690
:1091B0009B460446DDF840A000284BD0056A35B137
:1091C0002D6825B1AC4607B0BDE8F04F6047E36AB3
:1091D0009F4242D80026BE4203D1002007B0BDE81E
:1091E000F08F182303FB06F8D4F83090A26909EB3E
:1091F00008052B1D0593CAB9686969680368B5F845
:109200000CC0C91AAB680CF1030E5D1E05EB0C1502
:109210005B4205EB4E051D4005EBCC03856806332C
:10922000A94228BF4FF0FF3105F084F959F8083002
:1092300020460293236AB1B29B6A01935AF8263002
:1092400000935BF82620059B05F0C5F90028C5D1E1
:109250000136C0E76FF01500C0E70148BEE700BF68
:1092600040F4FFFF10B5044690B1028D43899A4245
:1092700009D0084A936833B11279032A03D94268A6
:109280000549042098472046BDE8104005F098BFE6
:1092900010BD00BF28590021A20C030130B544893C
:1092A0008C4212D9436A013C5D882C4003EBC40315
:1092B00059609A60BFF35B8F426A538801335380D1
:1092C000438D01334385002030BD0148FCE700BFDA
:1092D00041F4FFFF70B4039E144660B1006A50B1C0
:1092E0004BB1013407D0002E05DBD0F8844014B117
:1092F000A44670BC6047014870BC70472DF8FFFF62
:1093000070B4039E144660B1006A50B14BB1013491
:1093100007D0002E05DBD0F8944014B1A44670BCF1
:109320006047014870BC70472DF8FFFF2DE9FF47EB
:10933000DDF834800E4691469A460546002876D0E0
:10934000002974D0B8F1000F71D001F164073846DC
:1093500005F0D1FABAF1FF3F49D1346E06F150025F
:1093600004F18000844204F01F0C07D2C4F34111C1
:1093700052F8211021FA0CF1C90736D4012104F06A
:109380007F04600952F8203004F5806A01FA0CF17C
:1093900004F201440B4304F07F0442F820303466A9
:1093A0006B6C4A4603930E9B2946CDE901830C9BC7
:1093B00030460093534605F04DFB384601F026FB3E
:1093C0002C7874B196F8A4405CB1AB6A013330D10B
:1093D0000021284605F0CEFA044610B1284605F0D3
:1093E0009FFA204604B0BDE8F0870134BAE7BAF529
:1093F000806FD5D3AAF580637F2B06F150010FD87B
:10940000580951F8204003F01F0324FA03F2D20751
:109410000BD4012202FA03F3234341F82030BFE7C3
:10942000054C384601F0F2FADBE7044CF9E7024C50
:10943000D7E70024D5E700BF2DF8FFFF29F8FFFF8D
:1094400008B583681A0C0AD1094A93682BB11279BE
:10945000022A02D9032007499847002008BDA3F536
:10946000803383601B0C0CBF01200020F6E700BF97
:1094700028590021C40C030138B50446E0B100F1BD
:109480006405284605F037FBD4F8B4309B6953B91E
:10949000D4F8A840103C002C00DC084C284605F00D
:1094A00028FB204638BD012BF7D1D4F8BC0005F0CD
:1094B0000AFAA0F11004EEE7014CF2E72EF8FFFFE4
:1094C0002DF8FFFF38B50446E0B100F164052846E9
:1094D00005F011FBD4F8B4309B6953B9D4F8AC4013
:1094E000103C002C00DC084C284605F002FB20460E
:1094F00038BD012BF7D1D4F8B80005F0E4F9A0F19C
:109500001004EEE7014CF2E72EF8FFFF2DF8FFFF05
:109510002DE9F041A3F1100853F8087C002388B02E
:109520000693ADF81E301023CDE904120E9D0446BB
:10953000D0F8C000ADF81C5001688668A8EB0101A6
:10954000B14228BF4FF0FF310DEB030204F0B8FF2A
:109550001028BFB20BD024494FF4DF73234A2448AC
:1095600004F0CDF84FF4DF71204804F0BFF804F1A7
:109570006406304605F0BFFAD4F8B4309B69D3B91D
:10958000D4F8A820D4F8B430D4F8BC009B69CBB987
:10959000CDE90282CDF80080012202A905F048F849
:1095A000B0B1144940F2C913104A114804F0A7F8A9
:1095B00040F2C911D8E73946D4F8BC0005F0CEF81E
:1095C0000246DFE7012B03D13946FFF767FEE7E7E5
:1095D000D4F8BC0005F040F9304605F08AFA284678
:1095E00008B0BDE8F08100BF280D0301E50C0301C0
:1095F000DBFC0201410D0301F0B504468E680D4607
:10960000B6B23146D0F8B80085B005F0A7F8D4F866
:10961000B43007469A699AB90095CDE90250012302
:10962000D4F8B80002A905F003F848B10F497D232A
:109630000F4A104804F063F87D210D4804F056F8F5
:10964000D4F8B4309B69012B0ED13A463146D4F898
:10965000B800FFF723FE38B104498323044A0548C4
:1096600004F04DF88321E8E705B0F0BD4D0D03018E
:10967000E50C0301DBFC02012DE9FF4103689E6A52
:1096800006F16408404605F036FAD6F8B4309B6916
:109690003BB1012B12D0404605F02BFA04B0BDE8D7
:1096A000F081D6F8B8000DF10A0203A905F01CF804
:1096B000D6F8B43004469B69012B07D1D6F8B80020
:1096C00003AA0DF10A0105F079F80446002CE2D056
:1096D000BDF80A3000216268A36030464FF0FF33C6
:1096E00005F07EF9054605F00CF9A368404603F540
:1096F0008033A36005F0FDF9E5B1AB6A696C013315
:1097000008BF2368284608BFAB622368A28900917E
:109710006F6B04F11001B84700280BDA10491148AB
:1097200040F25A23104A03F0EAFF40F25A210E4851
:1097300003F0DCFF404605F0DEF9284605F0E6F8C8
:109740002046FFF77DFE38B130462146FFF754FF33
:10975000D6F8B80005F080F8404605F0CAF991E760
:10976000560D0301DBFC0201E50C03012DE9F0437A
:1097700085B00F46904603A90D9A0646994605F016
:109780009BFA044650B30C9D039BD6F8C0009D4243
:10979000A8BF1D460168D0F808C0611A614528BFFE
:1097A0004FF0FF312B464A4604F08AFE85420BD02B
:1097B0000B490C484FF405730B4A03F0A0FF4FF41C
:1097C0000571094803F092FF234642463946304668
:1097D0000095FFF79DFE05B0BDE8F0830348FAE76A
:1097E000620D0301DBFC0201E50C03012EF8FFFF13
:1097F0002DE9F0478AB00D46DDE9129716469846E6
:10980000044620B9924E30460AB0BDE8F0870029E0
:10981000F8D0002BF6D00021A822C0F8D01005F017
:10982000E7FC012204F16400114605F094FB894B2A
:10983000C4F8B450E667AC62C4F88430864BC4F810
:109840008830864BC4F88C30854BC4F89030854BFB
:10985000C4F89430844BC4F89830844BC4F89C30DE
:10986000834BC4F8A030AB693BB9002FCAD097E84E
:10987000070004F1A80383E80700AB69012B06D0B9
:109880002B6ADBB96FF00506BDE74307F8D4D4F8BF
:10989000B400002800F0D980036A002BF2D09B6846
:1098A000002BEFD098474206EFD50021D4F8B40042
:1098B00005F00FF906460028E9D0A4E71B69002B44
:1098C000E0D028469847AB69012B04BF00232861EC
:1098D00000F0010008BF6B6184F8A400AB69DBB93C
:1098E0003B7A002B00F0838009F10C03C4F8C430EC
:1098F000B9F1000F86D0D9F80820002A00F0A38023
:109900009B68002B00F09F805A4B04935A4B0593A1
:109910005A4B06935A4B0793AB69012B07D1564B11
:109920000493544B0593564B0693544B07930021D5
:1099300004F1C803C4E9323306ABC4F8C080022284
:1099400000932846019104ABFFF72EFC0646002841
:109950007FF459AFAB693BB92B6B1B68C4F8B830C7
:109960002B6B9B69C4F8BC30AB69012B07D12B6B07
:109970009B69C4F8B8302B6B1B68C4F8BC30D4F8B2
:10998000BC0004F03BFF2B6B1B68C3F82C802B6BD7
:109990009B69C3F82C80D5F818A0BAF1000F07D145
:1099A000D4F8AC300993D4F8B8305B89534520D84B
:1099B00094F8A430C4E9004463B100230293314B0E
:1099C000204601933523304A0394009304F10801A3
:1099D00005F040F8AB69002B7FF415AF0421284651
:1099E00005F077F8074600283FF40DAF26E04B4618
:1099F0007CE74846D4F8AC1005F04FF90746E0B1D3
:109A0000D8F800100890411AD8F8080000228142C6
:109A100028BF4FF0FF31D4F8AC30404604F08AFD47
:109A2000009701230022D4F8B80008A904F000FE32
:109A3000074618B90AF1010AB5E7144F284605F0A0
:109A400041F83E46DFE6114EDDE66FF01506DAE638
:109A50002DF8FFFF6D9702014BEB020167EC02014D
:109A6000B9EC02011195020103EB0201C594020158
:109A700079940201700D0301760D030179960201BC
:109A8000F1EA02016FEB02017C0D03012EF8FFFFEA
:109A9000F0B505460E46174687B0074A03AC07CA1D
:109AA00084E807000C9A3146009228463A46019411
:109AB000FFF79EFE07B0F0BD50F6020108B50A4A56
:109AC0000A4B93420ED90A4918230A4A0A4803F05E
:109AD00016FE0A4803F013FE1821064803F006FE9E
:109AE0001433EEE7FCD308BD74F40201D4F3020191
:109AF000A20D03017F0D0301DBFC0201BA0D03017E
:109B000070B50446EFF31186402383F31288BFF348
:109B10006F8F0E4B9D6805F0C6F9042C0CD10C49D3
:109B200087230C4A0C4803F0EAFD0C4803F0E7FDDC
:109B30008721084803F0DAFD86F31188BFF36F8FA1
:109B40002846BDE87040FBF791BB00BF4C5900218F
:109B5000FB0D0301D90D0301DBFC0201180E03010B
:109B600038B5094B53F82040013053F82050A54236
:109B700000D838BD636823B1204605F097F9083452
:109B8000F5E723689847FAE750FC0201012270B517
:109B9000384B032086B01A70FFF7E2FFFBF728F975
:109BA00005F0A0F90420FFF7DBFF334C334DAC4246
:109BB000264628D932494223324A334803F09FFDD2
:109BC000324803F09CFD42212E4803F08FFD54F8EB
:109BD0000C3C059354F8103C049354F8143C039344
:109BE00054F8183C029354F81C3C019354F8203C60
:109BF000009354E90A2354E90C0101F0DDFB54F809
:109C0000303C5E65D3E7AE4204F13004DFD302F0AE
:109C100049F8194C1E4EAC421FD919496623194AFE
:109C2000194803F06CFD194803F069FD6621CBE784
:109C3000D4E90A23B3F1FF3F08BFB2F1FF3F05D0DB
:109C400052EA0301206803D102F080FA3034E2E7DF
:109C50003146183002F098FDF8E7E9D302F090F8A9
:109C600003F053FB0B4A137B23F00103137306B07D
:109C700070BD00BFE85B002168F50201C8F5020174
:109C80006E0E03014D0E0301DBFC0201BA0D030150
:109C90002FF002014055002108B50348034A002176
:109CA000121A05F01BF908BDD8090021EC5B002150
:109CB0000023012270B586B0CDE904230F22019361
:109CC000CDE9023214230F4D0F4E03FB00550F490F
:109CD00006EBC016044601EB00214FF480723046BB
:109CE0000B4B009501F068FB737B2C7423F004038D
:109CF0007373084B013403EBC423EE606B6006B052
:109D000070BD00BF4C590021C0540021F0730021E8
:109D10002DA00201F06B0021BFB50020FFF720FF4E
:109D20002D4B03F5006282F3088883F30A88E02351
:109D30002A4D002485F822302023EB772C766C7690
:109D4000AC7685F820406B6A254E43F4E0236B62C5
:109D500085F82340FBF708FAFBF79CFB4FF0FF3335
:109D6000AB62EB62FBF754FDFBF7B8FB40F201136B
:109D70001C4D1D4F2846AB81C5E9194403F02AF854
:109D8000B560FFF79BFE0120FFF7EAFE0220174DAA
:109D9000FFF7E6FE02F084F8154B75610593012389
:109DA00014494FF48062CDE9034328463B46CDE990
:109DB0000144009401F000FB06466A7B284622F02D
:109DC00004026A7301F012FD2046FFF771FF3A4664
:109DD00031462846FBF73EFBF06B002100ED00E02A
:109DE0004C590021C05500218D9B02014055002196
:109DF0009B0E0301F074002138B50D4C0D4DAC42A3
:109E000013D90D4919230D4A0D4803F078FC0D486C
:109E100003F075FC1921094803F068FC2046D4E9D9
:109E2000011205F060F81834E9E7F7D3002038BDD7
:109E30008C080021A4080021C20E0301A00E03011A
:109E4000DBFC0201BA0D03012DE9F04F064689B093
:109E50009046DDE9122306A899461746059105F0BC
:109E600024F9DDE90634CDE9023406F11404EFF3F8
:109E70001185402383F31288BFF36F8F204602F0D1
:109E80000DFC60B98823364A3649374803F037FC61
:109E90002146364803F033FC8821314833E0204620
:109EA00002F020FCEFF30583FBB94FF0400B06F105
:109EB0000C0A424630460599FAF796F8034620B355
:109EC0002046029302F0F8FB029B00283FD140F2AB
:109ED0003113234A2649244803F011FC2146254822
:109EE00003F00DFC40F23111D7E757EA0903DCD04B
:109EF00021494B23214A1C4803F001FC204803F070
:109F0000FEFB4B211D4803F0F1FB57EA0907D7D0B0
:109F1000DDE9022306A805F0ECF8DDE90623294671
:109F2000CDE90023174620465246994601F040FDF0
:109F3000EFF311858BF31288BFF36F8F204602F089
:109F4000ADFB00289ED0204602F0CCFBB1E785F3A4
:109F50001188BFF36F8F184609B0BDE8F08F00BFBE
:109F6000A2FF0201FBFF0201DBFC02011000030162
:109F7000CFFF0201E6FF0201DB0E0301A00E030189
:109F80007D040301F8B505460E4600F11404EFF315
:109F90001187402383F31288BFF36F8F204602F0AE
:109FA0007DFB68B988231B4A1B491C4803F0A7FBAB
:109FB00021461B4803F0A3FB8821164803F096FBBB
:109FC000204602F08FFB28463146F9F7BFFF05F126
:109FD0000C0005F03AF828B139462046BDE8F840B3
:109FE00001F006BE204602F067FB68B940F231136B
:109FF000084A0C49094803F082FB21460A4803F04D
:10A000007EFB40F23111D8E787F31188BFF36F8FE1
:10A01000F8BD00BFA2FF0201FBFF0201DBFC020151
:10A0200010000301CFFF0201E6FF020108B50D4B4E
:10A030009B6893F90E30002B09DB4024EFF311836A
:10A0400084F31288BFF36F8F03F049FEF6E70649E9
:10A0500006481B23064A03F052FB1B21044803F069
:10A0600045FB00BF4C590021420F0301DBFC0201FC
:10A07000210F030108B583684BB90B490B4899239D
:10A080000B4A03F03CFB9921094803F02FFBD0E970
:10A09000003213605A600023427BC0E9003322F093
:10A0A00002024273836008BD950F0301DBFC0201CD
:10A0B0006A0F03012DE9F3470446894617461D46FA
:10A0C000EFF3058373B152EA05030BD04E497E23AB
:10A0D0004E4A4F4803F013FB4E4803F010FB7E211D
:10A0E0004A4819E004F10806EFF311884FF0400ADE
:10A0F0008AF31288BFF36F8F304602F0CFFA68B947
:10A100008823454A4549424803F0F9FA3146444814
:10A1100003F0F5FA8821404803F0E8FA304602F0EF
:10A12000E1FA626A23699A4258D2EFF311838AF303
:10A130001288BFF36F8F83F31188BFF36F8F5BB902
:10A140003849B023384A324803F0D9FA314803F08D
:10A15000D6FAB0213448DFE72568AC4216D0ADB15D
:10A160002846FFF787FF05F1180002F0D1FBE268EF
:10A1700000244946686905F02EF82846EC6701F08E
:10A1800035FB4146304601F033FD36E0206A636915
:10A19000984202D3A369984207D3244998231B4AC3
:10A1A0001B4803F0ACFA98219AE7E268494605F0AB
:10A1B00012F8236AE26804F128001344A2692362BA
:10A1C000934208BF63694FF0100108BF2362636ABE
:10A1D0000133636202F0E6FC0024D2E757EA05038C
:10A1E0000FD0134B22469B684146C3F8149030466B
:10A1F000CDE9007501F0DCFB0446204602B0BDE865
:10A20000F0876FF02204BCE7DB0E0301AC0F030103
:10A21000DBFC02017D040301A2FF0201FBFF02013E
:10A2200010000301CE0F03016A0F0301E60F0301C3
:10A230004C5900212DE9F7430446884617461D4630
:10A24000EFF3058373B152EA05030BD05C49DA23BF
:10A250005C4A5D4803F053FA5C4803F050FADA2197
:10A26000584818E004F10806EFF31189402383F3FE
:10A270001288BFF36F8F304602F010FA68B9882356
:10A28000534A5449504803F03AFA3146524803F0D1
:10A2900036FA88214E4803F029FA304602F022FAB5
:10A2A000636A002B61D0E2684046E16904F093FFE5
:10A2B000E369E2681344A269E361934204BF6369FE
:10A2C000E361636A013B6362EFF31183402282F32F
:10A2D0001288BFF36F8F83F31188BFF36F8F5BB961
:10A2E0003E49B0233E4A384803F009FA374803F0A4
:10A2F00006FAB0213A48CEE72568AC4245D0002D99
:10A3000044D02846FFF7B6FE05F1180002F000FB26
:10A31000206A6369984202D3A369984207D33149FE
:10A32000F323284A284803F0EAF9F32198E76969FA
:10A33000E26804F050FF236AE26828461344A269E9
:10A340002362934204BF63692362636A01336362D9
:10A350000024EC6701F04AFA4946304601F048FC17
:10A360002546284603B0BDE8F08357EA05031FD011
:10A370001D4B22469B684946C3F814803046CDE900
:10A38000007501F015FB0546EBE70025304602F0AD
:10A3900093F980B940F231130D4A14490A4803F089
:10A3A000AEF93146124803F0AAF940F2311171E7D3
:10A3B0006FF02205EAE789F31188BFF36F8FD0E7CA
:10A3C000DB0E0301AC0F0301DBFC02017D04030182
:10A3D000A2FF0201FBFF020110000301CE0F0301E7
:10A3E0006A0F0301E60F03014C590021CFFF020160
:10A3F000E6FF02012DE9F341044617461E46EFF33E
:10A40000058565B158496F23584A594803F077F9D3
:10A41000584803F074F96F21544803F067F9EFF3DB
:10A420001188402383F31288BFF36F8F524802F0E4
:10A4300035F960B98823514A51494D4803F05FF915
:10A440004D49504803F05BF988214C48E5E74A48FC
:10A4500002F048F9E3684C4A9BB1A06891688842D1
:10A4600029D057EA06032ED1434802F025F9A0B1BE
:10A4700088F31188BFF36F8F6FF00F0002B0BDE853
:10A48000F081916891F90E100133E36093683A48C6
:10A490002161A36002F010F978B940F23113374A14
:10A4A0003A49334803F02BF93349394803F027F987
:10A4B00040F23111C9E72169E6E788F31188BFF35B
:10A4C0006F8F0020DAE791F90E1090F90E306FF0DF
:10A4D0007E029942A8BF19469142B8BF11468B42ED
:10A4E00002DD04F008FD054622464146CDE900762E
:10A4F000214801F05DFA0028E3D0EFF311864023F4
:10A5000083F31288BFF36F8F1B4802F0C7F800284F
:10A5100090D0194802F0E6F8A068C0B1236821691C
:10A520009C420AD04BB193F90E309942A8BF19460C
:10A530006FF07E039942B8BF194604F0DCFC30B1DD
:10A5400031460D4801F054FB6FF00A0096E7002DEC
:10A55000F6D1094802F0B0F800289ED086F31188A1
:10A56000BFF36F8FF0E700BF5410030132100301F7
:10A57000DBFC0201661003016C590021A2FF0201FD
:10A58000FBFF0201100003014C590021CFFF020123
:10A59000E6FF0201F8B50546EFF3058363B15449C0
:10A5A000D723544A544803F0AAF8544803F0A7F8B4
:10A5B000D721504803F09AF88368002B00F092806E
:10A5C0004F4A9268934240F09080C3683BB94D492E
:10A5D000EF23484A484803F092F8EF21E9E7012BBE
:10A5E00003D0013BC3600020F8BDEFF31187402486
:10A5F00084F31288BFF36F8F434802F04FF860B9BD
:10A600008823424A42493C4803F079F83E49414890
:10A6100003F075F888213D48CCE73B4802F062F82A
:10A620002969A86804F067FCEFF3118384F31288AA
:10A63000BFF36F8F83F31188BFF36F8F5BB9364918
:10A64000B023364A2C4803F05AF8354803F057F83F
:10A65000B0213248AEE72C68A54215D100232A4824
:10A66000C5E9023302F028F8002836D140F2311350
:10A67000264A2C49204803F042F823492A4803F08F
:10A680003EF840F23111C6E7002CE7D0A3683BB991
:10A6900026499923214A184803F031F89921D8E72F
:10A6A0000026D4E9003213605A60637BC4E9006677
:10A6B00023F002036373A66004F1180002F028F986
:10A6C000AC6094F90E3020462B61E66701F08EF8FD
:10A6D00039460D4801F08CFA85E787F31188BFF3FE
:10A6E0006F8F80E76FF015007EE74FF0FF307BE75C
:10A6F0005410030132100301DBFC02016610030158
:10A700004C5900218B1003016C590021A2FF02015A
:10A71000FBFF020110000301CE0F03016A0F0301CA
:10A720007D040301CFFF0201E6FF0201950F030143
:10A7300008B583684BB90B490B4899230B4A02F0C3
:10A74000DEFF9921094802F0D1FFD0E90032136001
:10A750005A600023427BC0E9003322F002024273B8
:10A76000836008BD950F0301DBFC02016A0F030142
:10A770002DE9F04704460E4691469A469DF8207012
:10A7800000F10805EFF31188402383F31288BFF32B
:10A790006F8F284601F082FF60B988234C4A4D49EB
:10A7A0004D4802F0ACFF29464C4802F0A8FF882132
:10A7B00047481BE0284601F095FF07B16668EFF3B4
:10A7C0001183402282F31288BFF36F8F83F31188C5
:10A7D000BFF36F8F63B94249B023424A3E4802F04B
:10A7E0008EFF414802F08BFFB0213E4802F07EFF11
:10A7F000234653F80C7F9F4214D09FB13846FFF791
:10A8000097FF07F1180002F083F800233846FB6732
:10A81000C7F8149000F0EAFF2846414601F0E8F935
:10A8200000201FE0BAF1000F2ED00821002002F016
:10A83000D7FAC8B9284601F03FFF68B940F2311392
:10A84000234A2A49244802F05AFF2946284802F0A0
:10A8500056FF40F23111ABE788F31188BFF36F8FD9
:10A860006FF00B00BDE8F0870122C0F80490026091
:10A87000016801F003015EB922680A430260626860
:10A8800020606AB960600BE04846C9F800A0EFE7B5
:10A890003268032A10D80160616839B9C4E9000040
:10A8A000042104F1140002F07DF9B5E70A6802F012
:10A8B000030202430A60E5E722F003020A43026052
:10A8C000326802F0030240EA02033360E8E700BFA7
:10A8D000A2FF0201FBFF0201DBFC020110000301E9
:10A8E000CE0F03016A0F03017D040301CFFF0201B4
:10A8F000E6FF02012DE9F743064690461F4600F1A8
:10A900000805EFF31189402383F31288BFF36F8F9B
:10A91000284601F0C3FE68B98823254A2549264800
:10A9200002F0EDFE2946254802F0E9FE8821204884
:10A9300002F0DCFE284601F0D5FE3468FCB1236845
:10A94000726823F00303944220464FF00101336004
:10A9500008BF736004F0DEFA0446284601F0ACFE3E
:10A96000E8B940F23113124A1549134802F0C7FE04
:10A970002946144802F0C3FE40F23111D7E758EAE5
:10A980000703EAD049462846CDE9008706F10C02C4
:10A9900001F00EF838B90C4B9B685C6903E089F351
:10A9A0001188BFF36F8F204603B0BDE8F08300BF6E
:10A9B000A2FF0201FBFF0201DBFC02011000030108
:10A9C000CFFF0201E6FF02014C59002108B5836860
:10A9D0004BB90B490B4899230B4A02F090FE992181
:10A9E000094802F083FED0E9003213605A60002368
:10A9F000427BC0E9003322F002024273836008BD4B
:10AA0000950F0301DBFC02016A0F030170B50446D8
:10AA1000EFF31186402585F31288BFF36F8F274827
:10AA200001F03CFE68B98823254A2649264802F0F1
:10AA300066FE2249254802F062FE8821204802F085
:10AA400055FE1E4801F04EFEEFF3118385F3128888
:10AA5000BFF36F8F83F31188BFF36F8F5BB91C490E
:10AA6000B0231C4A184802F04AFE1B4802F047FE79
:10AA7000B0211848E3E72568AC4212D08DB12846D2
:10AA8000FFF7A4FF05F1180001F042FF002328465C
:10AA9000EB6700F0ABFE3146BDE87040074801F0BF
:10AAA000A7B8D4E902329A4218BF01330221A36049
:10AAB00004F1100002F076F8EDE700BF70590021B4
:10AAC000A2FF0201FBFF0201DBFC020110000301F7
:10AAD000CE0F03016A0F03017D040301F7B504469D
:10AAE00016461D46EFF305837BB152EA05030CD0F1
:10AAF0002D4988232D4A2E4802F001FE2D4802F0F0
:10AB0000FEFD8821294802F0F1FDEFF31187402373
:10AB100083F31288BFF36F8F274801F0BFFD60B940
:10AB20008823264A2649224802F0E9FD2249254881
:10AB300002F0E5FD88212148E5E71F4801F0D2FD3C
:10AB4000A368D3B1013B1C48A36001F0B5FD68B90F
:10AB500040F23113194A1C49154802F0D0FD16493C
:10AB60001A4802F0CCFD40F23111E4E787F3118876
:10AB7000BFF36F8F002003B0F0BD56EA05030BD181
:10AB80000D4801F099FD0028E2D087F31188BFF34A
:10AB90006F8F6FF00F00EEE722463946CDE9006572
:10ABA000054800F005FFE6E7C2100301A21003010B
:10ABB000DBFC02017D04030170590021A2FF0201A8
:10ABC000FBFF020110000301CFFF0201E6FF0201BB
:10ABD0002DE9F0430446764E764F85B0EFF31188A9
:10ABE000402383F31288BFF36F8F304601F056FD88
:10ABF00068B98823704A7149714802F080FD6C4938
:10AC0000704802F07CFD88216B4802F06FFD3046F1
:10AC100001F068FDD4F88050F5B9022104F19800E4
:10AC200004F0A9F9002840D004F190050022012188
:10AC3000284601F0EBFB0028F8D100234FF0FF324B
:10AC400002934FF0FF334146CDE90023304604F133
:10AC5000880201F039FCC1E7D4F884202B689542C2
:10AC600008BFC4F88430C4F88030D4F89830304637
:10AC700043F00203C4F89830EB68D5F8049023F051
:10AC8000040343F00103EB6001F016FDF8B940F254
:10AC90003113494A4C494A4802F031FD44494B4876
:10ACA00002F02DFD40F23111AEE7D4F89830DD0608
:10ACB000C3D5C4F898003E4801F0FEFC0028E6D059
:10ACC00088F31188BFF36F8F05B0BDE8F08388F378
:10ACD0001188BFF36F8FB9F1000F0AD13C49384892
:10ACE00040F2AB233B4A02F00AFD40F2AB21394867
:10ACF0008BE72846C847EFF31188402383F3128877
:10AD0000BFF36F8F304601F0C9FC00283FF471AFEC
:10AD1000304601F0E7FCEB68D90623F0010231D49C
:10AD2000EA60EB689A0716D5386823F00203EB60F7
:10AD300088B10021036870B14268954230D1036840
:10AD400041BB7A683B60824200D17B60002340F8BF
:10AD5000083BFFF75BFED4F89830304623F002033F
:10AD6000C4F89830C3F3002501F0A6FC00288ED06B
:10AD700088F31188BFF36F8F002D7FF42FAF01F0A0
:10AD800097F82BE723F01103EB6005F11000FFF7B4
:10AD90003DFEC6E70B607B68834208BF7960D5E75C
:10ADA00023B11A68014618461346C4E71A46F9E764
:10ADB0007C59002174590021A2FF0201FBFF02010E
:10ADC000DBFC020110000301CFFF0201E6FF0201DC
:10ADD0006611030110110301F8B5C36804469A0710
:10ADE0000F46C3F3400639D45B0725D40B680BB973
:10ADF00083680B60E368DD0721D5A3685BB9284948
:10AE000028484FF4AA73284A02F079FC4FF4AA713B
:10AE1000254802F06BFC02263B603D68002D3CD0CB
:10AE2000224B9B68AB420CD0D5F89830D807C3F3BF
:10AE3000800216D46FF0120600233B6027E0012643
:10AE4000EBE704F0BBF8D5F898300028EED1D9072D
:10AE5000C3F3C002EED552B15B0708D46FF00F0602
:10AE6000EAE7002AFAD1C3F3C003002BF6D100238E
:10AE70002360D5F8843063B9C5E92044284604F03E
:10AE800086F8E36843F00403E3603B68A360304660
:10AE9000F8BD1C60C5F88440F0E76FF01506CBE7FD
:10AEA00031110301DBFC0201101103014C59002197
:10AEB00038B50D46044648B90C4999230C4A0D484B
:10AEC00002F01DFC99210A4802F010FC39B90A4928
:10AED0009A23074A074802F012FC9A21F3E710224E
:10AEE000002104F085F9656038BD00BF4C110301F5
:10AEF00010110301DBFC020166110301F8B5C36800
:10AF0000064603F00503002B0C4614BF012700275B
:10AF100029D085685DB91D491D484FF4DF731D4A6E
:10AF200002F0EDFB4FF4DF711A4802F0DFFB012263
:10AF3000002104F1100004F00EF820461649FFF736
:10AF4000B7FFE36843F01003E360F3685B0712D5D3
:10AF5000336823606BB9D5F8843033B9C5E9204430
:10AF6000284604F014F83846F8BD1C60C5F8844043
:10AF7000F6E73460F4E7D5F880302360D5F8843004
:10AF8000C5F88040002BEBD1F0E700BF371103017B
:10AF9000DBFC0201101103018DEF020137B50C46F5
:10AFA000019059B928494FF4BD73284A284802F046
:10AFB000A6FB4FF4BD71254802F098FB4B684BB9D6
:10AFC000244940F27B13214A214802F098FB40F2C9
:10AFD0007B11F0E7EFF31185402383F31288BFF371
:10AFE0006F8F1D4801F05AFB60B988231B4A1C492A
:10AFF000174802F084FB18491A4802F080FB8821A8
:10B000001648D9E7144801F06DFB204601A9FFF767
:10B01000E3FE0446104801F04FFB68B940F23113DB
:10B020000E4A11490A4802F06AFB0B490F4802F028
:10B0300066FB40F23111E3E785F31188BFF36F8FB0
:10B04000204603B030BD00BF4C11030110110301B5
:10B05000DBFC0201601103017C590021A2FF020107
:10B06000FBFF020110000301CFFF0201E6FF020116
:10B0700070B50C46054658B938494FF4E573384A5F
:10B08000384802F03CFB4FF4E571354802F02EFBE6
:10B09000C368DB0509D5344940F2CB13304A314847
:10B0A00002F02DFB40F2CB11EFE703F087FF48B130
:10B0B0002E494FF4E6732A4A2A4802F020FB4FF447
:10B0C000E671E2E74CB92A4940F2CD13244A2548FB
:10B0D00002F015FB40F2CD11D7E7EFF311864023C4
:10B0E00083F31288BFF36F8F224801F0D7FA60B95B
:10B0F0008823214A21491B4802F001FB1D492048B1
:10B1000002F0FDFA88211C48C0E71A4801F0EAFA6B
:10B1100028462146FFF7F2FE0546164801F0CCFA14
:10B1200068B940F23113144A16490E4802F0E7FAA2
:10B130001049154802F0E3FA40F23111E3E786F3D3
:10B140001188BFF36F8F3DB14FF0FF324FF0FF33E7
:10B1500004F11000FFF7C2FC284670BD4C1103013A
:10B1600010110301DBFC02017D110301AC1103018D
:10B17000BB1103017C590021A2FF0201FBFF020168
:10B1800010000301CFFF0201E6FF020108B558B924
:10B19000084909484FF43373084A02F0B0FA4FF4F3
:10B1A0003371064802F0A2FAA022002104F020F830
:10B1B00008BD00BF37110301DBFC020110110301C0
:10B1C000F0B589B004460E9D58B92E4940F2DB23F4
:10B1D0002D4A2E4802F093FA40F2DB212A4802F071
:10B1E00085FA49B92A494FF43773274A274802F0AC
:10B1F00086FA4FF43771F1E7D0F8980010F00100AB
:10B2000009D0244940F2DD231F4A204802F077FA92
:10B2100040F2DD21E2E7C4E9200004F18800C4E93E
:10B22000220004F19000C4E924004DB328790028DD
:10B2300040F2011008BF0120C4F8980000204FF030
:10B24000FF364FF0FF37CDE90330CDE90100CDE9FE
:10B2500006672046104B009400F012F955B129689A
:10B2600011B1204603F0B0FE6B791BB1237B43F094
:10B2700001032373204609B0BDE8F04000F066BF2B
:10B280000120D9E7CF11030110110301DBFC0201FA
:10B29000D5110301DB110301D1AB02017FB50D46CE
:10B2A000044658B93A494FF441733A4A3A4802F0D1
:10B2B00026FA4FF44171374802F018FA03F07EFE87
:10B2C00048B1364940F20533324A334802F017FAA2
:10B2D00040F20531EFE7EFF31186402383F3128844
:10B2E000BFF36F8F2E4801F0D9F960B988232D4A3A
:10B2F0002D49294802F003FA29492C4802F0FFF9A8
:10B3000088212848D8E7264801F0ECF9D4F898308D
:10B3100013F0060F1DD1B5B143F00C03C4F89830FB
:10B32000204603F034FE00234FF0FF3202934FF02B
:10B33000FF333146CDE90023194804F1900201F0B2
:10B34000C3F804B070BDD4F880504DB143F004038D
:10B35000E4E743F00402C4F89820002DE0D0DBE7D6
:10B360000F4801F0A9F968B940F231130D4A1049AC
:10B37000094802F0C4F90A490E4802F0C0F940F247
:10B380003111BEE786F31188BFF36F8F2846D8E7E7
:10B39000CF11030110110301DBFC0201AC11030109
:10B3A0007C590021A2FF0201FBFF020110000301F2
:10B3B000CFFF0201E6FF02012DE9F04385B00F9DAA
:10B3C00004460F2D0E46984637D1274B984538D165
:10B3D00004F15803C4E91633109B00272373042398
:10B3E0000732A57322F0070506EB0509494663738A
:10B3F0002046C4E90677A760E773F9F70BFD0E9BBB
:10B40000073020F00700E066C4E9196502930D9B40
:10B41000A9EB000901930C9B4A4600933146434631
:10B420002046F9F7FBFF114B67659B6803B11B6F63
:10B430004846236705B0BDE8F08305F110031E2BD5
:10B44000C6D94FF401730A4A0A490B4802F057F96A
:10B4500029460A486FF00F030E2202F050F94FF40C
:10B460000171034802F042F92DA002014C5900215C
:10B470000F12030132120301DBFC0201B2120301BD
:10B48000F0B587B00446DDE91276EFF3058575B1B6
:10B49000194940F29123194A194802F030F9194824
:10B4A00002F02DF940F29121144802F01FF90595A0
:10B4B000109D04950F9D03950E9D02950D9D019580
:10B4C0000C9D0095FFF778FFB6F1FF3F08BFB7F17D
:10B4D000FF3F05D056EA070305D1204600F036FEAF
:10B4E000204607B0F0BD3A463346074904F118003C
:10B4F00001F04AF9F4E700BF541003010F120301F1
:10B50000DBFC0201E31203012FF002016FF00A01DC
:10B51000084A9368D967084998674B6843F0805395
:10B520004B60002383F31188BFF36F8F9368D86F4C
:10B53000704700BF4C59002100ED00E038B590F98C
:10B540000D200146002A437B11DA03F07F03437389
:10B550001B4B984209D11B491B4856231B4A02F03A
:10B56000CEF85621194802F0C1F803F030FD184D0D
:10B570002A4652F8184FAB68944200D004B9EC68E0
:10B580008B4214D05BB91349D623134A0E4802F0FC
:10B59000B6F8124802F0B3F8D6210F48E3E75A7B19
:10B5A000D20604D1DA897F2A01D9A2692AB1A3423D
:10B5B00002D0204600F0E6FF23466B6138BD00BF95
:10B5C000C05400212A130301DBFC0201081303010C
:10B5D0004C590021771303014B1303017D04030130
:10B5E00008B583684BB9094909489923094A02F00B
:10B5F00086F89921074802F079F803F0E8FC437BCC
:10B6000023F0020343730023836008BD950F0301F9
:10B61000DBFC02016A0F030170B590F90D20437B3A
:10B62000002A55DBD90653D18269002A50D163F034
:10B630007F034373284B984209D1284928484F2358
:10B64000284A02F05CF84F21264802F04FF8264CB9
:10B65000224652F8183F93422AD1E169C0E90021FD
:10B660000860E06111E09942F8D01B68002BF5D02A
:10B6700090F90E5093F90E60B542F4D0AE42F2DD6F
:10B680005968C0E9003108605860A569954200D04A
:10B6900005B9E568A3686BB91449D623144A104864
:10B6A00002F02DF8134802F02AF8D6211048CCE712
:10B6B000E169DBE75A7BD20604D1DA897F2A01D916
:10B6C000AA6932B1AB4202D0284600F05BFF656147
:10B6D00070BD6361FCE700BFC05400212A13030161
:10B6E000DBFC0201081303014C590021771303010D
:10B6F0004B1303017D04030170B590F90D20014641
:10B70000002A437B314C10DA03F07F03A0424373DD
:10B7100009D12F4956232F4A2F4801F0F0FF562117
:10B720002C4801F0E3FF03F052FC4B7BA14263F095
:10B730007F034B7307D126494F23264A264801F041
:10B74000DEFF4F21ECE7254C224652F8183FE06916
:10B75000934207D1C1E900200160E16111E0984204
:10B76000F8D01B68002BF5D091F90E5093F90E60BC
:10B77000B542F4D0AE42F2DD5868C1E90030016054
:10B780005960A569A368954200D005B9E5688B4268
:10B7900014D05BB91249D623124A0F4801F0AFFF0B
:10B7A000114801F0ACFFD6210E48BAE75A7BD20609
:10B7B00004D1DA897F2A01D9AA692AB1AB4202D021
:10B7C000284600F0DFFE2B46636170BDC0540021A7
:10B7D0002A13030108130301DBFC02014C59002169
:10B7E000771303014B1303017D04030138B50446AD
:10B7F000EFF31185402383F31288BFF36F8F17484F
:10B8000000F04CFF68B98823154A1649164801F024
:10B8100076FF1249154801F072FF8821104801F0A7
:10B8200065FF0E4800F05EFF2046FFF7F5FE0B486F
:10B8300000F042FF68B940F23113094A0C490A4846
:10B8400001F05DFF05490B4801F059FF40F231114D
:10B85000E4E785F31188BFF36F8F38BD805900216D
:10B86000A2FF0201FBFF0201DBFC02011000030149
:10B87000CFFF0201E6FF020138B50446EFF3118560
:10B88000402383F31288BFF36F8F184800F006FF40
:10B8900068B98823164A1749174801F030FF134941
:10B8A000164801F02CFF8821114801F01FFF0F48B6
:10B8B00000F018FFA36813B12046FFF791FE0B4874
:10B8C00000F0FAFE68B940F23113094A0C490A48FF
:10B8D00001F015FF05490B4801F011FF40F231114D
:10B8E000E2E785F31188BFF36F8F38BD80590021DF
:10B8F000A2FF0201FBFF0201DBFC020110000301B9
:10B90000CFFF0201E6FF020138B50446EFF31185CF
:10B91000402383F31288BFF36F8F1E4800F0BEFEF2
:10B9200068B988231C4A1D491D4801F0E8FE1949E1
:10B930001C4801F0E4FE8821174801F0D7FE1548A5
:10B9400000F0D0FE637B13F0280F0BD1A36813B176
:10B950002046FFF745FE637B204623F00403637314
:10B96000FFF75AFE0B4800F0A7FE68B940F231130A
:10B97000094A0D490A4801F0C2FE06490B4801F088
:10B98000BEFE40F23111D7E785F31188BFF36F8F08
:10B9900038BD00BF80590021A2FF0201FBFF020158
:10B9A000DBFC020110000301CFFF0201E6FF0201F0
:10B9B0002DE9F047DFF8D4A0354D1746DDE90898AA
:10B9C000DAF80820334BA84204460E461A600BD121
:10B9D0003149324840F26D23314A01F090FE40F285
:10B9E0006D212F4801F082FEEFF31183402383F392
:10B9F0001288BFF36F8F284600F050FE60B988238D
:10BA0000284A2949254801F07AFE2946274801F0AD
:10BA100076FE88212348E5E7284600F063FEDAF841
:10BA200008503946284603F0DAFAB8F1FF3F08BF5C
:10BA3000B9F1FF3F06D04A4643461D4905F11800BB
:10BA400000F0A2FE204600F037FE68B9194940F226
:10BA50006B13144A114801F052FE2146164801F0BA
:10BA60004EFE40F26B11D5E7094800F025FE40B9C3
:10BA7000104940F26B130B4A084801F040FE04499C
:10BA8000ECE73046BDE8F047FFF740BD4C590021D8
:10BA900080590021845900219E130301DBFC02011F
:10BAA00008130301A2FF0201FBFF020110000301C2
:10BAB0002FF00201CFFF0201E6FF0201F8B50446B4
:10BAC0000D46EFF31187402383F31288BFF36F8F86
:10BAD0003C4800F0E3FD064660B988233A4A3B49FA
:10BAE0003B4801F00CFE37493A4801F008FE882136
:10BAF000354815E0334800F0F5FD637BDA0611D1D7
:10BB0000A2697AB903F07F036373334B9C421ED161
:10BB100032492F485623324A01F0F1FD5621304870
:10BB200001F0E4FD0026A573264800F0C5FD0028BD
:10BB300041D140F23113244A2A49254801F0DFFD62
:10BB40002049294801F0DBFD40F23111D0E769B20C
:10BB5000264D204603F03BFA2A46637BA17363F02F
:10BB60007F03637352F8183F934222D1E869C4E916
:10BB700000200460EC610FE08342F8D01B68002BCA
:10BB8000F5D093F90EC06145F6D08C45F4DD5968C7
:10BB9000C4E900310C605C60AC69944200D004B927
:10BBA000EC68AB689C4202D0204600F0EBFC6C6174
:10BBB000BAE7E869E3E787F31188BFF36F8F304690
:10BBC000F8BD00BF80590021A2FF0201FBFF020166
:10BBD000DBFC020110000301C05400212A13030101
:10BBE00008130301CFFF0201E6FF02014C590021B7
:10BBF00070B504460D46F9B9EFF30586E6B91A4B60
:10BC00005A699B689A4217D000F056FD78B940F205
:10BC10006B13164A1649174801F071FD2146164864
:10BC200001F06DFD40F26B11104801F05FFD3046F0
:10BC3000BDE87040FFF76ABC204600F03DFD68B9E2
:10BC400040F23113094A0A490A4801F058FD2146D9
:10BC5000094801F054FD40F23111E5E785F3118800
:10BC6000BFF36F8F70BD00BF4C590021A2FF0201CE
:10BC7000CFFF0201DBFC0201E6FF0201034648B9E7
:10BC8000EFF3058232B9064A51699268914201D0B8
:10BC9000FFF73CBC83F31188BFF36F8F704700BF81
:10BCA0004C59002110B5EFF31184402383F312881F
:10BCB000BFF36F8F264800F0F1FC60B98823254A56
:10BCC0002549264801F01BFD2149254801F017FDB3
:10BCD0008821204810E01E4800F004FDEFF30583A2
:10BCE00063B120498F23204A1C4801F008FD1F48FA
:10BCF00001F005FD8F211C4801F0F8FC1C4B9A68EF
:10BD0000D37B012B0AD11B499023174A134801F01A
:10BD1000F6FC164801F0F3FC9021ECE7013BD373ED
:10BD20000B4800F0C9FC68B940F23113094A1249C6
:10BD30000A4801F0E4FC0649104801F0E0FC40F23A
:10BD40003111C6E784F31188BFF36F8F10BD00BFB8
:10BD500080590021A2FF0201FBFF0201DBFC02016E
:10BD600010000301541003016A0F03017D04030155
:10BD70004C590021D7130301CFFF0201E6FF020156
:10BD800070B5EFF31186402383F31288BFF36F8FF2
:10BD9000374800F083FC60B98823364A3649374873
:10BDA00001F0ADFC3249364801F0A9FC8821314848
:10BDB00013E0344D2E4800F095FCAB68DA7B72B985
:10BDC000314940F2FE23314A2C4801F098FC3048BA
:10BDD00001F095FC40F2FE212C4801F087FCEFF3C6
:10BDE000058161B12B4940F2FF23284A234801F025
:10BDF00086FC274801F083FC40F2FF21ECE701328A
:10BE0000DA732A4652F8184F944200D004B9EC680D
:10BE10005A7BD20604D1DA897F2A01D9A2692AB1D4
:10BE2000A34202D0204600F0ADFB234610486B61D0
:10BE300000F042FC68B940F231130E4A16490F482F
:10BE400001F05DFC0A49154801F059FC40F231113E
:10BE5000ADE786F31188BFF36F8FEFF311804023B6
:10BE600083F31288BFF36F8FBDE87040FFF706BF02
:10BE700080590021A2FF0201FBFF0201DBFC02014D
:10BE8000100003014C590021081403010813030199
:10BE90007D04030154100301CFFF0201E6FF0201FC
:10BEA000024B03F11802C3E9062270474C590021E6
:10BEB00070B5EFF3058373B1394940F21443394A41
:10BEC000394801F01CFC394801F019FC40F21441DA
:10BED000344801F00BFCEFF31186402383F3128802
:10BEE000BFF36F8F324800F0D9FB60B98823314A25
:10BEF00031492D4801F003FC2D49304801F0FFFB8A
:10BF000088212C48E5E72E4C294800F0EBFBA1687E
:10BF1000E0690B68814214BF1A46002249680B6031
:10BF20005960A368E1692AB9264AC3E900210B6078
:10BF3000E3610CE093F90E0092F90E50A84225D06F
:10BF4000854223DD5168C3E900210B605360A56978
:10BF50001C4B9D4200D005B9E568A3689D4202D004
:10BF6000284600F00FFB1248656100F0A5FB88B978
:10BF700040F26B130F4A14490B4801F0C0FB0C4907
:10BF8000124801F0BCFB40F26B11BAE78A42CBD0F9
:10BF90001268C8E73046BDE87040FFF7B7BA00BF87
:10BFA0005410030108130301DBFC02017D040301AB
:10BFB00080590021A2FF0201FBFF020110000301D2
:10BFC0004C59002164590021CFFF0201E6FF020114
:10BFD0002DE9F04105460E46EFF3058474B135496D
:10BFE00040F22F43344A354801F089FB344801F0D0
:10BFF00086FB40F22F41304801F078FB50EA010304
:10C0000004D1FFF755FF2046BDE8F081831C71F194
:10C01000FF331ADB03F045F84419EFF3118840238E
:10C0200083F31288BFF36F8F264800F037FB80B987
:10C030008823254A2549214801F061FB21492448EC
:10C0400001F05DFB88212048D6E76FF00104241A37
:10C05000E3E7204F1B4800F045FBB8681E4B186013
:10C06000FFF76CFAB8682A46334618301B4900F0CF
:10C070008BFBBA681348537B43F00403537300F0FF
:10C080001BFB68B940F26B130F4A15490B4801F0CE
:10C0900036FB0C49134801F032FB40F26B11D2E73A
:10C0A0004046FFF733FA02F0FCFF201A20EAE07066
:10C0B000AAE700BF5410030108130301DBFC0201CF
:10C0C0007D04030180590021A2FF0201FBFF020150
:10C0D000100003014C590021845900212FF0020166
:10C0E000CFFF0201E6FF020170B506460D46EFF3F1
:10C0F000058474B1114940F25B43114A114801F0C3
:10C10000FEFA114801F0FBFA40F25B410C4801F0E5
:10C11000EDFAFFF75DFFB5F1FF3F08BFB6F1FF3F56
:10C120001FBF47F6FF734FF47A72C0FB0234D80B7F
:10C130000CBF4FF0FF3040EA444070BD5410030183
:10C1400008130301DBFC02017D04030138B504463A
:10C15000183000F0DDFBEFF31185402383F31288E4
:10C16000BFF36F8F1F4800F099FA68B988231E4A01
:10C170001E491F4801F0C3FA1A491E4801F0BFFAD0
:10C180008821194801F0B2FA164800F0ABFA637B37
:10C190005A0711D4134800F08FFAE8B940F231136E
:10C1A000114A1549124801F0AAFA0E49134801F044
:10C1B000A6FA40F23111E4E723F00403204663734A
:10C1C000FFF72AFAEFF30583002BE3D12946BDE8F8
:10C1D00038400448FFF70CBD85F31188BFF36F8F1B
:10C1E00038BD00BF80590021A2FF0201FBFF020100
:10C1F000DBFC020110000301CFFF0201E6FF020198
:10C20000014B9868704700BF4C5900212DE9F84355
:10C210000446EFF31187402383F31288BFF36F8F37
:10C22000694800F03BFA68B98823684A6849694858
:10C2300001F065FA6449684801F061FA88216348B1
:10C2400001F054FA604800F04DFA267B16F0010622
:10C2500024D05D4800F030FA68B940F231135B4AEF
:10C260005E495C4801F04BFA57495D4801F047FAD6
:10C2700040F23111E3E787F31188BFF36F8F40F28B
:10C280003553584A5849534801F039FA214657481E
:10C2900001F035FA40F235515248D1E7637B1A0775
:10C2A0000AD5494800F008FA0028D6D087F311884B
:10C2B000BFF36F8FBDE8F883D90943F008025FD15F
:10C2C0006273A36813B12046FFF78AF904F11800DE
:10C2D00000F01EFBA56D04F15808A84511D04FF0E1
:10C2E000000975B12846FFF77BF905F1180000F049
:10C2F0000FFB2846C5F87C90FFF78EF9A56DA84581
:10C30000EFD13B4DAB689C4204D1EFF30586003E74
:10C3100018BF0126D5F81880364A904502D0B8F1EA
:10C32000000F01D1D5F80C80434502D0404600F003
:10C3300029F9C5F8148056B140F201132E4EB3818D
:10C3400000233046C6E9193300F044FDAE60AB6807
:10C350009C42A6D1EFF30583002BA2D11A4800F02E
:10C36000ABF908BB40F26B13184A1C49194801F09D
:10C37000C6F915491A4801F0C2F940F26B115EE79F
:10C3800003F07F0343F0080363731C4B9C4207D107
:10C390001B495623134A0F4801F0B1F956217BE798
:10C3A000204602F014FE8CE73846FFF7AFF8154937
:10C3B00040F2B5130B4A074801F0A1F9124801F009
:10C3C0009EF940F2B51167E780590021A2FF0201F2
:10C3D000FBFF0201DBFC020110000301CFFF0201A1
:10C3E000E6FF020108130301731803013914030166
:10C3F0004C59002164590021C0550021C05400212E
:10C400002A13030158140301631403012DE9F843AF
:10C41000064688461746EFF31189402383F31288B6
:10C42000BFF36F8F214800F039F9054668B98823BA
:10C430001F4A2049204801F062F91C491F4801F0B9
:10C440005EF988211A4801F051F9184800F04AF9BC
:10C450003468A6421FD004B32046C4F87C806761CC
:10C46000FFF7BEF804F1180000F052FA2046FFF77B
:10C47000D3F80E4800F020F988B940F231130C4A85
:10C480000F490D4801F03BF908490E4801F037F912
:10C4900040F23111D6E70025EBE72546E9E789F3BD
:10C4A0001188BFF36F8F2846BDE8F88380590021BB
:10C4B000A2FF0201FBFF0201DBFC020110000301ED
:10C4C000CFFF0201E6FF0201D3B5DDE90667089C54
:10C4D000CDE90067FFF76CFA1CB1034B9B685B6901
:10C4E000236002B0D0BD00BF4C59002108B568B12F
:10C4F0000F4B98420AD303F11802904206D2182239
:10C50000C01AB0FBF2F302FB13034BB109490A480E
:10C5100038230A4A01F0F3F83821084801F0E6F818
:10C520000122074BC0105843064B1A5408BD00BFE8
:10C5300040560021AD140301DBFC02018514030108
:10C54000ABAAAAAAE95B0021C3897F2B12D80A4BA8
:10C550001B6863B1094B90F90E201B689A4209DBF6
:10C56000437BDB0606D1064BC31A18BF012303F039
:10C57000010070470023FAE78C59002188590021F7
:10C58000C054002170B50E4B0E4C1E7C182303FBCB
:10C5900006440546204600F0BBF900220A4B284617
:10C5A0009A55FFF7D1FF48B1084B2046BDE87040CF
:10C5B0001A680749013AD31700F0E6B870BD00BF0A
:10C5C0004C59002140560021E95B00218C59002183
:10C5D000EDC4020138B5EFF31185402383F31288CF
:10C5E000BFF36F8F234800F059F868B98823224AB7
:10C5F0002249234801F083F81E49224801F07FF8C0
:10C6000088211D4801F072F81A4800F06BF81E4BA3
:10C610001E4A9C681068A04213D1FFF7B3FF15486B
:10C6200000F04AF808BB40F23113134A1849144885
:10C6300001F065F80F49174801F061F840F2311137
:10C64000DFE700211B7C1160134AD35C002BE6D08E
:10C650002046FFF779FF0028E1D0637BDB0602D19B
:10C660002046FFF749F82046D7E785F31188BFF346
:10C670006F8F38BD80590021A2FF0201FBFF02012C
:10C68000DBFC0201100003014C59002184590021F8
:10C69000CFFF0201E6FF0201E95B0021006838B12B
:10C6A000044B00F003001B7CC01A18BF0120704728
:10C6B000012070474C590021002302680360EFF30A
:10C6C0000581074B19B19968497BC90706D4197CC4
:10C6D00098680843831A58425841704701207047B0
:10C6E0004C590021024B1A7C9B681343036070472E
:10C6F0004C590021074808B5074A0849121A02F0A8
:10C70000EFFBBDE808400648064A0749121A02F046
:10C71000E7BB00BF00000021D8090021DC1803019D
:10C720000000002100000021DC180301024B186802
:10C73000984208BF0020704774080021034B1B6813
:10C740000BB9FAF76FBE0020704700BF9059002167
:10C7500030B570B10B4B5B6898420AD0036843B1A7
:10C76000D3E90421D0E90445121941EB0501C3E9DD
:10C770000421D0E9003213605A600023C0E900337D
:10C7800030BD00BF74080021B3F1FF3F08BFB2F114
:10C79000FF3F2DE9F047044692461D46164600F03D
:10C7A0009B80D0F80080B8F1000F0CD04B496E236D
:10C7B0004B4A4C4800F0A3FF4B4800F0A0FF6E210D
:10C7C000474800F093FF8160EFF31187402383F324
:10C7D0001288BFF36F8F4548FFF760FF60B9882369
:10C7E000434A44493F4800F08AFF4049424800F02C
:10C7F00086FF88213E48E4E73C48FFF773FFBAF123
:10C80000FF3F75F1FF3321DA6FF001033B49D1E9B6
:10C8100000209B1A4FF0FF3262EB0000B3EB0A06D8
:10C8200060EB0500012E70F1000301DA012640469D
:10C83000C4E90460324EFFF779FFD6F804C070B93E
:10C84000C4E9006CCCF8004074601AE0FFF776FF92
:10C85000013645F10005361845EBE070E8E7D0E910
:10C860000425D4E90431934271EB050E27DAD21A7C
:10C87000436865EB0105C0E90425C4E900031C60B9
:10C880004460FFF753FF844207D11E4B1C6824B954
:10C8900002F0EEFB2146FAF79FFD1448FFF70CFF6C
:10C8A000B0B940F23113124A17490E4800F027FF81
:10C8B0000E49164800F023FF40F231119AE79B1A07
:10C8C00061EB05016045C4E90431B9D00068B6E701
:10C8D00087F31188BFF36F8FBDE8F08782160301DD
:10C8E0005E160301DBFC02017D0403019459002163
:10C8F000A2FF0201FBFF02011000030158560021B4
:10C900007408002190590021CFFF0201E6FF0201C7
:10C9100070B50446EFF31186402383F31288BFF30A
:10C920006F8F2048FFF7BAFE68B988231E4A1F4957
:10C930001F4800F0E4FE1B491E4800F0E0FE88217D
:10C94000194800F0D3FE1748FFF7CCFE2368FBB16F
:10C95000FFF7ECFE05462046FFF7FAFEA54204D19C
:10C9600002F086FB0021FAF737FD00240D48FFF79F
:10C97000A3FE80B940F231130B4A0F490C4800F076
:10C98000BEFE08490D4800F0BAFE40F23111D7E76B
:10C990006FF01504EAE786F31188BFF36F8F204626
:10C9A00070BD00BF94590021A2FF0201FBFF0201EC
:10C9B000DBFC020110000301CFFF0201E6FF0201D0
:10C9C0002DE9F0470446EFF31188402383F31288E2
:10C9D000BFF36F8F4348FFF761FE68B98823424A6F
:10C9E0004249434800F08BFE3E49424800F087FE32
:10C9F00088213D4800F07AFEDFF8FC903948FFF7C7
:10CA000071FEC9F80040FFF791FE0026044600279A
:10CA1000DFF8E8A0D9F80030DAE900C0D91754B13E
:10CA2000D4E90452AB4271EB020E1EDAED1A62EB4E
:10CA30000102C4E90452002413EB0C0340EB010192
:10CA4000CAE90031C9F8004002F012FB2146FAF7AA
:10CA5000C3FC2448FFF730FEB0B188F31188BFF360
:10CA60006F8FBDE8F047FFF7B5BD15EB0C0340EB4A
:10CA7000E570CAE90030C4E904672046FFF768FEA4
:10CA80001848FFF719FE68B940F23113164A1C49DD
:10CA9000174800F034FE13491A4800F030FE40F207
:10CAA0003111A6E788F31188BFF36F8F2046A36882
:10CAB0009847EFF31188402383F31288BFF36F8FF9
:10CAC0000848FFF7EBFD002888D00648FFF70AFE6C
:10CAD000D9F800305B1BC9F80030FFF727FE044689
:10CAE00098E700BF94590021A2FF0201FBFF020159
:10CAF000DBFC02011000030190590021585600216F
:10CB0000CFFF0201E6FF020170B5EFF3118640236B
:10CB100083F31288BFF36F8F1A48FFF7BFFD68B920
:10CB20008823194A19491A4800F0E9FD154919489E
:10CB300000F0E5FD8821144800F0D8FD1148FFF70A
:10CB4000D1FDFFF7FBFD144AD2E90045041945EB7E
:10CB5000E0750C48FFF7B0FD68B940F231130A4A9E
:10CB60000E490B4800F0CBFD06490D4800F0C7FD0B
:10CB700040F23111DFE786F31188BFF36F8F204653
:10CB8000294670BD94590021A2FF0201FBFF02015A
:10CB9000DBFC02011000030158560021CFFF020107
:10CBA000E6FF020170B504460D46EFF311864023FF
:10CBB00083F31288BFF36F8F1C48FFF76FFD68B9CE
:10CBC00088231B4A1B491C4800F099FD17491B4844
:10CBD00000F095FD8821164800F088FD1348FFF706
:10CBE00081FD2068844209D0D0E9003213605A6088
:10CBF00000232946C0E9003302F09CFA0B48FFF7F6
:10CC00005BFD68B940F23113094A0D490A4800F04A
:10CC100076FD06490B4800F072FD40F23111DAE76B
:10CC200086F31188BFF36F8F70BD00BF9859002144
:10CC3000A2FF0201FBFF0201DBFC02011000030165
:10CC4000CFFF0201E6FF020170B504460D46EFF387
:10CC50001186402383F31288BFF36F8F2148FFF7BB
:10CC60001DFD68B98823204A2049214800F047FD6E
:10CC70001C49204800F043FD88211B4800F036FD88
:10CC80001848FFF72FFD01212068E5608442A1606C
:10CC900011D11448FFF710FDE8B940F23113124AE0
:10CCA0001549134800F02BFD0E49144800F027FDEC
:10CCB00040F23111E1E7D0E9003213605A600023FD
:10CCC000C0E9003302F036FA314604460548FEF763
:10CCD0008FFF204670BD86F31188BFF36F8F00244D
:10CCE000F7E700BF98590021A2FF0201FBFF0201F4
:10CCF000DBFC020110000301CFFF0201E6FF02018D
:10CD000004322DE9734306460D4620D24FF0000849
:10CD10004FF0000941F00401CDE90089FDF794F8D6
:10CD20000446A0B144F8046B95B16B1E1C420FD0B1
:10CD30002523094A09490A4800F0E1FC214609482F
:10CD40002A4600F0DCFC2521034800F0CFFC00243B
:10CD5000204602B0BDE87083BA170301DE17030155
:10CD6000DBFC02011018030103280A4608B501D9AB
:10CD700083070CD010494323104A114800F0BFFC30
:10CD8000104800F0BCFC43210C4800F0AFFC431EEF
:10CD900003420AD00C494723084A094800F0AFFC77
:10CDA0000A4800F0ACFC4721EEE70146BDE8084028
:10CDB0000748FFF7A5BF00BF38180301BA170301E2
:10CDC000DBFC02017518030136FE020151FE02016F
:10CDD0008C080021014B0367704700BF8C080021BD
:10CDE00038B504460D4602F0E9F820B9064B9B68B9
:10CDF0001B6F0BB938BD054B2A4621461846BDE8C6
:10CE00003840FFF77DBF00BF4C5900218C0800213E
:10CE10001FB5094A02AB92E803004FF4806283E831
:10CE20000300009305494FF0FF330548FEF7C8F9AA
:10CE3000002005B05DF804FB5CF60201F0900021D3
:10CE4000605600212DE9F04F43688DB015468046AD
:10CE5000029383789A0740F10D8100240E78002E0A
:10CE600000F00A81252E0BD04B1C03930134414660
:10CE70003046029B98470028C0F2F6800399EDE700
:10CE80004E788B1C252E0393F0D00027B946BB4665
:10CE9000BBF11F0F38D8A6F12003102B0AD8DFE80A
:10CEA00003F02A0909300909092109090928092D6E
:10CEB00009091F00A6F13003092B33D92A2E37D1D7
:10CEC0001BF0400F55F8043B40F08280002BA7BFB9
:10CED0004BF0200B9946C3F100094BF0280B01E001
:10CEE0004BF0010B039B13F8016B0393002ECFD182
:10CEF00030E04BF0020B4BF0040BF3E74BF0080B68
:10CF0000F0E74BF0100BEDE7BBF17F0F19D8A6F15E
:10CF10003003092BD2D81BF0400F03D00A2101FBAC
:10CF20000737DFE70A214BF0200B01FB0939D9E76E
:10CF30002E2E06D11BF0400F40F09E804BF0400B90
:10CF4000D0E76C2E31D02BD8682E36D06A2E3CD04C
:10CF50004C2E3AD0002F46F02003B8BF2BF04002F1
:10CF6000A3F16501BCBF00271FFA82FB022901D98A
:10CF7000612B2FD107350727DFF8ACA225F0070575
:10CF800008351BF0080F66D00AEB070B56465E45C6
:10CF900063D1A4EB0A0AA9EB070906EB0A026FE1C9
:10CFA000742E9FD07A2E9DD0D4E71BF0800F18BF2F
:10CFB0004BF4007B4BF0800B94E71BF4807F18BF91
:10CFC0004BF4007B4BF4807B8CE74BF4207B89E7B0
:10CFD0001F4687E7A6F16301122900F2F080DFE81F
:10CFE00011F013004F00EE00EE00EE00EE004F00D7
:10CFF000EE00EE00EE00EE00EE00FE00E900EE00B6
:10D00000EE001B00EE00AF0055F8043B01270DF1C8
:10D01000180A8DF81830B4E755F804AB834BBAF111
:10D02000000F08BF9A461BF0400F504614BF394608
:10D030004FF0FF3102F016F90746A2E741462020E3
:10D04000029B984700280FDB013EB742F6D34C44C1
:10D05000B146A41B98E74E46F7E7414616F8010B88
:10D06000029B9847002892DA98F8023043F00403B4
:10D0700088F802304FF0FF3420460DB0BDE8F08F45
:10D080001BF0800F34D01BF4007F2CD0073525F027
:10D090000705AA4669685AF8080B2BF01005002905
:10D0A000ADB237DA404245F4806561EB41010DF1E4
:10D0B000180B0A235A4602F0E1F8A0EB0B03019388
:10D0C0006B0662D5019B25F001019F4289B240F3B6
:10D0D000A180002E00F0998015F0100240F09C8095
:10D0E000BB460D4623E0AA465AF8040BC117D4E705
:10D0F000AA461BF4807F5AF8041B01D10846F5E7C5
:10D100001BF4007F19BF48B241F3C01108B241F3CC
:10D11000C031C2E750EA0103C9D11BF0400FC6D0AD
:10D12000002FC4D12BF01102BB46019795B240F2FB
:10D13000064115EA01021CBF0BF1010B00222CE095
:10D140002BF010020A231FFA82FB1BF0800C49D03F
:10D150001BF4007115BF0735AA4625F007055AF8DC
:10D16000040B1EBFAA4669685AF8080B50EA01056D
:10D1700045D12BF016051BF0400FADB242D0002F69
:10D1800040D12BF01702019795B215F0100248D04C
:10D19000019B002E42D103F1010B29075AD4EB0762
:10D1A00006D5D9456FDDA9EB0B030199CB465F1876
:10D1B0005B4649E04BF0100B10237826C5E7782B2F
:10D1C00004D1C6F1780343F01003BEE741462520A1
:10D1D000029B98470028FFF647AF023447E6082332
:10D1E0000026B2E7AA461BF480715AF8040BBDD0A2
:10D1F0001BF400711ABFC0B2614680B2B6E72BF0D3
:10D20000060295B20DF1180B54E725F01105BB4647
:10D21000ADB28CE70D46B8E73B460D4603F1020B75
:10D22000BBE7DDF804B082E7CD180301C61803019F
:10D23000CDE9043241462020029B98470028FFF6A2
:10D2400013AF049B059A01339945F1DCA4EB0B0164
:10D250009B46CC180AB341463020029B98470028D1
:10D26000FFF602AF8EB901342744391B019B994266
:10D2700024DC1D4655BB019AA9EB0B0955462244F7
:10D280001446914433E0019F92E702344146304610
:10D29000029B98470028E7DAE6E640F206410D4295
:10D2A000E2D015F0020F04F10104414614BF2B2017
:10D2B000202015F4806F18BF2D20E9E7414630206B
:10D2C000029B013498470028CFDACDE606AB013D3A
:10D2D0004146585D029B98470028CBDAC4E6414698
:10D2E0002020029B013498470028FFF6BDAEA9EB31
:10D2F0000403002BF3DCC1E57047EFF311834023F7
:10D3000083F31288BFF36F8FFEE708B5F6F7C8FD09
:10D3100010B110F1580F06D1F6F7E0FD10F1580FDB
:10D3200002D00028F8D008BD0020FCE7836800EB9D
:10D33000C101B3F5004F2CBF51F8220031F81200A3
:10D34000704700EBC1018068B0F5004F2CBF41F879
:10D35000223021F812307047012208B5FFF7E6FFAE
:10D36000D04008BD836800EBC101B3F5004F08D37E
:10D370004B681AB143F001034B60704723F001037F
:10D38000FAE74B881AB143F001034B80704723F052
:10D390000103FAE753000122FFF7D3BF8368B3F517
:10D3A000004F34BF04230823C91A081AC008704765
:10D3B000B0F5004F34BF042308230731C818C00854
:10D3C00070470A4608B50121FFF7F2FF0132121A31
:10D3D000B2FA82F0C0F11F0008BD2DE9F0411746F6
:10D3E00003220E460446FFF7A1FF8642054607F1D9
:10D3F00004080AD10122E368BA4023EA0203E36089
:10D40000002344F82830BDE8F0813146022220464E
:10D41000FFF78CFF06462B4601460322204644F8C0
:10D420002850FFF78EFF334629462046BDE8F041DD
:10D430000222FFF786BF70B50D4686680446FFF7E7
:10D440008BFFB6F5004F014601D3012809D03046C5
:10D45000FFF7B7FF294602462046BDE87040FFF7B8
:10D46000BCBF70BD2DE9F047054680688846FFF7D0
:10D47000A8FF05EB800ADAF810900646B9F1000F14
:10D480001BD00327DAF8104028462146FFF764FF37
:10D49000404507D3324621462846FFF79EFF2046E7
:10D4A000BDE8F087032221462846FFF73FFF013FF2
:10D4B000CAF8100001D08145E4D14FF0FF34EB6889
:10D4C0000136B4401C40EAD094FAA4F2B2FA82F2D7
:10D4D000131D55F82340DEE72DE9F04114460E46B2
:10D4E0000546FFF739FFA4EB0608371B0744424601
:10D4F00031462846FFF74EFF3A4621462846FFF7B9
:10D5000049FF4346002221462846FFF71AFF2146DD
:10D510002846FFF721FF3B46211800222846BDE898
:10D52000F041FFF70EBF2DE9F041164604460F46C5
:10D53000FFF712FF314605462046FFF70DFF054471
:10D540002A4639462046FFF725FF31462046FFF799
:10D5500003FF2B46311800222046BDE8F041FFF7BB
:10D56000F0BE2DE9F0410D4686680446FFF7F4FE53
:10D57000B6F5004F014601D3012832D03046FFF7FF
:10D5800020FF04EB80010E6996B90122E368824016
:10D590001343E36002220D612B4629462046FFF724
:10D5A000D0FE032229462046BDE8F041FFF7C9BE60
:10D5B000022231462046FFF7B9FE074603462946B8
:10D5C0002046FFF7BEFE0322334629462046FFF7DA
:10D5D000B8FE39462B462046FFF7B3FE02223146FD
:10D5E000E1E7BDE8F081F8B50C460546FFF7B4FE6B
:10D5F0002618012231462846FFF798FEC3070CD4AF
:10D6000031462846FFF717FF21462846FFF7A4FEBC
:10D61000214622182846FFF786FF00222146284689
:10D62000FFF784FE271A012239462846FFF77EFEBF
:10D6300010EA020613D139462846FFF7FCFE2146C0
:10D6400032462846FFF772FE2246211A2846FFF787
:10D650006AFF214632462846FFF768FE241A214613
:10D660002846BDE8F840FFF77CBF70B5066809B9E9
:10D67000002070BDB068B0EBD10FF9D9FFF798FE6C
:10D68000014605463046FFF7EDFE04460028EFD080
:10D6900001463046FFF760FEA84209D925442146DD
:10D6A00030462A46FFF718FF29463046FFF759FF54
:10D6B000304601222146FFF755FEB368B3F5004F0F
:10D6C00034BF0423082303EBC4031844D1E700202C
:10D6D00070470FB407B504A951F8040B0191F6F790
:10D6E000B5FD03B05DF804EB04B07047002383F38D
:10D6F0001188BFF36F8F0423184602DF70470FB401
:10D7000007B504A951F8040B0191F6F79FFD03B08A
:10D710005DF804EB04B07047838B13F0070305D169
:10D720000368002B0CBF002003207047022B05D19B
:10D73000C08BB0FA80F0400980007047012B05D102
:10D740000368002B0CBF00200520704700207047A5
:10D7500010B50C4600B111B96FF0150010BD081DD1
:10D7600000F02FF80028F9D1A368032BF6D9F3E7CE
:10D770002DE9F0410D4607461946281D90461E46E4
:10D78000F7F736F8044638B133464246294638465C
:10D79000A446BDE8F0416047BDE8F08138B50C46CD
:10D7A000054658B151B10B6843B14B6833B12022E3
:10D7B000002101F01DFD00202C6138BD6FF0150027
:10D7C000FBE7034640B1426802F00302022A06D09A
:10D7D000032A04D0012A05D06FF0150070471A689B
:10D7E000002AF9D0002098607047704720B1836804
:10D7F0002BB11B6833B118476FF0150070476FF0FD
:10D80000040070471846704730B450B149B142B176
:10D81000846854B1E56845B141F8040BE36830BC55
:10D8200018476FF0150030BC70476FF00400FAE73E
:10D8300030B41346044650B1006860B182686AB1E2
:10D8400095685DB10A46AC46616830BC60476FF0D0
:10D85000150030BC70476FF00100FAE76FF004006C
:10D86000F7E70A46034610B458B1006868B181680A
:10D8700071B18C6A64B14C6A54B15968234610BCCA
:10D8800018476FF0150010BC70476FF00100FAE701
:10D890006FF00400F7E70A46034610B458B1006879
:10D8A00068B1816871B14C6A64B18C6A54B15968CD
:10D8B000234610BC18476FF0150010BC70476FF07E
:10D8C0000100FAE76FF00400F7E70369D3F8780383
:10D8D00070476FF085007047084608B5114618B1CB
:10D8E00001F06BF8002008BD6FF00100FBE708466F
:10D8F00008B5114618B101F057F8002008BD6FF0C7
:10D900000100FBE713B504460846216901F55D7186
:10D91000D1E8AF1F022909D15BB168B1009313466A
:10D92000D0E90912FBF7ECFC02B010BD6FF00F005C
:10D93000FAE76FF04C00F7E76FF00100F4E72DE92C
:10D94000F8431C46DDE90853164698460F46006921
:10D9500039B34AB344B36A1C43F10003022A73F19A
:10D96000000324D2226842B1D0F878339A4204D915
:10D970006FF00B002360BDE8F88305EA080909F1A0
:10D9800001035A425A412146384601F01FF888B92E
:10D99000B8F1FF3F08BFB5F1FF3FF0D06FF068006E
:10D9A000E9E76FF00100E6E76FF01500E3E76FF0DD
:10D9B0008500E0E730600020DDE701F06CB838B5A5
:10D9C0000D46044600F148012846F6F780F930B1CB
:10D9D000284604F1C001F6F77AF920B9012078232E
:10D9E00003FB004038BD0020FCE702F5307102F572
:10D9F000347001F0D3BAD0F8B030A0F53070003BED
:10DA000018BF012300EB8300D0F8AC0200F06DBF1B
:10DA1000C86828B1096983681B680BB100221847E0
:10DA20007047FCF7B7BDD0E8EF3FC0E8E21F002A1F
:10DA3000F9D1704710B5436804691B68C4F87033A6
:10DA400004F5EC7001F05FFA002104F55D70FFF75A
:10DA5000EAFF084610BD2DE9F74317460D4691B37E
:10DA60000B7883B3D0F8C440A4F5E27914344FF0B6
:10DA7000FF324FF0FF332046FCF7BCFC2A464846F5
:10DA800001A9F6F703FF019E80462EB9204603B098
:10DA9000BDE8F043FFF7C5BF58B12046FFF7C1FF0F
:10DAA0003B462A463146484603B0BDE8F043F6F708
:10DAB000CBBE1F22294606F1480001F0C3FB86F8C1
:10DAC0006780B766E2E703B0BDE8F083030103EBCC
:10DAD0004003093323F0030303EBC003484303303F
:10DAE000083320F003001844400070472DE9F84344
:10DAF00006464FF001090569D0F8048005F55D7709
:10DB0000D7E8EF3F022B03D1C7E8E29F002AF7D105
:10DB100041D195F86C30002B40D195F8E430002BC2
:10DB20003CD12846D5F8701300F054F8044680BB69
:10DB300073683669D3E9050183681B693BB32246E4
:10DB40009847044628BB06F5347649463046FDF72B
:10DB5000A5FB304605F5F876F7F788FB3046D8F890
:10DB6000001000F072F8044698B90146D022304601
:10DB700001F03EFB21464FF4F672284601F038FBD7
:10DB800021463846FFF74FFF2046BDE8F8836FF087
:10DB900057040221F5E76FF07704F5E76FF00F0403
:10DBA000F2E710B50846029B114652B993F86C2073
:10DBB0002AB90122184683F86C20F6F753FF00209B
:10DBC00010BD1A6F5468002CF9D05A6FA047F6E7C1
:10DBD00000F061BF38B50D46044660B1F03001F089
:10DBE00019F90DB1002038BDC4F8C451C4F8C851AA
:10DBF000C4F8CC51F6E76FF01500F4E70268D2F8EC
:10DC0000C83013B1D2F8C410184770477047836901
:10DC10000BB9C36B19707047012070478369012BE2
:10DC200003D1C36B1878C0B270470420704738B571
:10DC3000C41DE400204601F0CAFA054618B1224688
:10DC4000002101F0D5FA284638BD38B504463822FF
:10DC5000002101F0CDFA1822002104F1A40001F006
:10DC6000C7FA1822002104F18C0001F0C1FAD4F89F
:10DC7000C000FBF7F7FAD4F8BC00FBF7F3FAD4F8CE
:10DC8000803004F154050BB1284698473822002112
:10DC9000284601F0ADFAFBF749FA002038BD01280B
:10DCA00001D1EFF30583FBF72BBF01460068FFF7B7
:10DCB000F6BF08B5F7F7AAF8BDE80840F7F7CAB805
:10DCC00000210120FFF7EBBF436E83F30B88704701
:10DCD00061B662B680F31188BFF36F8F704708B5E5
:10DCE000F8F7CEF872B6002383F31188BFF36F8F75
:10DCF000F8F744F950B1BFF34F8F30BF00BF00BFFA
:10DD000000BF00BF00BF00BF00BF00BF62B6BFF3CF
:10DD10006F8F08BD10B50446F8F7B2F872B600234D
:10DD200083F31188BFF36F8FF8F728F950B1BFF371
:10DD30004F8F20BF00BF00BF00BF00BF00BF00BFAC
:10DD400000BF00BF84F31188BFF36F8F62B610BDB0
:10DD500040E800F313F4803FD8B208BF6FF015001D
:10DD6000704730B50C684B6885B00A894D890094BE
:10DD7000013B24F01F04234402F01F0242EA451233
:10DD800023F01F0369468DF808200393F7F7DCFBA7
:10DD900005B030BD08B5F7F705FE002008BD704797
:10DDA000C16A8968F7F790BE10B50C460121F7F7F4
:10DDB000BDFF047010BD8388C2888168D21A0368D1
:10DDC0005B1AD01A704738B50D4614461146F7F75E
:10DDD000CDFF22462946BDE8384001F0FCB9F0B538
:10DDE000D0F80473064617F002001CBFC2F1807021
:10DDF00018604FF0000518BF01204FF0010C4FF4E0
:10DE0000803E0CFA05F40C4214D00EFA05F43C42A4
:10DE100010D005F5A87456F82440A41A34F07F44B5
:10DE200008BF4FF0807408B91C6002E01868A04277
:10DE3000FAD801200135042DE3D1F0BDF7F7B4BFC6
:10DE4000F7F7B2BF0220F8F71BB9F8B5069F0469CF
:10DE5000C9B2EFF31186402585F31288BFF36F8FA7
:10DE60000C2505FB0144A56C05F0070CBCF1010F66
:10DE70000CD1A76486F31188BFF36F8FC4E9102318
:10DE8000436853F8313098470020F8BD05F0C005CD
:10DE9000AF4286F31188BFF36F8F0CBF6FF077002E
:10DEA0004FF0FF30F1E713B580240094FFF7CDFF6A
:10DEB00002B010BD0069CBB200EB43100021104747
:10DEC0000020FAF7E9B90020FAF70EBA1046FCF77D
:10DED0009DBD8022F8F78AB9436800205B681B6902
:10DEE0000B607047436802EA01005B6821EA0201A7
:10DEF00098600020D9607047436800205B68996093
:10DF00007047436800205B68D960704743685A686F
:10DF1000536821EA03000B4090600020D3607047F3
:10DF200030B451F820500C4601EB80023DB101465F
:10DF3000AC46D4F88000002330BC126C604730BC83
:10DF4000704710B500690F299FBF00EB810440F8AE
:10DF500021202364002088BF6FF0150010BD002031
:10DF60007047102070470F290ED843685B68CB407C
:10DF7000DB0709D501228B00DBB203F1824303F5F5
:10DF8000903300201A6070476FF01500704738B565
:10DF90000F290C46056933D843681B68CB40DB0763
:10DFA0002ED5D5F8841021FA04F303F001031AB931
:10DFB0009BB96FF0770022E0002BFAD111B9122043
:10DFC000F7F7B0F90122D5F88430A2401343C5F821
:10DFD0008430E0B2FAF78AFF0AE0E0B2FAF7A4FF71
:10DFE0000122D5F88430A24023EA0203C5F8843028
:10DFF000D5F8843013B91220F7F7A2F9002038BD04
:10E000006FF01500FBE730B543681360057A44688C
:10E0100004EBC504A34202D36FF0010030BD5C796C
:10E020008C4201D00833F0E70020F7E743681B6813
:10E03000D3F88004C3F88004704742681368D3F8AB
:10E04000100150B10020126A12780A70C3F8100152
:10E05000D3F8102101221A6070474FF0FF3070474B
:10E0600002680346D2F8580140B95B68DB0706D462
:10E07000D2F82001003818BF0120704701207047F6
:10E0800043681B68D3F80423D20517D5D3F82021A1
:10E09000A2B1EFF31182402181F31288BFF36F8F99
:10E0A000D3F8201131B10021C3F82011D3F8201189
:10E0B0000121D96082F31188BFF36F8FD3F85831F3
:10E0C000704708B5F9F728F808BDFFF716B910B57D
:10E0D0004FF0FF304FF0FF31F9F7AEF9044628B9A1
:10E0E000DBF718F8044618B1F9F7AEF9204610BD71
:10E0F000F9F7AAF92046F7F7E1FFF7E738B50B8AF9
:10E100000D467BB30B7E012B14D0042B2AD14FF08C
:10E11000FF304FF0FF31F9F78FF9044640B9E86856
:10E12000F1F793F90446F9F78FF9B4B1F9F7B8FAB2
:10E13000204638BD4FF0FF304FF0FF31F9F77CF942
:10E1400004460028F4D1E868F9F75CFB0446F9F7C7
:10E150007BF9002CECD1F9F7A3FA2846F7F796FDE6
:10E160000024E5E76FF01504E2E7F9F7D1BA10B53E
:10E1700031220021044601F03BF820232370802344
:10E18000A3706FF03F0363716FF01B03A37228232A
:10E19000A3732223E3730423A3756FF0080363764C
:10E1A000FF23A376E3767F232377302384F8203080
:10E1B0006FF03F0384F82130792384F822306FF028
:10E1C000010384F82330012384F82430802384F869
:10E1D0002630042384F82730402384F82D3010BDE6
:10E1E000002303604360037863F002030370437805
:10E1F00023F0490343F0490343707047034607B5D2
:10E200009A8800689B790090ADF804208DF806305C
:10E21000BDF803306846092B28BF0923ADF8033049
:10E22000F1F736F903B05DF804FB684620F007010A
:10E230008D4601B5EEF79EF8F6F70CFEBDE80140FD
:10E2400085467047684620F007018D4601B5FFF707
:10E25000F5FDEEF715F8BDE80140854670476846C4
:10E2600020F007018D4601B5EDF750FCF6F7F2FD01
:10E27000BDE801408546704708B5F5F7B9FC0020B8
:10E2800008BD03465A6B00233C309A4200D17047C8
:10E29000C16801330844F8E77047EDF7D7B8004785
:10E2A00000F0EABD38B504461546FAF7EDF8294600
:10E2B0002046BDE83840FAF7FFB843090AD0012BE1
:10E2C0000BD14FF6FF7300F01F0023FA00F000F0AF
:10E2D000010070474FF0FF33F5E7002070472DE94C
:10E2E000F3411746DDE90858019001A80C461E4687
:10E2F000FAF712F9019B391E18BF012100EB8300C8
:10E30000231E18BF0123002E43EA410314BF0C2132
:10E310000021002D43EA010314BF4FF47061002176
:10E32000B8F1000F43EA010314BF4FF4403100215C
:10E33000D0F800220B4322EA030304B124780FB182
:10E340003F787F001C430EB13678B6003C438DB158
:10E35000297809023443B8F1000F03D098F80080FF
:10E360004FEA0848214341EA0801C0F8001202B010
:10E37000BDE8F0812946EDE71FB50DF10F030193CC
:10E3800000238DF80F101A4619460093FFF7A7FFD8
:10E3900005B05DF804FB08B50146FAF737F910B18E
:10E3A0000846FAF74DF900F0010008BD38B50546FA
:10E3B00008460C46FAF744F9A8B10846FAF726F9D8
:10E3C00088B90846FAF716F901232A688340C2F88B
:10E3D00008332B6803EB8000D0F8103523F00303DB
:10E3E000C0F8103538BD2046BDE838400021FFF7A1
:10E3F000C3BFFAF7C1B9FFF7D9BF2DE9F04389B020
:10E40000109E0446894690460021202268461F46F9
:10E41000129D00F0EDFE1F2E97BF01234FF0FF333A
:10E42000B34003F1FF332361119BC4E90098C4E9B1
:10E4300002766361183445B10FCD0FC495E80F0023
:10E4400084E80F0009B0BDE8F0836D46F4E773B5CA
:10E450000468661C31D08568A9422ED264182CD07D
:10E460005E18AE4288BF6B1A056A35B1009305236A
:10E47000A8470346184602B070BDBFF35B8F19462C
:10E48000A41A101919B140EA0205AD070AD10329EF
:10E490000DDC013811448A42ECD010F8014F02F82B
:10E4A000014BF8E70078013902F8010BE9E750F871
:10E4B000044B043942F8044BE9E76FF02103D9E734
:10E4C00073B50468651C32D08568A9422FD26418E0
:10E4D0002DD05E18AE4288BF6B1A456ACDB100934D
:10E4E0000523A84702B070BD12F8015B0139057021
:10E4F0001546A01819B140EA0206B607F4D103295F
:10E500000ADC013D014488420CD1BFF35B8F184601
:10E51000E8E71946A41AEBE755F8042B043940F84C
:10E52000042BECE715F8012F00F8012BEBE76FF057
:10E530002100D7E773B51C46036815465A1C29D03D
:10E540008268914226D25B1824D066189642866A69
:10E5500088BF541A36B105232A460094B047204696
:10E5600002B070BD184622464AB9294600F040FE66
:10E57000BFF35B8FF3E700F8015B013AF4E7830731
:10E58000F9D14FF001336B43032AEEDD40F8043B31
:10E59000043AF9E76FF02100E2E70020704710B479
:10E5A000046B02460B4684B9C1681F2998BF23FA41
:10E5B00001F4416861B18068834209D21069184052
:10E5C00051F82430184410BC7047234610BC18473B
:10E5D0004FF0FF30F7E730B5059CC4E90002039A1D
:10E5E00021811989E260049A618121856261D3E900
:10E5F000002502EB0113C4E906128A1C236203EB17
:10E6000042036A1C13446D422B406362836953B911
:10E610000139E2698B4202EB031206DB002393739C
:10E620006FF07F03D373002030BD0133D381F0E757
:10E630002DE9F04FB0F830A004465546002685B0CD
:10E6400002EB030891460E9A00EBCA031FFA88FBFF
:10E650009A63A3F83CB008F1FF32C3690F1D019221
:10E66000B0451ADC238D2586A3EB0B032385236A93
:10E6700061895A8801390A4003EB4203A3F804A0D8
:10E68000BFF35B8F0020226A538801335380638D70
:10E690000133638505B0BDE8F08FE06A2A0157F8C1
:10E6A000041C03EB0515029303680392C91A8368DF
:10E6B0000837994228BF4FF0FF31FFF770FFDDE9BF
:10E6C0000232985000226A6057F8082CAA60019A1A
:10E6D0009642ACBF00220122B145D8BF42F00202EF
:10E6E000AA810136ED89BBE7F0B550B3456A448E87
:10E6F0006B88A34230D0631C43864389BFF35B8F92
:10E70000013B1C4005EBC4056B689EB209B1AD68C6
:10E710000D60D0F81CC09BB20CEB031100EBC303DF
:10E720009D8F078D2F44013D07859D878D896F073C
:10E730000ED5058ECD8100210686986B996302B1B6
:10E740001480F0BD9D8FC989013D0CEB01119D879F
:10E750008D89ED07F6D4ECE70020F2E7C36903EBFF
:10E7600001139868704770B5C369C56A09015E589E
:10E770006B6BE3B92C69621C09BF6B6834401C6881
:10E78000341B21462846FFF70AFF864207D02B6933
:10E7900001331C44AB689C42F3D34FF0FF3428682C
:10E7A000431C09D0AB68A34206D9204470BD314652
:10E7B000284698470446F2E70020F7E770B5BFF314
:10E7C0005B8F0D46016A1646838E4A8804469A423C
:10E7D00012D05A1C82864289013A134001EB430150
:10E7E0008988298089B2FFF7BEFF2A88E36903EB95
:10E7F00002139B68336070BD0020FCE710B502680F
:10E8000093691269920017D543B9438E026A8169F0
:10E810004489013B1B1B02EB4102938003689B6907
:10E82000012B08D1838E426A81694089013B1B1A02
:10E8300002EBC102938010BD23B9026A138843F032
:10E840000103138003689B69012B01BF426A13888F
:10E8500043F001031380EEE710B5BFF35B8F03684D
:10E8600004461A699B6912F0005F1AD07BB9036AEB
:10E87000426A5B888169013B02EBC10292889B1A64
:10E88000628D9BB29A4214D80023638510BD012B80
:10E89000FAD1436A026A5B888169013B02EB41025B
:10E8A000ECE763B9436A1B88DB4303F00103002BE9
:10E8B000EAD06369002BE7D020469847E4E7012BB4
:10E8C000E2D1036AEFE7036A828E598891420AD047
:10E8D000418901390A4003EB42039A88C36903EB7B
:10E8E00002139868704700207047BFF35B8FC368BE
:10E8F00003B1184770474FF0FF324FF0FF33FCF77A
:10E90000EDB810B1C36A0133C362704738B1C26A4F
:10E91000013AC2621AB9026B02B110470262704733
:10E9200070B50446056A05F164063046FFF7E3FF5B
:10E93000636AA3F580637F2B0BD8012259095035F8
:10E9400003F01F039A4055F8213023EA020345F8EB
:10E950002130D4E90F124A60E16B04F13C031160ED
:10E960002046C4E90F33FFF7D1FF3046BDE87040C1
:10E97000FCF74CB810B5436A8CB00A9320230446C8
:10E9800002460B9102A8194600F057FA28230122EB
:10E99000CDE9003220463522616A02ABFAF79AFCD3
:10E9A00000EAE0700CB010BD30B1006A20B119B1BE
:10E9B000D0F8883003B11847704730B1006A20B1F1
:10E9C00019B1D0F88C3003B11847704730B1006AE4
:10E9D00020B119B1D0F8903003B11847002070472A
:10E9E0002DE9F84306468846174699460468A6422C
:10E9F00001D1002520E07A1CA4F13C0502D06B6A0D
:10EA0000BB4219D0B8F1000F22D02022414628463F
:10EA100000F006FCE0B9B9F1FF3F02D0AB6A4B450C
:10EA20000AD07B1C0BD02468B442E2D054F8183CC6
:10EA3000A4F13C059F42E8D12846BDE8F883AB6AC3
:10EA40000133F9D02468B442D3D0A4F13C05D9E70E
:10EA50002468CCE770B505460C461E46CAB1202393
:10EA60002046194600F0E9F90123E362049B66623F
:10EA7000A362059B25626363069BA363079B636494
:10EA80006A6804F13C03C4E90F526B60226C1360A6
:10EA900070BD0A70E8E710B5044690B1036A83B10F
:10EAA00002784AB193F8A43033B1436AB3F5806F6A
:10EAB00002D30121FFF75EFF2046BDE81040FFF7BB
:10EAC0002FBF10BD20B1036A13B15B6803B11847B3
:10EAD000704708B530B1036A3BB1DB682BB198478A
:10EAE000002008BD6FF01500FBE76FF00500F8E7A8
:10EAF0007047FBF78BBF4FF0FF324FF0FF33FBF750
:10EB0000EDBFF8B50C4600F164070546A4F1100608
:10EB10003846FFF7F0FF3046FAF792FC80B154F820
:10EB2000083C24F8083CD5F8CC3044F80C3C05F1FE
:10EB3000C80344F8103CC5F8CC6054F80C3C1E6087
:10EB40003846FFF7D6FF0020F8BD38B50D4600F176
:10EB500064042046FFF7CFFF55F8083C204603F534
:10EB6000803345F8083CBDE83840FFF7C2BF2DE9C7
:10EB7000F04188B00E9C282A8846D4F8C0006ED197
:10EB800001688568A8EB0101A94228BF4FF0FF3159
:10EB900020236A46FFF75BFC04F16406D8F8207076
:10EBA0003046FFF7A8FF3B464FF0FF32694620464C
:10EBB000FFF716FFD8F824300546E0B1D0F83080D2
:10EBC00003F00103B8F1000F02D0DBB9AF6230E00F
:10EBD000002BFBD04FF0FF3383623046FFF789FFF5
:10EBE000AB6B83BBD4F88030002B38D03A466946F3
:10EBF0002046984733E0DB071FD43046FFF779FF04
:10EC0000E36FF1E74FF0FF338362FFF77AFE3046A0
:10EC1000FFF76FFFAB6BA3B9D4F880301BB13A4656
:10EC20006946204698473046FFF765FF2846FFF7BC
:10EC30006DFE3046FFF75DFF11E03046FFF759FFEC
:10EC4000D0E74FF0010828469847D4F880301BB130
:10EC50003A46694620469847B8F1000FE3D10020B4
:10EC600008B0BDE8F08170B500F16406A1F11005AF
:10EC700004463046FFF73FFF2846FAF7E1FB38B17C
:10EC800020462946FAF7B8FCD4F8B800FFF7E4FDAF
:10EC90003046BDE87040FFF72CBF10B548B149B110
:10ECA00043688B4206D382680468D21A5B1A4360B9
:10ECB000A01810BD0020FCE72DE9F3470546D0F869
:10ECC000B4000E46904618B9002002B0BDE8F087A7
:10ECD000036A002BF8D09B68002BF5D098474307B8
:10ECE000F2D543F69823B8F1000F18BF984605F106
:10ECF000640705F1C8093846FFF7FDFED5F8C8409E
:10ED00004C452BD054B3D4E90023536022681A60D9
:10ED1000C4E90044D5F8B43021899B69ADF80610E8
:10ED20007BB1012B14D03846FFF7E3FEBDF8063067
:10ED300004F1100003F58033A3603368103B3360A7
:10ED4000C3E7D5F8A8303360D5F8B4309B69E8E75D
:10ED5000D5F8BC00FFF702FD3060E4E7D5F8B43029
:10ED6000D3F818A0BAF1000F36D13146D5F8BC005F
:10ED70000DF10602FFF7B8FC04460028D3D1D5F800
:10ED8000BC301B8DB3B93846FFF7B3FEB8F1000FA6
:10ED90009AD0D5E92D32182112891B6B01FB023361
:10EDA000D5F8D02022BB21200021FDF79DF908F1E4
:10EDB000FF38A0E7D5F8A810D5F8C400FFF76DFF1D
:10EDC0000446D5F8A830ADF806A033603846FFF702
:10EDD00090FE002CDAD0A9E7BAF1010FD3D1324668
:10EDE000D5F8BC000DF10601FFF7E8FC0446EDE79D
:10EDF0001969284690476FF4FB639842D3D00028E6
:10EE00003FF479AF60E720B119B112B1C0E9012236
:10EE10000160704710B5044618B910BD3C38FFF7C3
:10EE20003AFE20688442F9D10023C4E92E33D4F895
:10EE3000B400BDE81040FFF745BE70B505461C465E
:10EE400099B18B4228BF0C46661C013E05D012F8D2
:10EE5000013B00F8013B002BF7D1A14207D9091B68
:10EE60008A19002100F0C4F9A11B084670BD0023D7
:10EE70000D4405F8013CF7E708B1F7F7CDB8704746
:10EE800040B1C368587810F001001EBF1878B0FA7E
:10EE900080F040097047EFF31183402383F3128819
:10EEA000BFF36F8FFEE708B5FFF7F5FF10B5D0E9A8
:10EEB000003433B90020E268537843F00103537003
:10EEC00010BD204698470028F4D00028B8BF404223
:10EED000FF28A8BFFF20E3681870ECE700F088B9AE
:10EEE00000F079B9704710B400F10C04C0E9034494
:10EEF00010BCF5F705B990F90E308B4201D0FCF744
:10EF0000DDBD0020704703460020C3E90033C3E99C
:10EF10000200704710B5044630B10268930703D071
:10EF2000446809B100F04CF9204610BD012307B533
:10EF3000009300230A461946FBF71AFC03B05DF85C
:10EF400004FB002307B50A4600931946FBF710FCA3
:10EF500003B05DF804FB5AB18A4209D300F11003F3
:10EF6000C0E90212C0E90000C0E904330020704784
:10EF70006FF015007047012302688B4022EA0303FB
:10EF8000036022FA01F000F001007047704720B1E1
:10EF9000002288301146FDF739BA704710B5FBF7EB
:10EFA000FDFF041E08DDEFF31180402383F3128878
:10EFB000BFF36F8FFCF762FE204610BDEFF30580B4
:10EFC000003818BF012070476FF057007047D0E934
:10EFD000003213605A600023C0E90033704738B52F
:10EFE00004460D46FCF7AAFA637B43F00203637301
:10EFF000E5B1A5602B689D4209D16B68C4E9005357
:10F000001C606C6012E06A689A42F6D01B68002BA4
:10F01000F3D094F90E2093F90E108A42F3D0914266
:10F02000F1DD5A68C4E9003214605C6038BD01212A
:10F030001838FCF769BC10B50446FCF71DFC04F158
:10F040001800BDE81040FDF763BC38B505460468FC
:10F050000020AC4200D138BD002CFCD02046FFF788
:10F06000EAFF2046FCF7C2FB2C680120A542F1E72D
:10F0700010B5FDF75BFB0446FDF760FB74B1D4E906
:10F0800004321B1A62EBE072B3F1004F72F100011F
:10F0900004DA002AACBF1846002010BD6FF0004013
:10F0A000FBE708B5FDF730FD08BDB3F1FF3F08BF32
:10F0B000B2F1FF3F70B504461D46164613D01A4301
:10F0C00015D06FF001024FF0FF33921B63EB050187
:10F0D000002904DAFDF718FD821941EB0501C4E9A6
:10F0E0000021204670BD4FF0FF321146F7E70022A5
:10F0F000FBE7B3F1FF3F08BFB2F1FF3FF8B50746AA
:10F1000016461C4610D054EA020311D0FDF7FCFC51
:10F11000B0420A46A14103460AD2F31A64EB020444
:10F12000C7E900343846F8BD4FF0FF331C46F7E717
:10F130000023FBE72DE9F041846805460E46ECB15B
:10F140006378012B25D114F8533C9A0714D5A4F108
:10F1500060073846FFF76FFF082E0CBF6FF0030300
:10F160000023E36114F8533CDB0605D154F8483C16
:10F1700013B93846FCF73AFB002323700020EB68F4
:10F18000A860C3F38632164366F39433EB60BDE8A0
:10F19000F081022BF0D12378002BEDD054F8048CB1
:10F1A000B8F1000FE8D004F11400FDF7B1FB002323
:10F1B000A4F1140739464046E362FBF7EFFEDBE7B4
:10F1C00020B1011F50F8040CFAF7DCBE704701466D
:10F1D0000420FDF7C9BD0A44431E914200D1704787
:10F1E00010B511F8014B914203F8014FF9D110BD50
:10F1F00002440346934200D1704703F8011BF9E72C
:10F200000139024410B5904201D1002005E0037895
:10F2100011F8014FA34201D0181B10BD0130F2E7D5
:10F2200010B56AB10139841810F8012B11F8013FAB
:10F230009A4203D1A04201D0002AF5D1D01A10BDC4
:10F240001046FCE710B50139044632B111F8013F10
:10F25000013A00F8013B002BF7D10021FFF7C8FF6E
:10F26000204610BD0246014410B58A42134603D021
:10F270001C780132002CF8D1181A10BDF0B5C3F17A
:10F280003707044603F01F031046FFB2082BE6B20F
:10F2900032D0102B3DD06508A40845EAC17544EA78
:10F2A00081748A082D1942EB5102290941EA027141
:10F2B0006D1842EB1212290A41EA02616D1842EB05
:10F2C0001222290C41EA02416D1842EB1242AD189C
:10F2D00042F10002EC0844EA4274D10804EB8402D3
:10F2E000A6EB4205EDB2092D0CD90134A5F10A05B2
:10F2F00041F10001EDB212E0E40806F0070544EA2E
:10F300004174C908303554EA010200F8015BBDD1EF
:10F31000F0BD240906F00F0544EA01740909092D1E
:10F3200084BFED19EDB2EDE70148006870470000B9
:04F330003057002131
:08F334009A49FF7F010000006F
:10F33C00CD5D02010000000091620201D4F30201D4
:10F34C00F99D020100000000CD690201FCF30201ED
:10F35C00CD690201E8F30201C9800201000000003E
:10F36C0079E20201000000001D68020110F40201A4
:10F37C00C56F020124F40201B56502010000000012
:10F38C005973020100000000DD5D02010000000065
:10F39C00CD59020100000000656D020138F4020134
:10F3AC00817502014CF40201A181020100000000F0
:10F3BC0011CE02010000000035DA020160F40201F6
:08F3CC00ED81020100000000C8
:10F3D400760503019CFB020108F602017E08002168
:10F3E4008857002106070301ACFB0201D0F5020196
:10F3F400820800213858002114070301C4FB0201CC
:10F40400D0F502018408002144580021D7050301E6
:10F4140000000000C8F5020180080021E457002123
:10F4240039070301DCFB020124F6020188080021EC
:10F43400D858002122070301A4070021F4F5020192
:10F4440086080021505800218008030100000000B4
:10F4540024FC02018A080021F05800214C00030119
:10F4640064070021C8FA02017C080021F81B00216E
:10F4740000000000C1DC020100000000C1DC020148
:10F4840000000000C1DC020100000000C1DC020138
:10F4940000000000C1DC02019BE202019FE20201C4
:10F4A40000000000C1DC020100000000C1DC020118
:10F4B40000000000C1DC0201E4570021B968020128
:10F4C400618C02019FE2020100000000C1DC020124
:10F4D40000000000C1DC020100000000C1DC0201E8
:10F4E40000000000C1DC020100000000C1DC0201D8
:10F4F40000000000C1DC020100000000C1DC0201C8
:10F50400658F02019FE2020124F4020181E00201FD
:10F5140000000000C1DC020100000000C1DC0201A7
:10F52400000000005D71020100000000C1DC020166
:10F5340000000000C1DC020100000000C1DC020187
:10F54400000000005D81020100000000C1DC020136
:10F5540000000000C1DC020100000000C1DC020167
:10F56800781B0021F061002100020000753D0201B6
:10F57800000000000000000000000000070000007C
:10F588000000000058FD020100000000000000001B
:10F59800F81A0021F05B002100060000493D020135
:10F5A800000000000000000000000000070000004C
:10F5B800000000004BFD02010000000000000000F8
:08F5C8009D670201C966020102
:10F5D000556B0201D9DE0201E5DE0201F9DE02010E
:10F5E00003DF02010DDF0201716A02012D690201D0
:04F5F0000000000017
:10F5F40067DF020143DF02015FDF020163DF020113
:04F604008FDF020191
:10F60800E9620201D3DE0201A7DE02010000000068
:0CF61800B56102010000000000000000CD
:0CF624003BE00201116F02012DE0020129
:10F630006D91020106000000DEE61E28EAAC45B826
:10F6400002350000DEE61E284CBBCE8F02350000DE
:10F65000000200000002000000000000A2180301E8
:10F66000000100000001030200002CA6E0A120A878
:10F6700020A80000F401FA00960064004B0032005C
:10F680001E0014000A00050002000100010204002F
:10F69000252627000102040301020303250D0F0F95
:10F6A0000102040000000000141E000030110000E0
:10F6B00060EA000060EA000000002CA6E0A120A89B
:10F6C00020A8000000002CA6E0A120A820A800008F
:10F6D0000001030200002CA6E0A120A820A8000041
:10F6E00001020303F401FA00960064004B003200AB
:10F6F0001E0014000A0005000200010000002CA6F4
:10F70000E0A120A820A8000000000000141E0000B6
:10F710003011000060EA000060EA0000F401FA0025
:10F72000960064004B0032001E0014000A00050021
:10F7300002000100010203030101000207000102AF
:10F7400004010001000001010000010001000001AE
:10F75000000100000000F401FA00960064004B0074
:10F7600032001E0014000A00050002000100010022
:10F770000B0002000A00050009000A00080014003E
:10F7800007001E000600320005004B000400640064
:10F79000030096000200FA000100F40100000102DB
:10F7A0000303020301000C0802170D0101020909FD
:10F7B00001010602091818030101090903030503E1
:10F7C0000201230202240910040405050B0B040B9B
:10F7D0002B1B1B151A1A1C021D16130501490D15AA
:10F7E0000508061B0F02020801010000FEFEFEFED6
:10F7F000FEFEFEFEFEFEFEFEFEFEFEFEFE16FEFE11
:10F80000FEFEFEFEFEFEFEFEFEFEFEFEFE26FEFEF0
:10F81000FEFEFEFEFEFEFEFEFEFEFEFEFEFEFEFE08
:10F82000EAEA00002CA6E0A120A820A800002CA64F
:10F83000E0A120A820A80001020201020400A30107
:10F84000B103BF05EF024906A309C505F50B251253
:10F850000E021C045A03B4063006600C01020303B6
:10F860000102030300002CA6E0A120A820A80102A9
:10F8700004010203030000002CA6E0A120A820A898
:10F88000F401FA00960064004B0032001E001400E0
:10F890000A0005000200010000000000141E000024
:10F8A0003011000060EA000060EA000000002CA6B1
:10F8B000E0A120A820A800002CA6E0A120A820A854
:10F8C0000102030300000000141E000030110000BC
:10F8D00060EA000060EA000001020400030000008A
:10F8E0002CA6E0A120A820A800000000141E000003
:10F8F0003011000060EA000060EA000000002CA661
:10F90000E0A120A820A8F401FA00960064004B00B2
:10F9100032001E0014000A00050002000100000071
:10F9200000002CA6E0A120A820A8F401FA0096006F
:10F9300064004B0032001E0014000A0005000200A3
:10F940000100000000000000141E00003011000043
:10F9500060EA000060EA0000010203030001020205
:10F960000102040000002CA6E0A120A820A80001AC
:10F9700003020000E3A3C30000003408E803280AE0
:10F98000280A000000002CA6E0A120A820A8000062
:10F990000406080A0C0E10121416181C1E2022242D
:10F9A00026282A2C2E30323436383A3C3E40424407
:10F9B00046484A4C4E021A50010000000700000061
:10F9C0000000000000000000000000000000000037
:10F9D0002800000018000000500100005001000045
:10F9E00000000000141E00003011000060EA00005A
:10F9F00060EA000000000000141E0000301100004A
:10FA0000B45F00003C730000B80BD0076C396C3950
:10FA1000000000000000000100008063000080631F
:10FA20000000000070170000A00F00003C2800003C
:10FA30003C2800000000DC05E8030000D4170000AB
:10FA400000000000141E00003011000060EA0000F9
:10FA500060EA000000010302000000000000000056
:10FA60000000000000000000000000000101010192
:10FA700002020202030303030405060708090A0B36
:10FA80000C0D0E0FD8ECF0F4F8F9FAFBFCFDFEFFBC
:10FA90000001020306080801020600100200FA0035
:10FAA00000000000AF3C0201BB3C0201BF3C020170
:10FAB000C73C0201CB3C0201000000000000000036
:10FAC0000338FDD870470000B5480201EDDA0201A5
:10FAD000954A0201E14A0201CD4B0201CBD8020155
:10FAE0003FD90201D3D8020105D90201EFD80201A2
:10FAF000D9D8020100000000000000001DDC020156
:10FB00000FDC020119DC02010DDC02010000000023
:10FB1000000000000000000000000000FDDB02010A
:10FB200000000021000000000600010002000000AB
:10FB300034FB02010000000108040301060000007C
:10FB4000E0FF030100000021100403012100000078
:10FB5000E0FF00215D5A0201000000009FDD02016C
:10FB600054FB02016CFB020100010000F096002131
:10FB700054FB02017CFB020145000000B49E002101
:10FB800054FB02018CFB0201FB01000080A200215A
:10FB90007961020169620201000000000164020152
:10FBA00025630201C1DE0201C7DE0201FFFF000082
:10FBB00000088C41000000000100000000A000418E
:10FBC00000000000FFFFFFFF00058C410000000067
:10FBD0000000000000A000410000000000300141D2
:10FBE000010000000000000000FC02010000D6013E
:10FBF0000000000000000000A3590021A2590021CC
:10FC0000003001410CFC02010100000014FC020163
:10FC100004000000210000000B000002200600018B
:10FC20000A06000355740201CFE00201FDE0020163
:10FC30000A0C03011D0C0301300C0301430C0301EA
:10FC4000560C0301690C03017C0C03018F0C0301AA
:10FC50003CF302013CF302018CF3020194F3020134
:10FC6000D4F30201D4F30201647261676F6F6E2FE7
:10FC70006C6962732F7363686564756C696E672F56
:10FC80007372632F72656D5F68616C5F6576656E18
:10FC9000745F74696D65722E6300574553545F54E9
:10FCA0004F504449522F6E72662F6170706C6963B9
:10FCB0006174696F6E732F6970635F726164696FDD
:10FCC0002F7372632F62745F6863695F6970632E5C
:10FCD0006300657272203D3D203000415353455210
:10FCE00054494F4E204641494C205B25735D2040CE
:10FCF0002025733A25640A00094661696C65642011
:10FD0000746F20707574206461746120696E746F03
:10FD1000206D7367713A2025642E0A0009466169D7
:10FD20006C656420746F2067657420646174612061
:10FD300066726F6D206D7367713A2025642E0A001C
:10FD40006E72665F62745F6863690074785F74687E
:10FD5000726561645F69640071756575655F74687B
:10FD6000726561645F696400574553545F544F5036
:10FD70004449522F7A65706879722F6C69622F68D6
:10FD80006561702F686561702E63006368756E6BC6
:10FD90005F7573656428682C2063290009756E659A
:10FDA0007870656374656420686561702073746140
:10FDB00074652028646F75626C652D667265653F99
:10FDC0002920666F72206D656D6F727920617420D5
:10FDD00025700A006C6566745F6368756E6B2868D1
:10FDE0002C2072696768745F6368756E6B28682C75
:10FDF00020632929203D3D20630009636F727275DD
:10FE000070746564206865617020626F756E6473DC
:10FE10002028627566666572206F766572666C6F03
:10FE2000773F2920666F72206D656D6F7279206152
:10FE3000742025700A0028616C69676E20262028CE
:10FE4000616C69676E202D20312929203D3D2030CD
:10FE50000009616C69676E206D757374206265209E
:10FE60006120706F776572206F6620320A006279B8
:10FE7000746573203E20686561705F666F6F74659E
:10FE8000725F6279746573286279746573290009F9
:10FE9000686561702073697A6520697320746F6F7B
:10FEA00020736D616C6C0A00686561705F737A2005
:10FEB0003E206368756E6B737A2873697A656F6626
:10FEC00028737472756374207A5F6865617029297C
:10FED000006368756E6B305F73697A65202B206DE7
:10FEE000696E5F6368756E6B5F73697A65286829F0
:10FEF000203C3D20686561705F737A00574553541C
:10FF00005F544F504449522F7A65706879722F6C54
:10FF100069622F7574696C732F6F6E6F66662E63DE
:10FF2000007374617465203D3D2030550021737964
:10FF3000735F736C6973745F69735F656D707479F7
:10FF400028266D67722D3E636C69656E7473290097
:10FF50007472616E73697420213D202828766F6960
:10FF600064202A293029007374617465203D3D2086
:10FF70002831554C203C3C2028312929006D6772DE
:10FF80002D3E72656673203D3D20300073746174B0
:10FF900065203D3D202831554C203C3C202830290F
:10FFA0002900574553545F544F504449522F7A65A6
:10FFB000706879722F696E636C7564652F7A6570ED
:10FFC0006879722F7370696E6C6F636B2E68007A3C
:10FFD0005F7370696E5F756E6C6F636B5F76616C7B
:10FFE0006964286C2900094E6F74206D7920737044
:10FFF000696E6C6F636B2025700A007A5F7370699D
:020000040103F6
:100000006E5F6C6F636B5F76616C6964286C29004E
:1000100009496E76616C6964207370696E6C6F63F8
:100020006B2025700A00574553545F544F50444984
:10003000522F7A65706879722F6C69622F757469B6
:100040006C732F6E6F746966792E6300697063300C
:10005000002A2A2A20426F6F74696E67206E52460A
:1000600020436F6E6E6563742053444B2076332EAD
:10007000302E322D38396261313239346163396260
:10008000202A2A2A0A002A2A2A205573696E672004
:100090005A6570687972204F532076342E302E398D
:1000A000392D663739316334396634393263202A61
:1000B0002A2A0A00574553545F544F504449522F3F
:1000C0007A65706879722F617263682F61726D2F23
:1000D000636F72652F636F727465785F6D2F6661F1
:1000E000756C742E6300212828285343425F54798D
:1000F0007065202A29202828307845303030453056
:100100003030554C29202B20307830443030554C3D
:100110002920292D3E434653522026202831554C74
:10012000203C3C20283055202B20345529292900FB
:1001300009537461636B696E67206F722044617448
:1001400061204163636573732056696F6C617469E4
:100150006F6E206572726F7220776974686F757444
:1001600020737461636B2067756172642C207573F2
:1001700065722D6D6F6465206F72206E756C6C2DCD
:10018000706F696E74657220646574656374696FFD
:100190006E0A0A0065736620213D202828766F6963
:1001A00064202A293029000945534620636F756C65
:1001B00064206E6F74206265207265747269657662
:1001C0006564207375636365737366756C6C792EF3
:1001D000205368616C6C206E65766572206F636376
:1001E00075722E0A00094661756C7420657363612F
:1001F0006C6174696F6E20776974686F75742046DE
:10020000535220696E666F0A000948617264466144
:10021000756C7420776974686F7574204846535202
:1002200020696E666F205368616C6C206E65766520
:1002300072206F636375720A00574553545F544FC1
:10024000504449522F7A65706879722F61726368E1
:100250002F61726D2F636F72652F636F7274657893
:100260005F6D2F6972715F6D616E6167652E6300EE
:100270007072696F203C3D20282831554C203C3C51
:100280002028332929202D2031290009696E766123
:100290006C6964207072696F7269747920256420BA
:1002A000666F7220256420697271212076616C75F9
:1002B0006573206D757374206265206C657373209F
:1002C0007468616E20256C750A0A00574553545FA7
:1002D000544F504449522F7A65706879722F617279
:1002E00063682F61726D2F636F72652F6D70752F4C
:1002F00061726D5F6D70752E630009436F6E666984
:10030000677572696E6720257520737461746963FF
:10031000204D505520726567696F6E732066616964
:100320006C65640A0A00094D61726B696E6720256D
:100330007520617265617320666F722064796E61E9
:100340006D696320726567696F6E73206661696CA1
:1003500065640A0A00095265717565737420746FCB
:1003600020636F6E6669677572653A202575207225
:100370006567696F6E732028737570706F7274652E
:10038000643A202575290A0A002128726567696F79
:100390006E5B6964785D2E64745F6174747220268C
:1003A000202831554C203C3C20283029292900099F
:1003B00052414D5F4E4F4341434845207769746831
:1003C0002044545F4D454D5F434143484541424CB5
:1003D00045206174747269627574650A0A00094681
:1003E00061696C656420746F20616C6C6F6361740B
:1003F00065204D505520726567696F6E7320667277
:100400006F6D2044540A0A00464C4153485F300047
:100410005352414D5F3000574553545F544F504441
:1004200049522F7A65706879722F6C69622F6E65F8
:10043000745F6275662F6275662E63006275662D45
:100440003E666C616773203D3D20305500627566E5
:100450002D3E6672616773203D3D202828766F69C6
:1004600064202A29302900706F6F6C007265715FFB
:1004700073697A65203C3D2073697A6500090A003A
:100480006C6973740062756600574553545F544F2E
:10049000504449522F7A65706879722F6C69622FC7
:1004A0006E65745F6275662F6275665F73696D70E5
:1004B0006C652E63006275662D3E6C656E203D3D59
:1004C000203055006E65745F6275665F73696D708C
:1004D0006C655F68656164726F6F6D28627566290F
:1004E000203E3D206C656E006E65745F6275665FD0
:1004F00073696D706C655F7461696C726F6F6D2884
:1005000062756629203E3D206C656E005745535448
:100510005F544F504449522F7A65706879722F6446
:100520007269766572732F636C6F636B5F636F6E56
:1005300074726F6C2F636C6F636B5F636F6E74723A
:100540006F6C5F6E72662E630074797065203C205C
:10055000434C4F434B5F434F4E54524F4C5F4E52B0
:10056000465F545950455F434F554E540065727273
:10057000203E3D203000636C6F636B40343130307F
:100580003530303000574553545F544F5044495232
:100590002F7A65706879722F647269766572732F2D
:1005A000656E74726F70792F656E74726F70795F9B
:1005B0006E7266352E630026656E74726F70795F99
:1005C0006E7266355F64617461203D3D20646576BE
:1005D0002D3E646174610072616E646F6D403431F0
:1005E00030303930303000574553545F544F504409
:1005F00049522F7A65706879722F696E636C7564E1
:10060000652F7A65706879722F6472697665727386
:100610002F6770696F2F6770696F5F7574696C738E
:100620002E680063616C6C6261636B00094E6F2021
:1006300063616C6C6261636B210A0063616C6C6264
:1006400061636B2D3E68616E646C657200094E6F6C
:100650002063616C6C6261636B2068616E646C65C1
:1006600072210A00574553545F544F504449522F4A
:100670006D6F64756C65732F68616C2F6E6F72643B
:1006800069632F6E7266782F68616C2F6E72665F79
:100690006770696F2E68006E72665F6770696F5F62
:1006A00070696E5F70726573656E745F63686563B1
:1006B0006B282A705F70696E2900574553545F5448
:1006C0004F504449522F7A65706879722F6472696D
:1006D000766572732F6770696F2F6770696F5F6ED1
:1006E0007266782E6300657272203D3D204E524640
:1006F000585F535543434553530063622D3E686131
:100700006E646C6572006770696F403431386330B5
:10071000383030006770696F4034313863303530BD
:1007200030006D626F78403431303132303030001B
:1007300000010203040506070B7561727440343131
:1007400030313330303000574553545F544F5044AC
:1007500049522F7A65706879722F696E636C75647F
:10076000652F7A65706879722F6472697665727325
:100770002F656E74726F70792E68006170692D3EFE
:100780006765745F656E74726F707920213D2028F3
:1007900028766F6964202A293029000943616C6C2E
:1007A0006261636B20706F696E7465722073686F2D
:1007B000756C64206E6F74206265204E554C4C0A37
:1007C00000574553545F544F504449522F6E726640
:1007D0002F7375627379732F626C7565746F6F74A4
:1007E000682F636F6E74726F6C6C65722F686369CB
:1007F0005F6472697665722E6300095468652065CE
:100800006E74726F707920736F7572636520726594
:100810007475726E656420616E206572726F7220ED
:10082000696E206120626C6F636B696E6720636123
:100830006C6C0A00574553545F544F504449522F33
:100840006E72662F696E636C7564652F6D70736C64
:100850002F6D70736C5F776F726B2E6800096B5F22
:10086000776F726B5F7375626D69745F746F5F71C0
:10087000756575652829206661696C65642E0A00B6
:1008800062745F6863695F73646300574553545FC4
:10089000544F504449522F6E72662F7375627379AC
:1008A000732F6D70736C2F696E69742F6D70736C1C
:1008B0005F696E69742E6300094D50534C2041539B
:1008C000534552543A2025732C2025640A0A0065AA
:1008D0007272636F6465203D3D2030004D50534C73
:1008E00020576F726B004552524F523A2043616E4F
:1008F0006E6F742066756C66696C6C204558545F29
:1009000041504920726571756573742E0D0A005748
:1009100041524E494E473A204F7074696F6E616C78
:10092000204558545F415049207265717565737454
:10093000206E6F742066756C66696C6C65642E0D34
:100940000A00574553545F544F504449522F6E721A
:10095000662F647269766572732F6D70736C2F6386
:100960006C6F636B5F636F6E74726F6C2F6E726609
:10097000785F636C6F636B5F6D70736C2E630009DF
:100980004E6F7420737570706F727465640A000026
:1009900000000101000000574553545F544F50447C
:1009A00049522F6D6F64756C65732F68616C2F6E83
:1009B0006F726469632F6E7266782F68616C2F6E38
:1009C00072665F647070692E68006368616E6E6540
:1009D0006C203C206E72665F647070695F63686152
:1009E0006E6E656C5F6E756D6265725F67657428AB
:1009F000705F7265672900574553545F544F5044E8
:100A000049522F6D6F64756C65732F68616C2F6E22
:100A10006F726469632F6E7266782F68656C70659B
:100A200072732F6E7266785F677070695F64707042
:100A3000692E6300656570007465700057455354F6
:100A40005F544F504449522F6D6F64756C65732F1E
:100A500068616C2F6E6F726469632F6E7266782F97
:100A600068616C2F6E72665F6770696F74652E685F
:100A700000696E646578203C203800574553545F08
:100A8000544F504449522F6D6F64756C65732F68D5
:100A9000616C2F6E6F726469632F6E7266782F645B
:100AA0007269766572732F7372632F6E7266785FE8
:100AB0006770696F74652E63006E7266795F677028
:100AC000696F5F70696E5F70726573656E745F6386
:100AD0006865636B2870696E290070696E5F697361
:100AE0005F696E70757428705F696E7374616E6390
:100AF000652C2070696E290070696E5F6861735F94
:100B00007472696767657228705F696E7374616E6D
:100B100063652C2070696E2900705F6368616E6E7A
:100B2000656C00696E745F656E61626C65000020C3
:100B30003030303030303030303030303030000114
:100B4000574553545F544F504449522F6D6F64754D
:100B50006C65732F68616C2F6E6F726469632F6EA2
:100B60007266782F647269766572732F7372632F61
:100B70006E7266785F6970632E6300705F636F6E7C
:100B8000666967006D5F63622E7374617465203DF2
:100B90003D204E5246585F4452565F53544154458F
:100BA0005F494E495449414C495A454400574553C1
:100BB000545F544F504449522F6D6F64756C657388
:100BC0002F68616C2F6E6F726469632F6E72667826
:100BD0002F68616C2F6E72665F6970632E680069A2
:100BE0006E646578203C20313600756E72656769E9
:100BF000737465726564202573206275730A0067DB
:100C0000656E65726963002573006D6574616C3A89
:100C100020656D657267656E63793A20006D657455
:100C2000616C3A20616C6572743A202020202000AB
:100C30006D6574616C3A20637269746963616C3AC2
:100C40002020006D6574616C3A206572726F723A93
:100C50002020202020006D6574616C3A207761723D
:100C60006E696E673A202020006D6574616C3A20D1
:100C70006E6F746963653A20202020006D65746191
:100C80006C3A20696E666F3A202020202020006D8B
:100C90006574616C3A2064656275673A2020202093
:100CA000200025733A2066726565696E67206E6F55
:100CB0006E2D656D707479207669727471756575C5
:100CC000650D0A00756E65787065637465642062F1
:100CD00075666665722068656C6420636F756E74F6
:100CE00065720D0A00574553545F544F50444952A2
:100CF0002F6D6F64756C65732F6C69622F6F7065F3
:100D00006E2D616D702F6F70656E2D616D702F6C23
:100D100069622F72706D73672F72706D73675F7683
:100D2000697274696F2E6300737461747573203D0A
:100D30003D2073697A656F662872705F68647229F6
:100D400000737461747573203D3D203000726574CA
:100D5000203D3D203000737461747573203E3D204A
:100D60003000737461747573203D3D206C656E00B6
:100D700072785F76710074785F7671004E53005719
:100D80004553545F544F504449522F7A65706879E7
:100D9000722F6B65726E656C2F6465766963652E64
:100DA0006300646576203C3D205F64657669636519
:100DB0005F6C6973745F656E640009756E65787049
:100DC0006563746564206C69737420656E64206C5F
:100DD0006F636174696F6E0A00574553545F544FD7
:100DE000504449522F7A65706879722F6B65726E24
:100DF000656C2F666174616C2E6300726561736F40
:100E00006E20213D204B5F4552525F4B45524E456F
:100E10004C5F50414E49430009417474656D7074D4
:100E2000656420746F207265636F766572206672E8
:100E30006F6D2061206B65726E656C2070616E69EC
:100E40006320636F6E646974696F6E0A005745535F
:100E5000545F544F504449522F7A65706879722F0D
:100E60006B65726E656C2F696E69742E63007468B1
:100E7000726561645F64617461203C3D205F5F73F3
:100E800074617469635F7468726561645F646174DE
:100E9000615F6C6973745F656E64006D61696E009B
:100EA000574553545F544F504449522F7A657068E8
:100EB00079722F6B65726E656C2F6B686561702E31
:100EC000630068656170203C3D205F6B5F68656111
:100ED000705F6C6973745F656E6400216172636832
:100EE0005F69735F696E5F6973722829207C7C205B
:100EF000282874696D656F7574292E7469636B7326
:100F0000203D3D202828286B5F74696D656F7574DE
:100F10005F7429207B307D29292E7469636B7329C6
:100F200000574553545F544F504449522F7A6570CF
:100F30006879722F6B65726E656C2F69646C652EB3
:100F400063005F6B65726E656C2E637075735B30EA
:100F50005D2E63757272656E742D3E626173652ECF
:100F60007072696F203E3D203000574553545F54E6
:100F70004F504449522F7A65706879722F6B6572B1
:100F80006E656C2F696E636C7564652F6B73636837
:100F900065642E68007468726561642D3E626173D9
:100FA000652E70656E6465645F6F6E0057455354BF
:100FB0005F544F504449522F7A65706879722F6B95
:100FC00065726E656C2F6D73675F712E63002161B2
:100FD0007263685F6972715F756E6C6F636B656475
:100FE000286B657929006D7367712D3E777269747E
:100FF000655F707472203E3D206D7367712D3E6297
:1010000075666665725F7374617274202626206D42
:101010007367712D3E77726974655F707472203CDE
:10102000206D7367712D3E6275666665725F656ED1
:101030006400574553545F544F504449522F7A65CA
:10104000706879722F6B65726E656C2F6D75746543
:10105000782E630021617263685F69735F696E5FF8
:10106000697372282900096D75746578657320634A
:10107000616E6E6F74206265207573656420696EA1
:101080007369646520495352730A006D75746578FD
:101090002D3E6C6F636B5F636F756E74203E203006
:1010A0005500574553545F544F504449522F7A6569
:1010B000706879722F6B65726E656C2F73656D2E1B
:1010C00063002828617263685F69735F696E5F6996
:1010D00073722829203D3D203029207C7C2028283F
:1010E00074696D656F7574292E7469636B73203D27
:1010F0003D202828286B5F74696D656F75745F7477
:1011000029207B307D29292E7469636B732929007E
:10111000574553545F544F504449522F7A65706875
:1011200079722F6B65726E656C2F776F726B2E63A1
:1011300000776F726B2D3E717565756520213D20BE
:101140002828766F6964202A29302900776F726B0E
:1011500020213D202828766F6964202A2930290023
:10116000776F726B2D3E68616E646C657220213DF5
:10117000202828766F6964202A2930290021666C8E
:1011800061675F746573742826776F726B2D3E6696
:101190006C6167732C204B5F574F524B5F44454C3B
:1011A000415941424C455F4249542900216B5F69D6
:1011B000735F696E5F69737228290073796E6320AB
:1011C000213D202828766F6964202A293029007162
:1011D0007565756500737461636B0021666C61678A
:1011E0005F74657374282671756575652D3E666C30
:1011F0006167732C204B5F574F524B5F51554555DC
:10120000455F535441525445445F42495429005765
:101210004553545F544F504449522F7A6570687952
:10122000722F6B65726E656C2F7468726561642EC7
:101230006300282828287072696F2929203D3D20E5
:101240003135202626207A5F69735F69646C655F9B
:101250007468726561645F656E7472792828656E62
:10126000747279292929207C7C202828283135206E
:101270002D203129203E3D2028282D3136292929AD
:101280002026262028287072696F2929203E3D20BB
:1012900028282D31362929202626202828707269F1
:1012A0006F2929203C3D20283135202D2031292946
:1012B000290009696E76616C6964207072696F72C9
:1012C00069747920282564293B20616C6C6F7765EF
:1012D000642072616E67653A20256420746F202552
:1012E000640A000954687265616473206D61792035
:1012F0006E6F742062652063726561746564206935
:101300006E20495352730A00574553545F544F504F
:101310004449522F7A65706879722F6B65726E65D9
:101320006C2F73636865642E6300217A5F69735F55
:1013300069646C655F7468726561645F6F626A6539
:101340006374287468726561642900574553545F5B
:10135000544F504449522F7A65706879722F6B65EB
:10136000726E656C2F696E636C7564652F6B746843
:10137000726561642E68005F6B65726E656C2E63CA
:101380007075735B305D2E63757272656E742021AB
:101390003D202828766F6964202A29302900736946
:1013A0007A656F66285F73636865645F7370696EE2
:1013B0006C6F636B29203D3D2030207C7C206C6F5E
:1013C000636B20213D20265F73636865645F7370E3
:1013D000696E6C6F636B005F6B65726E656C2E631C
:1013E0007075735B305D2E63757272656E742D3E21
:1013F000626173652E73636865645F6C6F636B65B0
:101400006420213D203155005F6B65726E656C2E46
:10141000637075735B305D2E63757272656E742DCB
:101420003E626173652E73636865645F6C6F636BA6
:10143000656420213D203055000961626F72746936
:101440006E6720657373656E7469616C2074687271
:101450006561642025700A00217465726D696E6192
:101460007465000961626F72746564205F637572F0
:1014700072656E74206261636B2066726F6D2064AA
:101480006561640A00574553545F544F50444952B4
:101490002F7A65706879722F6B65726E656C2F7428
:1014A000696D65736C6963696E672E6300282874C3
:1014B000696D656F75742920262620282875696E48
:1014C000747074725F74292028736C6963655F742B
:1014D000696D656F7574732929203C3D2028287536
:1014E000696E747074725F7429202874696D656FF9
:1014F0007574292920262620282875696E74707431
:10150000725F7429202874696D656F7574292920AC
:101510003C20282875696E747074725F74292028C5
:101520002628736C6963655F74696D656F75747384
:10153000295B282873697A655F742920282828691F
:101540006E74292073697A656F6628636861725BBF
:1015500031202D2032202A202128215F5F627569E9
:101560006C74696E5F74797065735F636F6D7061C1
:101570007469626C655F70285F5F747970656F660F
:101580005F5F28736C6963655F74696D656F7574FF
:1015900073292C205F5F747970656F665F5F282602
:1015A00028736C6963655F74696D656F7574732901
:1015B0005B305D2929295D29202D203129202B2010
:1015C0002873697A656F6628736C6963655F7469EF
:1015D0006D656F75747329202F2073697A656F6646
:1015E0002828736C6963655F74696D656F757473C2
:1015F000295B305D292929295D29292026262028D3
:10160000282875696E747074725F74292028746953
:101610006D656F75742929202D20282875696E74D1
:101620007074725F74292028736C6963655F7469D4
:101630006D656F75747329292920252073697A6572
:101640006F662828736C6963655F74696D656F7573
:101650007473295B305D29203D3D203029005745BA
:1016600053545F544F504449522F7A6570687972D1
:101670002F6B65726E656C2F74696D656F75742E56
:101680006300217379735F646E6F64655F69735F74
:101690006C696E6B65642826746F2D3E6E6F646591
:1016A0002900574553545F544F504449522F7A658F
:1016B000706879722F6B65726E656C2F706F6C6CD1
:1016C0002E630009696E76616C6964206576656ECB
:1016D000742074797065202830782578290A0A00EA
:1016E0006576656E742D3E73656D20213D2028283A
:1016F000766F6964202A2930290009696E76616C49
:1017000069642073656D6170686F72650A0A0065AF
:1017100076656E742D3E717565756520213D2028B6
:1017200028766F6964202A2930290009696E76615C
:101730006C69642071756575650A0A006576656E69
:10174000742D3E7369676E616C20213D20282876D8
:101750006F6964202A2930290009696E76616C69F5
:101760006420706F6C6C207369676E616C0A0A008C
:101770006576656E742D3E6D73677120213D20285E
:1017800028766F6964202A2930290009696E7661FC
:101790006C6964206D65737361676520717565752B
:1017A000650A0A0009696E76616C69642065766570
:1017B0006E7420747970650A0A00574553545F545B
:1017C0004F504449522F7A65706879722F6B657259
:1017D0006E656C2F6D656D706F6F6C2E6300616C44
:1017E00069676E203D3D2030207C7C20282875696B
:1017F0006E747074725F74296D656D202620286187
:101800006C69676E202D20312929203D3D20300054
:10181000096D6973616C69676E6564206D656D6FD4
:1018200072792061742025702028616C69676E20B0
:101830003D20257A75290A00616C69676E202F208A
:1018400073697A656F6628766F6964202A29203E5D
:101850003D20312026262028616C69676E202520D6
:1018600073697A656F6628766F6964202A29292052
:101870003D3D20300009616C69676E206D757374A1
:101880002062652061206D756C7469706C65206FD5
:10189000662073697A656F6628766F6964202A29E5
:1018A0000A00737973776F726B7100899A508A9509
:1018B000019C58FC39D2C11004EE0264CE25BE0052
:1018C000FFFFFFFF1F00286E756C6C29002A666CF5
:0C18D0006F61742A000000000088000115
:1018DC00FFFFFFFFFF1F00001F00000000000000C3
:1018EC007FFE0000E4070000DD5000000001000056
:1018FC00FFFFFFFF1FFF1B00BAABBABA101010108E
:10190C00A0354D00FF000000C409000000000000DD
:10191C0000C0004100000000000000000C000000AE
:10192C0000FF7F000000000000000000000000002D
:10193C00000000000000000000000000000000009B
:10194C0029BF000161D10001F1BD000121DA0001C4
:10195C00F1BD0001F1BD0001F1BD0001F1BD0001BF
:10196C00F1BD000175D6000149D80001F1BD00019F
:10197C00F1BD000129BF000161D1000135CF00018B
:10198C0021DA0001F1BD0001DDD8000151D70001C1
:10199C00F1BD0001F1BD000175D6000149D800016F
:1019AC00EDD70001D9D600016DBF00012DD100018A
:1019BC0059CE0001B5CE00016DBF00012DD1000143
:1019CC00B1DB000195DB000125D5000171D50001CB
:1019DC0019D60001C1D50001B1DB000195DB000176
:1019EC0071CF000141BF0001B9BF0001B9BF0001B7
:1019FC0041CC000159BF000171CF000141BF000172
:101A0C00C1E1000149C1000109E8000141E8000100
:101A1C00BDC9000135CA000171D4000149C10001E2
:101A2C0000000000F9DC0001D8000021F0000021CA
:101A3C00A40000213001002110010021EDDB000188
:101A4C00E80000210801002170000021480100215C
:101A5C002801002131C60001EDC6000199D9000111
:101A6C00E1D40001000000000000000000000000B4
:101A7C00000000000000000000000000000000005A
:101A8C00000000007D370101000000005711020129
:101A9C00000000000912020100000000D311020135
:101AAC0000000000EB11020100000000EF11020128
:101ABC0000000000BB110201000000009F11020198
:101ACC0000000000B937010100000000A311020161
:101ADC0000000000000000000000000000000000FA
:101AEC0000000000000000000000000000000000EA
:101AFC0000000000000000000000000000000000DA
:101B0C0000000000000000000000000000000000C9
:101B1C0000000000000000000000000000000000B9
:101B2C0000000000000000000000000000000000A9
:101B3C000000000000000000000000000000000099
:101B4C000000000000000000000000000000000089
:101B5C000000000000000000000000000000000079
:101B6C000000000000000000000000000000000069
:101B7C000000000000000000000000000000000059
:101B8C000000000000000000000000000000000049
:101B9C000000000000000000000000000000000039
:101BAC000000000000000000000000000000000029
:101BBC000000000000000000000000000000000019
:101BCC000000000000000000000000000000000009
:101BDC0000000000000000000000000000000000F9
:101BEC0000000000000000000000000000000000E9
:101BFC0000000000000000000000000000000000D9
:101C0C0000000000000000000000000000000000C8
:101C1C0000000000000000000000000000000000B8
:101C2C0000000000000000000000000000000000A8
:101C3C000000000000000000000000000000000098
:101C4C000000000000000000000000000000000088
:101C5C000000000000000000000000000000000078
:101C6C000000000000000000000000000000000068
:101C7C000000000000000000000000000000000058
:101C8C000000000000000000000000000000000048
:101C9C000000000000000000000000000000000038
:101CAC000000000000000000000000000000000028
:101CBC000000000000000000000000000000000018
:101CCC000000000000000000000000000000000008
:101CDC0000000000000000000000000000000000F8
:101CEC0000000000000000000000000000000000E8
:101CFC0000000000000000000000000000000000D8
:101D0C0000000000000000000000000000000000C7
:101D1C0000000000000000000000000000000000B7
:101D2C0000000000000000000000000000000000A7
:101D3C000000000000000000000000000000000097
:101D4C000000000000000000000000000000000087
:101D5C000000000000000000000000000000000077
:101D6C000000000000000000000000000000000067
:101D7C000000000000000000000000000000000057
:101D8C000000000000000000000000000000000047
:101D9C000000000000000000000000000000000037
:101DAC000000000000000000000000000000000027
:101DBC000000000000000000000000000000000017
:101DCC000000000000000000000000000000000007
:101DDC0000000000000000000000000000000000F7
:101DEC0000000000000000000000000000000000E7
:101DFC0000000000000000000000000000000000D7
:101E0C0000000000000000000000000000000000C6
:101E1C0000000000000000000000000000000000B6
:101E2C0000000000000000000000000000000000A6
:101E3C000000000000000000000000000000000096
:101E4C000000000000000000000000000000000086
:101E5C000000000000000000000000000000000076
:101E6C000000000000000000000000000000000066
:101E7C000000000000000000000000000000000056
:101E8C000000000000000000000000000000000046
:101E9C000000000000000000000000000000000036
:101EAC000000000000000000000000000000000026
:101EBC000000000000000000000000000000000016
:101ECC000000000000000000000000000000000006
:101EDC0000000000000000000000000000000000F6
:101EEC0000000000000000000000000000000000E6
:101EFC0000000000000000000000000000000000D6
:101F0C0000000000000000000000000000000000C5
:101F1C0000000000000000000000000000000000B5
:101F2C0000000000000000000000000000000000A5
:101F3C000000000000000000000000000000000095
:101F4C000000000000000000000000000000000085
:101F5C000000000000000000000000000000000075
:101F6C000000000000000000000000000000000065
:101F7C000000000000000000000000000000000055
:101F8C000000000000000000000000000000000045
:101F9C000000000000000000000000000000000035
:101FAC000000000000000000000000000000000025
:101FBC000000000000000000000000000000000015
:101FCC0000000000000000000000000000070021DD
:101FDC001F3C0201253C0201273C02014D3C020141
:101FEC002B3C0201573C0201313C0201633C0201D3
:101FFC00373C0201693C0201433C0201473C0201AF
:10200C00393C02013F3C0201533C02015D3C0201A0
:10201C00A4FA02010100000040FD020100000000D2
:10202C003D3D0201E53C0201000000000000000003
:10203C00CFD60201010000000000072000000100C3
:10204C0038F402010100000038F402010000000025
:10205C000200000000000000000000000002000070
:10206C000000000095DD02010000000000000000EF
:10207C004CF40201FFFF0000FFFF000000F00041E4
:10208C000000000000E0FFFF3F00000000E0FFFF49
:10209C003F000000000000000000000000000000F5
:1020AC000000000000000000000000000000000024
:1020BC000000000000000000000000000000000014
:1020CC000000000000000000000000000000000004
:1020DC0000000000000000000000000000000000F4
:1020EC0000000000000000000000000000000000E4
:1020FC0000000000000000000000000000000000D4
:10210C000000000008000000FF00000000000000BC
:10211C000300000000000000FF0B030100000000A2
:10212C00CD8F020100000000000000000000000044
:10213C000000000000000000000000000000000093
:0C214C000000000074080021740800214D
:102158000000000000000000000000000000000077
:1021680000000000F07800210018000000000000C6
:0821780000000000000000005F
:10218000A4080021A40800210000000000000000B5
:042190000E0000003D
:10219400B8080021B8080021000000000800000071
:1021A40040000000F0940021F0960021F0940021FA
:1021B400F094002100000000E0080021E008002164
:0421C4000000000017
:1021C800EC080021EC0800210000000001000000DC
:0821D800FC080021FC080021B5
:1021E00000000000000000000000000010090021B5
:1021F0001009002118090021180900210000000021
:1022000000000000000000002C0900212C09002122
:0822100034090021340900210A
:102218000000000000000000000000004809002144
:102228004809002150090021500900210000000040
:1022380007000700010000000000000060FB020129
:10224800F09D0021000000000000000000000000D8
:102258007C0900217C0900218409002184090021CE
:10226800000000000A000A00010000000000000051
:1022780070FB020168A100210000000000000000BE
:1022880000000000B0090021B0090021B8090021B0
:10229800B8090021000000000A000A00010000003F
:0C22A8002D60020180FB020150B60021F5
:0422B40015E015E03C
:040000050102519D06
:00000001FF
