:10000000B8890520392E0000B58D0000252E00008E
:10001000252E0000252E0000252E0000252E000094
:100020000000000000000000000000008D2F000014
:10003000252E000000000000352F0000252E0000B6
:1000400005310000053100000531000005310000D8
:1000500005310000053100000531000005310000C8
:1000600005310000053100000531000005310000B8
:1000700005310000053100000531000005310000A8
:100080000531000005310000053100000531000098
:100090000531000005310000053100000531000088
:1000A0000531000005310000053100000531000078
:1000B0000531000005310000053100000531000068
:1000C0000531000005310000053100000531000058
:1000D0000531000005310000053100000531000048
:1000E0000531000005310000053100000531000038
:1000F0000531000005310000053100000531000028
:100100000531000005310000053100000531000017
:100110000531000005310000053100000531000007
:1001200005310000053100000531000005310000F7
:1001300005310000053100000531000005310000E7
:1001400005310000053100000531000005310000D7
:040150000531000075
:1001540053B94AB9002908BF00281CBF4FF0FF312A
:100164004FF0FF3000F00CB8ADF1080C6DE904CE8F
:1001740000F008F8DDF804E0DDE9022304B070477C
:10018400704700BF2DE9F04786468C460846089E16
:10019400154674461946002B40F0C1808542B2FAD8
:1001A40082F245D94AB1C2F1200300FA02FC95401B
:1001B40094402EFA03F343EA0C0C4FEA154EA8B20E
:1001C400230CBCFBFEF80EFB18CC08FB00F943EA39
:1001D4000C43994528D9EB1808F1FF3704D2994507
:1001E40002D9A8F102072B44A3EB0903A4B2B3FB81
:1001F400FEFC0EFB1C330CFB00F044EA0344A0425B
:1002040014D92C190CF1FF3304D2A04202D9ACF159
:1002140002032C44241A43EA07401EB1D4400023AD
:1002240034607360BDE8F0874746DDE76346F1E775
:1002340092BB431B01214FEA154EAFB2200CB3FB16
:10024400FEFC0EFB1C330CFB07F840EA0343984505
:1002540061D9EB180CF1FF3004D2984502D9ACF106
:1002640002002B44A3EB0803A4B2B3FBFEFC0EFB79
:100274001C330CFB07F744EA0344A7424DD92C195D
:100284000CF1FF3304D2A74202D9ACF102032C448F
:10029400E41B43EA0040C0E7C2F1200395409440C8
:1002A40020FA03F12EFA03F34FEA154E9040AFB251
:1002B4000343B1FBFEFC0EFB1C10190C0CFB07F8EE
:1002C40041EA0041884522D969180CF1FF3004D273
:1002D400884502D9ACF102002944A1EB08019BB284
:1002E400B1FBFEFC0EFB1C110CFB07F743EA0143B8
:1002F4009F420ED9EB180CF1FF3104D29F4202D970
:10030400ACF102012B44DB1B41EA004193E7604658
:10031400E3E76146F7E76046A4E76346B8E783424C
:1003240006D916B9002108467CE7C6E900E0F9E7DA
:10033400B3FA83F78FB9834201D3724508D8BEEB71
:10034400020460EB030301209C461EB9002169E707
:100354003846FAE7C6E9004CF8E7C7F1200CBB4081
:100364000EFA07F522FA0CF42EFA0CF1BA401C43EB
:1003740020FA0CF3B8404FEA144901431FFA84FEF3
:10038400B3FBF9F809FB18300B0C08FB0EFA43EA2F
:1003940000439A4540D9E31808F1FF3004D29A4546
:1003A40002D9A8F102002344A3EB0A0389B2B3FBE8
:1003B400F9F809FB183308FB0EFE41EA03418E45A8
:1003C4002CD9611808F1FF3304D28E4502D9A8F163
:1003D4000203214443EA0040A1EB0E01A0FB029872
:1003E4004145CE46434602D306D14D4504D2013899
:1003F400B9EB020E68EB0403002EA7D0B5EB0E0296
:1004040061EB030101FA0CFC22FA07F3F9404CEA10
:100414000303C6E9003199E74046C5E74346D9E7F7
:10042400F0B5364B364A85B0C2F80036C2F8043609
:10043400C2F80836C2F80C36C2F81036C2F81436C0
:10044400C2F81836C2F81C3602F58052C2F80036DB
:10045400C2F80436C2F80836C2F80C36C2F81036B0
:10046400C2F81436C2F81836C2F81C3600F08EF8FA
:1004740000F04CF858B14FF05023D3F800340BB1CE
:10048400DB0704D501F068FE1E4802F003FB01A857
:1004940000F00EFF1C4B1B68834200D0FEE74FF4B4
:1004A4008031002004F070FC044600B1FEE7012016
:1004B40004F050FD69469DF8080008F036F8009BEA
:1004C400039D1D44019B1E8904F046FCAF1900F0F6
:1004D40083FF00F065FF02F0DDFC84F30B8884F3F6
:1004E4000A88AB5983F3088884F31488BFF36F8FA9
:1004F400BFF36F8F7B689847FEE700BF3546526EA7
:1005040000800150C8B80000C023002073B50F4C10
:1005140020460AF0F0FDB8B12569A6682B681721BA
:1005240043F400032B6020463368094A9847204669
:10053400736801A9984720B92B6801985840C0F303
:10054400C050003818BF012002B070BD2CB50000A7
:100554001100010021B1012906D06FF01500704788
:10056400044B53F830007047024B03EBC003586848
:10057400704700BFD0B8000004289ABF024B185639
:100584006FF01500704700BF60BD00004FF4C0510C
:10059400014805F02DBA00BF023601202DE9F047CD
:1005A40006460F4690461C46124DDFF84CA05545B2
:1005B40011D30A2120460AF085FD022220460F4964
:1005C4000AF073FD082120460AF062FD0A21204644
:1005D4000AF080FD0BE055F8049BB9F1000FE6D05A
:1005E4002346424639463046C8470828DFD0002013
:1005F400BDE8F087C4C30000C8C3000065BD0000A7
:1006040037B51D4683883F2B2ED1037803F00703AB
:10061400022B29D1C4793CBB092001A901F0A8FB14
:1006240000281FDB01982146826808F0D3FA0446AB
:10063400019808F0A4FA003C18BF01240A212846B6
:100644000AF040FD0222094928460AF02EFD2146FF
:1006540028460AF01DFD0A2128460AF03BFD2046E3
:1006640003B030BD0124E9E70824F8E765BD0000C4
:100674002DE9F04F9B46F7B07E4B0746DDE98189B3
:1006840036A80E4614461D680AF013F8002136A851
:1006940005F0E6FAB8F1000F07D0B9F1000F04DD58
:1006A4004A46414636A80AF00DF84FF0000833894F
:1006B4007289D6F80CA013449A44C24566D80CA992
:1006C40036A80AF03EF836A809F0F7FF839B23B159
:1006D400202218460CA908F006FC002322460093A9
:1006E40031464FF6FF7306A807F040FF8046002806
:1006F4005CD1214638460B9E07F0F2FF864255D85E
:100704004FF0FF36DFF870A1DFF870910DF112039E
:1007140004AA05A906A807F077FF002846DB40F0E5
:10072400A280059906A807F0BBFF50B94FF6FF71E8
:10073400BDF81200524A32F8023B8B4236D098423E
:10074400F9D1BDF81270102F3AD0202F6DD0012F9F
:10075400DCD1BDF81030202B28D82046059936AAC4
:1007640008F00EFA064608BB9DF810B0BBF1200F46
:1007740009D8D9F80030434F0393039B1CA89E4229
:1007840036DB09F09AFF4FF0FF36BFE7809BAAEBF8
:100794000809994528BF99465A464B464146204682
:1007A40008F0EEF928B136A809F087FF314B1D682F
:1007B4005CE04A46594636A809F084FFC8447CE701
:1007C400BDF81070202FF1D13B462046059936AA7A
:1007D40008F0D6F90028E9D13A4636A90CA807F062
:1007E4006DFFDAF800308342E0D14FF001088DE765
:1007F40009F05FFF00211CA805F032FA7A681CA8F2
:10080400126857F8081B09F05DFF14A91CA809F029
:1008140098FF5A4636A914A808F03EFB18B91CA83C
:1008240009F04BFF72E70136A7E7731C3FF46EAF84
:10083400D9F80030B342A6DDBDF81030B3F5807F9F
:10084400B4D12046059936AA08F09AF90028ADD10A
:10085400F6B23946BDF81030009636AA0CA800F05E
:10086400A9F805468FE7B8F1000F9FD0284677B066
:10087400BDE8F08F08200020C0230020E0B800006D
:100884000CBD0000E4B800002DE9F0478946194684
:10089400464BADF5AE6D1E68DDF89035B3F5807F3F
:1008A4007ED1202A7CD15CAA05F092F90446002866
:1008B40076D19DF86F32BC2B72D10DF19008DF27F1
:1008C400454601900AA809F0F4FE00210AA805F0A3
:1008D400C7F920220DF24F210AA809F0F3FE0422E1
:1008E4000AA80DEB020109F0EDFE02A90AA809F01D
:1008F40028FF202FBA46A8BF4FF0200A9DF80730E2
:1009040040460133524602A9A7EB0A078DF8073087
:1009140008F0E9FA002FD044D4DC0AA809F0CDFE8F
:10092400AC462946DF225CAB087813F8017B013A18
:1009340080EA070001F8010BF6D12B7803F07F035E
:100944002B701CF8017B5FBB0134BE2CF9D195F8E8
:10095400BE30012B24D10AA809F0ABFE39460AA8FF
:1009640005F07EF9082212490AA809F0ABFE4946AF
:1009740020220AA809F0A6FE20220DF24F110AA88F
:1009840009F0A0FE02A90AA809F0DBFE0AA809F0F2
:1009940094FE20220DF24F2102A807F08FFE064696
:1009A40030460DF5AE6DBDE8F08700BF082000208D
:1009B40068BD00002DE9F04F1F46A3B02F4B8046C1
:1009C40004A89DF8B0501E688946924609F02AFE94
:1009D4000922012104A805F0BDF8294B03AA53F804
:1009E400354003EBC5035B6802941B6802A81C44F2
:1009F4002146302308F001FF002838D1DDE9023216
:100A040013449C4233D1214606AA02A808F009FFE8
:100A140068BB0DF1200B5A46214602A808F001FFDD
:100A2400054620BB06A809F0AAFA029B05909C4241
:100A34001DD12B462A46CDE9005B06A904A809F07E
:100A4400AEFDA0B904A805F09DF880B906A809F088
:100A540096FA059004A809F0EFFD874207D15346A2
:100A64004A464146009704A8FFF70EFF064604A82D
:100A740009F0E4FD304623B0BDE8F08F08200020E3
:100A8400E4B80000034637B54FF40062084693F813
:100A9400B84013490192620051F82250A8420ED185
:100AA400582101FB043201FB0434526A283401A9A1
:100AB40008F0D8F808B9019B236003B030BD0132B7
:100AC40051F82220904208D1582101FB043201FB45
:100AD4000433126D03F15404E9E70120EDE700BF8C
:100AE400ECB8000070B590F8B850104E6D0056F890
:100AF40025100446FFF7C6FF98B9013556F82510AE
:100B04002046FFF7BFFF054668B9582294F8B8306D
:100B140002FB0343186A08F075F8C4F8B4002846C9
:100B240070BD0125FBE70925F9E700BFECB800001B
:100B34002DE9F04F4FF02C08582508FB01F890F8E8
:100B4400B890044605FB098303441E6A87B0304607
:100B54000F4608F05EF8024694F8B80015FB0085CD
:100B640025446B1E033513F8011F914240D1AB425B
:100B7400F9D13B4B1D6833E03A4B1D683A4B1B6877
:100B8400AB4207D0002FF4D000213046B26808F001
:100B940021F8EEE7582294F8B8305343E218D16CA8
:100BA4008E421DD1D2F82080002205922C2202FB15
:100BB4000733234419890423304605AA194407F04E
:100BC400DFFF0028D5D194F8B830012B0CD03BB905
:100BD400D8E90123134405999142D5D39942D3D836
:100BE400284607B0BDE8F08F4FF082731F4AF2E742
:100BF4004FF0580B2C220BFB09F302FB0733E518CB
:100C04002969CA06B5D4E258194B9A42B4D1EB68A3
:100C14002A89D218B0D26B899B18ADD2B26893429C
:100C2400AAD240F60C6A11EA0A0AA5D1394604F0A0
:100C34009BF905460F4B1B6898429FD14FF4807374
:100C440009FB0B81009332462046CDE902AA0A4BE8
:100C5400CDF804A02144FFF70BFD05468EE700BF45
:100C64000420002008200020C02300200088000168
:100C74003DB8F39600200020024E01202DE9F84FE4
:100C8400884691469A460026DFF88CB0234D244CC2
:100C94000B9B9E4201D300200FE00B9B40469F1B01
:100CA400B7F5806F28BF4FF480671B4A3B4606EBBD
:100CB4000A0107F065FF10B10120BDE8F88F0A9919
:100CC4003B465A464846711807F06FFF0028F3D197
:100CD400144BC5F800463E44C5F80446C5F808461A
:100CE400C5F80C46C5F81046C5F81446C5F81846AC
:100CF400C5F81C46C3F80046C3F80446C3F80846C2
:100D0400C3F80C46C3F81046C3F81446C3F8184693
:100D1400C3F81C46BCE700BFC42300200080015078
:100D24003546526E009001502DE9F04F00260446DE
:100D34000D46B0465827DFF8189295B0012E84F876
:100D4400B8601DD90026834F17F8011B01290CD167
:100D54003046FFF7FFFB0EA9C0B201F009F80146C7
:100D640018B90E98826807F035FF002E00F0E28073
:100D7400B8F1000F00F0538100232C275826E1E03E
:100D8400A31993F8B910002959D107FB064209EBBE
:100D94008633536203F5004330461365FFF7DAFBED
:100DA40094F8B810C0B207FB0141203100F0E0FF15
:100DB40060B901213046FFF7CDFB94F8B810C0B2FA
:100DC40007FB01414C3100F0D3FF00B1FEE72046A0
:100DD400FFF788FE58BB0021204607F0FAFCF8B95B
:100DE400204607F079FD002808DD012194F8B82099
:100DF400594B03F8321003EBC2035860204607F046
:100E040027FD68B10AA807F00DFD07F014FD06469A
:100E140058BB94F8B830BBB90021204607F0D9FC80
:100E2400012294F8B830234483F8B02007E001226B
:100E340094F8B8309042234483F8B020CBD194F88E
:100E4400B8600136F6B279E794F8B020042A04BFFA
:100E5400012284F8B020012BDED094F8B130042BA9
:100E6400DAD1012384F8B130D6E79DF82F30012B75
:100E74004ED1582294F8B83002FB03430022D96AB9
:100E84000E92364AD86C91422BD1998E04230EAA25
:100E9400194407F075FEF8B14FF0050A94F8B8301C
:100EA400234483F8B0A094F8B8306BB1E21892F8F8
:100EB400B020012AC3D0042A0CD094F8B020042A0C
:100EC40002D1012284F8B020234493F8B030023BCD
:100ED400022BB4D8B046B2E7022194F8B8301D4AC8
:100EE400D15494F8B80004F0E9F8831E022B82462A
:100EF400D4D801212046FFF71BFE194B1B689842EA
:100F0400CCD0184B1B689842C6D14FF0010AC5E7F4
:100F140001212046FFF70CFE114B1B68984218BFB5
:100F2400052294F8B83008BF9DF82F20234483F895
:100F3400B020B8E7012607E7E21892F8B91099B192
:100F44000133DBB2012B84F8B830F5D967E000BF78
:100F5400C4270020024F0120C42701203DB8F39686
:100F6400C02300200420002092F8B0100EA801F045
:100F7400FB01013918BF0121794306FB031203FB6E
:100F8400061101232244D2F82080214400934246D2
:100F9400402307F0EBFA00285FD100230DF116027D
:100FA40006A90EA807F030FB002838DB52D1BDF8A3
:100FB40016300C2B53D14046069907AA07F0E0FDE2
:100FC40068BB9DF81C30012B29D8E21892F8B02098
:100FD4007343023A022A8CBF0022012207FB023328
:100FE4002344197D9DF820209142D6D80AD3597DF7
:100FF4009DF821209142D0D804D3DA8ABDF822305A
:101004009A42CAD294F8B830234493F8B020012A03
:101014001ED0023A012A02D8012283F8B020002708
:101024004FF0FF094FF05808012F84F8B8701BD90E
:101034000023DFF86C829B4E9B4F0E93012B84F8A8
:10104400B83040F2D3800E9A022A00F00981FEE7FC
:101054000422E2E794F8B83072E70328DFD140F2C3
:101064000113A4F8B030DAE7E21992F8B960002E5F
:1010740040F0B7800AA807F0D5FB92F8B030042BF3
:101084008DF82F3006D8012B06D800F0A08082F806
:10109400B0909CE0052BF8E708FB07431946384657
:1010A400DA6C2C3108F0EBFA0128074640F08F8007
:1010B40001460EAA20460E9607F015FB94F8B8A038
:1010C40006A908FB0A431B6A07EB4A07187800F0D5
:1010D4004FFE764B4FF0580B13F82700374607A9FD
:1010E40000F046FE94F8B83008FB0343D3F828A078
:1010F400BA4517D094F8B83031460BFB03435B6A0A
:10110400069803EBC7035A68039207F063FD039A3A
:101114000E9B16449E4262D3D4F8B460B3FBF6F33C
:1011240006FB0366D4F8B40007F0CAFA582394F80F
:10113400B82003FB0242536A926A1968013A03EB2E
:10114400C20300225F689C463A449042A3F108031C
:10115400F8D8DCF800300698591A07F03BFDDDE9B1
:1011640006210023204601960093FFF787FD70BBFC
:10117400069803F02DFF50BB582794F8B800324668
:1011840007FB0043196A08F088FA0146F8B994F895
:10119400B830079807FB03431B6D5A6807F01AFD24
:1011A40094F8B83007FB0343D3E91423013B52F806
:1011B400331002EBC30013684268C91A079807F09A
:1011C40009FD069807F0DBFC079807F0D8FC94F8B3
:1011D400B830234493F8B030FF2B02D1FEE7013737
:1011E40086E794F8B8700137FFB21DE7234493F8FB
:1011F400B9208DF81C209DF81C2002F0FF013AB1A3
:101204000E9B01330E9394F8B8300133DBB215E72B
:1012140093F8B030012B11D0204607F0DAFA68B108
:10122400D8F80050102200210AA807F067FE2046D3
:1012340007F0B1FA284615B0BDE8F08F002120462A
:10124400FFF776FC33688342EAD1D8F800209A424B
:10125400E6D03A689A42D3D1E2E784F8B8201CE099
:1012640094F8B93023B194F8BA30002BF5D10123A6
:10127400582684F8B83006FB0343186A07F05BF974
:10128400287194F8B83006FB03431B6A5B68AB60B3
:1012940094F8B83003FB06462E60024B1D68C1E784
:1012A40008200020C023002004200020ECB8000007
:1012B40038B5064D0446BC220021284607F01EFE20
:1012C40021462846FFF730FD38BD00BFD427012052
:1012D4002DE9F8432E4F3B7833BB3C7A24BB2D4D8C
:1012E400DFF8B480012C85F8B84015D8582606FBE1
:1012F400045208EB843300215362204603F5004373
:101304001365FFF727F995F8B810C0B206FB015131
:10131400203100F02DFD50B11E4807F03CFABC22EC
:1013240000211C4807F0EAFD1948BDE8F8830121B3
:101334002046FFF70FF995F8B810C0B206FB01512B
:101344004C3100F015FD0028E6D195F8B860DFF8BF
:101354004C907600284659F82610FFF793FB88B97D
:10136400013659F826100B48FFF78CFB50B9094891
:1013740007F0B2FA0028C1BF012307F8343007EBA5
:10138400C404606095F8B8400134E4B2AAE700BF31
:10139400C4270120D4270120C4270020ECB8000072
:1013A400BFF36F8F72B600234FF0FF30094A03F189
:1013B40020010133102B42F82100F8D100234FF013
:1013C400FF30044A03F160010133102B42F821007D
:1013D400F8D1704700E100E02DE9F8434FF0FF3504
:1013E40001274FF00008204BDFF880905F60C3F8BE
:1013F4004853C3F8085303F580535F60C3F8485358
:10140400C3F8085359F8044B002644F30730C4F8D2
:10141400085301F0D9FD80226760C4F84C61D4F808
:101424004C31C4F81061D4F81031C4F84461314629
:10143400D4F84431A018C4F8006507F05FFD802299
:10144400314604F5C07007F059FDB8F1000F08D01B
:10145400074BC3F808554FF05023C3F80853BDE8B1
:10146400F8834FF00108CDE70040015000B90000B7
:1014740000700150014B1B68184700BF0C2000206E
:1014840007B50B46002102460091034800F006F818
:1014940003B05DF804FB00BF791400002DE9F04FA0
:1014A40082464FF000098DB01D46531E01910393EF
:1014B400039B58785C1C252819D100204FF0FF3875
:1014C4001E46444603460236029031780396392973
:1014D40055D81F2914D8002900F0EF81019925203F
:1014E400D04701993078D04709F10209E0E7002894
:1014F40000F0E3810199D04709F101090394D7E78A
:10150400A1F12002192AE9D801A757F822F000BF57
:101514007D150000E1140000E11400007D150000B9
:10152400E1140000FD150000E1140000E1140000C6
:10153400E1140000E1140000491600007D150000CC
:10154400E11400005D16000009160000E11400001B
:101554001716000037160000371600003716000073
:101564003716000037160000371600003716000043
:10157400371600003716000008460136A5E758293B
:1015840000F0EB80A1F16302D7B2172FA6D8172A77
:10159400A4D801A757F822F005180000831600000C
:1015A400E1140000E1140000E114000063160000DF
:1015B40083160000E1140000E1140000631600002B
:1015C400E1140000E1140000E114000039170000E8
:1015D400E1140000E1140000D9170000E114000038
:1015E40083160000E1140000E11400003917000024
:1015F400E11400006316000025200199D04709F189
:10160400010955E7029A4FF0000802F0FE02029227
:10161400B3E7002C0DDAB8F1000F0DDA029A002AB4
:1016240000F043810A2224EAE47402FB0414303CEF
:10163400A3E7B8F1000FF5DB0A2202FB0812A2F1BE
:1016440030089AE7B8F1000F55F8042B80F22F8187
:10165400002A80F22E815442022202928DE76829E8
:1016640003D1682B06D1482387E76C2902D16C2B60
:1016740000F02181002B7FF431AF0B467DE77A2BFC
:1016840006D1752955F8046B14D14FF0000B0CE00A
:101694006C2BF6D04C2BF4D1073525F007037529B4
:1016A40003F10805D3E9006B06D120283BD1854F0F
:1016B400013C09E04FEAE67BBBF1000FF5DA764224
:1016C400814F6BEB4B0B013C0DF12D030593002374
:1016D4000493304659460A220023FEF739FD059B40
:1016E400B446303203F8012D5A460593049BBCF1ED
:1016F4000A0F8B4672F1000203F1FF310646049192
:10170400E7D2C3F1010B30330DEB0306B8F1000F40
:10171400A6F104066DDA029BD9077DD4A8EB0B036E
:10172400A4EB0B0413E02B280ABF684F684F04F1A5
:10173400FF34C9E770290FD155F8042B0023FAB9F7
:101744006FF004034FF0050B614F624E053C029AA3
:10175400920770D4A04666E078216C2B03D1002355
:1017640055F8042B08E04C2BF9D1073525F0070375
:101774001D465B6855F8082B232825D1880621D5FA
:10178400554F023C002601F06001A1F1390B0DF127
:101794002D0E02F00F01092988BF594430310EF88B
:1017A400011D102A4FEA121141EA03714FEA131C7A
:1017B40073F1000306F1FF3008D2C6F1010B06F104
:1017C4003003A1E7454FDCE7414FDBE706460A4615
:1017D4006346DEE755F8046B304607F056FBB8F174
:1017E400000F834602DB4045A8BFC3464FF0000804
:1017F400374FA8EB0B03002B92DDA4EB0804A6E7FC
:1018040055F8043B4FF0010B8DF81830304F4FF072
:10181400FF33013C06AE9AE7A046EAE70293202094
:101824000199D047029BB8F10108F7D524EAE47284
:10183400013C9144A41AB84606E00493029201992B
:10184400D047029A049B9046424612F8010B0028A6
:10185400F3D11A46013A15D5002BACBFC7EB0307E9
:101864007F425B46013B15D5BBF1000FA8BF5F4427
:1018740026464F44013E14D5002CA8BF3F1907EB60
:10188400080915E60493029230200199D047049B7D
:10189400029ADFE70293019916F8010BD047029BE5
:1018A400E0E701992020D047E4E70122D5E69046FD
:1018B40063E6144661E64C235FE648460DB0BDE896
:1018C400F08F00BF80BE00007EBE000082BE00001C
:1018D400B0BF00008ABE000084BE000087BE0000C6
:1018E400044608B5EFF31183202383F31288BFF372
:1018F4006F8F03F031FA204601F022FF024807F00F
:101904004FF807F06BFAFCE790BE00002DE9F043B6
:10191400079D15B91560002012E00324B5FBF4F40B
:1019240004EB4407BD4218BF0134B4F1804F09D21F
:10193400A40001348C4200D838B96FF00B00146055
:10194400BDE8F0834FF0FF34F7E704460021DFF8E9
:10195400B4E0B94203F1030C04F104062BD3A94209
:10196400274623D201F1010CAC451F7828BF002380
:1019740024494FEAA70E38BF5B7811F80EE0AC4556
:1019840084F800E001EB131E2EBF3D239B0003F0FF
:101994003C034FEA071738BFCB5C07F030071EF84B
:1019A4000770A3703D2367703746E3700023381A2D
:1019B40010603B70AFE71CF8034C1CF8023C4FEA84
:1019C400A4091EF8099024011CF8018C04F03004C9
:1019D40006F8049C0EEB131919F804409B0006F852
:1019E400034C03F03C030EEB9814E35C08F03F084F
:1019F40006F8023C1EF80830344606F8013C033170
:101A04006346A6E739BF00002DE9F04300273C46B2
:101A14003D46DDF81CE0DFF8288175451FD3E4BBA3
:101A240000201460BDE8F0830136764533D013F806
:101A340006C0BCF1200FF7D0AEEB0609B9F1010FD7
:101A4400A6EB05050DD0BCF10D0F0AD103EB060979
:101A540099F80190B9F10A0F6ED1751CDDE72E4695
:101A6400E3E7BCF10A0FF8D02DB9BCF13D0F05D165
:101A74000137022F0DD96FF01500D3E71CF0800F4A
:101A8400F9D118F80C507F2DF5D03F2D01D8002F37
:101A9400F1D10134E1E73546C1E74FF0060C04F01B
:101AA4000706E4080CFB06F60CFB04F40736E41BFB
:101AB40004EBD60470B18C420CD8002701460326EF
:101AC4003C46DFF87CE0DFF87C801D449D4205D174
:101AD4000C1AA5E76FF00B001460A3E713F8019B41
:101AE400A9F10A0C5FFA8CFCBCF1160F04D848FA71
:101AF4000CFC1CF0010FE9D01EF809C00134BCF144
:101B0400400F08BF013E0CF03F0C042C4CEA871731
:101B1400DCD17EB13C0C012E0C7002D101310024C9
:101B2400D4E7022E4FEA17244C7016BF8F7002318F
:101B34000331F4E73446C9E7002DA2D09BE700BF88
:101B4400B9BE0000F6FFBFFF2DE9F047058B044640
:101B54002807904611D4022905F0070540F0CC80EF
:101B6400204606F034FF78B10138218B042811D8BF
:101B7400DFE800F0C2106D85950001290CBF45F027
:101B8400100545F02005258388F31188BFF36F8F76
:101B9400BDE8F08701F0070AAA4500F0A5800027F8
:101BA400B9463E46A368002B00F0BC8041F0080112
:101BB400218388F31188BFF36F8FA168002900F097
:101BC400BA800D68002900F0B6803346524620469C
:101BD400D1F80480C047002D76D02B6829461D46D5
:101BE400F0E701F007035A1F012A1BD8002221F055
:101BF4000701062B276889B2C4E9002209D13B46B4
:101C040003E0628B013262831B68002BF9D141F03F
:101C140002012046218306F0DAFE00287AD041F042
:101C2400200176E0042B0AD121F0070189B2204675
:101C3400218306F0CCFE10B141F020012183218BD9
:101C440001F0070AAA454FD00027B946AAE723693D
:101C540021F0070141F00601062DD3F800902183FD
:101C64002DD1B9F1000F3FD041F00801218388F351
:101C74001188BFF36F8F20463949C84729E021F006
:101C84000701236941F0040189B2042DD3F80490BB
:101C94002183E6D000274FF0040A3E4682E721F074
:101CA4000701236941F0050189B2052DD3F8089095
:101CB4002183D6D000274FF0050A3E4672E700275D
:101CC4004FF0060A3E466DE72B4687E7B9F1000F51
:101CD400D1D1EFF31188202383F31288BFF36F8FE0
:101CE400238B23F008032383258BEA062ED525F0C6
:101CF4001003238305F007056669218B002EBFF6C8
:101D040070AF00232768C4E9003321F0070141F0D4
:101D140001012183218B4FF0000901F0070AAA4534
:101D24007FF440AF002F9CD041F00801218388F359
:101D34001188BFF36F8F002FC8D03D6839463346F2
:101D44005246204606F06FFE2F46F4E7AB067FF5B9
:101D54001BAF25F02003238305F0070500E700BF30
:101D6400578A0000014B03600020704708B9000047
:101D740070B5104B0D461C68B4B10F4B19680023A5
:101D84008B4202DB6FF0010070BD224612F8106B2B
:101D9400864202D014460133F2E7E06809F0ABF959
:101DA40028B100202C60EFE76FF00C00ECE76FF037
:101DB4001200E9E71020002008B9000010B54368BC
:101DC40088B0029383680C46CDE9033200230A6885
:101DD400C068CDE90623054901AA059307F069F90E
:101DE400079808B9059B236008B010BD258C000036
:101DF40008B5054806F0D4FD044806F0D1FDBDE859
:101E04000840034806F0CCBD79BF0000B1BF000014
:101E1400E4BF0000014806F045BA00BFBCB90000A9
:101E240038B5044618B90F4B0F485B68984761688A
:101E3400B1F5683F10D0B1F5680F0DD00B4DA94234
:101E44000AD011F46861206807D00146084809F0F7
:101E5400ADF900232360656038BD142207F04EF805
:101E6400F9E700BF3821002012C000002C5F5CA9F4
:101E7400902D012008B560B34368B3F5683F0ED0D8
:101E8400B3F5680F18D0144A934220D000684FF07D
:101E9400FF324FF0FF3305F0FDFB58B115E001228E
:101EA4000368D3E8EF1F002903D1C3E8E02F00281B
:101EB400F7D10AD1002008BD0368084A1B7803F54E
:101EC400807352F82330002BF4D00548F3E705481B
:101ED400F1E76FF4E040EEE72C5F5CA900000350EB
:101EE400E98FFFFFEA8FFFFF08B520B34368B3F51E
:101EF400683F09D0B3F5680F13D0114A93421DD03F
:101F0400006805F03FFC14E000220368D3E8EF1FEB
:101F1400012903D1C3E8E02F0028F7D109D00948EB
:101F240008BD00210368084A1B7803F5807342F852
:101F340023100020F4E76FF4E040F1E70348EFE7F3
:101F44002C5F5CA9E98FFFFF00000350EA8FFFFFBD
:101F540010B5044618B91D4B1D485B689847636863
:101F6400B3F5683F2FD0B3F5680F2CD0194A9342CC
:101F740019D1236803BB4FF0FF324FF0FF332146E2
:101F8400154805F059FB08B923681BB90F4B1348D2
:101F94005B68984714220021206806F0AFFF4FF4D5
:101FA4006863636008E0B3F5683F0DD83A2B03D04B
:101FB40040F6BA629342DED1206809F041F96368C1
:101FC40043F03A03636010BD054AF3E7382100206B
:101FD40012C000002C5F5CA9902D012038C00000C5
:101FE4003A00003A08B5064940231422054809F08E
:101FF400CFF8BDE808400449044806F0C5B900BF5D
:1020040090280120902D0120C4B90000D8B9000007
:10201400F7B5224E30688368DB6B03B198473068AC
:102024008368DB6A002B31D11D4C1E4D30688368F8
:102034001B69002B2DD001220DF1070198470128BF
:1020440027D1236843B92B681BB369681A688B428C
:102054002A6008BF6A602360134A9DF8070011884C
:102064007F2904D823684F1C0B44178018720A2850
:10207400DCD1002023681188186059600B494D6831
:102084004DB9C1E9003310802060CEE7984700289D
:10209400CAD103B0F0BD2B604B60F4E704320120D9
:1020A400AC2D0120BC2D012000360120B42D0120CF
:1020B40010B5044B044618688368E1B25B6898471E
:1020C400204610BD04320120F8B5054616460846E0
:1020D400EFF31187202383F31288BFF36F8F1B491B
:1020E4000B684BB11A4C62689A4205D000221A6000
:1020F400626862B9C4E90033164A136853B987F3B6
:102104001188BFF36F8F18460B603360F8BD1360FE
:102114006360F1E7D2F804C01C686345146008BF2B
:10212400546087F31188BFF36F8F5C680B60A04223
:10213400D8BF00F1FF3403F108012246284606F017
:10214400D2FE0023601C2B550123DEE7B02D0120B5
:10215400BC2D0120B42D0120002313B51C462049B9
:10216400204AC1E90033C2E900331F4A48681460B9
:1021740020BBC1E900220133082B02F18802F5D10A
:102184001A4C1B48206008F0B6FF28B32068836807
:1021940023B11B6C13B10022164998472068836849
:1021A400DB6A0BB1984760B1206883681B69002B18
:1021B400FAD001220DF107019847F4E702604A6062
:1021C400D9E700220C4B20681A8083681B6A03B18C
:1021D4009847002002B010BD4FF0FF30FAE700BF6F
:1021E400BC2D0120B42D0120C42D01200432012076
:1021F40040B50000152000000036012041F20443E0
:102204002DE9F043ADF54F7DADF8083040F60613E7
:102214000025ADF80C30DFF81091444BD9F80010CC
:102224001B68434E4D70A3EB06080B7828465A1CD6
:1022340062F302030B7098FA98F34B808B880822A0
:102244005BBA8B8006F096FB31464246ADF810002F
:1022540006F090FB02271FFA88F440BA04F10A033F
:102264005BBA0222ADF810000DF1120106A8ADF818
:10227400123006F038FE0822D9F800100DF11A00C9
:10228400ADF8127006F02FFEBDF8120006AB083050
:1022940080B231464246ADF81200184406F023FEDF
:1022A400BDF812303A461C44A0B22C4606ABADF839
:1022B400120004A9184406F016FEBDF8123040F2CC
:1022C400C9113B449BB2ADF81230009305AA06AB8A
:1022D4005BA8FFF71BFB059B164E174FADF812309A
:1022E400BDF81230A34203DC0DF54F7DBDE8F08349
:1022F400336802215B68A4B903A89847BDF812505B
:1023040033682D1B7C2DA8BF7C255BAA1019294698
:102314005B6898473368012138465B682C449847CA
:10232400DEE702A8E9E700BF68320120203201207D
:10233400044F01206C320120AFBF00002DE9F04FA3
:102344004FF0FF34D5B00B46059406940794012151
:1023540000240DF128080246C8E9004430A8009181
:10236400CDE9014404210894099408F0BBFB402200
:10237400214620A806F0C2FD8E4B03211C930523A1
:1023840004221D938C4B06AFCDE91E378B4B8C4832
:1023940021938C4B05ADCDE923388B4B07AE2693A7
:1023A4008A4BCDE92B01CDE92836CDE92D3527918E
:1023B40009AB1CA930A8229206F09EFC20B303248A
:1023C4000A21834808F07EFE82490222804808F0F0
:1023D4006CFE21467E4808F051FE4CB97849032230
:1023E4007B4808F062FE7C4B7948196808F050FE7F
:1023F4000A21774808F06EFEFFF700FF089806F000
:10240400BEFB55B0BDE8F08F2B68D8E900985A1C84
:10241400D5D0B9F1000FD2D0DFF8C0A133B93A68F2
:10242400B2F1FF3F18BF1346CAF80030DAF80000D3
:10243400FEF7A2F808A9C0B2FFF79AFC04460028E8
:10244400BDD12B68644D002B48D1089F28603846C5
:10245400D7F808B006F039F9614A0146384606F063
:102464006CF808B10124ABE733685B45A7D85D4A33
:1024740014605D4A13602A685A4E424431680898D1
:10248400013A06F01AFC0028306098DB089806F040
:10249400B9FBB8FBF0F303FB1086DFF84CB12B68F3
:1024A400A8EB06079844DBF800300898984538BF35
:1024B400002606F0A7FB012806D9089806F0A2FB1F
:1024C400013819EA000F51D13B464A462968089859
:1024D40006F06BFB00287FF472AF2DE02A6893426C
:1024E4007FF46EAF404A434412689342C3D966E70F
:1024F400B845089828BFB84606F08BFB4022014631
:102504000CA806F0FBFC424649460CA806F0EBFC7E
:102514004346296808980CAA06F047FB08B104460C
:102524004EE72B68C14443442B60A7EB0807089887
:1025340006F068FBB842DBD9DEB92B68DBF8002073
:1025440033443B4493422B607FF43AAF244B0898C6
:102554001A68114606F0B1FB002883DBDBF8002083
:102564000899DAF8000007F09EF8D8E74FF0400821
:10257400DDE7089806F04DFB082201460CA806F09A
:10258400BDFC324609EB07010CA806F0ACFCDDF8F3
:1025940020802968404607EB010906F033FB4946D1
:1025A40003460CAA404606F000FB00287FF407AF60
:1025B400C3E700BF65C00000D7AD00006BC00000DA
:1025C40074C00000E1AD000070C00000DDAD00008B
:1025D4002032012065BD0000183201201C32012088
:1025E400103201200C3201200832012038B5054692
:1025F4000A4C0A21204608F065FD022220460849BB
:1026040008F053FD2946204608F038FD20460A21EB
:1026140008F060FDBDE83840FFF7F0BD203201202E
:1026240065BD0000F0B50C68164F85B002380D4644
:10263400C4F580610090144B381903AA0131FFF7E7
:10264400E3F90446D0B92B68039A1344022B2B6098
:1026540011D93E88023B76BAB6B29E420BD13246BD
:10266400B91C06F087F930B9022E04D92B689A1EDA
:102674002A60FC540124204605B0F0BD4FF0FF341D
:10268400F9E700BF4D50012050540120002307B545
:1026940002210093044A4FF4A473044808F01CFD7B
:1026A40003B05DF804FB00BF044F01202032012079
:1026B4002DE9F04F072904469FB040F2C880037803
:1026C40013F0050F40F0C3804388A1F108055BBAFD
:1026D4009BB2AB42C0F0BB80A74B00F10807186067
:1026E40083885BBA8380FFF7D1FFA688012E40F070
:1026F4009E81E379012B00F0AD80062B00F0B180C0
:10270400002B40F09A81247814F0070440F095815E
:1027140031469A4808F0D6FC06229949974808F0B1
:10272400C4FC0521954808F0C9FCDFF85882DFF89D
:1027340058920026954F00E0012631462046D8F8ED
:102744000050FDF707FF05A9C0B2FFF711FB824651
:1027540050BB3146204606AA06F062FF012805D187
:1027640020235146059806AA06F00AFA069B4B4513
:1027740014D13146204602F0F7FB0546844B1B6812
:1027840098420BD100204023CDE902000093059A22
:1027940001900EAB06A9FDF76BFF05463B68059853
:1027A400AB4207D006F0EBF9002EC5D0002C44D183
:1027B4003446BEE706F0E3F91421704808F082FCC1
:1027C400052274496D4808F070FC21466B4808F0F6
:1027D4005FFC04227049694808F067FC3146674889
:1027E40008F056FC07226D49644808F05EFCBDF809
:1027F4002E30402101939DF82D30694A00930EA894
:102804009DF82C3000F084FE0C9B4BB1421E3E2AF6
:1028140006D80EADC0F14001624A284400F078FEAB
:102824000EA806F032FB0EA90246544808F03DFCFF
:102834001421524808F04EFCB6E705214F4808F031
:1028440045FC01214D4808F045FCFFF7D7FC1FB0BB
:10285400BDE8F08F294638461FB0BDE8F04FFFF7BA
:102864006DBD23785B0702D00820FFF7BFFEFEF79B
:102874002FFD01210746414808F024FC0622404967
:102884003E4808F012FC02213C4808F017FC0025E1
:10289400DFF814910421394808F014FC002847D0CB
:1028A40005223C49354808F000FC002840D0294660
:1028B400324808F0EDFB00283AD005223B492F4866
:1028C40008F0F3FBA0B302212C4808F0F7FB78B31F
:1028D40000262A4CDFF8C0A0DFF8D4B022E004229E
:1028E4005146204608F0E1FB10B33146204608F07B
:1028F400CFFBE8B131462846FDF72CFE0EA9C0B245
:10290400FFF736FA8046C8B102224946204608F04D
:10291400CCFB68B14146204608F0B0FB40B1002E24
:1029240064D101260321204608F0CCFB0028D6D12F
:10293400FFF7ACFE0220FFF759FE86E70422594652
:10294400204608F0B2FB90B10E9B2046996808F02F
:102954009FFB60B10F222046164908F0A6FB30B158
:1029640006EB45012046013108F092FB20BB0E988E
:1029740006F005F9DCE700BF6832012020320120AF
:1029840078C00000082000203DB8F396C023002042
:102994000020002065C000007FC0000084C000004B
:1029A4008CC0000098C0000065BD00009CC0000001
:1029B400BCC00000A2C000000E9806F0E0F803219D
:1029C400204608F087FB0028B2D0002EA9D00221AF
:1029D4002E4808F07BFB0028AAD017F8353043B9FD
:1029E40004212A4808F076FB0028A1D08DB90125DE
:1029F40050E70E222649254808F057FB002897D0B7
:102A04003B1D53F83510214808F042FB0028E7D15C
:102A14008EE702211D4808F059FB002888D00121C7
:102A24001A4808F057FB00287FF40FAF80E7F6B987
:102A3400E379012B07D0052B07D008201FB0BDE890
:102A4400F04FFFF7D3BD3046F8E7304606F032FECC
:102A540001280AD03046FFF7C9FD4FF40050002189
:102A640008F098FC0120FEF73BFF0A20E6E72A461F
:102A740039462046054BFDF791FD00287FF4E7AE6B
:102A84001FB0BDE8F04FFFF7B9BB00BF20320120F3
:102A9400B2C0000001232DE9F34100250646DFF80A
:102AA400C080304C88F800302F4B304F00951860B0
:102AB40098F8003013B902B0BDE8F0812C4BC5F58D
:102AC4008061C3F80046C3F80446C3F80846C3F857
:102AD4000C46C3F81046C3F81446C3F81846C3F8A6
:102AE4001C4603F58053C3F80046C3F80446C3F8F4
:102AF4000846C3F80C46C3F81046C3F81446C3F896
:102B04001846C3F81C46336801AA0131781998475E
:102B14000028019B01DC002BCAD005442BB940F2EC
:102B240001439D42C4D10025C2E73B78062B09D15D
:102B34007B78092B0BD1002300936946A81EFFF76D
:102B440071FD04E0042B02D17B78142BF5D001280D
:102B5400E9D1009907480239FFF7AAFDE3E700BF6E
:102B64004C5001203546526E6C3201204E540120E7
:102B7400008001504F50012030BFFFF7FDBF00BF60
:102B8400074A936893F90E10002907DB52699342B0
:102B94001FBF044A536843F080535360704700BF1B
:102BA4000434012000ED00E0154B9A6A12F0007F16
:102BB4009A6A14BF1E201D2012F0807F9A6A18BFE3
:102BC4001F2012F4801F9A6A18BF022012F4002FEB
:102BD4009A6A18BF212012F4802F9A6A18BF222003
:102BE40012F4003F9A6A18BF232012F4803F9A6AB5
:102BF40018BF24206FEA02426FEA12429A627047B9
:102C040000ED00E010B5194B0246986A9C6A10F476
:102C1400805F14BF1720162014F4006F9C6A18BF3D
:102C24001820A40509D5986B986A000404D51AB134
:102C34009A6A22F400429A6219200C4B9A6A12F49E
:102C4400806F9A6A18BF1A20D2050CD49B6A13F4B9
:102C5400005F18BF1C20054A936A43F47F439362C4
:102C640000230B7010BD1B20F5E700BF00ED00E052
:102C740010B51C4B0246986A9C6A10F0100F14BFE2
:102C84001120102014F0080F9C6A18BF1220A4070A
:102C940009D5586B986A000604D51AB19A6A22F0CD
:102CA40080029A6213200F4B9A6A12F0010F9A6AFB
:102CB40018BF142012F0200F9A6A18BF1520D406EA
:102CC40058BF9B6A074B9A6A920642BF5A6A22F41B
:102CD40000525A629A6A42F0FF029A6200230B7011
:102CE40010BD00BF00ED00E070B5444B06465B68C4
:102CF40000258AB0C3F3080385F31188BFF36F8FEF
:102D040002F07F40B0F17F4F11D102F00C0008288F
:102D14000DD010074CBF0E4601250022033B8DF851
:102D24000720032B05D8DFE803F01E5C60592E460C
:102D3400F3E700249DF807309BB92022314602A80E
:102D440006F0D1F8099B002D53D0C3F3080222B931
:102D54006FEA53236FEA43230993204602A906F03E
:102D64001DF80AB070BD254BDA6A9107E1D4DA6A1E
:102D7400002ADEDBDA6A5200DBD55A69B16942F413
:102D840080725A61BFF34F8FBFF36F8F5A6931F866
:102D9400021C22F480725A61BFF34F8FBFF36F8F0E
:102DA4004DF60272914209D09A6AD2B242B1012020
:102DB4000DF10701FFF75CFF0446BBE73468B9E790
:102DC4009A6A12F47F4F05D001200DF10701FFF735
:102DD40019FFF1E79B6AB3F5803FAAD3FFF7E4FE3E
:102DE400EAE700200DF10701E4E700200DF10701F7
:102DF400EDE723F4FF7323F00103ADE700ED00E0FA
:102E0400064B5A6942F010025A615A6942F48062D0
:102E14005A615A6922F008025A61704700ED00E0D5
:102E2400EFF30880EFF3098101B57246FFF75CFF09
:102E340001BD00BF002080F31488BFF36F8F002012
:102E440080F30A8880F30B880F4880F3088802F027
:102E5400DFFF00200D490860BFF34F8F00F02CF80E
:102E6400202080F311880A484FF40061401880F351
:102E74000988EFF314800221084380F31488BFF318
:102E84006F8F00F0D9F80000B889052094ED00E0B8
:102E940078580520002318460649D1F89020C2F33B
:102EA4000722934200DB7047C1F89830C1F8A000B4
:102EB4000133F6E700ED00E010B572B6002484F3A8
:102EC4001388FFF7E7FF23464FF0FF300C4A03F166
:102ED40020010133102B42F82100F8D100234FF0D8
:102EE400FF30074A03F160010133102B42F821003F
:102EF400F8D162B6BFF34F8FBFF36F8F10BD00BF21
:102F040000E100E0084B9B6883420BD1EFF305839B
:102F140043B1064B5A6842F080525A605A6A22F40E
:102F240000425A6204F00EBF0434012000ED00E0B8
:102F340013498A684FF030001044EFF3098C80E89D
:102F4400F01F202080F31288BFF36F8F0D4F4FF0D6
:102F540000664A698A603E60106F0023136780F33D
:102F6400118802F1300090E8F01F8CF3098802F117
:102F7400000004B505F027FFBDE8044070470000D9
:102F84000434012004ED00E01EF0040F0CBFEFF345
:102F94000880EFF30980816911F8021C0229FFD02F
:102FA40001B5724605F000FF01BD00BF40B2002824
:102FB40007DB01234109034A00F01F00834042F864
:102FC4002130704700E100E040B200280CDB012210
:102FD4000649430900F01F008240203341F82320B2
:102FE400BFF34F8FBFF36F8F704700BF00E100E066
:102FF400054B420953F82220012300F01F0003FA75
:1030040000F01040704700BF00E100E040B200282B
:1030140001F10101ACBF00F16040064B4FEA4111E0
:10302400C9B2ABBF00F5614000F00F0080F8001397
:103034001954704714ED00E00B4A08B50B4B22F00D
:103044007F029A60BFF34F8FBFF36F8FD3F888204E
:1030540022F47002C3F8882004F02EFA04F0F4FE7F
:1030640000F042F804F068FA0000000000ED00E00F
:1030740042F8203C009B0B4942F81C3C019B21F088
:10308400010142F8183C029B42F8081C42F8143C27
:103094004FF0807342F8043C0023203A0265036732
:1030A400704700BFBF89000000B5094B0E46986009
:1030B4001546036E83F30B882C4686F3098800209B
:1030C400044B98472046002100220023024C20474D
:1030D40004340120D38D0000BF8900001022014B6D
:1030E4001A61704700ED00E0002320210348C21854
:1030F4000133452B82F80013F9D1704700E100E059
:1031040008B5EFF30583064A103B02EBC30152F8FE
:10311400330049688847BDE80840FFF731BD00BF68
:1031240090B500001FB5094C094A234601210948FE
:1031340000F0FAF800230393074B0121E41A01A8D5
:103144000193029400F0FAF804B010BD00000720C7
:1031540000200020E8B900003022002010B50C7ACD
:103164000B6804F01F0223F01F031A43CB686409A1
:1031740023F01F03054943EA440343F00103C1F864
:103184009800C1F89C20C1F8A03010BD00ED00E00B
:1031940010B5074BD3F89030C3F30723013B984293
:1031A40002D8FFF7DBFF10BD6FF01500FBE700BF8F
:1031B40000ED00E02DE9F04F0F46144606464FF0AF
:1031C40000084D4D85B0B84580F29280D6F8049041
:1031D400B9F1000F36D0B9F11F0F40F2878019F012
:1031E4001F0F40F08380D6F800A01AF01F0F7DD186
:1031F400504605F028FE834609EB0A00013805F025
:1032040022FE834572D11BF1160F6FD05C456DDD34
:10321400C5F898B0D5F89C10C5F898B0D5F8A0308A
:1032240021F01F0143F01F0AD6E900321A449942E3
:1032340002F1FF391ED1CA4508D131465FFA8BF03D
:1032440005F00AFE08F101080C36BCE73146C5F862
:1032540098B0D5F89C3022F01F0203F01F031343EB
:10326400C5F89C30E0B205F0F7FD10F1160F3DD023
:10327400441CE7E7C5F898B0D5F8A020013B23F03B
:103284001F0302F01F021343CA453146E0B2C5F8DA
:10329400A030E8D005F0E0FD10F1160F26D0C5F8F7
:1032A40098B0D5F89C209DF808300AF1FF3A62F3F3
:1032B40004038DF80830D5F8A0309DF808205B0889
:1032C40063F347128DF80820D6E9003213440093C3
:1032D40023F01F035344A3EB0903013023F01F031E
:1032E4006946C0B20393FFF753FFBEE76FF01504BE
:1032F400204605B0BDE8F08F00ED00E00522044B48
:10330400C3F89420BFF34F8FBFF36F8F704700BF94
:1033140000ED00E0BFF35F8F0022024BC3F894205E
:10332400704700BF00ED00E010B5034C2278FFF7B2
:1033340041FF207010BD00BF4F5801202DE9F74F09
:10334400294D8A4606464FF00008AB46274FD04524
:103354001BDAD6F80490B9F1000F3FD03168084663
:10336400019105F070FD0199044609EB0100013853
:1033740005F069FD84424FF014021D4B08D002FB96
:1033840008F36FF015024BF8032003B0BDE8F08F8B
:1033940014F1160F2C60F8D01978A142F5DD02FB68
:1033A40008B0C7F89840C7F89840D7F89C4000F197
:1033B4000801007B64F304000871D7F8A0000C79BD
:1033C400400860F347140C71D7F89C1021F01F01DA
:1033D4006960D7F8A01021F01F01296108F10108E4
:1033E40014350C36B3E700BF7032012000ED00E065
:1033F4004F580120F0B54149414CD1F8903025682F
:10340400C3F307239D4287B075D80020FFF782FFDE
:103414003C4BC1F8C030854216D13B4C01A8257005
:10342400FEF7A0FC00250646384FAE4213D100201B
:1034340023783249D1F89020C2F30722934254DB17
:10344400FFF75CFF00202FE0616801EB0011FFF73C
:1034540085FE0130DFE70199280101EB0513DA68E5
:103464003A40B2F5001F21D0B2F5800F2BD0B2F54F
:10347400801F38D15A689B680958013B22F01F000D
:1034840003440120844623F01F0340EA4C10CDE995
:1034940002218DF8100002A920780593FFF778FE29
:1034A40000281DDA6FF0150007B0F0BD5A689B685C
:1034B4000958013B22F01F0003444FF0020C012085
:1034C40023F01F03E1E75A689B680958013B22F087
:1034D4001F0003444FF0000C022023F01F03D4E725
:1034E40023780133237001359FE7C1F89830C1F880
:1034F400A00001339EE74FF0FF30D5E700ED00E078
:10350400F4B90000AAFF44004F5801200000F0FF66
:103514000CB410B586B009B90DF10B000024CDE947
:10352400040109AB089A009404A905480393FDF724
:10353400B5FF049B1C7006B0BDE8104002B0704794
:10354400138F000000F01F0240090DD001280DD197
:10355400094B03EB8203D3F8002222F0E04242EA53
:103564000171C3F800127047044BF2E70023803264
:1035740053F82230FFDE00BF002884500025845019
:1035840038B50124134B144DC3F80045022303211D
:10359400C5F8D0360020FFF7D5FF20460321FFF7FA
:1035A400D1FFC5F804472146C5F804492120C5F8D0
:1035B400004BFFF7C7FF21462020FFF7C3FF21463A
:1035C4000B20FFF7BFFF21460A20FFF7BBFF0020B7
:1035D40038BD00BF001000500040005007B50DF189
:1035E400070002F039FD114B98421CD14FF4806260
:1035F4000F4B1049C3F8B8254FF40062C3F83C25BB
:103604009DF8070007F046F90B499DF8070007F0FD
:103614003CF901209DF80730984002F017FD002086
:1036240003B05DF804FB6FF00B00F9E70000AD0B8D
:1036340000A002502CA0025028A10250052370B50E
:10364400144D154E2C780134B4FBF3F303EB8303D0
:10365400E41A05F0E1FF114A137823B156F8243037
:10366400C01A072814D94FF05023D3F8141141B1CC
:103674000021C3F81411D3F814312C700CB90123B0
:1036840013702C7805F0C8FF46F82400012070BDA3
:103694000020FCE7515801208432012050580120B9
:1036A40048B1054B054A1B68B3FBF2F35843044B7E
:1036B40043F00103184770479020002040420F0058
:1036C400C0B800000149024805F0D0B91CBA000096
:1036D400983201204FF47F032DE9F041D3F83021D3
:1036E4000646072A0D46D3F8343120D1023B032B7A
:1036F40002D8124AD35CD3B14FF050244FF00108E2
:1037040000270520C4F81886C4F8147607F0BBF81F
:103714004046C4F8148607F0B6F8C4F81476C4F822
:10372400187630462B46BDE8F041002118474FF08B
:1037340050230022C3F81426F3E700BFD0C00000D2
:10374400BFF34F8F0549064BCA6802F4E062134386
:10375400CB60BFF34F8F00BFFDE700BF00ED00E07B
:103764000400FA05084B70B5C31A0D4607499B10AF
:10377400044659434022064805F0E7FB2B46014620
:103784002046BDE870401847C8320120B76DDBB64B
:1037940004B50000402373B50B4C0093041B0B4687
:1037A4000D460A49A41061430646094A094805F032
:1037B400F8FB011E05DA30462B4602B0BDE8704026
:1037C400184702B070BD00BFC8320120B76DDBB628
:1037D4001190000004B5000010B5EFF3118420230C
:1037E40083F31288BFF36F8F074A136823F0020133
:1037F400DB07116002D4012007F058F884F3118824
:10380400BFF36F8F10BD00BF683301202DE9F8436B
:103814000022012106460520FFF7F8FB114802F0BB
:103824009BFC114B984219D102F0A6FC00244FF0E6
:103834001C090C27DFF834803569414609FB045024
:1038440005F014F9002807DB012307FB04551C4489
:10385400042CAB67F0D10020BDE8F8836FF00400BE
:10386400FAE700BF6D3900000000AD0B28BA000074
:103874001FB500220123CDE902236B46084ACDF887
:1038840000D0CDF804D005F0BAFB002805DB4FF4D6
:1038940080420023684603F0F9FF05B05DF804FB9D
:1038A400479000000C22104B014602FB003300201D
:1038B40030B4D3E91C521867EFF31180202484F349
:1038C4001288BFF36F8F9C6F04F0C00444F00204AD
:1038D4009C6780F31188BFF36F8F1DB12B4630BCFA
:1038E4000248184730BC7047C832012004B50000B4
:1038F40010B4EFF31182202383F31288BFF36F8F88
:103904001748016841F002040460C80707D482F331
:103914001188BFF36F8F012010BC02F045BC4FF03B
:103924005021D1F80C04D1F80C14C907EFD5EFF3EA
:10393400118083F31288BFF36F8F0A498B6F03F0F2
:10394400C00343F002038B6780F31188BFF36F8FCA
:1039540082F31188BFF36F8F002010BCFFF7A2BF62
:1039640068330120C8320120092813D8DFE800F0A9
:1039740005101212121212120E0C074B986F10F04F
:10398400070007D1FFF78EBF0220FBE70320F9E70A
:103994000120F7E7704700BFC83201202DE9F0414C
:1039A400012207463649D1E8EF3FC1E8E02F00285D
:1039B400F9D133B9334934484B60CB608A6005F0A0
:1039C40068F87B1E012B2BD8012F07D14FF0502311
:1039D400D3F81C3403F00303022B21D007F043FC7B
:1039E4000546F8B9294B1B78E3B14FF05023022266
:1039F4000646C3F808234FF05024DFF89480D4F827
:103A04001824D4F81834D20315D503F00303022B79
:103A140001D0012F0FD16DB386F31188BFF36F8FDF
:103A2400BDE8F081EFF31186202383F31288BFF3FE
:103A34006F8F0125DFE7C5B1304605F0E8F9D4F80A
:103A44001835DBB2012BDAD1D4F80421002AD6D000
:103A54000022C4F80421D4F804210222C4F8182551
:103A64002022C8F88021A360C9E70021212007F0A3
:103A740091FCE4E74FF050230222C3F80423CFE77C
:103A8400C4320120B4320120E432012074580520EC
:103A940000E100E000F1744000F5A6000A289ABF96
:103AA400024B33F910006FF00F0070472ABD00007D
:103AB400024B0B6001231360704700BFC0BA0000C3
:103AC4000048704754BA00000268154BFF2A08BF2B
:103AD4004FF0FF32C3F824254268FF2A08BF4FF095
:103AE400FF32C3F828258268FF2A08BF4FF0FF324F
:103AF400C3F83025C268FF2A08BF4FF0FF32C3F86D
:103B040034250269FF2A08BF4FF0FF32C3F8382575
:103B14004269FF2A08BF4FF0FF32C3F83C257047C3
:103B240000B00250054B994206D14FF0FF324FF0DE
:103B3400FF33103003F0AABE704700BF0000AD0B86
:103B44002DE9FF470F4605461E4690464168002A68
:103B540077D0002B75D0042B01D9B30771D117F09E
:103B640003046ED1002F6CDBCA6ABB19934268D878
:103B7400284605F054FB204605F020FB044648B1D6
:103B8400012005F01BFB284605F02DFB204604B060
:103B9400BDE8F087032E1CD83A460421684606F097
:103BA40036FF044601462869FFF7BCFF264B9C42BA
:103BB40034D132464146684605F095F93A46042127
:103BC400684606F021FF044601462869FFF7AAFF6C
:103BD40024E008F06043B3F1005F02D118F0030F52
:103BE4002BD0DFF864A0102EB14628BF4FF0100987
:103BF40041464A46684605F076F93A4649466846DB
:103C040006F002FF044601462869FFF78BFF54457E
:103C140004D1B6EB0906C8444F44E4D12046FFF76B
:103C240039FF0446012005F0C9FA0646284605F086
:103C3400DAFA002C08BF3446A8E73A463146404633
:103C4400BFE76FF01504A1E70000AD0B2DE9F04FBD
:103C5400824688461C46174685B0002A00F08F80AD
:103C6400002B00F088800029C0F289804268CB18BC
:103C7400D26A934200F28380C8F1000505F003057F
:103C840005F0CDFAA54228BF25467B4203F0030385
:103C940007F0030658BF5E42764206F00306A642CA
:103CA40028BF2646631BA41B24F0030423F0030946
:103CB400A145C8BFA14603F0030BC8BFA3EB040B87
:103CC400B9F1000F18D0BB1908EB05024946184694
:103CD400019306F09CFE04460146DAF81000FFF753
:103CE40021FF284A94423DD1B54205D0019B4A4662
:103CF4001946781905F0E0F8C5B1C5F104060421A8
:103D0400A8EB060202A806F082FE04460146DAF891
:103D14001000FFF707FF1B4B9C4223D106F1080359
:103D24002A4638460DEB030105F0DDF8BBF1000F20
:103D340017D0082108EB05024A440DEB010006F0F8
:103D440066FE04460146DAF81000FFF7EBFE0D4B61
:103D54009C4207D109EB05005A4602A9384405F0F4
:103D6400C2F8084C504605F03EFA204605B0BDE8BE
:103D7400F04FFFF78FBE184605B0BDE8F08F6FF027
:103D84001500F9E70000AD0B2DE9F047C1F30B0373
:103D940007460E461546D0F804C0002A6BD0C2F37D
:103DA4000B0252EA030466D1002964DBDCF82C2000
:103DB4004B1993425FD805F032FA2046D7F80480B5
:103DC40005F0FCF9044600284FD1DFF8B090D8F88C
:103DD4002C30AB4221D106F01DFEAA4604462146F2
:103DE4003869FFF79FFE4C452CD15644A5EB0A05D4
:103DF40000214FF4A47007F0CDFA05F0C4F9041EB5
:103E040030DB14F00104F3D1002DE0D1012005F0E2
:103E1400D5F9002C08BF044627E0B5F5803F09D347
:103E2400B3B2A3B93146012003F0E6F94FF4803A66
:103E34000446D4E7B5F5805F09D211493869FFF724
:103E440071FE0F4C2046FFF725FE0446DEE7C6F35D
:103E54000B000028F1D1314603F0CEF94FF4805A1B
:103E64000446BCE7012005F0A9F9384605F0BBF982
:103E74002046BDE8F0876FF01504F9E70000AD0BAC
:103E84000400AD0B2DE9F047436890B05D6B074625
:103E9400002128460AAA05F063FA041E7BDB0A9B6C
:103EA4002A681979186800F0A1FB041E73DB00224C
:103EB40001212B20FFF7AAF800264FF05023C3F866
:103EC400B865072007F012F9D7F804803A6940462C
:103ED400564903F0EBF8FFF7DDFD041E51DB544DAA
:103EE4000AAC0FCD0FC495E80300AB230DF1040910
:103EF40084E803000196C9E901668DF804304D4B4E
:103F04000AA8D3F8242504ADD2B20492D3F8282504
:103F1400D2B20592D3F83025D2B20692D3F8342522
:103F2400D2B20792D3F83825D2B20892D3F83C35EE
:103F3400DBB20993FFF7C8FD012003F035F9014610
:103F44002846FFF7C1FD3C4B994228D131464846EB
:103F540005F0E8F8041E14DB232007F0C7F84FF03F
:103F6400030A9F2331460AA8CDE90A66CDF81090CA
:103F7400CDF814A08DF828300C9505F0D3F8041E64
:103F840010DA4FF050230222C3F8B82503F02AF9BF
:103F940008B103F015F9204610B0BDE8F0876FF0C2
:103FA4000404EEE75246494608F1300004F074FF79
:103FB4000446002834D17A68537F023B012B2DD963
:103FC400167F023E022E8CBF0026012605F0DBF888
:103FD400002828DBC2B2C0F380108642D1D000236F
:103FE400012182F040020AA8ADF800300A938DF84E
:103FF4000020CDF810D005910C938DF828100B9566
:1040040005F090F804460028BBD105F0BCF8041E66
:1040140001DBE307F9D404EAE474B2E70126D5E747
:104024006FF01204ADE70446ABE700BF1D9100003A
:1040340090B8000000B002500000AD0B024B0B60C2
:1040440001231360704700BF6C33012000487047A0
:10405400C8BA000010B501220648114607F0F7F867
:1040640006F0BFFC044C206006F0B8FC6060002041
:1040740010BD00BF743301206C33012070B50C46B1
:10408400154606F0ABFC29460646204605F0EFF837
:1040940008B3B4FBF6F306FB1343E3B9B5FBF6F33D
:1040A40006FB1353BBB9AE4201D9002070BD4FF0DB
:1040B400FF324FF0FF33094803F0E8FB06F08EFCB3
:1040C4000646204602F020FDAD1B3444F9D10348D6
:1040D40003F0A8FBE9E76FF01500E7E7743301206C
:1040E4002DE9F0410D461946284616461C4605F0B2
:1040F400BEF8C8B314B90020BDE8F0814FF0FF3218
:104104004FF0FF331A4803F0C1FB15F003070CD03E
:10411400C7F10407A74228BF2746314628463A4636
:1041240002F020FD3D443E44E41B002724F0030834
:10413400B84507EB050012D16FF00302A30802FB98
:1041440003421AB106EB080102F00CFD094AD2F849
:104154000034DB07FBD5064803F064FBCBE7F159D9
:1041640002F0F0FC0437E3E76FF01500C4E700BF8A
:104174007433012000900350024B0B600123136041
:10418400704700BFD0BA000000487047D8BA00009A
:10419400B1F5802F2DE9F7430D4617461C462ED264
:1041A400C1F580239C422AD841EA040616F003068E
:1041B40025D10422FF210DEB020004F09FFEDFF85D
:1041C400448008EB0509A64209D33A4608EB0503E7
:1041D4003C44A2420CD1002003B0BDE8F083042289
:1041E40009EB06010DEB020004F056FE0436EAE783
:1041F400197812F8010B014003F8011BE9E76FF08D
:104204001500E9E752580120B1F5802F104608B592
:104214001A4609D2C1F580239A4205D8044B1944A1
:1042240004F061FE002008BD6FF01500FBE700BF3D
:1042340052580120B1F5802F70B51DD2C1F58023ED
:104244009A4219D841EA0206C6F30B06A6B90C4CE9
:1042540021F47F6121F00F01150B0C44AE4201D112
:10426400002070BD20464FF48052FF2104F046FE2A
:10427400013604F58054F1E76FF01500F1E700BF53
:104284005258012008B54FF48022FF21024804F05F
:1042940035FE002008BD00BF525801204FF4802392
:1042A40001480B60704700BF52580120F0B54068C8
:1042B40001F01F04057B87B044EA45140569002D0D
:1042C40063D0B2F5001F00F1100506D1214628463F
:1042D40006F06CFB002007B0F0BD0027B2F5800F9C
:1042E40001AE0197776039D1B3F1007F14BF052384
:1042F40004238DF804300023CDE904630393836819
:1043040023FA01F111F001011AD1B2F1A07F17D102
:1043140004F01F03620903F180032AD0012A3AD171
:104324001E4A52F82330DB070AD40DF10306324645
:104334002146284602F03EFA194B98421BD00296B9
:104344002146284603AA02F0F1F8164B98421FD1E1
:1043540001222146284602F08FFABBE7B3F1C06F71
:1043640005D0B3F1007F14BF01230223C1E7032367
:10437400BFE70D4AD5E73146284602F077FA094BE4
:104384009842DCD06FF00B00A5E76FF08500A2E740
:104394006FF015009FE751F82330FFDE00288450AA
:1043A4000400AD0B0000AD0B0025845038B5456802
:1043B4002B69B3B11035284602F048FA044680B997
:1043C4000146284602F010FA084B98420BD12246C7
:1043D4002846074902F0E8F9224605210D20FEF798
:1043E40015FE002038BD6FF00400FBE70000AD0BA4
:1043F400F94300004209034670B502D0012A17D0E0
:1044040070BD0D4E326951680029F9D0012503F0C1
:104414001F030C689D400029F2D08A682A4002D00C
:1044240030464B6898472CB1236821461C46F2E776
:10443400024EE7E72346F8E72CB5000018B5000064
:104444002DE9F04340F206354668D00648BF032004
:10445400337B02EA050558BFC2F3401087B001F070
:104464001F07B5F5837F144647EA43178DF8030009
:1044740044D00FD8062D18D007D8B5B1022D3FD09F
:104484006FF0150007B0BDE8F083B5F5807FF7D174
:1044940001250AE040F20222954233D0B5F5407F6F
:1044A40032D0B5F5007FEBD102250123220303FAB4
:1044B40001F12BD573689960326972BB07F01F0351
:1044C4007F0928D0012F75D13C4A02EB830284F482
:1044D4008033D2F80012C3F30043C4F3404444EAE7
:1044E400430421F4706144EA800421F00F0144EA9A
:1044F40005230B43C2F800320020C3E70725D4E7A5
:104504000425D2E70525D0E70325CEE7630344BF9E
:104514007368D960D0E72A4AD7E71036394630465F
:104524000DF1020202F046F914F4403F80460CD12A
:104534003946304606F038FA224B9845DCD13046ED
:104544009DF8021002F08CF9D6E74FF0000901AB98
:104554003946304603AACDE90439CDE90199CDF8AD
:104564000C9001F0E3FF174B984289D114F4003307
:1045740015D09DF8033084F48034C4F300448DF8DE
:104584000E3039464B46304603AA8DF80C508DF850
:104594000D4002F087F80B4B9842CDD070E7CDE97F
:1045A400043339460DF10303304603AA039301F0A3
:1045B400BDFFF0E7803352F82330FFDE002884503B
:1045C400002584500000AD0B036803F01F025B0953
:1045D400026004D0012B034818BF00207047024832
:1045E400704700BF00288450002584502DE9F04F07
:1045F4001546834640F2FF18DFF88891DFF888A15A
:1046040085B000EB8101594503D1002005B0BDE818
:10461400F08FDBF80030C3F3C322082AC3F3080485
:1046240000F2AA801B0E444508BF4FF0FF3419F86E
:104634000270222B00F2A380DFE803F012191F227C
:10464400252B22A1A1A1A13A67A1A1A1A1A1A1A168
:10465400A1A16A7F8285A1A1A1888F9295989B00D0
:10466400C5F80C45601C5DD10BF1040BCBE7C5F814
:104674001445621CF8D000265DE0C5F80845F1E752
:10468400C5F81045F5E7631CC5F80845ECD00026CD
:1046940004E0661CC5F80C45E6D0012603A8039483
:1046A400FFF792FF0122039B02FA03F3C36008E0C1
:1046B400C5F80845002FDCD1631CD5D00026062799
:1046C4003246DBF80030039403F40040002818BF9E
:1046D400002203A818BF012601930092FFF774FF7C
:1046E400039C019B00EB8400D0F80042C3F3412CEF
:1046F400009A3B0243EA8C03134304EA0A0423436B
:1047040043EA4603C0F80032AEE7C5F80C45D1E7EA
:10471400C5F86045601CDBF80030A5D0C3F3004346
:10472400002BBAD0012603A80394FFF74DFF039B87
:1047340006FA03F383603246C3E7C5F86445E9E744
:10474400C5F86845E6E7C5F86C45E3E7C5F82445D0
:10475400621C89D001260022B3E7C5F8284581E709
:10476400C5F83045F4E7C5F83445F1E7C5F83845F0
:10477400EEE7C5F83C4575E76FF0150046E76FF0C6
:10478400850043E739C10000F0F0FCFF2DE9F0415A
:1047940004460D46476806F066FD4FF0200888B9C8
:1047A400264B1B7873B16426606804F090FEF0B960
:1047B400012006F068F8013EF6D10021212006F020
:1047C400E9FDF0E7EFF31186314688F31288BFF371
:1047D4006F8F606804F07BFEA8B986F31188BFF37D
:1047E4006F8FEFE786F31188BFF36F8FE5E7EFF381
:1047F4001186314688F31288BFF36F8F606804F026
:1048040066FE0028EED0FB6900201D706368FA691B
:104814001B68C3F844250122C3F84825C3F82001C6
:10482400D3F82041C3F85801D3F858019A6081F3B2
:104834001188BFF36F8FBDE8F08100BF7458052065
:10484400F7B50546002201210820FEF7DFFB08200A
:10485400FEF7ACFB6B681A691868C0F82425997DCB
:104864005A7D0A43198B1B7D0B431343C0F86C35E7
:104874006E68D6E9004313F0010348D02F6907F1AD
:104884000C0001F0E9FB304B98425AD1387B04F11B
:104894000C0204F5907106F002F8387B012707FA40
:1048A40000F001F0D3FB0823C4F80035F369C4F821
:1048B40044350023C4F84835A760D4F85831002B98
:1048C400FBD00021C4F800156B6801AADC682046FF
:1048D40004F046FD002805DB019B2268197918685D
:1048E400FFF784FE08216A681368C3F80015117A7B
:1048F40051B9126AC3F834250122C3F83825C3F824
:104904001011D3F810111A60002003B0F0BD082272
:10491400C4F80025F269C4F84425C4F848350123D5
:10492400A360D4F82031002BFBD00023C4F820313D
:10493400D4F820310123E3604FF48073C4F80433C6
:10494400BBE76FF00400E0E70000AD0B01238340F8
:1049540070B5DC430B4AD2E8EF1F01EA0405C2E854
:10496400E65F002EF7D14FF4803282400648C0F84B
:104974000823BFF35F8FBFF36F8F0B4214BF012077
:10498400002070BDA03301200050015070B40E49C6
:1049940022F07F46D1E90034D01AC31844F1000450
:1049A400C1E90034A6F50013B3F5400F09D2074B53
:1049B4001B681A0A1B069C19054B42F10005C3E942
:1049C400004570BC03F000BB40220020A43301204A
:1049D40048220020D9B101230D4A8340D2E8EFCF09
:1049E4004CEA030CC2E8E1CF0029F7D14FF480333D
:1049F400084A8340C2F80433074BD3E8AF3FC340AF
:104A0400DB0742BF4FF40012044BC3F80021704788
:104A1400A0330120005001509C33012000E100E04C
:104A24000D4B1868010A0006BFF35F8F0B4BD3F8D8
:104A34000435181841F10001B3F5801F0AD2084B60
:104A4400D3E90023904271EB030303D210F1807089
:104A540041F10001704700BFA43301200050015010
:104A6400482200202DE9F04F85B016461F46044623
:104A74009DF840A0FFF76AFF0190FFF7D1FFB04215
:104A840071EB070352D23B4B301A67EB010198429A
:104A940071F100014DD2384B03EB0413D3E9022327
:104AA4009F4208BF964258D04FF48038334908FAE1
:104AB40004F8204626F07F4BC1F8488304F0A0FD9B
:104AC4004FF00309584604F15005AD00ADB205F1AD
:104AD400502504F5A87305F580350293029A20F059
:104AE4007F4341F82230C1F84483D1F80435244A85
:104AF400C01A033820F07F4090422ED9286868B14C
:104B0400D1F80435A3EB0B0020F07F40B0F5000F83
:104B1400039322D9204604F073FD039BBAF1000FDE
:104B240007D109EB030009F10109D7E7BAF1000F36
:104B340009D06FF0150520460199FFF74BFF284671
:104B440005B0BDE8F08F01230E4AA340D2E8EF0F71
:104B54001843C2E8E10F0029F8D107490E98230150
:104B6400C8500F9B01EB04120025C2E90267536091
:104B7400E1E700BF01008000302200200050015016
:104B8400FDFF7F009C33012030B54FF0FF3000243F
:104B94004FF0FF31194D1A4B4FF40012C5F808338A
:104BA400C5F84833174BC5F80845C3E902014FF46B
:104BB4008033C5F804330223C5F80433124B85B09F
:104BC4000121C3F8802115202246FEF71FFA152083
:104BD400FEF7ECF901230D4AAB602B6013600C4B1C
:104BE4000C4A009320460023CDE90144FFF73AFF25
:104BF4002046FEF7D3FE204605B030BD00500150DC
:104C040003000F003022002000E100E0A033012067
:104C140091490000FFFF7F002DE9F7432E4BD3F8A5
:104C2400042390070BD5D3F8042142B10022C3F822
:104C340004212A4AD3F80431136801331360264A45
:104C4400D2F80433D90326D5254BD3E8EF1F21F03E
:104C54000100C3E8E40F002CF7D1CB0702D4D2F84B
:104C64004031C3B100251C4CC4F84051D4F8403144
:104C7400FFF7D6FEEFF31182202383F31288BFF3EC
:104C84006F8F184BD3E90267B042B94106D282F361
:104C94001188BFF36F8F03B0BDE8F0834FF0FF3886
:104CA400D3E900104FF0FF391D60C3E902894FF4C6
:104CB4008033C4F84833C4F84051D4F8403182F307
:104CC4001188BFF36F8F0029E5D0009032463B4630
:104CD40028468847DFE700BF00500150A433012075
:104CE4009C3301203022002030B5431C124C85B087
:104CF40005D08442A8BF0446012CB8BF0124FFF7A5
:104D04008FFE0E4B0C4DD3E90013401AB0F5000F83
:104D14000FD22218AA4228BF2A4600205218084956
:104D2400CDE90100009143F10003FFF79BFE05B0BC
:104D340030BD2A46F1E700BFFFFF7F00402200207C
:104D44009149000008B5FFF76BFE024B1B68C01ABF
:104D540008BD00BF40220020012310B5074C1520D8
:104D64006360FEF731F94FF40012054BC4F80833C1
:104D7400C4F84833034BC3F8802110BD00500150E0
:104D840003000F0000E100E040EA0103C3F30D0358
:104D940030B58BB940F21515094C890BC0F3873037
:104DA400994201D1002030BDC218D2B202F5C072BE
:104DB40044F822500133F3E76FF01500F3E700BF26
:104DC400003000504FF0005318680D4B984210D03B
:104DD40003F11C53A3F58B13A3F6CC5398420AD0CA
:104DE400084B984209D0084B98420CBF042002207B
:104DF400704700207047032070470120704700BFB0
:104E0400B6B3B4B55DCE03F1EC49F2B608B5FFF71D
:104E1400D9FF30B1034806F016FB0022024BC3F859
:104E2400402408BDA8210020003000502DE9F041A5
:104E34004FF0502315460122C3F81426002858D0F9
:104E4400002956D04FF0005302F13642A2F14B1222
:104E5400A2F59842C3E900204FF408429960DA6051
:104E6400FFF7B0FF4FF47F03D3F830210646072A3B
:104E7400D3F834312DD1023B032B02D81E4AD35C24
:104E84003BB34FF050244FF0010800270520C4F82D
:104E94001886C4F8147605F0F6FC4046C4F8148667
:104EA40005F0F1FCC4F81476C4F81876FDB1134C7F
:104EB400204606F01BF9FFF785FF8642F8D002284A
:104EC4000F4B0CD100226FF00D00C3F84024BDE855
:104ED400F0814FF050230022C3F81426E6E74FF088
:104EE40050220121C2F814160022C3F840240020E5
:104EF400EDE76FF01500EAE74CC1000040420F00F7
:104F04000030005010220B4B13B5C3F8402400228C
:104F1400FFF78CFF044650B94FF4004200230648C3
:104F2400CDE9002303F034F9044806F0DFF8204605
:104F340002B010BD00300050A821002040420F00F4
:104F44001022034BC3F840240122FFF76FBF00BFB8
:104F540000300050034B000240F00400C3F8000787
:104F6400704700BF00300050012803D111B9024B33
:104F740018687047014BFBE7C02300200020002085
:104F840013B50446104806F0B6F8B0B1002001A9E4
:104F9400FFF784F90D4B02689A4211D10389C16865
:104FA40018444368B3F1807F0AD91CB1FFF7C8FFE6
:104FB40002B010BDFFF7A6FFFAE76FF01200F7E7A3
:104FC4006FF03C00F4E700BF7CB500003DB8F396F9
:104FD40030B5816885B0103921F00704054603F027
:104FE40018FE10220146684603F088FF1022684626
:104FF400064903F078FF10236A462146284603F049
:10500400D4FD003818BF012005B030BD40BD0000FC
:1050140030B50D46816887B0102302AA10390446C2
:1050240003F0AEFD002802DA012007B030BD1022E3
:10503400204602A904F064FB00283AD110221E493C
:1050440002A803F029FF00280CBF012302232B70C0
:10505400204604F041FB012301460DF107022046DE
:1050640003F08EFD0028DFDB9DF80730204603F0B7
:105074000F021B096A702B7101220DF1070104F064
:105084003FFB10B96B78042B03D901236B70002309
:105094002B71A2682046183A22F00702083AA91C8C
:1050A40004F041FB0028BFD12046E91C04F057FB63
:1050B400BBE70323CBE700BF40BD00007FB56946D3
:1050C400044604F0DEFA012805D1264B694653F85C
:1050D400340004F04AFB002836D1224B02A903EB2A
:1050E400C403586804F041FB01282BD103238DF835
:1050F40008308DF80B3000249DF800509DF80860AE
:10510400194A2946107804F0EDFA18B3314650785C
:1051140004F0E8FAF0B19378042B03D09DF803105F
:10512400994217D1D378042B03D09DF80B109942E0
:1051340010D11379042B09D15079831E022B03D883
:1051440004B070BD0028D6D0FF20F9E79DF8021006
:105154009942F1D00134032C02F10602D1D101208D
:10516400EEE700BF58BB000050C10000044B1B68B1
:10517400584043085B4240421843C017704700BF81
:10518400A83301208842F0B504D00025084F043824
:10519400AA4200D1F0BD3E6850F8044F5E4024EAB4
:1051A400060451F8256001351E4034430460EFE7DE
:1051B400A83301202DE9F04F8DB01D46189B83467E
:1051C400B3F12A3F8A46179F1A9E059240F08D80BC
:1051D4003946169804F038FB012838BF01204709E6
:1051E40000F01F044FF001097B01502B34BF4B46E4
:1051F40003230A9309FA03F30B930A9B059805FA10
:1052040003F306EB8303069303EB8503079304F090
:10521400F3FC4FEA8508424600210890304603F02B
:105224006DFE079BC6F800900393089B3146CDE9B9
:105234000153059B3046199A009306EB08092B4647
:1052440004F0EBFC51464246484603F04CFE022370
:10525400494609930B9B099A934248D142463146E9
:10526400584603F040FE4FF00009CA46079B5A46D1
:105274000393089B5946CDE90153059B5846009377
:105284002B4604F0CAFC002C47D11F24013F169B77
:105294000AF1010A53F82730E34003F0010343EA1B
:1052A40049090A9B534503D0002CDFD1002FDDD1DF
:1052B400189BB3F12A3F32D1424609FB0861069894
:1052C40003F011FE079B59460393089B5846CDE90A
:1052D4000153059B069A00932B4604F09EFC002C78
:1052E400C1D1BFB90DB0BDE8F08F00247AE7079BA8
:1052F40001EB080A0393089B4A46CDE90153059B39
:10530400504600932B4604F088FC099B5146013318
:1053140009939FE7A146A246A8E7013CB7E73146B7
:105324004FF0000A0A4B2A4618681B68584080EA66
:10533400090080EA0A00FFF719FFC3430698FFF744
:1053440021FF099B0AF1010A53454144EAD1B9E717
:10535400A8330120054B01311B680132434022EA86
:10536400030208400243501E00B27047A8330120D4
:105374002DE9F04F834699B00F4618460021164692
:10538400039304F0BBFE002800F08981002401256A
:10539400774B30461493039915ABCDE90B45CDE912
:1053A4000D45CDE90F45CDE91145139304F02FFECA
:1053B400A04228DABBF1000F05D1E7B9002420464A
:1053C40019B0BDE8F08F2146584604F0A8FD044604
:1053D4000028F2D00BA804F0EFFC0DA804F0ECFCBC
:1053E4000FA804F0E9FC11A804F0E6FC0C2115A8B0
:1053F40000F032FBE3E73146384604F05BFD044637
:105404000028E7D1DAE731460BA804F053FD04463F
:105414000028DFD103990DA804F04CFD04460028B0
:10542400D8D1F1880FA80231ADF83850ADF830501A
:1054340004F0D0FC04460028CCD101460FA804F0A7
:105444006EFD04460028C5D1F18811A8023104F08C
:10545400C1FC04460028BDD10DA804F08CFD00F069
:105464001F001F2873D0C0F11F0319460BA8019316
:1054740004F0A7FD04460028ACD101990DA804F05E
:10548400A0FD04460028A5D1BDF83250BDF83A80ED
:105494000DA8A5EB080A4FEA4A19494604F091FD04
:1054A4000446002896D14FEA8A0A0DA90BA804F0F5
:1054B400DDFD00284DDA49460DA804F09FFD0446A1
:1054C400002887D108F1FF3305939B0005F1FF3ACB
:1054D400069305F1804508F18043023B013D9B00A2
:1054E400A5EB08050893AB000293059B9A4541D8A8
:1054F400BBF1000F0DD058460FA904F0DBFC0028C7
:1055040040F0C980039AB388928813FB02F3ABF886
:105514000430002F3FF45EAF01990BA804F06EFD38
:10552400002840F0B880B3880BA93846ADF8303075
:1055340004F0C0FC0146002840F0AF80384604F077
:10554400DDFD00287FF446AF0123BB8042E70194D0
:105554009AE70F9A0BA952F80A300846013342F829
:105564000A300DAA04F0AFFE044600289DD031E7AE
:10557400010003000D9B069A04931344DDF82C905C
:105584000793049B4FEA8A089A5859F82A10A8F1FD
:1055940004030F9D0993029B91421D4476D2A8F106
:1055A4000400002359F80000FAF7D2FD002914BFC3
:1055B4004FF0FF330346BAF1010F2B600EBF0023F7
:1055C40009EB080353F8083C1593A8F1040359F8B0
:1055D4000330169359F80830DDF8108017932B68C0
:1055E40001332B60089B98442B680021013B2B60FE
:1055F40011A804F094FC00284DD1059B002B48D041
:10560400D8F80020119B11A91A60079A084612685D
:105614005A602A6804F05BFE00283CD113A911A843
:1056240004F024FD0028DFDC2A680DA911A804F089
:105634004EFE80BB029B11A84FEAC308414604F00A
:10564400C0FC40BB0BA9084611AA04F03CFE01466D
:1056540018BB0BA804F052FD002812DA0DA911A8FA
:1056640004F028FCB8B9414611A804F0AAFC90B98A
:105674000BA9084611AA04F023FE60B92B68013B6C
:105684002B60029B0AF1FF3A043B2DE74FF0FF33F6
:1056940091E7059AB6E704469CE60C469AE66FF055
:1056A4000B048CE62DE9F74F90461F4A0646156811
:1056B4000F464540ED43002B14BF9A468A4600240A
:1056C4000C9B04F104094B4505D20C9B9C4220D34E
:1056D40003B0BDE8F08F042208EB04010DEB0200D7
:1056E40003F001FC019A0AEB040106EA020B04220E
:1056F4000DEB020003F0F7FB019A38192A4042EA45
:105704000B02019204220DEB020103F0ECFB4C4668
:10571400D6E718F804301AF8042033402A4013431B
:105724003B550134D1E700BFA833012009280248C2
:1057340018BF0020704700BF62C1000001680E4A14
:105744000346914215D1C169A2F11022A2F1EF12D0
:1057540091420ED18268012A0BD8C26812B1016944
:105764008A4206D0586928B19B691B1A584258418D
:1057740070470120704700BF55AA00FF70B50D4B5C
:105784009E68A6B13046FFF7D9FF044678B9F3689E
:105794006BB935690DB9204670BD2846FFF7CEFFB9
:1057A40028B9EB68B34202D12E462D69F2E70124F1
:1057B400F1E700BFAC3301202DE9F8433F4F3C68CB
:1057C400D4B1BC68C4B100284AD0002948D001FB38
:1057D40000F5B5FBF0F0884242D1281D40D8A90756
:1057E4000DD025F003060436FC6803E06368B34279
:1057F40038D2A469002CF9D12046BDE8F8832E469E
:10580400F2E7FB6041E006F120016318203A5A6098
:105814000022C3E902242A4822691A6160502949F6
:10582400D96102B1D36062695A61A1699961AAB16F
:1058340093619A6902B153614FF001092361002316
:10584400C4E90169C4E905333B69DB072ED5FFF7D9
:1058540095FF58B31C4B48461B6826E0FB60E8E7FD
:105864000024C9E7A3681BB1174B01201B689847A4
:10587400626804F12008921B232AC4D80123A36080
:10588400D4E90523002ABCD09361A3690BB16269F2
:105894005A610023C4E905333B69DA0706D5FFF7EB
:1058A4006DFF18B10120084B1B6898472A46002158
:1058B4004046444603F022FB9EE700BFAC33012080
:1058C40055AA00FF669911EE8420002070B50546A4
:1058D400002800F08880444E3368002B00F0838059
:1058E400B268002A7FD0834203D872681344984276
:1058F40003D33E4B01201B689847A5F120042046A2
:10590400FFF71CFF18B1394B01201B68984755F865
:10591400183C012B03D0354B01201B68984700230A
:1059240045F8183C55F8143C3BB39A682ABB55F823
:105934001C2C02F120015A680A445A6055E90532C8
:105944001A6155F8145C2B6903B1DD602022002133
:10595400204603F0D3FA286910B18368002B2ED0B7
:1059640033699B073FD5FFF709FF00283BD0BDE80B
:1059740070401E4B01201B68184755F8100C002876
:105984002AD0836843BB426863681344203363604E
:1059940003692361D4E905239AB9CBB943696361E7
:1059A4008269A261B3B19C61A36903B15C6123699B
:1059B40003B1DC602022002103F0A0FAD0E72C46DA
:1059C400E1E79361A369002BE8D062695A61E5E7D6
:1059D400F360F7E7F460E7E7F36845F8083C03B1E0
:1059E4005C61F460BCE770BDAC330120842000200E
:1059F40038B50C46142200210546134803F07EFAFC
:105A04001249134800F040F8232C1CD915F0030365
:105A14001FBF043CE418C3F10403ED18224600211F
:105A2400284603F06BFA084B0A49C3E90054203CAA
:105A34009D606C609A6811609A68A1F11021A1F1CF
:105A4400EF11D161DA6038BDAC330120D1580000C8
:105A5400BD57000055AA00FF10B50A46044619B107
:105A6400024B00211B68984710BD00BF8020002016
:105A7400014B1B68184700BF8C200020014B1B689A
:105A8400184700BF88200020024B1860024B0020FA
:105A9400196070478C20002088200020F8B500F1A0
:105AA40008064768044630460D4604F068FA874203
:105AB4004BD16368B3F5806F47D80021304604F0BA
:105AC4001DFB002841DD0021304604F044FAE0B318
:105AD40045B9294604F1100004F010FB002834DD18
:105AE4000020F8BD04F120050021284604F006FB3F
:105AF40000282ADD0021284604F02DFA28B304F1F9
:105B040028050021284604F0F9FA00281DDD0021AB
:105B1400284604F020FAC0B1002104F1100004F07A
:105B2400EDFA002811DD002104F1300004F0E6FA5A
:105B340000280ADD002104F1380004F0DFFA00280F
:105B440003DD002104F14000C6E70148C9E700BFB6
:105B540080BFFFFF012970B505460E46144601D9E2
:105B6400074870BD03D00020C5E91C64F9E7002A8A
:105B7400F9D01046FFF7DAFD0028F4D1F0E700BFB2
:105B840000BFFFFF70B500210446FFF787FF0546FD
:105B940010B10E4D284670BD04F10806304604F0DD
:105BA400EAF97F28F5D910342946204604F0D3F9C0
:105BB4000028EED0204604F0DEF90128E9D9314668
:105BC400204604F053FA0028E4DBE2E700BEFFFFBE
:105BD400F0B50C4685B0002105461646FFF75EFF7A
:105BE400002839D102A804F0E2F821466A6802A824
:105BF40004F0CBF9044618B102A804F0DDF80CE077
:105C040005F10804214602A804F030FA002807DB55
:105C140002A804F0D1F86FF00304A4F5854418E059
:105C240005F1480302A96F680846009305F11002C4
:105C3400234604F09CFC04460028DDD13A46314654
:105C440002A804F0B8F9044602A804F0B5F8002C40
:105C5400E3D1204605B0F0BD004CFAE780BFFFFF5A
:105C640003460846C1B9C3E910110D4A0D49DFF8CE
:105C740038C0C3E912120D4A0D49C3E914C20D4AD2
:105C8400C3E916120C4A1A6602F17452A2F52302F1
:105C9400A2F692425A6670476FF07300704700BFD5
:105CA40085AE67BB67E6096A72F36E3C3AF54FA5A9
:105CB4007F520E518C68059BABD9831F2DE9F04FA1
:105CC400CFB000F1640300F144070DF58A79009325
:105CD4004A463B46019153F8041F42F8041F0099B9
:105CE4009942F8D104AD4FF000082C46DFF8F8A033
:105CF400B8F10F0F61D8019B042203EB880103A8BC
:105D040003F0F1F8039804F0D2FCA860D4F818C1A9
:105D1400D4E947634FEAFC227340D4F8206182EA55
:105D2400BC1203EA0C0382EA7C6273401344D4F885
:105D340024215AF8041B1344D4F810610B4403447F
:105D4400D4E9421E4FEA713041EA0E0280EAB10002
:105D5400324001EA0E0B80EAB15042EA0B020244DF
:105D6400D4F81401626018441344D4F8202108F1D3
:105D74000108C4F82421D4F81C21B8F1400FC4E967
:105D840047C2C4E944E6C4E942312360C4F81801B7
:105D940005F10405ACD157F8043F59F8042F134416
:105DA4003B60009BBB42F6D104A84FF49471FFF70B
:105DB40053FE00204FB0BDE8F08F2B6855F8382C07
:105DC4004FEAF34080EA734080EA932055F8143C8C
:105DD40055F8341C134418444FEAB14383EAF113D1
:105DE40083EAD103184490E768BB00004FF47F03B3
:105DF400D3F83021D3F83431072A05D1023B032BE1
:105E040002D8024AD05C7047002070476DC1000080
:105E140008B5FFF7EBFF58B1644BD3F8202A3AB921
:105E24000D21C3F8201A0121C3F81C19C3F81C2939
:105E34000022D30003F57F03D3F80013013107D008
:105E4400D3F800130132D3F80433202A0B60F0D1C5
:105E5400FFF7CCFF002840F0A080FFF7C7FF40B158
:105E6400534B544AC3F830254FF050230122C3F852
:105E740058254FF47F03D3F83021D3F83431072A5F
:105E840009D1023B032B06D84B4AD35C1BB1002239
:105E94004A4BC3F84C25FFF7A9FF50B14FF05023EC
:105EA400D3F80024D10742BF0022C3F81421C3F859
:105EB40018214FF47F03D3F83021D3F83431072A63
:105EC40009D14FF05023D3F80024D20744BF6FF018
:105ED4000102C3F80024FFF789FF18B16522334B90
:105EE400C3F80C274FF47F03D3F83021D3F83431AF
:105EF400072A16D1314BD3F82034002B11DA4FF096
:105F040050230322C3F8182501229A60D3F80421F0
:105F1400002AFBD00022C3F804210122DA60C3F86E
:105F240018254FF47F03D3F83021D3F83431072AEE
:105F340023D1023B032B02D8214AD35CEBB17E224E
:105F44001A4B1B49C3F80C27C3F83C297F231D4A6D
:105F5400C2F818310023C1F8043EC1F8083E01F527
:105F64004821C1F81031C2F82431C2F82C3102F5AD
:105F7400FF1202F58052C2F8A032134AD2F88C30D4
:105F840043F44063C2F88C30104A114B1168C3F8D3
:105F94004415D269C3F84C2508BD2922034BC3F824
:105FA4000C270322C3F83C2757E700BF00400050EA
:105FB400009003504400EFBE69C10000002003506C
:105FC40065C100000020005000ED00E00080FF00EB
:105FD4000060005030B50468ACB1B4FA84F3012217
:105FE400C3F11F03DBB29A4024EA0202D0E8EF5F58
:105FF400A54204D1C0E8EC2FBCF1000FF6D1EAD1E0
:1060040002480B7030BD0248FCE700BF0000AD0B36
:106014000200AD0B10B50368CB40DB0710D401239D
:106024008B40026843EA0201D0E8EF4F944204D166
:10603400C0E8EC1FBCF1000FF6D1F2D1014810BD4D
:106044000148FCE70000AD0B0400AD0B014BC3F8A5
:1060540004057047007001500146014800F044B93E
:10606400942000200328F7B506462ED84FF050217F
:10607400364B374A33F81000925DC1F80803002507
:106084000A44012142F210744FF05027314B116041
:1060940033F816308E4203F150231D601B688DF8CF
:1060A400071008BF0DF10705022E32D0032E40D091
:1060B400012E1CD0D7F8183403F480333DB923B132
:1060C400012004F0E0FB013CF0D103B0F0BDD7F8AF
:1060D400182402F003022A70002BF6D09DF8070062
:1060E4000128F2D104F0CFFB013CDDD1EDE7D7F874
:1060F4000C3403F480333DB9002BE6D0012004F0C6
:10610400C2FB013CF3D1E0E7D7F80C2402F0010212
:10611400E1E7D7F85C3403F480333DB9002BD4D0E5
:10612400012004F0B0FB013CF3D1CEE7D7F85C24A6
:10613400ECE7D7F85434DB03C7D5002DCED10120CA
:1061440004F0A1FB013CF4D1BFE700BF58BD00003F
:1061540071C1000050BD0000044B1A7922B901221C
:1061640018601A710248704702487047C033012012
:106174000000AD0B0C00AD0B08B50A4B1B6833B126
:106184000520FCF735FF10B90520FCF70FFF4FF091
:1061940050230122C3F81825C3F81425C3F8802519
:1061A40008BD00BFC033012010B5032845D8DFE87F
:1061B40000F01802554F00224FF480730121002093
:1061C40003F1502318601C68012402F1502214606A
:1061D400284A1268002A47D04FF05023C3F804130A
:1061E4002BE04FF05023D3F81814D3F81824C90324
:1061F40012D502F00303022B05D0012B02D000209C
:10620400FFF730FF01234FF050220221C2F8183566
:1062140008224FF48273D2E7D3F81424D207F1D5BD
:10622400D3F81C2402F00302013A012AE7D8114AE8
:1062340012681AB10222C3F8042310BDD3F8042152
:10624400002AFBD00022C3F80421D3F80431F4E778
:1062540018224FF490734FF48071B0E720224FF46A
:1062640092734FF40071AAE71A68002AFCD01860F0
:106274001B68E2E7C0330120F8B54FF05023012535
:106284000026D3F80443174F04B9F8BDB4FA84F0D8
:10629400C0F11F00830003F580739BB203F1502308
:1062A40005FA00F2196892B224EA02040029EBD03C
:1062B4001E601B684FF05023022AC3F808230DD137
:1062C400D3F81814D3F8181401F00301012905D1E7
:1062D400C3F81825C3F804239960D5E73B68C0B216
:1062E4009847D1E7C03301200079024B03EB00103B
:1062F400FFF770BE9C200020036803F01F025B09B7
:10630400026004D0012B034818BF002070470248E4
:10631400704700BF0028845000258450034A430975
:10632400D35C00F01F001844C0B2704775C1000070
:1063340070B50546FFF7F2FF0C4C083034F8103006
:106344000E46DA0508D5C3F3432304EBC3022846FB
:1063540054F8333052689847A3682BB13146284625
:10636400E268BDE87040184770BD00BFAC20002053
:1063740008B5FFF7D3FF034B083033F81000400B88
:1063840008BD00BFAC20002008B5FFF7C7FF034BD2
:10639400083033F81000C0F3400008BDAC200020E2
:1063A40008B5FFF7BBFF034B083033F81000C0F308
:1063B400401008BDAC200020034611F0010010B5C8
:1063C400CCB20BD1A207C4F340000DD5074A106A22
:1063D40058601062003818BF012005E004490A6AB9
:1063E4001A600A62002AEDD010BD00BF0028845054
:1063F4000025845010B5FFF791FF124A083032F897
:106404001030D9051CD5C3F3432123F4F85322F8E3
:106414001030002002F10E0434F8023F13F4807FA0
:1064240003D0C3F3432399420AD001303028F3D177
:10643400002342F831300448BDE81040FFF7EABDBC
:1064440010BD00BFAC20002024210020F0B505467B
:1064540000200126044607468C420BD1114BD3F889
:106464007C2132B10022C3F87C21D3F87C3140F086
:106474000040F0BDE3B29B0003F580729B0806FA6E
:1064840003F31D420BD002F1A04202F55042D2F8B0
:1064940000C0BCF1000F02D0176012681843013429
:1064A400DAE700BF00D00050F7B506460846FFF70C
:1064B40035FF1A4F00F1080537F815300C46DB0795
:1064C4002AD5304604F04CFA2046FFF769FF58B14C
:1064D4002046FFF74DFF0022316800B201EB800334
:1064E400C3F81025C3F810252046FFF783FF0023C7
:1064F40001A827F815300194FFF7FEFE019B00EB7D
:106504008300D0F80022064B134043F00203C0F886
:106514000032044803B0F0BD0348FBE7AC20002080
:10652400F0F0FCFF0000AD0B0400AD0B2DE9F043CF
:106534001646804685B00846FFF7F0FE0D463168E2
:10654400044609B32846FFF71FFF18B12846FFF792
:1065540027FF10BB00230DF10F02CDE900338DF8A6
:106564000E308DF80F3028460B460DF10E0104F065
:106574009FF9484A04F1080132F8113023F002036C
:1065840043F0010322F8113073687BB328461F7867
:106594005968FFF7F9FE10B1E9B13F4829E03D4AD7
:1065A40004F1080032F8103023F02003DB04DB0C84
:1065B40022F8103079B1032FEFD87168D1F804E0D4
:1065C400D8F800109EF800C001EB8C01A7B9C1F8FF
:1065D4001075C1F810752F4A04F1080132F8113012
:1065E40023F01C0343EA870322F81130B3683BBB52
:1065F4002A4805B0BDE8F083D1F810E543EA4C33EE
:106604002EF0030EC1F810E5D8F8001043F0200373
:1066140001EB8C0EDEF8101522F8103021F44F3106
:1066240021F44071CEF810152902DEF8108501F42A
:106634007C5141EA074141EA0801CEF81015CAE746
:106644002846D3E90067FFF7D5FE002ED0D0114DC0
:10665400D5E90023964203D19F4201D1002209E0EB
:106664000F480DF10F01FFF7B5FC0C4B9842C0D158
:106674009DF80F2005EBC20308345F6035F8143031
:1066840045F8326043EA422343F4807325F814301A
:10669400AEE700BFAC2000200400AD0B0000AD0B42
:1066A400242100202DE9F0430C46804685B0204685
:1066B40011461D46FFF732FE064629B32046FFF772
:1066C40063FE18B92046FFF76BFE18BB334F06F183
:1066D400080937F8193013F01C0F02D04B78012B3E
:1066E40018D001238DF80F3000234A1CCDE9001384
:1066F40020468B1C0DF10F0104F0DAF837F819303D
:1067040043F0030327F81930002D44D02046FFF747
:106714003BFE18B9224805B0BDE8F083002295F885
:1067240000C0D8F800301D4F03EB8C03C3F81025CC
:10673400C3F8102506F1080237F812104FEA8C0E40
:1067440021F02001C904C90C27F812106E7816B381
:10675400D8F80000AD787044D0F81035360423F42E
:10676400991323F4F853C0F81035230203F47C532F
:1067740006F440362D05D0F810E5334305F48015B2
:106784002B4341EA4C3143EA0E0341F02001C0F8A7
:10679400103527F812100348BDE700BFAC200020D5
:1067A4000400AD0B0000AD0B014BC3E902127047AE
:1067B400AC20002010B508461446FFF7F1FD50B197
:1067C4000846FFF7ABFD054B083033F8103004489A
:1067D4005B0B237010BD0348FCE700BFAC20002016
:1067E4000000AD0B0400AD0B70B5154D064695F8D1
:1067F40080401CBB2146602205F1100002F07EFBA4
:10680400214630682E6F8E420ED10023C0F87C31B1
:10681400D0F87C3140F30730FCF7C8FB012309486A
:1068240085F88030AB6770BDCBB29B0003F58072F6
:106834007C2B04BF845083580131E4E70248F2E71B
:10684400AC2000200000AD0B0C00AD0B034B93F803
:106854008000003818BF0120704700BFAC20002022
:106864000148FFF7D7BB00BF202100200148FFF7F4
:10687400B1BB00BF2021002073B503681646D3F8CE
:1068840004230546002AA8BF4FF000420846A8BFCB
:10689400C3F804230C46FFF783FD00B30846FFF753
:1068A40073FD0146D8B92046FFF762FD04B2A40087
:1068B4000346286804F5807281502968825821446F
:1068C400D1F8102542F00102C1F810252EB10122A1
:1068D400296802FA03F3C1F8043302B070BD2046FC
:1068E400FFF71CFD0E4B083033F81030C3F382035E
:1068F400042B11D0052B11D001A80194FFF7FCFC47
:10690400019A0369D34003F00103991C204602B0A5
:10691400BDE8704004F015B80321F7E70221F5E75C
:10692400AC2000202DE9F04F684BDFF8A481D3F8A8
:106934000403D8F87010C0B289B040F00040FFF7EB
:1069440085FD051E2FDAC24600235AF87C1F06A8CF
:10695400CDE90633FFF730FD4FF0000B5D4B0DF131
:1069640018090193019A12F8013B0192DA081AF806
:10697400022003F0070322FA03F3DA071CD409F117
:106984000409BBF1000F14D0D8F870104FF0004088
:10699400FFF75CFDD8F87C1006A8FFF70DFD002872
:1069A400DAD125F000450124002D76D109B0BDE8E7
:1069B400F08F4FF0010BD5E7474B5B440293D9F8B6
:1069C40000100029DBD091FAA1F1B1FA81F1029B08
:1069D4001C7841EA44142046FFF7A0FC083038F83C
:1069E4001070C808BB080393012319F8002001F0B4
:1069F400070103FA01F122EA010209F8002005A8BF
:106A04000594FFF779FC059A039B803250F8222005
:106A1400C7F382065B073746C2F3014222D52046FC
:106A24003946D6B2FFF784FC05A80594FFF764FC49
:106A3400059B803350F82330C3F301439E4207D1B2
:106A44000021204603F07DFF3146204603F079FF04
:106A540005A80594FFF750FC0122059B02FA03F3F5
:106A64000362ACE7022A0CD10321204603F069FF3C
:106A740006F00503012BEBD139462046FFF758FCFD
:106A8400E6E702212046039203F05BFF032EF3D0D6
:106A9400039A032ADCD1022EEDE795FAA5F3B3FAA3
:106AA40083F304FA03F29B0003F1A04303F550437C
:106AB400D3F81005D3F81015C0F30520C1F3014134
:106AC40025EA0205FFF734FC6EE700BF00D0005052
:106AD400AC20002085C1000085C100000022034BCA
:106AE400C3F88425C3F80425704700BF0090035001
:106AF400044AD2F80034DB07FBD50160BFF35F8F93
:106B0400704700BF0090035008B5C0F30B0383B96E
:106B14000222094BC3F88425C3F804254FF0FF3241
:106B24000260D3F80024D207FBD5FFF7D7FF034850
:106B340008BD0348FCE700BF009003500000AD0B04
:106B44000A00AD0B012208B5054BC3F88425C3F830
:106B54000425FFF7CDFFBDE80840FFF7BFBF00BF26
:106B6400009003502DE9F843154601221D4B0446BD
:106B7400C3F88425C3F8042510F003030E4610D08F
:106B8400C3F10407AF4228BF2F463A46A0EB0308DF
:106B940003F00EFF01464046FFF7AAFFED1B3C44FD
:106BA4003E44374625F00308B044A4EB0609B84533
:106BB40011D115F003020AD025F003052C447119F4
:106BC400204603F0F5FE01462046FFF791FFBDE89D
:106BD400F843FFF783BF09EB070057F8041BFFF7DF
:106BE40087FFE4E70090035000220121054B83F85E
:106BF4003820054BC3F808131961C3F80025C3F8FE
:106C040000217047C833012000B0025070B5104D08
:106C14006C6B9CB14FF47A735C430A23B4FBF3F4BA
:106C24000C4ED6F8003163B995F839304BB90A20C7
:106C340003F029FE013CF4D1074870BD4CF25034F6
:106C4400EEE795F83930002BF6D10448F5E700BF9C
:106C5400C833012000B002500700AD0B0000AD0B9B
:106C640010B500220124084BC3F80045C3F80021E5
:106C74001C6038B1FFF7CAFF044B984203D1044BA0
:106C840083F83840014810BD00B002500000AD0B3D
:106C9400C83301202DE9F04106461746984603F013
:106CA400A3FE002863D106F06043B3F1005F60D116
:106CB400B3075ED1314C94F83030012B05D04345F5
:106CC40059D194F83830002B55D000232C4AB8F110
:106CD400020F0BBFC2F81075C2F80475C2F8146530
:106CE400C2F808650CBFC2F81815C2F80C1584F870
:106CF400393023680CBF08250425C3B994F838300B
:106D04006BB100221E4B05F1A045C3F800210123FD
:106D140005F52C352B60BDE8F041FFF777BF012066
:106D2400FFF79EFF174B9842EBD1BDE8F081A368B3
:106D340023B1E6606161E7611348F6E7104AA66093
:106D44002161A76184F83080C2F800310123C2F8C0
:106D5400043394F8382002F0FF0012B9FFF780FFE3
:106D6400EAE705F1A04505F52C352B60E4E7074873
:106D7400DBE70748D9E70748D7E700BFC833012056
:106D840000B002500700AD0B0000AD0B0800AD0BC6
:106D94000A00AD0B0B00AD0B084B9A685A621A69D6
:106DA4009A629A69DA62DA689A6032B15A691A6147
:106DB400DA699A610022DA6070477047C8330120AB
:106DC40000F01F0340090FD001280FD10A4A02EB3B
:106DD4008302D2F80002094B034043EA012343F043
:106DE4000203C2F800327047054AF0E700228033FC
:106DF40052F82330FFDE00BF00288450F0F0FCFF7F
:106E04000025845010B50E4B0238D3F83C26D3F835
:106E14003836072813D8DFE800F0110F0D0B0A08E5
:106E24000604100EC871100C8871100A48710A719A
:106E34001A0ECA701A0C8A701A0A4A700B7010BDA6
:106E440000B00250023807281FD8DFE800F02927D5
:106E5400251123211F04CB791B068A7943EA0243B7
:106E64004A7943EA02230A7913430E4AC2F83C36AC
:106E7400CB781B068A7843EA02434A7843EA022322
:106E84000A781343074AC2F8383670470023E4E708
:106E94000023E5E70023E6E70023EBE70023ECE724
:106EA4000023EDE700B002500268154BFF2A08BF2B
:106EB4004FF0FF32C3F824254268FF2A08BF4FF081
:106EC400FF32C3F828258268FF2A08BF4FF0FF323B
:106ED400C3F83025C268FF2A08BF4FF0FF32C3F859
:106EE40034250269FF2A08BF4FF0FF32C3F8382562
:106EF4004269FF2A08BF4FF0FF32C3F83C257047B0
:106F040000B0025030B5194D8DB006AC0FCD0FC492
:106F140095E8030084E80300154906A8D1F8243550
:106F2400DBB20093D1F82835DBB20193D1F83035C8
:106F3400DBB20293D1F83435DBB20393D1F83835A0
:106F4400DBB20493D1F83C35DBB20593FFF7ACFF19
:106F54000023C1F8003101230B60D1F80031002B6C
:106F6400FBD06846FFF7A0FF0DB030BDA8B8000005
:106F740000B0025070B590F8293004461BB190F867
:106F84002A20002A3CD16068FF2800F08580A1688F
:106F9400FF2900F08180E268FF2A7DD025690E2D4B
:106FA4007AD1112878D1122976D10D2A74D1626947
:106FB400FF2A01D00F2A6FD1A269FF2A01D0102A1B
:106FC4006AD1BBB903211120FFF7FAFEA068FFF7CD
:106FD400F7FEE068FFF7F4FE2069FFF7F1FE606951
:106FE400FF2801D0FFF7ECFEA069FF2802D003219F
:106FF400FFF7E6FE94F82A3013B9201DFFF754FF7B
:10700400636A264E264D736394F8293086F83A3025
:107014000123C5F80833FFF775FF2368C5F8403529
:10702400A37F617F227F9B0143EAC1031343E27F75
:1070340043EAC213C5F8443594F82320D5F84435FF
:107044002ABB43F44033C5F844354FF4C063C5F854
:107054004036D5F8002694F8203022F07F4222F002
:10706400FF02134394F8212043EA026394F8222098
:1070740043EA426394F8232043EA0273C5F80036D6
:10708400336813B12B20FBF791FF064870BD23F43E
:10709400003343F48033D6E70348F7E7C8330120CD
:1070A40000B002500000AD0B0400AD0B38B50C4C21
:1070B40094F8305095B9C4E9001248B9002301226C
:1070C400C4E90233074884F8302084F8383038BDE6
:1070D400FFF750FF034B9842F9D1EFE70248F6E778
:1070E400C83301200000AD0B0C00AD0B2DE9F843B3
:1070F40004468846154603F077FC002843D1DFF8A0
:10710400909099F8300001283FD199F83830214FF8
:107114006BB30123204EC6F80833FFF7F3FEB8F132
:10712400000F2BD14FF0000889F83980C6F8008190
:10713400A37862781B0343EA022322781343E2789C
:1071440043EA4233227943EA8233627943EAC2331F
:10715400C6F83436FFF75AFDB8420CD0C6F80081A1
:107164001DB129466078FFF74DFE0C4804E0FFF797
:1071740077FDB842CDD10748BDE8F8834146607831
:10718400FFF760FECEE70648F6E70648F4E700BFDF
:10719400C83301200700AD0B00B002500000AD0B56
:1071A4000800AD0B0B00AD0B034B93F838300BB953
:1071B400FFF756BD01487047C83301200C00AD0BE2
:1071C40008B5054B93F83030012B03D1FFF70CFDC4
:1071D400024808BD0248FCE7C83301200000AD0B9B
:1071E4000B00AD0B034B93F83000003818BF01209F
:1071F400704700BFC833012070B5054603F0F4FBA7
:1072040000283AD111F0030639D11F4B1A6892B9FC
:107214001E4CC4F81C15C4F8205583F8392093F883
:1072240038300BB30023C4F800310123E360BDE818
:107234007040FFF7EBBC93F83040012C21D1134A86
:10724400C2F81C150421C2F8205583F8396083F86C
:107254003010C2F80061C2F8044393F8383053B9CF
:10726400FFF7FEFC0A4805E00120FFF7F9FC094B93
:107274009842D7D170BDD460F4E70748FAE70748CD
:10728400F8E70748F6E700BFC833012000B0025012
:107294000000AD0B0700AD0B0800AD0B0A00AD0BF1
:1072A4000B00AD0B10B5224BD3F8002192B1002294
:1072B400204CC3F8002194F8381094F8302071B9A8
:1072C4000121032A84F8381005D0042A05D0022AA3
:1072D40000D1996010BD5960FCE7D960FAE7032A30
:1072E40019D0042A19D0022A04D1012384F82030A9
:1072F400FFF752FDA36813B9012384F8303094F8E2
:10730400393003F0FF0013B9D4E900319847002362
:1073140084F82030DEE70223E8E7032284F8202003
:10732400D3F81C256262D3F8203584F82830E1E7CD
:1073340000B00250C833012070B516461D465A1CD1
:10734400036804461344C2689A4205D20821006ABD
:1073540003F00DFE002070BD32783DB1AB1E062B4C
:107364008EBF00230B4AD35C1833DAB2204603F0F5
:1073740001FE0028EED03544B54203D1A3680133A1
:10738400A360E8E723685A1C226015F8012D1A70DF
:10739400F2E700BF87C1000038B5EFF31185202361
:1073A40083F31288BFF36F8F064B9C6803F0B6FE1D
:1073B40085F31188BFF36F8F2046BDE83840FBF793
:1073C400A1BD00BF0434012038B5094B53F8204057
:1073D400013053F82050A54200D838BD636823B16A
:1073E400204603F09EFE0834F5E723689847FAE741
:1073F40068BC0000012270B52A4B032086B01A70C5
:10740400FFF7E2FFFAF7F4FC03F0A7FE0420FFF70E
:10741400DBFF254C254D2646AE4204F1300410D343
:1074240000F0A0FB204C224EAC4226D300F0AEFB71
:10743400F8F7F6FF1F4A137B23F00103137306B01A
:1074440070BD54F80C3C059354F8103C049354F864
:10745400143C039354F8183C029354F81C3C0193D5
:1074640054F8203C009354E90A2354E90C0100F039
:1074740033FA54F8303C5E65CDE7D4E90A23B3F11E
:10748400FF3F08BFB2F1FF3F05D052EA0301206875
:1074940003D100F02BFC3034C6E73146183000F03D
:1074A4001DFDF8E774580520B8B70000B8B7000010
:1074B40065B30000C822002008B50348034A002130
:1074C400121A03F046FE08BD302200207858052029
:1074D400782370B5134E012203FB0066002386B0A7
:1074E400CDE904230F220193CDE9023214234FF492
:1074F400A0720D4D0D4903FB0055044602FB00111B
:107504000B4B3046009500F0E7F9737B2C7423F0A5
:1075140004037373074B013403EBC423EE606B6005
:1075240006B070BD5022002004340120786005208C
:107534001FB2000078580520BFB50020FFF744FFB4
:107544002C4B03F5006282F3088883F30A88002435
:10755400E023294D294E85F82230EC772C766C7681
:10756400AC7685F820406B6A254F43F4E0236B62C8
:1075740085F82340FBF744FCFBF7B0FD4FF0FF33E5
:10758400AB62EB62FBF736FFFBF7CCFD40F2011276
:107594001C4B1D4D9A81B360C3E91844DC6603F0AB
:1075A400A9FD0120FFF710FF0220FFF70DFF00F0F7
:1075B4001DFB164B75610593012315494FF42052A9
:1075C400CDE9034328463B46CDE90144009400F04D
:1075D40083F906466A7B284622F004026A7303F0A4
:1075E40082FE2046FFF774FF3A4631462846FBF7F1
:1075F4005BFD00BF7858052000ED00E00434012055
:10760400F973000040230020C82200208EC100002E
:10761400B8610520002038B5054C064DAC4200D3B6
:1076240038BD204603F09AFD0028F9DB1C34F5E749
:10763400E0210020E021002073B50C46EFF3118116
:10764400202585F31288BFF36F8FC5685DB125606F
:107654002B68C360836901338361002081F311883F
:10766400BFF36F8F11E052EA030603D16FF00B00F2
:107674002560F3E7CDE900230246083000F0DCF989
:1076840018B9034B9B685B69236002B070BD00BFEF
:10769400043401202DE9F341044617461E46EFF356
:1076A4001188202383F31288BFF36F8FC368334A92
:1076B4007BB180689168884219D057EA060318D1D3
:1076C40088F31188BFF36F8F6FF00F0002B0BDE82D
:1076D400F081916891F90E100133E36093682161A0
:1076E400A36088F31188BFF36F8F0020EEE7216950
:1076F400F2E791F90E1090F90E306FF07E02994284
:10770400A8BF19469142B8BF11468B422DDD03F044
:107714008FFD054622464146CDE90076184800F023
:107724008BF90028E1D0EFF31186202383F312882C
:10773400BFF36F8FA068D0B1236821699C420AD03F
:107744004BB193F90E309942A8BF19466FF07E03EE
:107754009942B8BF194603F06BFD40B13146084861
:1077640000F0DAF96FF00A00B0E70025D2E7002D47
:10777400F4D186F31188BFF36F8FF3E7043401204B
:1077840075580520F8B583680546002B3FD0234A79
:10779400926893423ED1C368012B03D9013BC36075
:1077A4000020F8BDEFF31187202383F31288BFF381
:1077B4006F8F0169806803F03BFD2C68A54207D1F7
:1077C4000023C5E9023387F31188BFF36F8FE7E71E
:1077D400002CF5D0D4E90032002613605A60637B94
:1077E400C4E9006623F002036373A66004F1180081
:1077F40003F002FEAC6094F90E3020462B616667FC
:1078040003F071FD3946064800F086F9C8E76FF0C9
:107814001500C6E74FF0FF30C3E700BF0434012072
:107824007558052070B5EFF31186202383F3128871
:10783400BFF36F8F0468A0421AD0CCB1D4E90032F0
:10784400002513605A60637BC4E9005523F00203EA
:107854006373A56004F1180003F0CEFD204665674C
:1078640003F041FD3146BDE87040074800F054B9CB
:10787400D0E902329A4218BF0133836086F311883B
:10788400BFF36F8F70BD00BF7558052013B5EFF3BC
:107894001181202484F31288BFF36F8F846844B16C
:1078A400013C846081F31188BFF36F8F002002B024
:1078B40010BD52EA030406D181F31188BFF36F8F20
:1078C4006FF00F00F3E7CDE900230246014800F012
:1078D400B3F8ECE7755805202DE9FF410E9E00F141
:1078E400580506730426C0E9165500250446467358
:1078F4000D9EC0E906558673D61D0C9A26F0070620
:10790400C0E918168560C573856602920B9A01EB6F
:10791400060801920A9A00924246FBF7A9FB054B1E
:1079240065659B6803B1DB6E4046E36604B0BDE861
:10793400F08100BF043401206FF00A01084A936803
:107944005967084918674B6843F080534B6000231C
:1079540083F31188BFF36F8F9368586F704700BF2C
:107964000434012000ED00E070B590F90D20437B54
:10797400002A34DBDC0632D18269002A2FD11A4A6C
:1079840063F07F031146437351F8183F8B4227D1AC
:10799400D469C0E900142060D06111E09C42F8D0A1
:1079A4001B68002BF5D090F90E5093F90E60B54288
:1079B400F4D0AE42F2DD5C68C0E900342060586067
:1079C40093698B4200D003B9D3689168487BC006A1
:1079D40004D1C8897F2801D9986918B1536170BD51
:1079E400D469DEE75161FAE70434012010B590F957
:1079F4000D200146002A437B04DA03F07F0343731E
:107A040003F037FC0B4A144654F8183F9068A3421D
:107A140000D003B9D368884209D0417BC90606D196
:107A2400C1897F2903D99969002908BF0346536195
:107A340010BD00BF04340120F8B50C46DDE906761C
:107A44001146EFF31183202383F31288BFF36F8F62
:107A54000B4B9D68284603F01EFCB6F1FF3F08BFA0
:107A6400B7F1FF3F06D03A463346064905F1180000
:107A740000F034FA2046BDE8F840FFF75DBF00BFD0
:107A84000434012065B30000F8B50446EFF3118611
:107A9400202383F31288BFF36F8F437B49B2DA0646
:107AA40017D18269AAB903F07F03437303F0E1FBA2
:107AB400437B184A63F07F0381734373104650F885
:107AC400183F834224D1D569C4E900052C60D461F0
:107AD40016E00020A17386F31188BFF36F8FF8BD01
:107AE400AB42F1D01B68002BEED093F90E70B94273
:107AF400F6D08F42F4DD5968C4E900310C605C6053
:107B04009369834200D003B9D36801205361E2E74B
:107B1400D569E8E70434012049B9EFF3058030B9A9
:107B2400054B5A699B689A4201D0FFF705BF81F360
:107B34001188BFF36F8F704704340120034648B99E
:107B4400EFF3058232B9064A51699268914201D035
:107B5400FFF7F2BE83F31188BFF36F8F704700BF46
:107B640004340120EFF31181202383F31288BFF33F
:107B74006F8F054B9A68D37B013BD37381F31188D4
:107B8400BFF36F8F704700BF0434012010B4EFF3CC
:107B94001184202383F31288BFF36F8F12490846A0
:107BA4008A68D37B0133D37350F8183F834200D0E3
:107BB40003B9CB68507BC00606D1D0897F2803D98E
:107BC4009869002808BF13464B6184F31188BFF3FA
:107BD4006F8FEFF31180202383F31288BFF36F8F2D
:107BE40010BCFFF7ABBF00BF04340120024B03F10C
:107BF4001802C3E9062270470434012070B4EFF37D
:107C04001180202383F31288BFF36F8F174A94687F
:107C1400D5692368AC4214BF194600216468236007
:107C24005C609368D46929B91149C3E900142360DD
:107C3400D3610CE093F90E5091F90E60B54210D067
:107C4400AE420EDD4C68C3E9001423604B609369B7
:107C540007498B4200D003B9D368536170BCFFF766
:107C64006BBEA142E0D00968DDE700BF0434012007
:107C74001C34012050EA01032DE9F04105460E466B
:107C840004D1FFF7BBFF0020BDE8F081831C71F134
:107C9400FF3322DB03F0D1FB4419EFF311882023D7
:107CA40083F31288BFF36F8F0E4FB868FFF79EFE01
:107CB400B8680D492A463346183000F00FF9BA68FF
:107CC4004046537B43F004035373FFF735FE03F040
:107CD400B4FB201A20EAE070D6E76FF00104241AFE
:107CE400DBE700BF0434012065B3000038B5044667
:107CF400183003F081FBEFF31185202383F31288FE
:107D0400BFF36F8F637B5A0704D485F31188BFF3E5
:107D14006F8F38BD23F0040320466373FFF724FEFE
:107D2400EFF30583002BF0D12946BDE83840014824
:107D3400FFF7F2BE75580520014B9868704700BFE5
:107D4400043401202DE9F0410446EFF31186202389
:107D540083F31288BFF36F8F037BD9070DD586F3A6
:107D64001188BFF36F8F002383F31188BFF36F8FE4
:107D74000423184602DFBDE8F081437B1A0704D5CB
:107D840086F31188BFF36F8FF5E7D90943F0080232
:107D940037D14273A36813B1204603F072FA04F199
:107DA400180003F029FBA56D04F15807AF4211D068
:107DB4004FF0000875B1284603F063FA05F1180086
:107DC40003F01AFB2846C5F87480FFF7CDFDA56DB6
:107DD400AF42EFD11A4B99689A698C4203F11801AA
:107DE4001AD08A4215D1DA685A619B689C42C7D17D
:107DF400EFF30583002BC3D13046BDE8F041FFF714
:107E04009BBD03F07F0343F00803437303F031FA8F
:107E1400C0E7002AE8D1E6E7EFF305800028E0D0C8
:107E24008A4200D002B9DA6840F201115A61054A67
:107E3400918100219A60C2E91811D166D5E700BF8B
:107E44000434012040230020074808B5074A0849A4
:107E5400121A03F080F9BDE808400648064A0749AB
:107E6400121A03F078B900BF00200020302200204D
:107E740094C10000002000200020002094C10000D4
:107E8400024B1868984208BF002070473021002038
:107E9400034B1B680BB9FCF755BF0020704700BFAC
:107EA4002434012030B570B10B4B5B6898420AD082
:107EB400036843B1D3E90421D0E90445121941EB25
:107EC4000501C3E90421D0E9003213605A6000239C
:107ED400C0E9003330BD00BF30210020B3F1FF3FC3
:107EE40008BFB2F1FF3FF8B504461D4616465AD006
:107EF4008160EFF31187202383F31288BFF36F8F20
:107F0400013275F1FF3321DA6FF001032B49D1E916
:107F140000209B1A4FF0FF3262EB00009E1B60EBC7
:107F24000500012E70F1000301DA01260020C4E9E6
:107F34000460FFF7A5FF224E84467068BCF1000F71
:107F44000DD1C4E90060046074601CE0FFF7A0FF79
:107F5400013645F10005361845EBE070E7E7DCE94A
:107F64000425D4E90431934271EB050E1CDAD21ACC
:107F7400DCF8043065EB0105CCE90425C4E900C351
:107F84001C60CCF80440FFF77BFF844207D10D4B03
:107F94001C6824B903F017FA2146FCF7A5FE87F301
:107FA4001188BFF36F8FF8BD9B1A61EB05018445FF
:107FB400C4E90431C5D0DCF800C0BFE7B823002011
:107FC40030210020243401202DE9F047EFF31185FE
:107FD400202383F31288BFF36F8FDFF89C90002671
:107FE400C9F800000027FFF74BFFDFF89080D9F8AD
:107FF4000030D8E900ECD91750B1D0E90442A342CB
:1080040071EB020A18DAE41A62EB0102C0E90442D5
:10801400002413EB0E034CEB0101C8E90031C9F84D
:10802400004003F0D0F92146FCF75EFE85F3118889
:10803400BFF36F8FBDE8F08714EB0E024CEBE473D3
:10804400C0E90467C8E90023FFF72CFF85F3118812
:10805400BFF36F8F83689847EFF31185202383F371
:108064001288BFF36F8FD9F800301B1BC9F800309A
:10807400FFF706FFBBE700BF24340120B82300202C
:1080840010B5EFF31184202383F31288BFF36F8FAD
:10809400FFF7FEFE0346054AD2E90001181841EB3A
:1080A400E37184F31188BFF36F8F10BDB8230020F0
:1080B400F8B50446EFF31187202383F31288BFF346
:1080C4006F8F026822B187F31188BFF36F8FF8BDF9
:1080D400D0E90A36581C46F10001022871F100016A
:1080E40027D3012B76F10001BCBF012316465D1E88
:1080F40046F1FF3603F0A5F9013041F100014019C2
:1081040046EB0101012871F1000139DB03F099F913
:10811400013041F100016FF00102401946EB010307
:108124004FF0FF31121A61EB030320461749FFF7A2
:10813400D5FE236B01332363236A6BB187F3118864
:10814400BFF36F8F2046236A9847EFF311872023EC
:1081540083F31288BFF36F8F54F8185FA542B2D02F
:10816400002DB0D0284603F0CDF800236B6787F3C9
:108174001188BFF36F8F2846BDE8F84003F0B3B809
:108184006FF001024FF0FF33CFE700BFB58000006E
:108194002DE9F04105461C4690461F46EFF3118633
:1081A400202383F31288BFF36F8FB4F1FF3F08BF1E
:1081B400B2F1FF3F05D186F31188BFF36F8FBDE89D
:1081C400F081531C74F1FF3309DB012A74F10003BD
:1081D400BCBF0122002412F1FF3844F1FF372846C6
:1081E40003F00AF9DDE906010023C5E90A012B635E
:1081F40042463B4628460249FFF770FEDBE700BFD4
:10820400B580000010B50A4C23681BB1012323601C
:10821400002010BD00F0F4F80028F7D0013807283A
:1082240003D8044B53F8200010BD034810BD00BF11
:108234002834012080BC0000FE8FFFFFBFF34F8F66
:108244000549064BCA6802F4E0621343CB60BFF3EE
:108254004F8F00BFFDE700BF00ED00E00400FA050A
:1082640030B44FF0FE3200250B4B0C4C0C494968DE
:10827400C3F80024C3F80424C3F80824C3F80C2466
:10828400C3F81024C3F81424C3F81824C3F81C2416
:10829400C4F8005530BC0847005084500040845056
:1082A40038210020024BD0E90012C3E900127047C4
:1082B4003821002010B5044650B1636813F0685F9C
:1082C40005D0064A934202D000236260236010BDA9
:1082D400034B04485B689847EFE700BF2C5F5CA939
:1082E40038210020A0BC0000C8B143680D4A934265
:1082F40013D013F0685F0ED0012350E8002F194605
:1083040040E8001C9CF0000FF7D1012AF5D0BFF320
:108314005F8F0020704704487047044870476FF42B
:10832400E04070472C5F5CA9E98FFFFFEA8FFFFFF5
:10833400034680B1426809498A420AD012F0685F54
:1083440005D0BFF35F8F002210461A6070470448BF
:108354007047044870476FF4E04070472C5F5CA995
:10836400E98FFFFFEA8FFFFF10B5044620B1002319
:10837400034A2360626010BD0248FFF771FFF6E70D
:108384003A00003AC8BC000070B5194CD0F804C0DB
:108394000668C4F804C0D0F808C0C068C4F808C0AF
:1083A400E06026600868134B134D18604868D5F8E0
:1083B40018215860886812F0685F9860C868096975
:1083C400D860196112D000230C4A05F58A70C5F8EB
:1083D4001431C5F8B831C5F81821C5F8BC21B04727
:1083E400236805F5DC70BDE87040184770BD00BF18
:1083F4005421002040210020403401202C5F5CA93E
:1084040008B500F011F830B900F010F838B9054A91
:10841400C2F80C0A08BD00F037F8032008BD042098
:1084240008BD00BF005084500020704710B51148AB
:1084340000F048F800B110BD0F4800F043F80028E0
:10844400F9D10E4C204600F03DF80028F3D10C4B36
:108454000C481C6000F036F801460028EBD100F00F
:108464002DF8044608B1204610BD00F03FF8204620
:10847400FAE700BF94210020902100208C210020E5
:10848400842100208821002008B5084800F024F841
:10849400074800F021F8074800F01EF8064800F0ED
:1084A4001BF8BDE8084000F00BB800BF9421002081
:1084B400902100208C21002088210020002070477A
:1084C400704700BF08B5034B02681B6810689847E3
:1084D400002008BD5421002008B5034B02685B68E6
:1084E40010689847002008BD5421002070B5094C3D
:1084F400094D2069AB68984718B1084B08485B6878
:1085040098470021074AEB6811602069BDE8704074
:10851400184700BF402100205421002038210020AA
:10852400ECBC00003C340120704708B90860704777
:108534006FF0150070470020704730B5836804461B
:108544008B42154685B00ED96368C068194401AAE8
:1085540000F0ABFD28B96268019B9B1A2B60029B5B
:108564006B6005B030BD6FF02100FAE72DE9F743E9
:108574000E4617469946044628B94FF0FF38404640
:1085840003B0BDE8F0830029F7D0002AF5D0CB680A
:108594000D8938461D44042329460DEB030200F0DF
:1085A400EFFA80460028E8D146F60812BDF8041018
:1085B4007389914225D1BDF806109942DDD1042377
:1085C40038460DEB0302294400F0DAFA0028D4D12E
:1085D40046F60713BDF804209A42CED1C4E90067D9
:1085E4009DF82830A4F80890A3727389BDF806207A
:1085F4002B44E360738913442B4404356361256180
:10860400BDE7002BE4D0B8E72DE9F3410E46174649
:108614001D46044620B94FF0FF3002B0BDE8F0819A
:108624000368002BF7D04368002BF4D04FF6FF7893
:10863400D4E904239A4216D223685B8923B1E36800
:10864400934204BF043323610423216960680DEB62
:10865400030200F095FA0028DDD1A37A2BB1D4E906
:1086640003329A4201D30120D7E72389BDF80610CB
:10867400434501F1040203D0BDF804C09C450BD16D
:1086840015B1BDF804302B8023690433336039807D
:10869400236913442361C0E7236913442361C7E7B3
:1086A40048B103683BB143682BB1C068884294BFAA
:1086B4000020012070474FF0FF30704700F0ECBB02
:1086C4004FF4C05358433030704710B5044600F09F
:1086D40099FA4FF4C052A368303B02FB103010BD2E
:1086E400084600F0F9BF2DE9F743044690F8B800B6
:1086F4000D461746F7F72EFF6946C0B2F9F738FB67
:1087040038B10126009800F03AFA304603B0BDE8CB
:10871400F0832C224FF05808554394F8B830009851
:1087240008FB03532344B3F80890DB6899440423FB
:1087340049460DEB030200F023FA06460028E0D177
:1087440094F8B830BDF8042008FB035546F6081326
:108754002C449A42648900981AD1BDF806309C4290
:1087640001D00326CEE7042304EB09010DEB030239
:1087740000F006FA0028C4D146F60713BDF8042019
:108784009A42EED1BDF80610214449443960B9E754
:10879400002CF1D0E5E738B5044600235825012B19
:1087A40084F8B83000D938BDE21892F8B9205AB923
:1087B40005FB0343D86C00F0E2F994F8B83005FBEC
:1087C4000343186A00F0DBF994F8B8300133DBB2E4
:1087D400E5E72DE9F84304460E4600254FF02C0842
:1087E400582708FB05F994F8B800294617FB0092AE
:1087F400224400F015FF012809D194F8B820002381
:1088040017FB029229462046224400F0A1F828B121
:1088140015B1002E08BF0020BDE8F883002DFBD160
:108824000125DEE70123036003F1012343600023F4
:10883400C0E9023370474379012B07D10368012B48
:1088440004D10079431E58425841704700207047B4
:108854005822F0B590F8B83002FB0303D3F828C0CF
:10886400BCF5006F36D85E6DB6F5006F32D80021C6
:1088740008460A460D460C46624507D3B04205D366
:10888400624527D1831B58425841F0BDAC420CD1FC
:108894005F6A07EBC2077F6801323C441F6D07EB38
:1088A400C0077F6801303D44E6E709D25F6A0229C8
:1088B40007EBC2077F683C440CD001210132DBE79F
:1088C4001F6D012907EBC0077F683D4402D00221D8
:1088D4000130D1E70020D8E75822F0B590F8B8303D
:1088E40002FB030300221146144615461046D3F832
:1088F40028C05F6D644505D3B94203D3A84228BF9D
:108904002846F0BDA8420CD15E6A06EBC406766820
:10891400013430441E6D06EBC106766801313544DE
:10892400E8E709D25E6A022A06EBC4067668304498
:108934000CD001220134DDE71E6D012A06EBC106CD
:108944007668354402D002220131D3E70020D8E70B
:1089540010B5582490F8B83063432C2404FB013339
:10896400184400212023006A00F00AF9003818BFD7
:10897400012010BD0A448A4200D1704711F8013B1E
:1089840040BA80B25840C0F303134340180380B286
:108994004340580100F4FF505840ECE70020704772
:1089A4000FB407B504A951F8040B0191F8F768FD59
:1089B40003B05DF804EB04B07047044608B50846FC
:1089C40011461A46A047FFF7B7F9FAF79BFA038B4B
:1089D40013F0070305D10368002B0CBF002003200C
:1089E4007047022B05D1408BB0FA80F0400980001B
:1089F4007047012B05D10368002B0CBF0020052014
:108A040070470020704710B50C4600B111B96FF0E3
:108A1400150010BD081D00F093F80028F9D1A368D3
:108A2400032BF6D9F3E72DE9F0410D460746194625
:108A3400281D90461E4600F094F8044638B133468B
:108A4400424629463846A446BDE8F0416047BDE8A1
:108A5400F08110B4EFF31182202484F31288BFF361
:108A64006F8F416110BC0121F9F76EB838B50C461F
:108A7400054658B151B10B6843B14B6833B11C2260
:108A8400002100F03BFA00202C6138BD6FF0150086
:108A9400FBE770B505460E46FFF7B5FF041E14DB71
:108AA400EFF31182202383F31288BFF36F8F4FF605
:108AB400FF716B8B2C8B8B4204F0070407D182F37C
:108AC4001188BFF36F8F6FF00A04204670BD022C2B
:108AD4000CD101336B8382F31188BFF36F8F0023B2
:108AE400224631462846FFF79EFFEEE7062C14D8AF
:108AF400DFE804F004131313041A040000233360A2
:108B04006B683BB9C5E90066ACB902212846F9F7A0
:108B14001BF8DAE71E606E60F6E782F31188BFF394
:108B24006F8F6FF00404D0E782F31188BFF36F8F67
:108B34006FF08504C9E782F31188BFF36F8FC4E730
:108B4400034658B1426802F00302012A03D0032A03
:108B540004D1026812B10020986070476FF01500CC
:108B640070474268034602F00302032A4FF00002F2
:108B7400816014BF104600685A60704770477047A0
:108B8400002930B4044618460BDBA5680844A84203
:108B940007D8E0686468214484682468A44630BC2B
:108BA40060476FF0150030BC7047002930B40446AC
:108BB40018460BDBA5680844A84207D8E068646837
:108BC400214484686468A44630BC60476FF0150093
:108BD40030BC70470029034610B410460BDB9C6878
:108BE4000844A04207D8D8685B68194483689B6826
:108BF4002BB110BC18476FF0150010BC70476FF014
:108C04005700FAE708B5C0688368DB6898470068CE
:108C140008BD08B5C0688368DB689847407908BD1B
:108C240070B54C680368A34201D2012070BD8A6804
:108C34002244934201D30020F8E74E69D1E9032589
:108C4400B54203D36FF00B038B61F4E71B1B42F8AF
:108C540035304368086902EBC00253600B69013385
:108C64000B61E2E737B50C46C0B201A91546F9F726
:108C74007FF800280CDB019850B121462A46F9F709
:108C84009DF804460198FFF77AFF204603B030BDF3
:108C94006FF01504F9E7002008B5F8F721FE70B568
:108CA40006460D460024AC4200DB70BD305DF9F78A
:108CB400FFF90130F9D00134F5E773B583680C4648
:108CC4009A420646114604D36FF01504204602B0BA
:108CD40070BDA242FADB6A46FFF72FFC0028F3D1ED
:108CE400DDE900351D44214630462A1BFFF772FF9B
:108CF4000028E9D12C46E9E72DE9F74F05460E4651
:108D040090461F4602F070F820B96FF04C0003B093
:108D1400BDE8F08F4FF01409002334464FF0010BE7
:108D240009FB08693B606946284602F05AF860BBB3
:108D3400284602F082F80028E7D00020E7E7A145A2
:108D440098BF3446019A63689A4212D12168009808
:108D540000F0A2F868B9237CD3B9D4E902312846DB
:108D64009847C0B184F810B03B68143401333B60B9
:108D7400D9E714340AF1010AC245E0D1002128469A
:108D840002F072F80028CED1D2E74FF0000AF3E7E0
:108D94006FF06F00BBE76FF02200B8E7012801D144
:108DA400EFF30583FEF7F8BA01460068FFF7F6BF54
:108DB40008B5F9F7E1FEBDE80840F9F7E1BE002186
:108DC4000120FFF7EBBF036E83F30B88704761B696
:108DD40062B680F31188BFF36F8F704708B572B61F
:108DE400002383F31188BFF36F8FFAF727FC50B188
:108DF400BFF34F8F30BF00BF00BF00BF00BF00BF35
:108E040000BF00BF00BF62B6BFF36F8F08BD10B5CF
:108E1400044672B6002383F31188BFF36F8FFAF709
:108E24000DFC50B1BFF34F8F20BF00BF00BF00BF88
:108E340000BF00BF00BF00BF00BF84F31188BFF3B1
:108E44006F8F62B610BD40E800F313F4803FD8B2D0
:108E540008BF6FF01500704730B50C684B6885B0DB
:108E64000A894D890094013B24F01F04234402F035
:108E74001F0242EA451223F01F0369468DF80820B9
:108E84000393FAF785F905B030BD034600201A5C58
:108E940002B970470130FAE710B55AB101398418A4
:108EA40010F8012B11F8013FA04201D09A42F7D0EB
:108EB400D01A10BD1046FCE7431A934210B500EBDC
:108EC400020308D3024601399A420BD011F8014F2C
:108ED40002F8014BF8E70A4412F8014D8A4203F8FC
:108EE400014DF9D110BD10B5431E0A44914200D181
:108EF40010BD11F8014B03F8014FF7E70346C9B25F
:108F04000244934200D1704703F8011BF9E74B6810
:108F1400012B07DD0B6818700B6801330B604B687D
:108F2400013B4B60002070470B464FF0502201215B
:108F3400C2F81416002118470C220369C9B201FBB8
:108F44000233986F00F00700704770B5C9B2036927
:108F5400EFF31185202484F31288BFF36F8F0C265E
:108F640006FB0134A46F14F0C00408D0A24206D05A
:108F740085F31188BFF36F8F4FF0FF3070BD01226E
:108F840006FB01339A6785F31188BFF36F8F43683B
:108F940003EBC1035B6898470020EFE78022FFF7EB
:108FA400D4BFF8B5069F0469C9B2EFF31186202532
:108FB40085F31288BFF36F8F0C2505FB0144A56F61
:108FC40005F0070CBCF1010F0CD1A76786F31188DB
:108FD400BFF36F8FC4E91C23436853F831309847BB
:108FE4000020F8BD05F0C005AF4286F31188BFF339
:108FF4006F8F0CBF6FF077004FF0FF30F1E713B5C0
:1090040080240094FFF7CDFF02B010BD10B41C24DF
:109014000069CBB203FB0400002110BC10470320FD
:10902400FDF7C2B80220FDF7BFB80020FDF7BCB8B9
:10903400032001F03BBC022001F038BC002001F009
:1090440035BC1046FEF7EEBBF7B51C4600231646AA
:1090540082682360A3600D465369694601AA984754
:10906400019B5A1E01921BB96FF0150003B0F0BDAD
:109074000098A26847682168676085B9B31AD0F878
:1090840000C0634528BF634603FB07111A442160EF
:10909400A26002689A4206D808300090E0E76B1A92
:1090A400B3FBF7F3EBE70020E0E713460022FFF7FA
:1090B400CBBF2DE9F0470024836886B088469146EB
:1090C4005B6902AA01A99847A2462546029BAB42C6
:1090D40002D806B0BDE8F0870026019F07EBC5075C
:1090E4007B6804933A680AEB0603B24202D89A46B4
:1090F4000135EBE749460394059303A8C0470028CC
:10910400E7D0049B01361C44ECE74FF40002002333
:109114000020C1E90023704718B901F11000FEF7DF
:1091240081BB704737B50D46416811B3D1E90013CF
:10913400846804B3D4E90024F4B1EBB19C421ED199
:109144000133092B1BD88DF8013040F20113ADF81F
:109154000230002300788DF804308DF80000684652
:109164008DF80550FDF7C2FF03B0BDE83040FAF7B3
:1091740091BC0B46DCE7224601332344E1E76FF060
:10918400150003B030BD7FB5FF238DF803300DF11A
:109194000303002101930123CDE90231052303A830
:1091A4008DF80C3001AB04910593FFF7BBFF002849
:1091B400A8BF9DF8030007B05DF804FB1FB50021AC
:1091C40088420CBF0623042301A8CDE901110391B1
:1091D4008DF80430FFF7A6FF002818BF6FF00400D5
:1091E40005B05DF804FB10B50446026902F12003E2
:1091F400D3E8EF1F0139C3E8E01F0028F8D192F843
:1092040024303BB94FF050230222C3F8B82509B9E2
:10921400FDF7D6FF2069BDE81040FEF703BB10B58B
:10922400046904F12003D3E8EF1F0131C3E8E21F0E
:10923400002AF8D100694FF0FF334FF0FF32FEF7F8
:1092440025FB94F8243043B94FF05022C2F8B835C6
:109254000720BDE8104001F049BF10BD10B50C4611
:1092640001F0B9FB0023C4E90003184610BD38B56A
:1092740005460C4601F0AFFB002D07DBA84205D9DB
:10928400401B84428CBF0020012038BD0020FCE735
:1092940070B50D461946284616461C46FFF7E7FFEB
:1092A40038B124B1224629463046FFF71CFE00207F
:1092B40070BD6FF01500FBE74FF4802200230020FF
:1092C400C1E900237047436800205B681B690B6099
:1092D4007047436802EA01005B6821EA0201986072
:1092E4000020D9607047436800205B68996070472C
:1092F400436800205B68D960704743685A685368C4
:1093040021EA03000B4090600020D360704710B541
:1093140003695868F8B1884219D19C680868A14269
:10932400586000D19860002008602AB15A680A6029
:109334009A68596002B99960002010E0814206D110
:109344000868206098688142EDD19C60EBE7044690
:1093540000680028F2D1002AE8D16FF0150010BD92
:1093640030B543681360057A446804EBC504A3422E
:1093740002D36FF0010030BD5C798C4201D0083318
:10938400F0E70020F7E743681B68D3F88004C3F8CC
:109394008004704742681368D3F8100150B100206C
:1093A400126A12780A70C3F81001D3F8102101224E
:1093B4001A6070474FF0FF307047002A0FDD426893
:1093C4001368D3F8100158B10020C3F81001D3F882
:1093D40010010120126A12780A7018607047002088
:1093E400704710B5436819680369EFF311822020B0
:1093F40080F31288BFF36F8F0024186884730120F0
:109404001B68D8734FF48003C1F8043382F31188C6
:10941400BFF36F8F10BD012103691A689173002295
:109424001B68DA737047026903461168C87B40B150
:109434005B681B68D3F8580118B100230B611368EB
:109444009889704743681B68D3F81001003818BF27
:1094540001207047102243681B68C3F80423704737
:10946400102243681B68C3F8082370474FF4007246
:1094740043681B68C3F8042370474FF400724368C1
:109484001B68C3F80823704738B5436804461D6851
:10949400D5F804335B0205D4D5F8040310F01000AA
:1094A40006D138BDFFF7BFFF0028F5D00120F8E74B
:1094B4002046FFF7C7FF003818BF0120F1E701205D
:1094C40070470369186801601B685A607047026836
:1094D4000346D2F8580140B95B68DB0706D4D2F8DA
:1094E4002001003818BF012070470120704710B4D4
:1094F400436802691B68D3F80413C90517D5D3F868
:109504002011A1B1EFF31181202484F31288BFF359
:109514006F8FD3F8204134B10024C3F82041D3F82D
:1095240020410124DC6081F31188BFF36F8F11683F
:10953400D3F8584171B17CB100240C611168C97B26
:1095440019B94FF48001C3F8081311688C7B1CB15E
:1095540000238B7310BC7047D3F8241121B1002170
:10956400C3F82411D3F8243112681368002BF1D006
:10957400516810BC18472DE9F04106690546336867
:1095840001279C8910339442A8BF1446D3E8EF2FD7
:10959400002A03D1C3E8E07F0028F7D10CBF3B4683
:1095A40000232BD1336822469868FFF79CFCEFF325
:1095B4001188202383F31288BFF36F8F69680846EC
:1095C400FFF785FF326840B90446106188F31188BB
:1095D400BFF36F8F2046BDE8F0810B689268C3F833
:1095E40044250022C3F84845C3F82021D3F82011AC
:1095F400C3F85821D3F858219F60E7E71C46E9E7F0
:10960400002200F150039B009BB203F1502303F5A9
:1096140080331A601B68704708B5FBF701FA08BD70
:1096240001282AD151BB3D2313706FF047035370B7
:109634006FF00C0393706FF06903D37002235372BD
:109644007823537303230846117211715171917178
:10965400D17111739373D173117451749174D17462
:10966400117551759175D175117651769176D176C2
:10967400117751779177D177704701207047012096
:109684007047012801BF0323487008710B7005BFA0
:1096940000208B700120CB707047012801D1FBF7AB
:1096A4006FBC0020704703284FF0000001D1FBF786
:1096B40067BC704708B5FBF785FBB0FA80F040093A
:1096C40008BDFEF79FBD08B5F8F7A4FBF8F78AFCC0
:1096D400BDE80840FEF796BD8068183820F0070002
:1096E40010387047042809D0052803D1481E18BF34
:1096F40001207047431A584258417047012070476F
:1097040038B515460C4661B15AB1FFF782FA2146C5
:10971400254411F8013B834203D1A942F9D1012028
:1097240038BD0020FCE738B50C460123114622461B
:109734000546FFF725FA00280FDB012221462846BB
:10974400FFF7DEFF38B92378012B14BF022301236E
:109754000020237038BD0323FAE70120FAE782686A
:10976400183A22F00702FFF7DEBF13B50C46C0B269
:1097740001A9F8F7FDFA50B921460198FBF748FC16
:1097840004460198FFF7FBF9204602B010BD0124FE
:10979400FAE770B504680D1B002D02DC6FF05F0062
:1097A40070BD94F900602378002E0ADB631C03600B
:1097B400237813600368C91A13688B42EED800201B
:1097C400EEE703F07F035C1E032C13D89D42E5DD16
:1097D4000024146004680134046004681568247863
:1097E400013B44EA05241460046804F101040460A4
:1097F400F3D1DFE76FF06300D2E770B404680E1BA7
:10980400002E07DD26789E4208D10134046070BC26
:10981400FFF7BFBF6FF05F0070BC70476FF061006F
:10982400FAE773B50223154601AA0446FFF7E5FFDC
:1098340040B9019E28463246216800F0A6FB236801
:109844003344236002B070BD0139002901DA0020DD
:10985400704750F82130002BF6D0B3FA83F0013171
:10986400C0EB4110704739B101F18041013900EB7F
:1098740081018142034600D270471B680A681BBA03
:1098840012BA40F8042B41F80439F2E72DE9F0410B
:109894001C4613F0030318BF012303EB94038B420C
:1098A40006460D46904613D879B18F003A460021FA
:1098B400FFF724FB2CB1381B224641463044FFF706
:1098C40012FB29463046FFF7CEFF0020BDE8F081A9
:1098D4006FF00700FAE7B3EB810F70B504464FEA67
:1098E4008105104619D95A1B86180021FFF706FB7B
:1098F40030462B460021C2188B4210D1002070BD87
:1099040022F00301615802F00306F600F140C9B2E7
:1099140081B90132AA42F3D1ECE71A46FAE721F001
:109924000300205801F00305ED00E84002F8010DA2
:109934000131E1E76FF00700E1E753098B42F0B42E
:1099440002F01F0401D809D124B1F0BC8A0000211F
:10995400FFF7D4BA1F2A03D8F0BC70471F2A0AD9CC
:1099640000EB8302051F00EB8106B24216D10022F0
:10997400CB1A8B4217D3002CEED0002200EB8101CE
:10998400C4F120068142E7D051F8045C25FA04F3BF
:10999400134341F8043D05FA06F2F3E752F8047B59
:1099A40045F8047FE1E740F823200133E1E71F2A6B
:1099B400F0B54FEA521402F01F0512D96FF00306F6
:1099C4000B4606FB04069C4203F1FF3212D3631AD2
:1099D4008C4288BF002300220B4400EB83038342A4
:1099E4000ED135B1002200EB8400C5F120078C4272
:1099F40009D3F0BD56F8223040F822301346E2E78E
:109A040043F8042DEBE70668013406FA05F3134323
:109A140040F8043B26FA07F2E9E7F0B5002484464F
:109A240020469C4200D1F0BD51F8245052F82470D5
:109A34002E182CBF01250025BF194CF8247045F1C0
:109A440000000134EDE7F0B50024064620469C42B0
:109A540000D1F0BD51F824C052F82470ACEB0005DD
:109A6400AF4294BF4FF0000E4FF0010EED1B46F8CD
:109A7400245084452CBF70460EF101000134E6E702
:109A84008B4228BF0B462DE9F0479646DE08044674
:109A9400C91A03F0070875460346B4460020089A1D
:109AA4000CF1FF3CBCF1FF3F03F1200305F120055D
:109AB40011D104EB461425460EEB46164FEA880CEA
:109AC40006EB880E764540F081806444013980F0CD
:109AD4008B80BDE8F08755F8207CA2FB079710EB3C
:109AE400090953F8200C47F1000710EB090043F86B
:109AF400200C55F81C0C47F10007A2FB00093F1885
:109B040053F81C0C49F10009C01943F81C0C55F812
:109B1400180C49F10009A2FB000719EB000953F8DE
:109B2400180C47F1000710EB090043F8180C55F81E
:109B3400140C47F10007A2FB00093F1853F8140C5A
:109B440049F10009C01943F8140C55F8100C49F1F7
:109B54000009A2FB000719EB000953F8100C47F1A8
:109B6400000710EB090043F8100C55F80C0C47F1F2
:109B74000007A2FB00093F1853F80C0C49F1000937
:109B8400C01943F80C0C55F8080C49F10009A2FB64
:109B9400000719EB000953F8080C47F1000710EB14
:109BA400090043F8080C55F8040C47F10007A2FB20
:109BB400000A17EB000953F8047C4AF1000017EB84
:109BC400090740F1000043F8047C69E756F8043BB8
:109BD400A2FB0337C318286847F10007C31847F1ED
:109BE400000045F8043B6DE723681B182CBF0120D7
:109BF400002044F8043B69E703230168881C400003
:109C040000F00800084400FB01F2013BC2F102022B
:109C140002FB00F0F7D1404270472DE9F04F87B0C6
:109C2400139D00242E460493109B91460293DDE974
:109C340011834FEAC80283468A462846002104322B
:109C44000593FFF75BF908F102030393444515D12B
:109C540005EB84012346029A584651F82450FFF735
:109C6400F2FE6840FBF782FA0A4600235946A60032
:109C7400109607B0BDE8F04FFBF714BD5AF8243036
:109C8400D9F800203768304602FB0377059A039918
:109C9400574300934A46049BFFF7F2FEDDE9022195
:109CA400304643460097FFF7EBFE04360134CDE718
:109CB40038B50D460121044600F031F988B9E98828
:109CC4002046890100F07DF958B92A4621462046EC
:109CD40000F02EFB28B92046E988BDE8384000F0A2
:109CE400B8B838BD4901502934BF012203220123E9
:109CF4009340033358430130704710B586B00B9C32
:109D040004940A9C039400240294099C0194089CE2
:109D14000094FBF74FFA06B010BD10B586B00B9C4B
:109D240004940A9C03944FF02A340294099C0194ED
:109D3400089C0094FBF73EFA06B010BD30B505460A
:109D4400104600229A4200D130BD51F82240241A14
:109D540045F8224034BF012000200132F2E70346D7
:109D640000EB810100208B4201D1FBF7FFB953F8CE
:109D7400042B1043F7E71FB5089C00920394069C3C
:109D8400079ACDE90134FFF748FF04B010BD30B5A0
:109D94001C46012387B00B9D009203950A9D05AADA
:109DA400CDE901450593FFF738FF07B030BD002228
:109DB4000123C0E90023704710B5044648B1006888
:109DC40018B1E188890000F0DCFB00220123C4E91A
:109DD400002310BD42F21073994270B504460D463B
:109DE40002D96FF00F0070BDC3888B4201D30020ED
:109DF400F9E704212846FBF73BFE06460028F0D08D
:109E0400216841B1E2889200FFF76DF8E18820688B
:109E1400890000F0B6FBE5802660E8E738B5044623
:109E24000D4619B9FFF7C8FF002038BDC2888A4221
:109E340007D1002100689200FFF760F80123A38096
:109E4400F2E7FFF7B9FF29462046BDE83840FFF79F
:109E5400C1BF42F21073994270B50A46054602D951
:109E64006FF00F0070BDC3888B4207D8BDE8704007
:109E7400FFF7B0BF296851F8231011B9013B002B3B
:109E8400F8D15C1C944238BF144604212046FBF7E9
:109E9400EFFD06460028E3D0296839B1A200FFF798
:109EA40022F8E9882868890000F06BFB0020EC8028
:109EB4002E60D7E7884270B505460E4609D0C9889A
:109EC400C28841B92AB10123920083800068FFF758
:109ED40015F8002070BD4C1E8CB9B6F9043001345D
:109EE400A242AB8012D221462846FFF773FF002816
:109EF400F0D131682868A200FEF7F5FFE9E733687E
:109F040053F82430002BE8D1013CE5E72868121B04
:109F14000021920000EB8400FEF7F0FFE9E770B542
:109F24000C4601210546FFF755FF064688B9EA8825
:109F3400014692002868FEF7E1FF84EAE472A2EB8E
:109F4400E472E40FC4EBC4342B68640001341A6077
:109F5400AC80304670BDC388B1EB431F3FBF03687C
:109F64004A0953F8220001F01F013ABFC84000F02B
:109F7400010000207047C1880068FFF765BC08B580
:109F8400FFF7F9FF0730C00808BD70B50E4612F0A0
:109F9400030118BF012101EB920105461446FFF7A6
:109FA4003DFF38B923463246E9882868BDE8704049
:109FB400FFF76CBC70BD13460A46C1880068FFF702
:109FC4008ABC38B504460D46FFF7D5FFE38828441C
:109FD400B0EB431F06D820682A46E188FFF7E7FC68
:109FE400002038BD10F01F0118BF012101EB5011F2
:109FF4002046FFF7EFFE0028EDD0F2E708B50A4649
:10A00400C18811B10068FFF798FC002008BD10B5A5
:10A01400C38823B9CA885AB9ABB1012017E00268D2
:10A0240002EB830252F8042C002AF3D1013BF0E73F
:10A034000C6804EB820454F8044C0CB9013AEAE7C6
:10A044009342EAD80FD3013B5A1C01D1002010BD22
:10A05400026852F823400A6852F823209442DCD85C
:10A0640003F1FF33F0D24FF0FF30F0E730B5C3888F
:10A0740023B9CA885AB9002B3DD136E0026802EBF5
:10A08400830252F8042C002AF3D1013BF0E70C6858
:10A0940004EB820555F8045C4DBB013AEAE7B1F9DB
:10A0A400045003D2B1F90400404226E0B0F9042080
:10A0B400002A03DD002D0CDA01201EE0002D08DD4E
:10A0C4003AB14FF0FF3018E003F1FF330BD25042A6
:10A0D40013E0013B016851F8235054F823108D42DA
:10A0E400F2D9104609E0591CF4D1002005E0002BF8
:10A0F400D8D09342D3D9B0F9040030BD1FB581EA5A
:10A10400E173A3EBE17301930123C90FC1EBC131E7
:10A1140049000131ADF80C10ADF80E3002A901ABC5
:10A124000293FFF7A3FF05B05DF804FB90422DE90D
:10A13400F04105460F46144602D0884206D1274610
:10A144000123AB80FC883CB9002003E0FFF7B2FE9A
:10A154000028F4D0BDE8F0813B684FEA840803EBA3
:10A16400840353F8043C0BB9013CECE72146284630
:10A17400FFF730FE0028EDD12E6823463A683146B9
:10A184003046FFF74AFC074606EB0803002FDBD0F6
:10A19400EA88661CA24208D831462846FFF71AFE10
:10A1A4000028D7D12B6803EB84031A683446D219EC
:10A1B4002CBF0127002743F8042BE7E72DE9F041E2
:10A1C40005460E469046D4883CB9F188A1420ED289
:10A1D4006FF009073846BDE8F081D8F8003003EB8A
:10A1E400840353F8043C002BEFD1013CECE72846F0
:10A1F400FFF7F0FD07460028ECD1F28894420BD219
:10A20400AE4209D031682868121B920001EB840128
:10A2140000EB8400FEF767FEEA88F088824207D9E3
:10A224002B68121A0021920003EB8000FEF766FEF1
:10A23400D8F80020234631682868FFF704FC02465A
:10A2440010B90123AB80C5E72968EB8801EB8401D1
:10A2540008461B1BFFF772FD0028F2D0B8E72DE972
:10A26400F843B1F90440B2F804C081461CFB04FC75
:10A27400664673430D4617461CD511462846FFF71C
:10A28400C6FEB0F100080DDB3A4629464846FFF702
:10A2940095FF98B9B8F1000F08BF01240020A9F870
:10A2A40004400BE02A464846FFF788FF30B9644271
:10A2B40024B2F3E7FFF73AFF0028EFD0BDE8F883B4
:10A2C4000123FFF7CCBF4FF0FF33FFF7C8BF2DE9E1
:10A2D400F341054688461646CF883FB1D8F800308A
:10A2E40003EB870353F8043C3BB146B900212846ED
:10A2F40002B0BDE8F041FFF712BE013FEDE728468A
:10A30400791CFFF767FD044670B941462846FFF7FC
:10A31400D1FD044640B9013E00963B46D8F80020E2
:10A32400E9882868FFF7ACFB204602B0BDE8F0815D
:10A3340070B504460D46104600211646FFF7DEFEB2
:10A34400002824DB2A46334621460020FBF710F878
:10A35400054638B1284670BD324621462046FFF7EF
:10A36400AFFF90B900212046FFF7C8FE0028F3DBB9
:10A3740031462046FFF77AFE0028EBDB32462146C1
:10A384002046FFF7A0FF0028F2D00546E2E76FF071
:10A394000905DFE72DE9F04F89B00646DDE91258DB
:10A3A4008B462846002191460593FFF7A7FE002817
:10A3B40005DC6FF00304204609B0BDE8F08F2B687C
:10A3C4001B68D907F5D500214846FFF797FE0028FA
:10A3D400EFDB4846FFF7CFFDB0F5005FE9D828462C
:10A3E400FFF7C9FDB0F5005FE3D8B9F8061031B93D
:10A3F4000121304609B0BDE8F04FFFF790BDE88871
:10A40400FFF770FC04218246FBF732FB0746002865
:10A4140000F0AA80002201234FEA8A0ACDE906232C
:10A42400B8F1000F0DD1294606A8FFF741FC0446F8
:10A4340000B35146384600F0A4F806A8FFF7BCFC68
:10A44400B9E7D8F80030002B6ED106AB1846294680
:10A45400FFF72EFC06AB044640B15146384600F0E7
:10A4640090F8D8F80030002BA5D1E6E793E8030074
:10A4740088E8030059463046FFF71CFD04460028CF
:10A4840067D1012329463046B380FFF7EFFD00284A
:10A4940057DA3046E988FFF79DFC0446002858D176
:10A4A4002868FFF7A9FB069B009002970193316887
:10A4B400EB882A6804900846FFF75DFC059B069824
:10A4C400B9F806203168B3F12A3FEB88CDE90207D9
:10A4D4000192D9F80020084600922A6841D1FFF77A
:10A4E4001CFC049B019700933168EB8808462A689A
:10A4F400FFF74DFCBBF904B0BBF1FF3F29D1D9F8FC
:10A5040000301B68DB0724D5F1883068FFF727FC8F
:10A5140001225946FAF71EFF3246B08029463046DA
:10A52400FFF7CEFE044614E04046E988FFF752FCEC
:10A534000446002891D198E8030008AB03E903001E
:10A5440098E72A4631463046FFF7F2FE04460028D3
:10A554009FD05146384600F014F8B8F1000F80D16E
:10A564006BE7FFF7CAFBBCE76FF00F0423E713B5F3
:10A57400049CCDE900344FF02A33FFF70BFF02B0FF
:10A5840010BD10B5044608B1FBF766FA2046BDE8D5
:10A594001040FBF773BA00207047704770472DE9ED
:10A5A400F8430446DDE90876914698460D4651B9CC
:10A5B400B9F1000F10D1B8F1000F15D1E7B91EBBE6
:10A5C40055BB002006E00830FFF774FC0028EFD0EC
:10A5D400A0F58140BDE8F883494604F12000FFF767
:10A5E40069FC0028E7D0F3E7414604F12800FFF7AF
:10A5F40061FC0028E2D0EBE7394604F11800FFF7CC
:10A6040059FC0028DBD0E3E7314604F11000FFF7E2
:10A6140051FC0028D4D0DBE704F10800FFF7AFFCBD
:10A624006060CEE710B5782200210446FEF766FC90
:10A634000023C4E91C3310BD4068704710B50446BC
:10A64400A0B36030FFF7B8FB04F16800FFF7B4FB78
:10A6540004F14800FFF7B0FB04F11800FFF7ACFB6E
:10A6640004F12800FFF7A8FB04F12000FFF7A4FB86
:10A6740004F11000FFF7A0FB04F10800FFF79CFBB6
:10A6840004F15800FFF798FB04F15000FFF794FB26
:10A6940004F14000FFF790FB04F13800FFF78CFB56
:10A6A40004F13000BDE81040FFF786BB10BD00BACE
:10A6B400704768220021FEF721BC10B16821FBF726
:10A6C400CBB970472DE9F04105460E4614467AB3DE
:10A6D400036C03F03F079B18036422BF436C0133F0
:10A6E40043645FB3C7F1400842451CD34246384433
:10A6F400FEF7F9FB29462846FBF7E0FAC8B92744D8
:10A70400A7F140043F2C46440BD900272846F119F1
:10A71400FBF7D4FA78B94037E31B3F2BF6D81C4635
:10A724003E442CB1002722463146E819FEF7DBFBF4
:10A734000020BDE8F0814FF0FF30FAE73F2AE4D86B
:10A74400F1E773B50D468021036C044603F03F0323
:10A754005A1C382AC154104400F282800021C2F1EC
:10A764003802FEF7CBFBD4E91060730F43EAC00054
:10A77400FFF79DFF042201900DEB020104F1380064
:10A78400FEF7B1FBF000FFF792FF042201900DEBFE
:10A79400020104F13C00FEF7A6FB21462046FBF72C
:10A7A4008DFA0646002855D1A06CFFF780FF0422DD
:10A7B40001900DEB02012846FEF795FBE06C0422A4
:10A7C400FFF775FF0DEB02010190A818FEF78BFB54
:10A7D400206DFFF76CFF042201900DEB020105F1DF
:10A7E4000800FEF780FB606DFFF761FF0422019013
:10A7F4000DEB020105F10C00FEF775FBA06DFFF7F0
:10A8040056FF042201900DEB020105F11000FEF742
:10A814006AFBE06DFFF74BFF042201900DEB020190
:10A8240005F11400FEF75FFB206EFFF740FF0422E2
:10A8340001900DEB020105F11800FEF754FB606E68
:10A84400FFF735FF042201900DEB020105F11C0016
:10A85400FEF749FB2046FFF730FF304602B070BDDB
:10A864000021C2F14002FEF749FB21462046FBF7D6
:10A8740025FA06460028EDD101463822204670E725
:10A8840000207047004700F031BC40F00040C1F8A0
:10A894008000704740F00040C1F88000704740F0ED
:10A8A4000040C1F88000C2F880007047FBF7DABBB3
:10A8B400F7B51646DDE90847019001A81D46FBF7E8
:10A8C4001BFD019BB6F1000C18BF4FF0010C00EB0F
:10A8D40083000B1E18BF0123002D43EA4C0314BF51
:10A8E4004FF00C0C4FF0000C002C43EA0C0314BF87
:10A8F4004FF4706C4FF0000C002F43EA0C0314BFAC
:10A904004FF4403C4FF0000CD0F8002243EA0C0313
:10A9140022EA030301B109780EB1367876001943AF
:10A924000DB12D78AD0031430CB1247824022943B4
:10A934000FB13F783F040C433C43C0F8004203B0DE
:10A94400F0BD1FB50DF10F03019300238DF80F1017
:10A954001A4619460093FFF7ABFF05B05DF804FBF8
:10A9640038B5054608460C46FBF71AFDB0B1084653
:10A97400FBF70AFD90B90846FBF7FAFC01232A68A5
:10A984008340C2F808332A6803B202EB8303D3F886
:10A99400102522F00302C3F8102538BD2046BDE877
:10A9A40038400021FFF7CDBFFBF77EBDFFF7D8BFCE
:10A9B4004FF0FF3382B0019300F0030001AB034476
:10A9C4000A44914202D1019802B0704711F8010B78
:10A9D40003F8010BF5E74FF4801070474FF48050F3
:10A9E40070474FF4807070474FF05023D3F8B82568
:10A9F400920707D1D3F8580500F00300013818BFB7
:10AA040001207047012070470223FCF743B9032358
:10AA1400FCF740B900210220FCF7EEBB38B5036A0D
:10AA24000D46D3E90112914204464FF0000002D3CF
:10AA34000122DA6038BD20745A68214601325A6016
:10AA44002422236A58681B68013802FB0030FEF791
:10AA54004AFA0120A560EDE72DE9F04106460446D7
:10AA64008AB001AD0F4690460FCE0FC50FCE0FC56D
:10AA74003368A6682B60236A25685A682AB90222BB
:10AA8400DA6000200AB0BDE8F081F9070ED5242071
:10AA94001968013A00FB0211780703D40A7C0AB151
:10AAA4000F22EDE724222046FEF71DFAB90741BF25
:10AAB400226A536803F1FF335360B04504D2236A1A
:10AAC400002BDED00422DBE77A0748BF25603B0772
:10AAD40001D40120D6E7143406AB93E8070084E8D8
:10AAE4000700F6E710B502601A44029B012983604F
:10AAF4004FF00003C26003740375836101D80362DD
:10AB040010BD24224A43243A841804628350026A02
:10AB14008C1E9460026A02295360026AD360026A3E
:10AB24001374026A53741EBF036A24301860E7E783
:10AB3400182871F100030ED3B0F5807F71F1000382
:10AB44000BD3B0F5803F71F1000308D3002914BF83
:10AB54000920052070470120704702207047032018
:10AB6400704737B50024002508290A46CDE9004579
:10AB74000AD801466846FEF7B6F9DDE9000103B0DC
:10AB8400BDE83040FFF7D4BF002003B030BD00B1B2
:10AB9400C160704743680360836801338360006A5F
:10ABA400FFF7F5BF08B50268C3689A4205D3006A87
:10ABB4000821FFF7ECFF002008BD0120FCE738B5B1
:10ABC40004460D46FFF7EEFF40B123681B78B5EB52
:10ABD400531F04D00A21206AFFF7D9FF002038BD93
:10ABE40010B50446FFF7DEFF38B123681A78FF2A50
:10ABF40005D00A21206AFFF7CAFF002010BD0133E7
:10AC04002360FBE710B5027D044632B1FFF7E8FF8D
:10AC140048B100234FF0FF3223752046BDE81040B1
:10AC24000721FFF719BF10BD2DE9F84F04460E4662
:10AC340091461D46FFF7B6FF804628B1A36843B985
:10AC44000321206AFFF7A3FF4FF000084046BDE848
:10AC5400F88F2268177807F01F0BBBF11F0F12D172
:10AC64002DB3206A18B1037C0BB11521EAE7012347
:10AC74002B7000252368013563602B442360A3688F
:10AC8400013BA360E2E7BBF1170F14D9ABF1180342
:10AC9400D9B203290BD801259D40A94509D3E368FE
:10ACA40005F1010A5244934207D20821C9E707215A
:10ACB400C7E70521C5E70025F1E74A4600213046EC
:10ACC400FEF71CF915B986F800B0D2E72268711EA8
:10ACD400531913F801099A4201F8010FF9D1236AB3
:10ACE400002BC7D01B7C002BC4D00737FFB2022F28
:10ACF400C0D949463046FFF734FF8245BAD0152102
:10AD04009FE738B50C4611460546FFF758FF08B9CA
:10AD1400002038BD042200232846A118FFF784FF31
:10AD24000028F5D02B682360F3E7002337B50446E9
:10AD34008DF80330FFF743FFA8B1042220460DF13C
:10AD440003030DEB0201FFF76FFF60B19DF80350A1
:10AD540065B901992046FFF761FE50B96368236025
:10AD6400A3680133A360002003B030BD6FF00F016E
:10AD7400F0E72575F8E738B504460D46FFF7C1FF3F
:10AD840048B12268E3689B1A6A689A4204D9082188
:10AD94002046FFF7FFFE002038BD38B504460D46B7
:10ADA400FFF7E9FF18B123686A681344236038BDCC
:10ADB40070B50D46002104461646FFF700FF38B172
:10ADC400324629462046BDE870400023FFF72CBFD9
:10ADD40070BD0422FFF7ECBFFFF7FBBF0222FFF7B1
:10ADE400DCBF0322FFF7D9BF10B505210446FFF7E6
:10ADF4009CFF50B1237D4BB96FF00042A36893428E
:10AE040005D305212046FFF7C5FE002010BD5B00D9
:10AE1400A360FBE7037D23B98068B0FA80F04009A2
:10AE240070470368C268934205D21878A0F1FF0303
:10AE340058425841704700207047FFF7E3BE38B5C9
:10AE44000D4606210446FFF7BAFE08B9002038BDB6
:10AE54000023042229462046FFF7E6FE0028F5D009
:10AE6400A3680133A360F2E770B58EB00546FFF71F
:10AE740099FE002854D02B6800221C780023294610
:10AE8400CDE9022305A824226409FEF72CF8062C38
:10AE94001CD0221F0023012A4FF008028DF8043031
:10AEA4000DEB020198BF01AB05A8FFF7BDFE0646F6
:10AEB400002835D0042C3BD019D8023C012C21D9D0
:10AEC400059B2B60AB68013BAB602AE001A905A898
:10AED400FFF7B5FF20B3059B089A934204D30821DA
:10AEE400286AFFF754FE1BE01C786409CFE7052CA1
:10AEF400E6D1DDE90232B3F1004F72F1000113D360
:10AF04002146EDE7EB682968029A5B1A9A4203D856
:10AF1400059B13440593D3E708212846FFF73AFE1F
:10AF2400002630460EB070BDDB185241CDE9023226
:10AF34009DF8044024B16FF00F020023CDE90223F1
:10AF4400029B8DF82840079305A8FFF763FF01468D
:10AF540038B1002CB4D005A8FFF742FE0028AFD1C9
:10AF6400DEE705A8FFF780FF0028EDD1D8E700B1A0
:10AF7400C160704710B50368C468A34205D3006A72
:10AF84000821FFF7F4FF002010BD02F01F0242EA7F
:10AF9400411119700368013303600120F4E770B5AF
:10AFA40005460E46104619461446FFF7DAFD2246BA
:10AFB4003146431E2846BDE87040FCF7BDB9F8B5DC
:10AFC4001746C368026804469A420D4606D3082110
:10AFD400206AFFF7CCFF00263046F8BD9B1A4A686A
:10AFE4009A42F4D80E4656F8043B53B10421304635
:10AFF400FFF7B7FD6A6823681344E26803449A4282
:10B00400E5D33246042339462046FFF7C8FF0646F7
:10B014000028E0D020682968884202D06A68FDF7D9
:10B024004BFF23686A6813442360D5E7082A73B585
:10B0340013460C4606D9006A0521FFF798FF002045
:10B0440002B070BD8E1816F9012C002A0FDA0A46D8
:10B0540069460C46B24204D101212246FFF79FFF04
:10B06400EEE712F8015BED4301F8015BF2E7002122
:10B07400F3E713460A460021FFF791BF07B5042200
:10B0840001910DEB0201FFF7D1FF03B05DF804FB62
:10B0940007B5042201910DEB0201FFF7EAFF03B0AB
:10B0A4005DF804FB0322FFF78ABF07B5CDE9001260
:10B0B4006946FFF7F7FF03B05DF804FB1F22042184
:10B0C400FFF758BF1F220521FFF754BF1F22072196
:10B0D400FFF750BFFFF7FABF1FB50024CDE90144C5
:10B0E400069C0094FFF7FEFC04B010BD08B1F8F70D
:10B0F400D7BA7047704740B1C368587810F0010060
:10B104001EBF1878B0FA80F040097047EFF311833E
:10B11400202383F31288BFF36F8FFEE708B5FFF790
:10B12400F5FF10B5D0E9003433B90020E268537854
:10B1340043F00103537010BD204698470028F4D013
:10B144000028B8BF4042FF28A8BFFF20E36818705A
:10B15400ECE7FDF7D3BEFDF7C6BE704741698368CF
:10B1640043EA010212F003020FD1C2600269013AFC
:10B1740001FB023382689A4201D900207047C268F9
:10B184001A604269C3609B1AF4E76FF015007047B8
:10B1940010B5C0E904320023816083610446FFF7DF
:10B1A400DDFF0028A8BFC4E9004410BD2DE9F0412B
:10B1B40005460F46EFF31188202383F31288BFF36B
:10B1C4006F8FC668F6B90468A0421BD0D4B1D4E925
:10B1D400003213605A60637BC4E9006623F0020303
:10B1E4006373A66004F1180000F006F92046666750
:10B1F400676100F078F8414605F10800BDE8F041C8
:10B20400FCF78ABC3E60AB69EF60013BAB6188F33D
:10B214001188BFF36F8FBDE8F081202408B5EFF3E8
:10B22400118384F31288BFF36F8FFDF7D7FDF6E720
:10B2340090F90E308B4201D0FCF726BC00207047F9
:10B2440003460020C3E90033C3E9020070473AB162
:10B254008A4205D3C0E90212C0E900000020704709
:10B264006FF015007047EFF30580003818BF012018
:10B274007047D0E9003213605A600023C0E90033FC
:10B28400704708B5FFF7F5FF437B23F002034373D0
:10B294000023836008BD38B504460D46FCF7A6FBC1
:10B2A400637B43F002036373E5B1A5602B689D42A1
:10B2B40009D16B68C4E900531C606C6012E06A68D1
:10B2C4009A42F6D01B68002BF3D094F90E2093F920
:10B2D4000E108A42F3D09142F1DD5A68C4E900327B
:10B2E40014605C6038BD10B5EFF31184202383F340
:10B2F4001288BFF36F8FFCF737FB84F31188BFF319
:10B304006F8F10BD08B5EFF31181202282F31288EC
:10B31400BFF36F8F83680BB1FFF7B3FF81F311881D
:10B32400BFF36F8F08BD014610B5EFF311842023DE
:10B3340083F31288BFF36F8F437B13F0280F0AD176
:10B3440083680BB1FFF79DFF4B7B084623F0040392
:10B354004B73FCF709FB84F31188BFF36F8F10BDA7
:10B3640001211838FFF7DFBF08B50346EFF3118159
:10B37400202282F31288BFF36F8F0068834207D0C4
:10B3840008B1FFF77EFF81F31188BFF36F8F08BD0B
:10B394000020F8E738B50C460546FCF76BFCB4F121
:10B3A400FF3F08BFB5F1FF3F1FBF47F6FF73002201
:10B3B4004FF47A71C0FB013216BFD80B4FF0FF3047
:10B3C40040EA424038BD10B5FCF75AFD0446FCF78C
:10B3D4005FFD74B1D4E904321B1A62EBE072B3F17D
:10B3E400004F72F1000104DA002AACBF18460020B5
:10B3F40010BD6FF00040FBE7024638B5EFF311854E
:10B40400202383F31288BFF36F8F036893B1FCF793
:10B4140037FD04461046FCF745FD844204D1FFF78E
:10B42400D2FF0021F9F760FC002085F31188BFF3F7
:10B434006F8F38BD6FF01500F7E708B5FCF720FEF5
:10B4440008BDFCF71DBE10B50446FFF7D5FFA8B92B
:10B45400636A0BB12046984704F11800FFF784FF94
:10B4640060B1FFF740FFEFF31180202383F31288CC
:10B47400BFF36F8FBDE81040FCF760BB10BD000048
:08B48400044DFF7F01000000F0
:10B48C008535000000000000C936000000000000F7
:10B49C001138000004B5000019760000000000000F
:10B4AC00B14300002CB50000B143000018B50000FA
:10B4BC00C7960000000000004548000040B50000A1
:10B4CC008D4B000000000000E13500000000000082
:10B4DC00CB9600000000000085A8000000000000D2
:10B4EC00893E000054B50000894200007CB5000084
:08B4FC005940000068B5000092
:10B50400D4C0000034BA000024B800009821002000
:10B51400C832012021C10000E0BA000000B80000D8
:10B52400A0210020843301202DC10000F8BA0000BE
:10B5340000B80000A22100209033012042C1000085
:10B5440010BB000040B80000A42100205C200020B3
:10B55400DFC000005CBA0000E8B700009A210020B8
:10B5640034200020ECC0000000000000B8B7000048
:10B574009C2100200000000003C100000000000026
:0CB58400D0B700009E2100200000000055
:10B5900000000000C38D000000000000C38D00000B
:10B5A00000000000C38D000000000000C38D0000FB
:10B5B00000000000C38D00007D62000089A800002B
:10B5C00000000000C38D000000000000C38D0000DB
:10B5D00040B50000F394000000000000C38D00009F
:10B5E00000000000C38D000000000000C38D0000BB
:10B5F00000000000C38D00002969000089A8000038
:10B6000000000000C38D000000000000C38D00009A
:10B6100000000000C38D000000000000C38D00008A
:10B6200000000000C38D000000000000C38D00007A
:10B6300000000000C38D0000000000001D4C000051
:10B6400000000000C38D000000000000C38D00005A
:10B6500000000000C38D000000000000C38D00004A
:10B6600000000000C38D000000000000C38D00003A
:10B6700000000000C38D000000000000C38D00002A
:10B6800000000000C38D000000000000C38D00001A
:10B6900000000000C38D000000000000C38D00000A
:10B6A00000000000C38D000000000000C38D0000FA
:10B6B00000000000C38D000000000000C38D0000EA
:10B6C00000000000C38D000000000000C38D0000DA
:10B6D00000000000C38D000000000000C38D0000CA
:10B6E00000000000C38D0000A972000089A80000BE
:10B6F00000000000C38D000000000000C38D0000AA
:10B7000000000000C38D000000000000C38D000099
:10B7100000000000C38D000000000000C38D000089
:10B7200000000000C38D000000000000C38D000079
:10B7300000000000C38D000000000000C38D000069
:10B7400000000000C38D000000000000C38D000059
:10B7500000000000C38D000000000000C38D000049
:10B7600000000000C38D000000000000C38D000039
:10B7700000000000C38D000000000000C38D000029
:10B7800000000000C38D000000000000C38D000019
:10B7900000000000C38D000000000000C38D000009
:10B7A00000000000C38D000000000000C38D0000F9
:08B7B00000000000C38D000041
:10B7B80095920000E54000008140000051400000E3
:10B7C80061920000414000000D42000095410000D8
:10B7D800394200008D410000BD9200007D4100000B
:10B7E800513C0000453B00008D3D0000C53A00007B
:08B7F8000F910000B53A0000BA
:10B8000045440000CB920000D7920000EB9200006C
:10B81000F5920000FF920000B14200001393000077
:04B820000000000024
:10B8240075380000A18F00000390000000000000A4
:0CB834003D8F000000000000000000003C
:10B8400099930000914700008B9300007B950000C6
:10B85000BF930000E79300001B9400002B940000AE
:10B8600059940000659400002B9400004994000056
:10B87000719400007F9400008D940000C394000038
:0CB88000C7940000000000000000000061
:10B89000FF000000FF000000FF000000FF000000AC
:10B8A000FF000000FF000000FF000000FF0000009C
:10B8B000FF000000FF000000FF000000FF0000008C
:10B8C0000338FDD870470000CD200000A38C000095
:10B8D0000400000002000000010000000800000059
:10B8E0000100000070BD0000FCB800000400000072
:10B8F0000200000001000000080000000E0100002E
:10B9000000800050009000500B000000000000007C
:10B91000000000000000010068B500000100000008
:10B9200000000000000004007CB5000002000000E0
:10B930000000000000000E0054B5000003000000ED
:10B94000000001000002000068B5000004000000D3
:10B950000000010000000E0068B5000005000000B6
:10B960000002010000FE0D0068B5000006000000A6
:10B970000002010000FE0D0068B500000700000095
:10B9800000000400000000007CB50000080000007A
:10B9900000000E000000040054B500000900000083
:10B9A00000000F000000010068B500000A00000060
:10B9B0000000120000006E0054B5000000000000FE
:10B9C0009B8C00002C200020242000201C20002024
:10B9D0000000000014200020551F0000251E00005C
:10B9E000791E0000ED1E0000002000200000000075
:10B9F0000600010002000000FCB900000000000089
:10BA0000C1C0000002000000E0FF0F000020002085
:10BA1000C9C0000021000000E0FF0620D936000068
:10BA20002D8F0000000000009937000069370000EA
:10BA300000000000F5380000DD3700002F90000006
:10BA400041900000299000003B90000023900000EE
:10BA5000359000000400000000FF0000000000001E
:10BA600000000000000000000000000000000000D6
:10BA70000000000000000000040300000000000BB4
:10BA8000F40100000001010000008000C22817003E
:10BA900094BA000000B00250A0BA000001000000FB
:10BAA000A8BA0000060000001118001D0D18001FA4
:10BAB0000E1800200F180021101800221218001E66
:10BAC00000080000001000000100000000FF00005E
:10BAD00040000000001000000400000000FF000013
:10BAE000FFFF00000028845000000000010000005B
:10BAF00000D0005000000000FFFFFFFF0025845031
:10BB0000000000000000000000D000500000000015
:10BB100000800050010000000000000034BB000065
:10BB20000000D6010000000000000000535805206E
:10BB3000525805200080005040BB0000010000006A
:10BB400048BB0000040000001400000013000002C5
:10BB500016060001150600030400000002000000A4
:10BB60000100000008000000982F8A4291443771BC
:10BB7000CFFBC0B5A5DBB5E95BC25639F111F15970
:10BB8000A4823F92D55E1CAB98AA07D8015B8312B2
:10BB9000BE853124C37D0C55745DBE72FEB1DE805E
:10BBA000A706DC9B74F19BC1C1699BE48647BEEF8D
:10BBB000C69DC10FCCA10C246F2CE92DAA84744A18
:10BBC000DCA9B05CDA88F97652513E986DC631A88E
:10BBD000C82703B0C77F59BFF30BE0C64791A7D56D
:10BBE0005163CA0667292914850AB72738211B2EF5
:10BBF000FC6D2C4D130D385354730A65BB0A6A76DD
:10BC00002EC9C281852C7292A1E8BFA24B661AA8E8
:10BC1000708B4BC2A3516CC719E892D1240699D6F8
:10BC200085350EF470A06A1016C1A419086C371E71
:10BC30004C774827B5BCB034B30C1C394AAAD84E4F
:10BC40004FCA9C5BF36F2E68EE828F746F63A5788A
:10BC50001478C8840802C78CFAFFBE90EB6C50A41D
:10BC6000F7A3F9BEF27871C68CB400008CB4000062
:10BC7000CCB40000D4B4000004B5000004B500004A
:10BC8000FF8FFFFFFF8FFFFFFE8FFFFFFE8FFFFF86
:10BC9000FD8FFFFFFC8FFFFFFC8FFFFFFB8FFFFF80
:10BCA0006D757465785F667265652063616C6C653F
:10BCB000642077697468204E554C4C207061726125
:10BCC0006D6574657200000043616E277420696EB3
:10BCD000697469616C697A65206D757465782C206A
:10BCE000776173204E554C4C0D0A0000436F756C04
:10BCF00064206E6F74206C6F636B20706F77657259
:10BD00002073617665206D7574657800010002000E
:10BD10001000110012002000210022002300240046
:10BD20003000310032003300FFFF0000F0FFF0FF71
:10BD3000F0FFEAFF74FFF0FFF0FF74FFF0FFEAFF8F
:10BD400077C295F360D2EF7F3552500F2CB67980D1
:10BD50000401000124012001020001000002000191
:10BD600004040201087263000000000000000000EB
:10BD70003082010A0282010100D106081A18442CFF
:10BD800018E8FBFDF70DA34F1FBBEE5EF9AAD24BDF
:10BD900018D35AE96D188019F9F09C341BCBF3BC09
:10BDA00074DB42E78C7F10537E435E0D572C44D1E9
:10BDB00067080F0DBB5CEEECB399DFE04D840BAA76
:10BDC000774160ED152849A701B43C10E6698C2F36
:10BDD0005FAC414D9E5C14DFF2F8CF3D1E6FE75B18
:10BDE000BAB4A9C8887E473C94C37767544BAA8DE0
:10BDF0003835CA62617EB7E115DB7773D4BE7B72DA
:10BE000021896924FBF8656E643EC80ED785D55C30
:10BE10004AE4530D2FFFB7FDF31339833FA3AED28E
:10BE20000FA76A9DF9FEB8CEFA2ABEAFB8E0FA8233
:10BE30003754F43EE12BD0D3085818F65E4CC8882E
:10BE40008131AD5FB08217F28A692723F3AB873E59
:10BE5000931A1DFEE8F81A246659F81CABDCCE686C
:10BE60001B666435ECFA0D119DAF5C3AA7D167C62D
:10BE700047EFB14B2C62E1D1C902030100012D0053
:10BE800020002B00307800305800286E696C2900A3
:10BE90004661696C656420746F207265626F6F74AF
:10BEA0003A207370696E6E696E6720656E646C65AA
:10BEB00073736C792E2E2E0A007F7F7F7F7F7F7FAA
:10BEC0007F7F7F7F7F7F7F7F7F7F7F7F7F7F7F7F82
:10BED0007F7F7F7F7F7F7F7F7F7F7F7F7F7F7F7F72
:10BEE0007F7F7F7F3E7F7F7F3F3435363738393ADB
:10BEF0003B3C3D7F7F7F407F7F7F00010203040545
:10BF0000060708090A0B0C0D0E0F10111213141559
:10BF1000161718197F7F7F7F7F7F1A1B1C1D1E1F1E
:10BF2000202122232425262728292A2B2C2D2E2F99
:10BF3000303132337F7F7F7F7F41424344454647E4
:10BF400048494A4B4C4D4E4F5051525354555657F9
:10BF500058595A6162636465666768696A6B6C6D9B
:10BF60006E6F707172737475767778797A3031325A
:10BF7000333435363738392B2F2A2A2A20426F6F2F
:10BF800074696E67204D79204170706C69636174CB
:10BF9000696F6E2076322E312E302D6465762D61DC
:10BFA0006531656535376633393036202A2A2A0AE5
:10BFB000002A2A2A205573696E67206E5246204354
:10BFC0006F6E6E6563742053444B2076332E302E93
:10BFD000322D383962613132393461633962202A55
:10BFE0002A2A0A002A2A2A205573696E67205A6570
:10BFF00070687972204F532076342E302E39392DC7
:10C00000663739316334396634393263202A2A2A53
:10C010000A006D757465785F696E69742063616C80
:10C020006C65642077697468204E554C4C207061B3
:10C0300072616D6574657200436F756C64206E6F1C
:10C040007420616C6C6F63617465206D75746578C4
:10C05000206265666F726520696E697469616C69DA
:10C060007A696E6700696D6167650064617461007B
:10C070006C656E006F666600696D6167657300735D
:10C080006C6F740076657273696F6E002568752E2B
:10C090002568752E256875002E257500736C6F74E4
:10C0A000730075706C6F61645F696D6167655F696E
:10C0B00064006D61785F696D6167655F73697A655A
:10C0C00000464C4153485F30005352414D5F3000B1
:10C0D00000000001636C6F636B4035303030006DE1
:10C0E000783235723634333566403000666C6173B1
:10C0F000682D636F6E74726F6C6C6572403339308B
:10C100003030006E6F726469635F72616D2D666CB2
:10C110006173682D636F6E74726F6C6C6572403002
:10C12000006770696F4038343238303000677069AA
:10C130006F40383432353030000001020304050608
:10C14000070B756172744038303030000000000118
:10C1500004010403040204010401040301040304B0
:10C16000010409204000000001010100000100005D
:10C17000000C04241C00203030303030303030309F
:10C1800030303030300001010202030303036D61DF
:04C19000696E0000D4
:10C194000100000001000000FFFFFFFFA189000073
:10C1A4000CB90000F42100203A000000082200200D
:10C1B4003A000000E02100203A0000001C22002088
:10C1C4003A00000034200020342000200100000048
:10C1D4000100000044200020442000200000000052
:10C1E4000100000000000000000000006C2000209E
:10C1F400000000000000000000000000000000003B
:10C204000000000054580520200000000000000039
:10C21400018F00009FA50000A1A500009BA50000C0
:10C224000090D0030070015000000000FFFFFFFFEA
:10C234003F000000FFFFFFFF3F0000000000000080
:10C2440000000000000000000000000000000000EA
:10C2540000000000000000000000000000000000DA
:10C2640000000000000000000000000000000000CA
:10C2740000000000000000000000000000000000BA
:10C2840000000000000000000000000000000000AA
:10C29400000000000000000000000000000000009A
:10C2A4000000000000000000000000000800000082
:10C2B400FF00000000000000030000000000000078
:10C2C40030210020302100200000000041820000C5
:10C2D4007C210020742100206C210020000000003B
:10C2E400642100206D830000B9820000ED8200000B
:10C2F400358300002C3401203A00003A3034012008
:10C304003A00003A343401203A00003A383401202B
:10C314003A00003A8C2100205021002048210020BE
:08C3240044210020402100200B
:0EC32C00000000000000000000000000000003
:10C33C000000000000000000B580000000000000BC
:10C34C000000000000000000C0210020C0210020DF
:10C35C00114E000000000000000000000000000072
:08C36C000000000000000000C9
:10C37400E0210020E0210020000000000000000077
:10C384000E000000F4210020F42100200000000031
:10C39400000000000E0000000822002008220020F7
:10C3A40000000000000000000E0000001C2200201D
:10C3B4001C22002000000000000000000E0000000D
:04C3C400050600006A
:04C3C80015E015E087
:0400000300002E3992
:00000001FF
